ISO-10303-21;
HEADER;
FILE_DESCRIPTION(('Open CASCADE Model'),'2;1');
FILE_NAME('workbench','2026-09-26T01:53:26',('Author'),('Open CASCADE'),
  'Open CASCADE STEP processor 7.8','build123d','Unknown');
FILE_SCHEMA(('AUTOMOTIVE_DESIGN { 1 0 10303 214 1 1 1 1 }'));
ENDSEC;
DATA;
#1 = APPLICATION_PROTOCOL_DEFINITION('international standard',
  'automotive_design',2000,#2);
#2 = APPLICATION_CONTEXT(
  'core data for automotive mechanical design processes');
#3 = SHAPE_DEFINITION_REPRESENTATION(#4,#10);
#4 = PRODUCT_DEFINITION_SHAPE('','',#5);
#5 = PRODUCT_DEFINITION('design','',#6,#9);
#6 = PRODUCT_DEFINITION_FORMATION('','',#7);
#7 = PRODUCT('workbench','workbench','',(#8));
#8 = PRODUCT_CONTEXT('',#2,'mechanical');
#9 = PRODUCT_DEFINITION_CONTEXT('part definition',#2,'design');
#10 = SHAPE_REPRESENTATION('',(#11,#15,#19,#23,#27),#31);
#11 = AXIS2_PLACEMENT_3D('',#12,#13,#14);
#12 = CARTESIAN_POINT('',(0.,0.,0.));
#13 = DIRECTION('',(0.,0.,1.));
#14 = DIRECTION('',(1.,0.,-0.));
#15 = AXIS2_PLACEMENT_3D('',#16,#17,#18);
#16 = CARTESIAN_POINT('',(0.,-10.,0.));
#17 = DIRECTION('',(0.,0.,1.));
#18 = DIRECTION('',(1.,0.,0.));
#19 = AXIS2_PLACEMENT_3D('',#20,#21,#22);
#20 = CARTESIAN_POINT('',(0.,-7.70603691393,168.));
#21 = DIRECTION('',(0.,-1.,2.22044604925E-16));
#22 = DIRECTION('',(1.,0.,0.));
#23 = AXIS2_PLACEMENT_3D('',#24,#25,#26);
#24 = CARTESIAN_POINT('',(0.,0.,0.));
#25 = DIRECTION('',(0.,0.,1.));
#26 = DIRECTION('',(1.,0.,-0.));
#27 = AXIS2_PLACEMENT_3D('',#28,#29,#30);
#28 = CARTESIAN_POINT('',(0.,-12.87944090963,144.51626326375));
#29 = DIRECTION('',(0.,-0.961261695938,0.275637355817));
#30 = DIRECTION('',(1.,0.,0.));
#31 = ( GEOMETRIC_REPRESENTATION_CONTEXT(3) 
GLOBAL_UNCERTAINTY_ASSIGNED_CONTEXT((#35)) GLOBAL_UNIT_ASSIGNED_CONTEXT(
(#32,#33,#34)) REPRESENTATION_CONTEXT('Context #1',
  '3D Context with UNIT and UNCERTAINTY') );
#32 = ( LENGTH_UNIT() NAMED_UNIT(*) SI_UNIT(.MILLI.,.METRE.) );
#33 = ( NAMED_UNIT(*) PLANE_ANGLE_UNIT() SI_UNIT($,.RADIAN.) );
#34 = ( NAMED_UNIT(*) SI_UNIT($,.STERADIAN.) SOLID_ANGLE_UNIT() );
#35 = UNCERTAINTY_MEASURE_WITH_UNIT(LENGTH_MEASURE(1.E-06),#32,
  'distance_accuracy_value','confusion accuracy');
#36 = PRODUCT_RELATED_PRODUCT_CATEGORY('part',$,(#7));
#37 = SHAPE_DEFINITION_REPRESENTATION(#38,#44);
#38 = PRODUCT_DEFINITION_SHAPE('','',#39);
#39 = PRODUCT_DEFINITION('design','',#40,#43);
#40 = PRODUCT_DEFINITION_FORMATION('','',#41);
#41 = PRODUCT('base','base','',(#42));
#42 = PRODUCT_CONTEXT('',#2,'mechanical');
#43 = PRODUCT_DEFINITION_CONTEXT('part definition',#2,'design');
#44 = ADVANCED_BREP_SHAPE_REPRESENTATION('',(#11,#45),#5092);
#45 = MANIFOLD_SOLID_BREP('',#46);
#46 = CLOSED_SHELL('',(#47,#167,#311,#512,#695,#761,#1120,#1226,#1945,
    #1978,#2332,#2450,#2568,#2634,#2887,#2935,#3050,#3099,#3135,#3200,
    #3227,#3373,#3476,#3576,#3636,#3695,#3828,#3928,#3960,#4174,#4289,
    #4339,#4366,#4488,#4560,#4608,#4656,#4703,#4750,#4798,#4846,#4873,
    #4949,#4998,#5047,#5074,#5085));
#47 = ADVANCED_FACE('',(#48),#62,.F.);
#48 = FACE_BOUND('',#49,.F.);
#49 = EDGE_LOOP('',(#50,#85,#113,#141));
#50 = ORIENTED_EDGE('',*,*,#51,.T.);
#51 = EDGE_CURVE('',#52,#54,#56,.T.);
#52 = VERTEX_POINT('',#53);
#53 = CARTESIAN_POINT('',(-24.,89.958002495322,159.16004990644));
#54 = VERTEX_POINT('',#55);
#55 = CARTESIAN_POINT('',(-24.,82.,-2.84217094304E-14));
#56 = SURFACE_CURVE('',#57,(#61,#73),.PCURVE_S1.);
#57 = LINE('',#58,#59);
#58 = CARTESIAN_POINT('',(-24.,90.,160.));
#59 = VECTOR('',#60,1.);
#60 = DIRECTION('',(0.,-4.993761694388E-02,-0.998752338878));
#61 = PCURVE('',#62,#67);
#62 = PLANE('',#63);
#63 = AXIS2_PLACEMENT_3D('',#64,#65,#66);
#64 = CARTESIAN_POINT('',(0.,90.,160.));
#65 = DIRECTION('',(0.,-0.998752338878,4.993761694388E-02));
#66 = DIRECTION('',(0.,-4.993761694388E-02,-0.998752338878));
#67 = DEFINITIONAL_REPRESENTATION('',(#68),#72);
#68 = LINE('',#69,#70);
#69 = CARTESIAN_POINT('',(-0.,-24.));
#70 = VECTOR('',#71,1.);
#71 = DIRECTION('',(1.,0.));
#72 = ( GEOMETRIC_REPRESENTATION_CONTEXT(2) 
PARAMETRIC_REPRESENTATION_CONTEXT() REPRESENTATION_CONTEXT('2D SPACE',''
  ) );
#73 = PCURVE('',#74,#79);
#74 = CYLINDRICAL_SURFACE('',#75,18.);
#75 = AXIS2_PLACEMENT_3D('',#76,#77,#78);
#76 = CARTESIAN_POINT('',(-24.,72.022457900199,160.89887710499));
#77 = DIRECTION('',(0.,-4.993761694388E-02,-0.998752338878));
#78 = DIRECTION('',(-1.,-0.,0.));
#79 = DEFINITIONAL_REPRESENTATION('',(#80),#84);
#80 = LINE('',#81,#82);
#81 = CARTESIAN_POINT('',(1.570796326795,0.));
#82 = VECTOR('',#83,1.);
#83 = DIRECTION('',(0.,1.));
#84 = ( GEOMETRIC_REPRESENTATION_CONTEXT(2) 
PARAMETRIC_REPRESENTATION_CONTEXT() REPRESENTATION_CONTEXT('2D SPACE',''
  ) );
#85 = ORIENTED_EDGE('',*,*,#86,.T.);
#86 = EDGE_CURVE('',#54,#87,#89,.T.);
#87 = VERTEX_POINT('',#88);
#88 = CARTESIAN_POINT('',(24.,82.,-2.84217094304E-14));
#89 = SURFACE_CURVE('',#90,(#94,#101),.PCURVE_S1.);
#90 = LINE('',#91,#92);
#91 = CARTESIAN_POINT('',(-42.,82.,0.));
#92 = VECTOR('',#93,1.);
#93 = DIRECTION('',(1.,0.,0.));
#94 = PCURVE('',#62,#95);
#95 = DEFINITIONAL_REPRESENTATION('',(#96),#100);
#96 = LINE('',#97,#98);
#97 = CARTESIAN_POINT('',(160.199875156,-42.));
#98 = VECTOR('',#99,1.);
#99 = DIRECTION('',(0.,1.));
#100 = ( GEOMETRIC_REPRESENTATION_CONTEXT(2) 
PARAMETRIC_REPRESENTATION_CONTEXT() REPRESENTATION_CONTEXT('2D SPACE',''
  ) );
#101 = PCURVE('',#102,#107);
#102 = PLANE('',#103);
#103 = AXIS2_PLACEMENT_3D('',#104,#105,#106);
#104 = CARTESIAN_POINT('',(0.,82.,0.));
#105 = DIRECTION('',(-0.,0.,1.));
#106 = DIRECTION('',(0.,-1.,0.));
#107 = DEFINITIONAL_REPRESENTATION('',(#108),#112);
#108 = LINE('',#109,#110);
#109 = CARTESIAN_POINT('',(0.,-42.));
#110 = VECTOR('',#111,1.);
#111 = DIRECTION('',(0.,1.));
#112 = ( GEOMETRIC_REPRESENTATION_CONTEXT(2) 
PARAMETRIC_REPRESENTATION_CONTEXT() REPRESENTATION_CONTEXT('2D SPACE',''
  ) );
#113 = ORIENTED_EDGE('',*,*,#114,.F.);
#114 = EDGE_CURVE('',#115,#87,#117,.T.);
#115 = VERTEX_POINT('',#116);
#116 = CARTESIAN_POINT('',(24.,89.958002495322,159.16004990644));
#117 = SURFACE_CURVE('',#118,(#122,#129),.PCURVE_S1.);
#118 = LINE('',#119,#120);
#119 = CARTESIAN_POINT('',(24.,90.,160.));
#120 = VECTOR('',#121,1.);
#121 = DIRECTION('',(0.,-4.993761694388E-02,-0.998752338878));
#122 = PCURVE('',#62,#123);
#123 = DEFINITIONAL_REPRESENTATION('',(#124),#128);
#124 = LINE('',#125,#126);
#125 = CARTESIAN_POINT('',(0.,24.));
#126 = VECTOR('',#127,1.);
#127 = DIRECTION('',(1.,0.));
#128 = ( GEOMETRIC_REPRESENTATION_CONTEXT(2) 
PARAMETRIC_REPRESENTATION_CONTEXT() REPRESENTATION_CONTEXT('2D SPACE',''
  ) );
#129 = PCURVE('',#130,#135);
#130 = CYLINDRICAL_SURFACE('',#131,18.);
#131 = AXIS2_PLACEMENT_3D('',#132,#133,#134);
#132 = CARTESIAN_POINT('',(24.,72.022457900199,160.89887710499));
#133 = DIRECTION('',(0.,-4.993761694388E-02,-0.998752338878));
#134 = DIRECTION('',(-0.,0.998752338878,-4.993761694388E-02));
#135 = DEFINITIONAL_REPRESENTATION('',(#136),#140);
#136 = LINE('',#137,#138);
#137 = CARTESIAN_POINT('',(0.,0.));
#138 = VECTOR('',#139,1.);
#139 = DIRECTION('',(0.,1.));
#140 = ( GEOMETRIC_REPRESENTATION_CONTEXT(2) 
PARAMETRIC_REPRESENTATION_CONTEXT() REPRESENTATION_CONTEXT('2D SPACE',''
  ) );
#141 = ORIENTED_EDGE('',*,*,#142,.F.);
#142 = EDGE_CURVE('',#52,#115,#143,.T.);
#143 = SURFACE_CURVE('',#144,(#148,#155),.PCURVE_S1.);
#144 = LINE('',#145,#146);
#145 = CARTESIAN_POINT('',(-24.,89.958002495322,159.16004990644));
#146 = VECTOR('',#147,1.);
#147 = DIRECTION('',(1.,0.,0.));
#148 = PCURVE('',#62,#149);
#149 = DEFINITIONAL_REPRESENTATION('',(#150),#154);
#150 = LINE('',#151,#152);
#151 = CARTESIAN_POINT('',(0.840999375785,-24.));
#152 = VECTOR('',#153,1.);
#153 = DIRECTION('',(0.,1.));
#154 = ( GEOMETRIC_REPRESENTATION_CONTEXT(2) 
PARAMETRIC_REPRESENTATION_CONTEXT() REPRESENTATION_CONTEXT('2D SPACE',''
  ) );
#155 = PCURVE('',#156,#161);
#156 = CYLINDRICAL_SURFACE('',#157,0.8);
#157 = AXIS2_PLACEMENT_3D('',#158,#159,#160);
#158 = CARTESIAN_POINT('',(-24.,89.15900062422,159.2));
#159 = DIRECTION('',(1.,0.,0.));
#160 = DIRECTION('',(0.,0.998752338878,-4.993761694388E-02));
#161 = DEFINITIONAL_REPRESENTATION('',(#162),#166);
#162 = LINE('',#163,#164);
#163 = CARTESIAN_POINT('',(0.,0.));
#164 = VECTOR('',#165,1.);
#165 = DIRECTION('',(0.,1.));
#166 = ( GEOMETRIC_REPRESENTATION_CONTEXT(2) 
PARAMETRIC_REPRESENTATION_CONTEXT() REPRESENTATION_CONTEXT('2D SPACE',''
  ) );
#167 = ADVANCED_FACE('',(#168),#74,.T.);
#168 = FACE_BOUND('',#169,.T.);
#169 = EDGE_LOOP('',(#170,#200,#281,#282));
#170 = ORIENTED_EDGE('',*,*,#171,.F.);
#171 = EDGE_CURVE('',#172,#174,#176,.T.);
#172 = VERTEX_POINT('',#173);
#173 = CARTESIAN_POINT('',(-42.,71.937514044949,159.2));
#174 = VERTEX_POINT('',#175);
#175 = CARTESIAN_POINT('',(-42.,63.977514044949,2.84217094304E-14));
#176 = SURFACE_CURVE('',#177,(#181,#188),.PCURVE_S1.);
#177 = LINE('',#178,#179);
#178 = CARTESIAN_POINT('',(-42.,72.022457900199,160.89887710499));
#179 = VECTOR('',#180,1.);
#180 = DIRECTION('',(0.,-4.993761694388E-02,-0.998752338878));
#181 = PCURVE('',#74,#182);
#182 = DEFINITIONAL_REPRESENTATION('',(#183),#187);
#183 = LINE('',#184,#185);
#184 = CARTESIAN_POINT('',(0.,0.));
#185 = VECTOR('',#186,1.);
#186 = DIRECTION('',(0.,1.));
#187 = ( GEOMETRIC_REPRESENTATION_CONTEXT(2) 
PARAMETRIC_REPRESENTATION_CONTEXT() REPRESENTATION_CONTEXT('2D SPACE',''
  ) );
#188 = PCURVE('',#189,#194);
#189 = PLANE('',#190);
#190 = AXIS2_PLACEMENT_3D('',#191,#192,#193);
#191 = CARTESIAN_POINT('',(-42.,40.627476658587,81.363544527636));
#192 = DIRECTION('',(-1.,-0.,-0.));
#193 = DIRECTION('',(0.,-1.,0.));
#194 = DEFINITIONAL_REPRESENTATION('',(#195),#199);
#195 = LINE('',#196,#197);
#196 = CARTESIAN_POINT('',(-31.39498124161,79.535332577354));
#197 = VECTOR('',#198,1.);
#198 = DIRECTION('',(4.993761694388E-02,-0.998752338878));
#199 = ( GEOMETRIC_REPRESENTATION_CONTEXT(2) 
PARAMETRIC_REPRESENTATION_CONTEXT() REPRESENTATION_CONTEXT('2D SPACE',''
  ) );
#200 = ORIENTED_EDGE('',*,*,#201,.T.);
#201 = EDGE_CURVE('',#172,#52,#202,.T.);
#202 = SURFACE_CURVE('',#203,(#218,#231),.PCURVE_S1.);
#203 = B_SPLINE_CURVE_WITH_KNOTS('',7,(#204,#205,#206,#207,#208,#209,
    #210,#211,#212,#213,#214,#215,#216,#217),.UNSPECIFIED.,.F.,.F.,(8,6,
    8),(288.4499795469,288.48995481551,316.78197661298),.UNSPECIFIED.);
#204 = CARTESIAN_POINT('',(-42.,71.937514044949,159.2));
#205 = CARTESIAN_POINT('',(-42.,71.943228330664,159.19998733185));
#206 = CARTESIAN_POINT('',(-41.99999788839,71.948942619536,
    159.19997466368));
#207 = CARTESIAN_POINT('',(-41.99999366522,71.95465690139,
    159.19996199554));
#208 = CARTESIAN_POINT('',(-41.99998733045,71.960371182964,
    159.1999493274));
#209 = CARTESIAN_POINT('',(-41.99997888407,71.96608547323,
    159.19993665919));
#210 = CARTESIAN_POINT('',(-41.99996832606,71.971799768716,
    159.19992399091));
#211 = CARTESIAN_POINT('',(-41.99098893378,76.021720864285,
    159.19094559514));
#212 = CARTESIAN_POINT('',(-40.92428056792,80.061514735179,
    159.18198963613));
#213 = CARTESIAN_POINT('',(-38.80300729173,83.763121421906,
    159.17378344974));
#214 = CARTESIAN_POINT('',(-35.76030209185,86.797100670064,
    159.16705734966));
#215 = CARTESIAN_POINT('',(-32.05952058372,88.904219185719,
    159.1623860546));
#216 = CARTESIAN_POINT('',(-28.029736116,89.958002495322,159.16004990644
    ));
#217 = CARTESIAN_POINT('',(-24.,89.958002495322,159.16004990644));
#218 = PCURVE('',#74,#219);
#219 = DEFINITIONAL_REPRESENTATION('',(#220),#230);
#220 = B_SPLINE_CURVE_WITH_KNOTS('',8,(#221,#222,#223,#224,#225,#226,
    #227,#228,#229),.UNSPECIFIED.,.F.,.F.,(9,9),(288.4499795469,
    316.78197661298),.PIECEWISE_BEZIER_KNOTS.);
#221 = CARTESIAN_POINT('',(-5.399394900511E-16,1.70099937578));
#222 = CARTESIAN_POINT('',(0.196647868468,1.531882208891));
#223 = CARTESIAN_POINT('',(0.39321528438,1.36283575097));
#224 = CARTESIAN_POINT('',(0.58964276624,1.203868308996));
#225 = CARTESIAN_POINT('',(0.786003407783,1.064864482629));
#226 = CARTESIAN_POINT('',(0.982262117079,0.954460693569));
#227 = CARTESIAN_POINT('',(1.178460213119,0.878823143016));
#228 = CARTESIAN_POINT('',(1.374629593616,0.84099937578));
#229 = CARTESIAN_POINT('',(1.570796326795,0.84099937578));
#230 = ( GEOMETRIC_REPRESENTATION_CONTEXT(2) 
PARAMETRIC_REPRESENTATION_CONTEXT() REPRESENTATION_CONTEXT('2D SPACE',''
  ) );
#231 = PCURVE('',#232,#275);
#232 = ( BOUNDED_SURFACE() B_SPLINE_SURFACE(2,7,(
    (#233,#234,#235,#236,#237,#238,#239,#240,#241,#242,#243,#244,#245
      ,#246)
    ,(#247,#248,#249,#250,#251,#252,#253,#254,#255,#256,#257,#258,#259
      ,#260)
    ,(#261,#262,#263,#264,#265,#266,#267,#268,#269,#270,#271,#272,#273
,#274
    )),.UNSPECIFIED.,.F.,.F.,.F.) B_SPLINE_SURFACE_WITH_KNOTS((3,3),(8,6
    ,8),(0.,28.331997066081),(288.4499795469,288.48995481551,
316.78197661298),.UNSPECIFIED.) GEOMETRIC_REPRESENTATION_ITEM() 
RATIONAL_B_SPLINE_SURFACE((
    (1.,1.,1.,1.,1.,1.,1.,1.,1.,1.,1.,1.,1.,1.)
    ,(0.707106781187,0.707101182602,0.707095583958,0.707089985278
      ,0.707084386542,0.707078787722,0.707073188824,0.703105041055
      ,0.699120884869,0.695441807514,0.692402288611,0.690284291124
      ,0.689225065946,0.689225065946)
,(1.,1.,1.,1.,1.,1.,1.,1.,1.,1.,1.,1.,1.,1.
))) REPRESENTATION_ITEM('') SURFACE() );
#233 = CARTESIAN_POINT('',(-42.,71.937514044949,159.2));
#234 = CARTESIAN_POINT('',(-42.,71.943228330664,159.19998733185));
#235 = CARTESIAN_POINT('',(-41.99999788839,71.948942619536,
    159.19997466368));
#236 = CARTESIAN_POINT('',(-41.99999366522,71.95465690139,
    159.19996199554));
#237 = CARTESIAN_POINT('',(-41.99998733045,71.960371182964,
    159.1999493274));
#238 = CARTESIAN_POINT('',(-41.99997888407,71.96608547323,
    159.19993665919));
#239 = CARTESIAN_POINT('',(-41.99996832606,71.971799768716,
    159.19992399091));
#240 = CARTESIAN_POINT('',(-41.99098893378,76.021720864285,
    159.19094559514));
#241 = CARTESIAN_POINT('',(-40.92428056792,80.061514735179,
    159.18198963613));
#242 = CARTESIAN_POINT('',(-38.80300729173,83.763121421906,
    159.17378344974));
#243 = CARTESIAN_POINT('',(-35.76030209185,86.797100670064,
    159.16705734966));
#244 = CARTESIAN_POINT('',(-32.05952058372,88.904219185719,
    159.1623860546));
#245 = CARTESIAN_POINT('',(-28.029736116,89.958002495322,159.16004990644
    ));
#246 = CARTESIAN_POINT('',(-24.,89.958002495322,159.16004990644));
#247 = CARTESIAN_POINT('',(-42.,71.937514044949,160.));
#248 = CARTESIAN_POINT('',(-42.00001266825,71.943228375907,160.));
#249 = CARTESIAN_POINT('',(-42.00002322532,71.948942689669,160.));
#250 = CARTESIAN_POINT('',(-42.0000316712,71.954656993322,160.));
#251 = CARTESIAN_POINT('',(-42.00003800593,71.960371281625,160.));
#252 = CARTESIAN_POINT('',(-42.00004222959,71.966085548155,160.));
#253 = CARTESIAN_POINT('',(-42.00004434217,71.971799796436,160.));
#254 = CARTESIAN_POINT('',(-42.00004533902,76.044534364784,160.));
#255 = CARTESIAN_POINT('',(-40.93058872317,80.104678632204,160.));
#256 = CARTESIAN_POINT('',(-38.79962016342,83.812992709133,160.));
#257 = CARTESIAN_POINT('',(-35.75687850282,86.838467671052,160.));
#258 = CARTESIAN_POINT('',(-32.06608529353,88.942794051467,160.));
#259 = CARTESIAN_POINT('',(-28.03917206374,90.,160.));
#260 = CARTESIAN_POINT('',(-24.,90.,160.));
#261 = CARTESIAN_POINT('',(-41.2,71.937514044949,160.));
#262 = CARTESIAN_POINT('',(-41.2,71.943228330664,160.));
#263 = CARTESIAN_POINT('',(-41.19999787621,71.948978645971,160.));
#264 = CARTESIAN_POINT('',(-41.19999366662,71.954643909759,160.));
#265 = CARTESIAN_POINT('',(-41.1999873497,71.960315136519,160.));
#266 = CARTESIAN_POINT('',(-41.19997889309,71.966102445279,160.));
#267 = CARTESIAN_POINT('',(-41.19996830223,71.971942068533,160.));
#268 = CARTESIAN_POINT('',(-41.19101471008,75.842568393831,160.));
#269 = CARTESIAN_POINT('',(-40.17120594681,79.702878314204,160.));
#270 = CARTESIAN_POINT('',(-38.14406175386,83.239981355498,160.));
#271 = CARTESIAN_POINT('',(-35.23647468457,86.138921392186,160.));
#272 = CARTESIAN_POINT('',(-31.70048881731,88.152155444053,160.));
#273 = CARTESIAN_POINT('',(-27.85021735761,89.15900062422,160.));
#274 = CARTESIAN_POINT('',(-24.,89.15900062422,160.));
#275 = DEFINITIONAL_REPRESENTATION('',(#276),#280);
#276 = LINE('',#277,#278);
#277 = CARTESIAN_POINT('',(0.,0.));
#278 = VECTOR('',#279,1.);
#279 = DIRECTION('',(0.,1.));
#280 = ( GEOMETRIC_REPRESENTATION_CONTEXT(2) 
PARAMETRIC_REPRESENTATION_CONTEXT() REPRESENTATION_CONTEXT('2D SPACE',''
  ) );
#281 = ORIENTED_EDGE('',*,*,#51,.T.);
#282 = ORIENTED_EDGE('',*,*,#283,.F.);
#283 = EDGE_CURVE('',#174,#54,#284,.T.);
#284 = SURFACE_CURVE('',#285,(#290,#300),.PCURVE_S1.);
#285 = ELLIPSE('',#286,18.022485955051,18.);
#286 = AXIS2_PLACEMENT_3D('',#287,#288,#289);
#287 = CARTESIAN_POINT('',(-24.,63.977514044949,2.051682826227E-15));
#288 = DIRECTION('',(0.,-0.,-1.));
#289 = DIRECTION('',(0.,-1.,0.));
#290 = PCURVE('',#74,#291);
#291 = DEFINITIONAL_REPRESENTATION('',(#292),#299);
#292 = B_SPLINE_CURVE_WITH_KNOTS('',5,(#293,#294,#295,#296,#297,#298),
  .UNSPECIFIED.,.F.,.F.,(6,6),(1.570796326795,3.14159265359),
  .PIECEWISE_BEZIER_KNOTS.);
#293 = CARTESIAN_POINT('',(-6.661338147751E-16,161.099875156));
#294 = CARTESIAN_POINT('',(0.314159265359,160.81713181718));
#295 = CARTESIAN_POINT('',(0.628318497043,160.53413261087));
#296 = CARTESIAN_POINT('',(0.942477875025,160.31060230297));
#297 = CARTESIAN_POINT('',(1.256637061436,160.199875156));
#298 = CARTESIAN_POINT('',(1.570796326795,160.199875156));
#299 = ( GEOMETRIC_REPRESENTATION_CONTEXT(2) 
PARAMETRIC_REPRESENTATION_CONTEXT() REPRESENTATION_CONTEXT('2D SPACE',''
  ) );
#300 = PCURVE('',#102,#301);
#301 = DEFINITIONAL_REPRESENTATION('',(#302),#310);
#302 = ( BOUNDED_CURVE() B_SPLINE_CURVE(2,(#303,#304,#305,#306,#307,#308
,#309),.UNSPECIFIED.,.T.,.F.) B_SPLINE_CURVE_WITH_KNOTS((1,2,2,2,2,1),(
    -2.094395102393,0.,2.094395102393,4.188790204786,6.28318530718,
8.377580409573),.UNSPECIFIED.) CURVE() GEOMETRIC_REPRESENTATION_ITEM() 
RATIONAL_B_SPLINE_CURVE((1.,0.5,1.,0.5,1.,0.5,1.)) REPRESENTATION_ITEM(
  '') );
#303 = CARTESIAN_POINT('',(36.044971910102,-24.));
#304 = CARTESIAN_POINT('',(36.044971910102,-55.17691453624));
#305 = CARTESIAN_POINT('',(9.011242977526,-39.58845726812));
#306 = CARTESIAN_POINT('',(-18.02248595505,-24.));
#307 = CARTESIAN_POINT('',(9.011242977525,-8.41154273188));
#308 = CARTESIAN_POINT('',(36.044971910102,7.17691453624));
#309 = CARTESIAN_POINT('',(36.044971910102,-24.));
#310 = ( GEOMETRIC_REPRESENTATION_CONTEXT(2) 
PARAMETRIC_REPRESENTATION_CONTEXT() REPRESENTATION_CONTEXT('2D SPACE',''
  ) );
#311 = ADVANCED_FACE('',(#312),#156,.T.);
#312 = FACE_BOUND('',#313,.T.);
#313 = EDGE_LOOP('',(#314,#378,#406,#511));
#314 = ORIENTED_EDGE('',*,*,#315,.T.);
#315 = EDGE_CURVE('',#52,#316,#318,.T.);
#316 = VERTEX_POINT('',#317);
#317 = CARTESIAN_POINT('',(-24.,89.15900062422,160.));
#318 = SURFACE_CURVE('',#319,(#324,#330),.PCURVE_S1.);
#319 = CIRCLE('',#320,0.8);
#320 = AXIS2_PLACEMENT_3D('',#321,#322,#323);
#321 = CARTESIAN_POINT('',(-24.,89.15900062422,159.2));
#322 = DIRECTION('',(1.,0.,0.));
#323 = DIRECTION('',(0.,0.998752338878,-4.993761694388E-02));
#324 = PCURVE('',#156,#325);
#325 = DEFINITIONAL_REPRESENTATION('',(#326),#329);
#326 = B_SPLINE_CURVE_WITH_KNOTS('',1,(#327,#328),.UNSPECIFIED.,.F.,.F.,
  (2,2),(0.,1.620754722517),.PIECEWISE_BEZIER_KNOTS.);
#327 = CARTESIAN_POINT('',(0.,0.));
#328 = CARTESIAN_POINT('',(1.620754722517,0.));
#329 = ( GEOMETRIC_REPRESENTATION_CONTEXT(2) 
PARAMETRIC_REPRESENTATION_CONTEXT() REPRESENTATION_CONTEXT('2D SPACE',''
  ) );
#330 = PCURVE('',#232,#331);
#331 = DEFINITIONAL_REPRESENTATION('',(#332),#377);
#332 = B_SPLINE_CURVE_WITH_KNOTS('',8,(#333,#334,#335,#336,#337,#338,
    #339,#340,#341,#342,#343,#344,#345,#346,#347,#348,#349,#350,#351,
    #352,#353,#354,#355,#356,#357,#358,#359,#360,#361,#362,#363,#364,
    #365,#366,#367,#368,#369,#370,#371,#372,#373,#374,#375,#376),
  .UNSPECIFIED.,.F.,.F.,(9,7,7,7,7,7,9),(0.,0.202594340315,
    0.405188680629,0.810377361258,1.215566041888,1.418160382202,
    1.620754722517),.UNSPECIFIED.);
#333 = CARTESIAN_POINT('',(2.22044604925E-16,316.78197661298));
#334 = CARTESIAN_POINT('',(0.495128316163,316.78197661298));
#335 = CARTESIAN_POINT('',(0.984111842316,316.78197661297));
#336 = CARTESIAN_POINT('',(1.467324888177,316.78197661298));
#337 = CARTESIAN_POINT('',(1.945118737087,316.78197661297));
#338 = CARTESIAN_POINT('',(2.417823562501,316.78197661298));
#339 = CARTESIAN_POINT('',(2.885775001261,316.78197661297));
#340 = CARTESIAN_POINT('',(3.34926495347,316.78197661298));
#341 = CARTESIAN_POINT('',(4.267906413932,316.78197661298));
#342 = CARTESIAN_POINT('',(4.723057346974,316.78197661297));
#343 = CARTESIAN_POINT('',(5.17432830073,316.78197661298));
#344 = CARTESIAN_POINT('',(5.621998711439,316.78197661297));
#345 = CARTESIAN_POINT('',(6.066335871783,316.78197661298));
#346 = CARTESIAN_POINT('',(6.507595248844,316.78197661297));
#347 = CARTESIAN_POINT('',(6.946022881912,316.78197661298));
#348 = CARTESIAN_POINT('',(8.253533816602,316.78197661298));
#349 = CARTESIAN_POINT('',(9.114844264675,316.78197661297));
#350 = CARTESIAN_POINT('',(9.967709861548,316.78197661299));
#351 = CARTESIAN_POINT('',(10.813929366875,316.78197661296));
#352 = CARTESIAN_POINT('',(11.655217006244,316.78197661299));
#353 = CARTESIAN_POINT('',(12.493234010586,316.78197661297));
#354 = CARTESIAN_POINT('',(13.329616331587,316.78197661298));
#355 = CARTESIAN_POINT('',(15.002380734493,316.78197661297));
#356 = CARTESIAN_POINT('',(15.838763055495,316.78197661298));
#357 = CARTESIAN_POINT('',(16.676780059836,316.78197661297));
#358 = CARTESIAN_POINT('',(17.518067699204,316.78197661298));
#359 = CARTESIAN_POINT('',(18.364287204532,316.78197661297));
#360 = CARTESIAN_POINT('',(19.217152801405,316.78197661298));
#361 = CARTESIAN_POINT('',(20.078463249478,316.78197661298));
#362 = CARTESIAN_POINT('',(21.385974184168,316.78197661298));
#363 = CARTESIAN_POINT('',(21.824401817236,316.78197661298));
#364 = CARTESIAN_POINT('',(22.265661194296,316.78197661298));
#365 = CARTESIAN_POINT('',(22.709998354641,316.78197661297));
#366 = CARTESIAN_POINT('',(23.15766876535,316.78197661298));
#367 = CARTESIAN_POINT('',(23.608939719106,316.78197661297));
#368 = CARTESIAN_POINT('',(24.064090652148,316.78197661298));
#369 = CARTESIAN_POINT('',(24.98273211261,316.78197661297));
#370 = CARTESIAN_POINT('',(25.44622206482,316.78197661298));
#371 = CARTESIAN_POINT('',(25.914173503579,316.78197661296));
#372 = CARTESIAN_POINT('',(26.386878328994,316.78197661299));
#373 = CARTESIAN_POINT('',(26.864672177903,316.78197661296));
#374 = CARTESIAN_POINT('',(27.347885223764,316.78197661298));
#375 = CARTESIAN_POINT('',(27.836868749918,316.78197661297));
#376 = CARTESIAN_POINT('',(28.331997066081,316.78197661298));
#377 = ( GEOMETRIC_REPRESENTATION_CONTEXT(2) 
PARAMETRIC_REPRESENTATION_CONTEXT() REPRESENTATION_CONTEXT('2D SPACE',''
  ) );
#378 = ORIENTED_EDGE('',*,*,#379,.T.);
#379 = EDGE_CURVE('',#316,#380,#382,.T.);
#380 = VERTEX_POINT('',#381);
#381 = CARTESIAN_POINT('',(24.,89.15900062422,160.));
#382 = SURFACE_CURVE('',#383,(#387,#394),.PCURVE_S1.);
#383 = LINE('',#384,#385);
#384 = CARTESIAN_POINT('',(-24.,89.15900062422,160.));
#385 = VECTOR('',#386,1.);
#386 = DIRECTION('',(1.,0.,0.));
#387 = PCURVE('',#156,#388);
#388 = DEFINITIONAL_REPRESENTATION('',(#389),#393);
#389 = LINE('',#390,#391);
#390 = CARTESIAN_POINT('',(1.620754722517,0.));
#391 = VECTOR('',#392,1.);
#392 = DIRECTION('',(0.,1.));
#393 = ( GEOMETRIC_REPRESENTATION_CONTEXT(2) 
PARAMETRIC_REPRESENTATION_CONTEXT() REPRESENTATION_CONTEXT('2D SPACE',''
  ) );
#394 = PCURVE('',#395,#400);
#395 = PLANE('',#396);
#396 = AXIS2_PLACEMENT_3D('',#397,#398,#399);
#397 = CARTESIAN_POINT('',(0.,0.,160.));
#398 = DIRECTION('',(0.,0.,-1.));
#399 = DIRECTION('',(0.,1.,0.));
#400 = DEFINITIONAL_REPRESENTATION('',(#401),#405);
#401 = LINE('',#402,#403);
#402 = CARTESIAN_POINT('',(89.15900062422,-24.));
#403 = VECTOR('',#404,1.);
#404 = DIRECTION('',(0.,1.));
#405 = ( GEOMETRIC_REPRESENTATION_CONTEXT(2) 
PARAMETRIC_REPRESENTATION_CONTEXT() REPRESENTATION_CONTEXT('2D SPACE',''
  ) );
#406 = ORIENTED_EDGE('',*,*,#407,.F.);
#407 = EDGE_CURVE('',#115,#380,#408,.T.);
#408 = SURFACE_CURVE('',#409,(#414,#420),.PCURVE_S1.);
#409 = CIRCLE('',#410,0.8);
#410 = AXIS2_PLACEMENT_3D('',#411,#412,#413);
#411 = CARTESIAN_POINT('',(24.,89.15900062422,159.2));
#412 = DIRECTION('',(1.,0.,0.));
#413 = DIRECTION('',(0.,0.998752338878,-4.993761694388E-02));
#414 = PCURVE('',#156,#415);
#415 = DEFINITIONAL_REPRESENTATION('',(#416),#419);
#416 = B_SPLINE_CURVE_WITH_KNOTS('',1,(#417,#418),.UNSPECIFIED.,.F.,.F.,
  (2,2),(0.,1.620754722517),.PIECEWISE_BEZIER_KNOTS.);
#417 = CARTESIAN_POINT('',(0.,48.));
#418 = CARTESIAN_POINT('',(1.620754722517,48.));
#419 = ( GEOMETRIC_REPRESENTATION_CONTEXT(2) 
PARAMETRIC_REPRESENTATION_CONTEXT() REPRESENTATION_CONTEXT('2D SPACE',''
  ) );
#420 = PCURVE('',#421,#464);
#421 = ( BOUNDED_SURFACE() B_SPLINE_SURFACE(2,7,(
    (#422,#423,#424,#425,#426,#427,#428,#429,#430,#431,#432,#433,#434
      ,#435)
    ,(#436,#437,#438,#439,#440,#441,#442,#443,#444,#445,#446,#447,#448
      ,#449)
    ,(#450,#451,#452,#453,#454,#455,#456,#457,#458,#459,#460,#461,#462
,#463
    )),.UNSPECIFIED.,.F.,.F.,.F.) B_SPLINE_SURFACE_WITH_KNOTS((3,3),(8,6
    ,8),(0.,28.331997066105),(48.,76.292021797488,76.331997066105),
.UNSPECIFIED.) GEOMETRIC_REPRESENTATION_ITEM() RATIONAL_B_SPLINE_SURFACE
((
    (1.,1.,1.,1.,1.,1.,1.,1.,1.,1.,1.,1.,1.,1.)
    ,(0.689225065946,0.689225065946,0.690284291124,0.692402288611
      ,0.695441807514,0.699120884869,0.703105041055,0.707073188824
      ,0.707078787722,0.707084386542,0.707089985278,0.707095583958
      ,0.707101182602,0.707106781187)
,(1.,1.,1.,1.,1.,1.,1.,1.,1.,1.,1.,1.,1.,1.
))) REPRESENTATION_ITEM('') SURFACE() );
#422 = CARTESIAN_POINT('',(24.,89.958002495322,159.16004990644));
#423 = CARTESIAN_POINT('',(28.029736116007,89.958002495322,
    159.16004990644));
#424 = CARTESIAN_POINT('',(32.059520583722,88.904219185719,
    159.1623860546));
#425 = CARTESIAN_POINT('',(35.760302091858,86.797100670063,
    159.16705734966));
#426 = CARTESIAN_POINT('',(38.803007291733,83.763121421907,
    159.17378344974));
#427 = CARTESIAN_POINT('',(40.92428056793,80.061514735179,
    159.18198963613));
#428 = CARTESIAN_POINT('',(41.990988933787,76.021720864285,
    159.19094559514));
#429 = CARTESIAN_POINT('',(41.999968326068,71.971799768716,
    159.19992399091));
#430 = CARTESIAN_POINT('',(41.99997888407,71.96608547323,159.19993665919
    ));
#431 = CARTESIAN_POINT('',(41.999987330457,71.960371182964,
    159.1999493274));
#432 = CARTESIAN_POINT('',(41.999993665225,71.95465690139,
    159.19996199554));
#433 = CARTESIAN_POINT('',(41.999997888399,71.948942619536,
    159.19997466368));
#434 = CARTESIAN_POINT('',(42.,71.943228330664,159.19998733185));
#435 = CARTESIAN_POINT('',(42.,71.937514044949,159.2));
#436 = CARTESIAN_POINT('',(24.,90.,160.));
#437 = CARTESIAN_POINT('',(28.039172063742,90.,160.));
#438 = CARTESIAN_POINT('',(32.066085293537,88.942794051467,160.));
#439 = CARTESIAN_POINT('',(35.756878502829,86.838467671053,160.));
#440 = CARTESIAN_POINT('',(38.79962016342,83.812992709131,160.));
#441 = CARTESIAN_POINT('',(40.930588723177,80.104678632205,160.));
#442 = CARTESIAN_POINT('',(42.000045339027,76.044534364783,160.));
#443 = CARTESIAN_POINT('',(42.000044342177,71.971799796436,160.));
#444 = CARTESIAN_POINT('',(42.000042229594,71.966085548155,160.));
#445 = CARTESIAN_POINT('',(42.000038005937,71.960371281625,160.));
#446 = CARTESIAN_POINT('',(42.0000316712,71.954656993322,160.));
#447 = CARTESIAN_POINT('',(42.000023225322,71.948942689669,160.));
#448 = CARTESIAN_POINT('',(42.00001266825,71.943228375907,160.));
#449 = CARTESIAN_POINT('',(42.,71.937514044949,160.));
#450 = CARTESIAN_POINT('',(24.,89.15900062422,160.));
#451 = CARTESIAN_POINT('',(27.850217357619,89.15900062422,160.));
#452 = CARTESIAN_POINT('',(31.700488817314,88.152155444053,160.));
#453 = CARTESIAN_POINT('',(35.236474684573,86.138921392185,160.));
#454 = CARTESIAN_POINT('',(38.144061753858,83.239981355499,160.));
#455 = CARTESIAN_POINT('',(40.171205946819,79.702878314203,160.));
#456 = CARTESIAN_POINT('',(41.191014710082,75.842568393831,160.));
#457 = CARTESIAN_POINT('',(41.199968302236,71.971942068533,160.));
#458 = CARTESIAN_POINT('',(41.199978893092,71.966102445279,160.));
#459 = CARTESIAN_POINT('',(41.199987349709,71.96031513652,160.));
#460 = CARTESIAN_POINT('',(41.199993666628,71.954643909759,160.));
#461 = CARTESIAN_POINT('',(41.199997876216,71.948978645971,160.));
#462 = CARTESIAN_POINT('',(41.2,71.943228330664,160.));
#463 = CARTESIAN_POINT('',(41.2,71.937514044949,160.));
#464 = DEFINITIONAL_REPRESENTATION('',(#465),#510);
#465 = B_SPLINE_CURVE_WITH_KNOTS('',8,(#466,#467,#468,#469,#470,#471,
    #472,#473,#474,#475,#476,#477,#478,#479,#480,#481,#482,#483,#484,
    #485,#486,#487,#488,#489,#490,#491,#492,#493,#494,#495,#496,#497,
    #498,#499,#500,#501,#502,#503,#504,#505,#506,#507,#508,#509),
  .UNSPECIFIED.,.F.,.F.,(9,7,7,7,7,7,9),(0.,0.202594340315,
    0.405188680629,0.810377361258,1.215566041888,1.418160382202,
    1.620754722517),.UNSPECIFIED.);
#466 = CARTESIAN_POINT('',(-2.22044604925E-16,48.));
#467 = CARTESIAN_POINT('',(0.495128316163,48.));
#468 = CARTESIAN_POINT('',(0.984111842317,47.999999999999));
#469 = CARTESIAN_POINT('',(1.467324888179,48.000000000001));
#470 = CARTESIAN_POINT('',(1.945118737089,47.999999999998));
#471 = CARTESIAN_POINT('',(2.417823562503,48.000000000001));
#472 = CARTESIAN_POINT('',(2.885775001264,47.999999999999));
#473 = CARTESIAN_POINT('',(3.349264953474,48.));
#474 = CARTESIAN_POINT('',(4.267906413936,48.));
#475 = CARTESIAN_POINT('',(4.723057346979,47.999999999999));
#476 = CARTESIAN_POINT('',(5.174328300735,48.000000000002));
#477 = CARTESIAN_POINT('',(5.621998711445,47.999999999998));
#478 = CARTESIAN_POINT('',(6.066335871789,48.000000000002));
#479 = CARTESIAN_POINT('',(6.507595248851,47.999999999999));
#480 = CARTESIAN_POINT('',(6.946022881919,48.));
#481 = CARTESIAN_POINT('',(8.25353381661,48.));
#482 = CARTESIAN_POINT('',(9.114844264684,48.));
#483 = CARTESIAN_POINT('',(9.967709861557,47.999999999999));
#484 = CARTESIAN_POINT('',(10.813929366886,48.));
#485 = CARTESIAN_POINT('',(11.655217006254,47.999999999999));
#486 = CARTESIAN_POINT('',(12.493234010597,48.));
#487 = CARTESIAN_POINT('',(13.329616331599,48.));
#488 = CARTESIAN_POINT('',(15.002380734507,48.));
#489 = CARTESIAN_POINT('',(15.838763055509,48.));
#490 = CARTESIAN_POINT('',(16.676780059852,48.));
#491 = CARTESIAN_POINT('',(17.51806769922,48.));
#492 = CARTESIAN_POINT('',(18.364287204549,48.));
#493 = CARTESIAN_POINT('',(19.217152801422,48.));
#494 = CARTESIAN_POINT('',(20.078463249496,48.));
#495 = CARTESIAN_POINT('',(21.385974184188,48.));
#496 = CARTESIAN_POINT('',(21.824401817256,48.000000000001));
#497 = CARTESIAN_POINT('',(22.265661194316,47.999999999998));
#498 = CARTESIAN_POINT('',(22.709998354663,48.000000000002));
#499 = CARTESIAN_POINT('',(23.15766876537,47.999999999998));
#500 = CARTESIAN_POINT('',(23.608939719128,48.));
#501 = CARTESIAN_POINT('',(24.06409065217,48.));
#502 = CARTESIAN_POINT('',(24.982732112633,48.));
#503 = CARTESIAN_POINT('',(25.446222064843,48.000000000001));
#504 = CARTESIAN_POINT('',(25.914173503603,47.999999999997));
#505 = CARTESIAN_POINT('',(26.386878329017,48.000000000003));
#506 = CARTESIAN_POINT('',(26.864672177926,47.999999999997));
#507 = CARTESIAN_POINT('',(27.347885223788,48.000000000001));
#508 = CARTESIAN_POINT('',(27.836868749942,47.999999999999));
#509 = CARTESIAN_POINT('',(28.331997066105,48.));
#510 = ( GEOMETRIC_REPRESENTATION_CONTEXT(2) 
PARAMETRIC_REPRESENTATION_CONTEXT() REPRESENTATION_CONTEXT('2D SPACE',''
  ) );
#511 = ORIENTED_EDGE('',*,*,#142,.F.);
#512 = ADVANCED_FACE('',(#513),#102,.F.);
#513 = FACE_BOUND('',#514,.F.);
#514 = EDGE_LOOP('',(#515,#516,#517,#540,#577,#605,#638,#666));
#515 = ORIENTED_EDGE('',*,*,#86,.F.);
#516 = ORIENTED_EDGE('',*,*,#283,.F.);
#517 = ORIENTED_EDGE('',*,*,#518,.T.);
#518 = EDGE_CURVE('',#174,#519,#521,.T.);
#519 = VERTEX_POINT('',#520);
#520 = CARTESIAN_POINT('',(-42.,9.056543147557,-6.217248937901E-15));
#521 = SURFACE_CURVE('',#522,(#526,#533),.PCURVE_S1.);
#522 = LINE('',#523,#524);
#523 = CARTESIAN_POINT('',(-42.,82.,0.));
#524 = VECTOR('',#525,1.);
#525 = DIRECTION('',(0.,-1.,0.));
#526 = PCURVE('',#102,#527);
#527 = DEFINITIONAL_REPRESENTATION('',(#528),#532);
#528 = LINE('',#529,#530);
#529 = CARTESIAN_POINT('',(0.,-42.));
#530 = VECTOR('',#531,1.);
#531 = DIRECTION('',(1.,0.));
#532 = ( GEOMETRIC_REPRESENTATION_CONTEXT(2) 
PARAMETRIC_REPRESENTATION_CONTEXT() REPRESENTATION_CONTEXT('2D SPACE',''
  ) );
#533 = PCURVE('',#189,#534);
#534 = DEFINITIONAL_REPRESENTATION('',(#535),#539);
#535 = LINE('',#536,#537);
#536 = CARTESIAN_POINT('',(-41.37252334141,-81.36354452763));
#537 = VECTOR('',#538,1.);
#538 = DIRECTION('',(1.,0.));
#539 = ( GEOMETRIC_REPRESENTATION_CONTEXT(2) 
PARAMETRIC_REPRESENTATION_CONTEXT() REPRESENTATION_CONTEXT('2D SPACE',''
  ) );
#540 = ORIENTED_EDGE('',*,*,#541,.F.);
#541 = EDGE_CURVE('',#542,#519,#544,.T.);
#542 = VERTEX_POINT('',#543);
#543 = CARTESIAN_POINT('',(-24.,-10.,0.));
#544 = SURFACE_CURVE('',#545,(#550,#561),.PCURVE_S1.);
#545 = ELLIPSE('',#546,19.056543147557,18.);
#546 = AXIS2_PLACEMENT_3D('',#547,#548,#549);
#547 = CARTESIAN_POINT('',(-24.,9.056543147557,1.612170235922E-16));
#548 = DIRECTION('',(0.,0.,-1.));
#549 = DIRECTION('',(0.,1.,0.));
#550 = PCURVE('',#102,#551);
#551 = DEFINITIONAL_REPRESENTATION('',(#552),#560);
#552 = ( BOUNDED_CURVE() B_SPLINE_CURVE(2,(#553,#554,#555,#556,#557,#558
,#559),.UNSPECIFIED.,.T.,.F.) B_SPLINE_CURVE_WITH_KNOTS((1,2,2,2,2,1),(
    -2.094395102393,0.,2.094395102393,4.188790204786,6.28318530718,
8.377580409573),.UNSPECIFIED.) CURVE() GEOMETRIC_REPRESENTATION_ITEM() 
RATIONAL_B_SPLINE_CURVE((1.,0.5,1.,0.5,1.,0.5,1.)) REPRESENTATION_ITEM(
  '') );
#553 = CARTESIAN_POINT('',(53.886913704886,-24.));
#554 = CARTESIAN_POINT('',(53.886913704886,7.17691453624));
#555 = CARTESIAN_POINT('',(82.471728426222,-8.41154273188));
#556 = CARTESIAN_POINT('',(111.05654314755,-24.));
#557 = CARTESIAN_POINT('',(82.471728426222,-39.58845726812));
#558 = CARTESIAN_POINT('',(53.886913704886,-55.17691453624));
#559 = CARTESIAN_POINT('',(53.886913704886,-24.));
#560 = ( GEOMETRIC_REPRESENTATION_CONTEXT(2) 
PARAMETRIC_REPRESENTATION_CONTEXT() REPRESENTATION_CONTEXT('2D SPACE',''
  ) );
#561 = PCURVE('',#562,#567);
#562 = CYLINDRICAL_SURFACE('',#563,18.);
#563 = AXIS2_PLACEMENT_3D('',#564,#565,#566);
#564 = CARTESIAN_POINT('',(-24.,7.002034287711,-5.91023096668));
#565 = DIRECTION('',(0.,0.328346164816,0.944557460428));
#566 = DIRECTION('',(0.,-0.944557460428,0.328346164816));
#567 = DEFINITIONAL_REPRESENTATION('',(#568),#576);
#568 = B_SPLINE_CURVE_WITH_KNOTS('',6,(#569,#570,#571,#572,#573,#574,
    #575),.UNSPECIFIED.,.F.,.F.,(7,7),(3.14159265359,4.712388980385),
  .PIECEWISE_BEZIER_KNOTS.);
#569 = CARTESIAN_POINT('',(6.28318530718,4.218847493576E-15));
#570 = CARTESIAN_POINT('',(6.021385919381,4.705146825335E-15));
#571 = CARTESIAN_POINT('',(5.759586794936,0.514519488641));
#572 = CARTESIAN_POINT('',(5.4977869381,1.544329522394));
#573 = CARTESIAN_POINT('',(5.235987685,2.981035606185));
#574 = CARTESIAN_POINT('',(4.974188368184,4.619026687771));
#575 = CARTESIAN_POINT('',(4.712388980385,6.257142857143));
#576 = ( GEOMETRIC_REPRESENTATION_CONTEXT(2) 
PARAMETRIC_REPRESENTATION_CONTEXT() REPRESENTATION_CONTEXT('2D SPACE',''
  ) );
#577 = ORIENTED_EDGE('',*,*,#578,.T.);
#578 = EDGE_CURVE('',#542,#579,#581,.T.);
#579 = VERTEX_POINT('',#580);
#580 = CARTESIAN_POINT('',(24.,-10.,0.));
#581 = SURFACE_CURVE('',#582,(#586,#593),.PCURVE_S1.);
#582 = LINE('',#583,#584);
#583 = CARTESIAN_POINT('',(-42.,-10.,0.));
#584 = VECTOR('',#585,1.);
#585 = DIRECTION('',(1.,0.,0.));
#586 = PCURVE('',#102,#587);
#587 = DEFINITIONAL_REPRESENTATION('',(#588),#592);
#588 = LINE('',#589,#590);
#589 = CARTESIAN_POINT('',(92.,-42.));
#590 = VECTOR('',#591,1.);
#591 = DIRECTION('',(0.,1.));
#592 = ( GEOMETRIC_REPRESENTATION_CONTEXT(2) 
PARAMETRIC_REPRESENTATION_CONTEXT() REPRESENTATION_CONTEXT('2D SPACE',''
  ) );
#593 = PCURVE('',#594,#599);
#594 = PLANE('',#595);
#595 = AXIS2_PLACEMENT_3D('',#596,#597,#598);
#596 = CARTESIAN_POINT('',(0.,-10.,0.));
#597 = DIRECTION('',(0.,0.944557460428,-0.328346164816));
#598 = DIRECTION('',(0.,0.328346164816,0.944557460428));
#599 = DEFINITIONAL_REPRESENTATION('',(#600),#604);
#600 = LINE('',#601,#602);
#601 = CARTESIAN_POINT('',(0.,-42.));
#602 = VECTOR('',#603,1.);
#603 = DIRECTION('',(0.,1.));
#604 = ( GEOMETRIC_REPRESENTATION_CONTEXT(2) 
PARAMETRIC_REPRESENTATION_CONTEXT() REPRESENTATION_CONTEXT('2D SPACE',''
  ) );
#605 = ORIENTED_EDGE('',*,*,#606,.T.);
#606 = EDGE_CURVE('',#579,#607,#609,.T.);
#607 = VERTEX_POINT('',#608);
#608 = CARTESIAN_POINT('',(42.,9.056543147557,-6.217248937901E-15));
#609 = SURFACE_CURVE('',#610,(#615,#622),.PCURVE_S1.);
#610 = ELLIPSE('',#611,19.056543147557,18.);
#611 = AXIS2_PLACEMENT_3D('',#612,#613,#614);
#612 = CARTESIAN_POINT('',(24.,9.056543147557,1.612170235922E-16));
#613 = DIRECTION('',(-0.,0.,1.));
#614 = DIRECTION('',(0.,1.,0.));
#615 = PCURVE('',#102,#616);
#616 = DEFINITIONAL_REPRESENTATION('',(#617),#621);
#617 = ELLIPSE('',#618,19.056543147557,18.);
#618 = AXIS2_PLACEMENT_2D('',#619,#620);
#619 = CARTESIAN_POINT('',(72.943456852443,24.));
#620 = DIRECTION('',(-1.,0.));
#621 = ( GEOMETRIC_REPRESENTATION_CONTEXT(2) 
PARAMETRIC_REPRESENTATION_CONTEXT() REPRESENTATION_CONTEXT('2D SPACE',''
  ) );
#622 = PCURVE('',#623,#628);
#623 = CYLINDRICAL_SURFACE('',#624,18.);
#624 = AXIS2_PLACEMENT_3D('',#625,#626,#627);
#625 = CARTESIAN_POINT('',(24.,7.002034287711,-5.91023096668));
#626 = DIRECTION('',(0.,0.328346164816,0.944557460428));
#627 = DIRECTION('',(0.,-0.944557460428,0.328346164816));
#628 = DEFINITIONAL_REPRESENTATION('',(#629),#637);
#629 = B_SPLINE_CURVE_WITH_KNOTS('',6,(#630,#631,#632,#633,#634,#635,
    #636),.UNSPECIFIED.,.F.,.F.,(7,7),(3.14159265359,4.712388980385),
  .PIECEWISE_BEZIER_KNOTS.);
#630 = CARTESIAN_POINT('',(-2.22044604925E-16,4.218847493576E-15));
#631 = CARTESIAN_POINT('',(0.261799387799,4.705146825335E-15));
#632 = CARTESIAN_POINT('',(0.523598512244,0.514519488641));
#633 = CARTESIAN_POINT('',(0.78539836908,1.544329522394));
#634 = CARTESIAN_POINT('',(1.04719762218,2.981035606185));
#635 = CARTESIAN_POINT('',(1.308996938996,4.619026687771));
#636 = CARTESIAN_POINT('',(1.570796326795,6.257142857143));
#637 = ( GEOMETRIC_REPRESENTATION_CONTEXT(2) 
PARAMETRIC_REPRESENTATION_CONTEXT() REPRESENTATION_CONTEXT('2D SPACE',''
  ) );
#638 = ORIENTED_EDGE('',*,*,#639,.F.);
#639 = EDGE_CURVE('',#640,#607,#642,.T.);
#640 = VERTEX_POINT('',#641);
#641 = CARTESIAN_POINT('',(42.,63.977514044949,2.84217094304E-14));
#642 = SURFACE_CURVE('',#643,(#647,#654),.PCURVE_S1.);
#643 = LINE('',#644,#645);
#644 = CARTESIAN_POINT('',(42.,82.,0.));
#645 = VECTOR('',#646,1.);
#646 = DIRECTION('',(0.,-1.,0.));
#647 = PCURVE('',#102,#648);
#648 = DEFINITIONAL_REPRESENTATION('',(#649),#653);
#649 = LINE('',#650,#651);
#650 = CARTESIAN_POINT('',(0.,42.));
#651 = VECTOR('',#652,1.);
#652 = DIRECTION('',(1.,0.));
#653 = ( GEOMETRIC_REPRESENTATION_CONTEXT(2) 
PARAMETRIC_REPRESENTATION_CONTEXT() REPRESENTATION_CONTEXT('2D SPACE',''
  ) );
#654 = PCURVE('',#655,#660);
#655 = PLANE('',#656);
#656 = AXIS2_PLACEMENT_3D('',#657,#658,#659);
#657 = CARTESIAN_POINT('',(42.,40.627476658587,81.363544527636));
#658 = DIRECTION('',(-1.,-0.,-0.));
#659 = DIRECTION('',(0.,-1.,0.));
#660 = DEFINITIONAL_REPRESENTATION('',(#661),#665);
#661 = LINE('',#662,#663);
#662 = CARTESIAN_POINT('',(-41.37252334141,-81.36354452763));
#663 = VECTOR('',#664,1.);
#664 = DIRECTION('',(1.,0.));
#665 = ( GEOMETRIC_REPRESENTATION_CONTEXT(2) 
PARAMETRIC_REPRESENTATION_CONTEXT() REPRESENTATION_CONTEXT('2D SPACE',''
  ) );
#666 = ORIENTED_EDGE('',*,*,#667,.F.);
#667 = EDGE_CURVE('',#87,#640,#668,.T.);
#668 = SURFACE_CURVE('',#669,(#674,#685),.PCURVE_S1.);
#669 = ELLIPSE('',#670,18.022485955051,18.);
#670 = AXIS2_PLACEMENT_3D('',#671,#672,#673);
#671 = CARTESIAN_POINT('',(24.,63.977514044949,2.051682826227E-15));
#672 = DIRECTION('',(0.,-0.,-1.));
#673 = DIRECTION('',(0.,-1.,0.));
#674 = PCURVE('',#102,#675);
#675 = DEFINITIONAL_REPRESENTATION('',(#676),#684);
#676 = ( BOUNDED_CURVE() B_SPLINE_CURVE(2,(#677,#678,#679,#680,#681,#682
,#683),.UNSPECIFIED.,.T.,.F.) B_SPLINE_CURVE_WITH_KNOTS((1,2,2,2,2,1),(
    -2.094395102393,0.,2.094395102393,4.188790204786,6.28318530718,
8.377580409573),.UNSPECIFIED.) CURVE() GEOMETRIC_REPRESENTATION_ITEM() 
RATIONAL_B_SPLINE_CURVE((1.,0.5,1.,0.5,1.,0.5,1.)) REPRESENTATION_ITEM(
  '') );
#677 = CARTESIAN_POINT('',(36.044971910102,24.));
#678 = CARTESIAN_POINT('',(36.044971910102,-7.17691453624));
#679 = CARTESIAN_POINT('',(9.011242977526,8.41154273188));
#680 = CARTESIAN_POINT('',(-18.02248595505,24.));
#681 = CARTESIAN_POINT('',(9.011242977525,39.58845726812));
#682 = CARTESIAN_POINT('',(36.044971910102,55.17691453624));
#683 = CARTESIAN_POINT('',(36.044971910102,24.));
#684 = ( GEOMETRIC_REPRESENTATION_CONTEXT(2) 
PARAMETRIC_REPRESENTATION_CONTEXT() REPRESENTATION_CONTEXT('2D SPACE',''
  ) );
#685 = PCURVE('',#130,#686);
#686 = DEFINITIONAL_REPRESENTATION('',(#687),#694);
#687 = B_SPLINE_CURVE_WITH_KNOTS('',5,(#688,#689,#690,#691,#692,#693),
  .UNSPECIFIED.,.F.,.F.,(6,6),(3.14159265359,4.712388980385),
  .PIECEWISE_BEZIER_KNOTS.);
#688 = CARTESIAN_POINT('',(0.,160.199875156));
#689 = CARTESIAN_POINT('',(0.314159265359,160.199875156));
#690 = CARTESIAN_POINT('',(0.628318451769,160.31060230297));
#691 = CARTESIAN_POINT('',(0.942477829752,160.53413261087));
#692 = CARTESIAN_POINT('',(1.256637061436,160.81713181718));
#693 = CARTESIAN_POINT('',(1.570796326795,161.099875156));
#694 = ( GEOMETRIC_REPRESENTATION_CONTEXT(2) 
PARAMETRIC_REPRESENTATION_CONTEXT() REPRESENTATION_CONTEXT('2D SPACE',''
  ) );
#695 = ADVANCED_FACE('',(#696),#130,.T.);
#696 = FACE_BOUND('',#697,.T.);
#697 = EDGE_LOOP('',(#698,#699,#739,#760));
#698 = ORIENTED_EDGE('',*,*,#114,.F.);
#699 = ORIENTED_EDGE('',*,*,#700,.T.);
#700 = EDGE_CURVE('',#115,#701,#703,.T.);
#701 = VERTEX_POINT('',#702);
#702 = CARTESIAN_POINT('',(42.,71.937514044949,159.2));
#703 = SURFACE_CURVE('',#704,(#719,#732),.PCURVE_S1.);
#704 = B_SPLINE_CURVE_WITH_KNOTS('',7,(#705,#706,#707,#708,#709,#710,
    #711,#712,#713,#714,#715,#716,#717,#718),.UNSPECIFIED.,.F.,.F.,(8,6,
    8),(48.,76.292021797488,76.331997066105),.UNSPECIFIED.);
#705 = CARTESIAN_POINT('',(24.,89.958002495322,159.16004990644));
#706 = CARTESIAN_POINT('',(28.029736116007,89.958002495322,
    159.16004990644));
#707 = CARTESIAN_POINT('',(32.059520583722,88.904219185719,
    159.1623860546));
#708 = CARTESIAN_POINT('',(35.760302091858,86.797100670063,
    159.16705734966));
#709 = CARTESIAN_POINT('',(38.803007291733,83.763121421907,
    159.17378344974));
#710 = CARTESIAN_POINT('',(40.92428056793,80.061514735179,
    159.18198963613));
#711 = CARTESIAN_POINT('',(41.990988933787,76.021720864285,
    159.19094559514));
#712 = CARTESIAN_POINT('',(41.999968326068,71.971799768716,
    159.19992399091));
#713 = CARTESIAN_POINT('',(41.99997888407,71.96608547323,159.19993665919
    ));
#714 = CARTESIAN_POINT('',(41.999987330457,71.960371182964,
    159.1999493274));
#715 = CARTESIAN_POINT('',(41.999993665225,71.95465690139,
    159.19996199554));
#716 = CARTESIAN_POINT('',(41.999997888399,71.948942619536,
    159.19997466368));
#717 = CARTESIAN_POINT('',(42.,71.943228330664,159.19998733185));
#718 = CARTESIAN_POINT('',(42.,71.937514044949,159.2));
#719 = PCURVE('',#130,#720);
#720 = DEFINITIONAL_REPRESENTATION('',(#721),#731);
#721 = B_SPLINE_CURVE_WITH_KNOTS('',8,(#722,#723,#724,#725,#726,#727,
    #728,#729,#730),.UNSPECIFIED.,.F.,.F.,(9,9),(48.,76.331997066105),
  .PIECEWISE_BEZIER_KNOTS.);
#722 = CARTESIAN_POINT('',(4.501949375456E-17,0.84099937578));
#723 = CARTESIAN_POINT('',(0.196166733179,0.84099937578));
#724 = CARTESIAN_POINT('',(0.392336113675,0.878823143012));
#725 = CARTESIAN_POINT('',(0.588534209718,0.954460693586));
#726 = CARTESIAN_POINT('',(0.784792919008,1.064864482598));
#727 = CARTESIAN_POINT('',(0.981153560558,1.203868309029));
#728 = CARTESIAN_POINT('',(1.177581042413,1.362835750949));
#729 = CARTESIAN_POINT('',(1.374148458327,1.531882208897));
#730 = CARTESIAN_POINT('',(1.570796326795,1.70099937578));
#731 = ( GEOMETRIC_REPRESENTATION_CONTEXT(2) 
PARAMETRIC_REPRESENTATION_CONTEXT() REPRESENTATION_CONTEXT('2D SPACE',''
  ) );
#732 = PCURVE('',#421,#733);
#733 = DEFINITIONAL_REPRESENTATION('',(#734),#738);
#734 = LINE('',#735,#736);
#735 = CARTESIAN_POINT('',(0.,0.));
#736 = VECTOR('',#737,1.);
#737 = DIRECTION('',(0.,1.));
#738 = ( GEOMETRIC_REPRESENTATION_CONTEXT(2) 
PARAMETRIC_REPRESENTATION_CONTEXT() REPRESENTATION_CONTEXT('2D SPACE',''
  ) );
#739 = ORIENTED_EDGE('',*,*,#740,.T.);
#740 = EDGE_CURVE('',#701,#640,#741,.T.);
#741 = SURFACE_CURVE('',#742,(#746,#753),.PCURVE_S1.);
#742 = LINE('',#743,#744);
#743 = CARTESIAN_POINT('',(42.,72.022457900199,160.89887710499));
#744 = VECTOR('',#745,1.);
#745 = DIRECTION('',(0.,-4.993761694388E-02,-0.998752338878));
#746 = PCURVE('',#130,#747);
#747 = DEFINITIONAL_REPRESENTATION('',(#748),#752);
#748 = LINE('',#749,#750);
#749 = CARTESIAN_POINT('',(1.570796326795,0.));
#750 = VECTOR('',#751,1.);
#751 = DIRECTION('',(0.,1.));
#752 = ( GEOMETRIC_REPRESENTATION_CONTEXT(2) 
PARAMETRIC_REPRESENTATION_CONTEXT() REPRESENTATION_CONTEXT('2D SPACE',''
  ) );
#753 = PCURVE('',#655,#754);
#754 = DEFINITIONAL_REPRESENTATION('',(#755),#759);
#755 = LINE('',#756,#757);
#756 = CARTESIAN_POINT('',(-31.39498124161,79.535332577354));
#757 = VECTOR('',#758,1.);
#758 = DIRECTION('',(4.993761694388E-02,-0.998752338878));
#759 = ( GEOMETRIC_REPRESENTATION_CONTEXT(2) 
PARAMETRIC_REPRESENTATION_CONTEXT() REPRESENTATION_CONTEXT('2D SPACE',''
  ) );
#760 = ORIENTED_EDGE('',*,*,#667,.F.);
#761 = ADVANCED_FACE('',(#762),#189,.T.);
#762 = FACE_BOUND('',#763,.T.);
#763 = EDGE_LOOP('',(#764,#794,#820,#821,#822,#845));
#764 = ORIENTED_EDGE('',*,*,#765,.T.);
#765 = EDGE_CURVE('',#766,#768,#770,.T.);
#766 = VERTEX_POINT('',#767);
#767 = CARTESIAN_POINT('',(-42.,10.550346777718,131.49023672636));
#768 = VERTEX_POINT('',#769);
#769 = CARTESIAN_POINT('',(-42.,18.495993536902,159.2));
#770 = SURFACE_CURVE('',#771,(#775,#782),.PCURVE_S1.);
#771 = LINE('',#772,#773);
#772 = CARTESIAN_POINT('',(-42.,4.112422781985,109.03852759529));
#773 = VECTOR('',#774,1.);
#774 = DIRECTION('',(0.,0.275637355817,0.961261695938));
#775 = PCURVE('',#189,#776);
#776 = DEFINITIONAL_REPRESENTATION('',(#777),#781);
#777 = LINE('',#778,#779);
#778 = CARTESIAN_POINT('',(36.515053876602,27.674983067654));
#779 = VECTOR('',#780,1.);
#780 = DIRECTION('',(-0.275637355817,0.961261695938));
#781 = ( GEOMETRIC_REPRESENTATION_CONTEXT(2) 
PARAMETRIC_REPRESENTATION_CONTEXT() REPRESENTATION_CONTEXT('2D SPACE',''
  ) );
#782 = PCURVE('',#783,#788);
#783 = CYLINDRICAL_SURFACE('',#784,18.);
#784 = AXIS2_PLACEMENT_3D('',#785,#786,#787);
#785 = CARTESIAN_POINT('',(-24.,4.112422781985,109.03852759529));
#786 = DIRECTION('',(0.,0.275637355817,0.961261695938));
#787 = DIRECTION('',(-1.,0.,0.));
#788 = DEFINITIONAL_REPRESENTATION('',(#789),#793);
#789 = LINE('',#790,#791);
#790 = CARTESIAN_POINT('',(0.,0.));
#791 = VECTOR('',#792,1.);
#792 = DIRECTION('',(0.,1.));
#793 = ( GEOMETRIC_REPRESENTATION_CONTEXT(2) 
PARAMETRIC_REPRESENTATION_CONTEXT() REPRESENTATION_CONTEXT('2D SPACE',''
  ) );
#794 = ORIENTED_EDGE('',*,*,#795,.T.);
#795 = EDGE_CURVE('',#768,#172,#796,.T.);
#796 = SURFACE_CURVE('',#797,(#801,#808),.PCURVE_S1.);
#797 = LINE('',#798,#799);
#798 = CARTESIAN_POINT('',(-42.,18.725389845509,159.2));
#799 = VECTOR('',#800,1.);
#800 = DIRECTION('',(0.,1.,0.));
#801 = PCURVE('',#189,#802);
#802 = DEFINITIONAL_REPRESENTATION('',(#803),#807);
#803 = LINE('',#804,#805);
#804 = CARTESIAN_POINT('',(21.902086813078,77.836455472364));
#805 = VECTOR('',#806,1.);
#806 = DIRECTION('',(-1.,0.));
#807 = ( GEOMETRIC_REPRESENTATION_CONTEXT(2) 
PARAMETRIC_REPRESENTATION_CONTEXT() REPRESENTATION_CONTEXT('2D SPACE',''
  ) );
#808 = PCURVE('',#809,#814);
#809 = CYLINDRICAL_SURFACE('',#810,0.8);
#810 = AXIS2_PLACEMENT_3D('',#811,#812,#813);
#811 = CARTESIAN_POINT('',(-41.2,18.725389845509,159.2));
#812 = DIRECTION('',(0.,1.,0.));
#813 = DIRECTION('',(-1.,0.,0.));
#814 = DEFINITIONAL_REPRESENTATION('',(#815),#819);
#815 = LINE('',#816,#817);
#816 = CARTESIAN_POINT('',(0.,0.));
#817 = VECTOR('',#818,1.);
#818 = DIRECTION('',(0.,1.));
#819 = ( GEOMETRIC_REPRESENTATION_CONTEXT(2) 
PARAMETRIC_REPRESENTATION_CONTEXT() REPRESENTATION_CONTEXT('2D SPACE',''
  ) );
#820 = ORIENTED_EDGE('',*,*,#171,.T.);
#821 = ORIENTED_EDGE('',*,*,#518,.T.);
#822 = ORIENTED_EDGE('',*,*,#823,.T.);
#823 = EDGE_CURVE('',#519,#824,#826,.T.);
#824 = VERTEX_POINT('',#825);
#825 = CARTESIAN_POINT('',(-42.,35.832540353069,77.026841276131));
#826 = SURFACE_CURVE('',#827,(#831,#838),.PCURVE_S1.);
#827 = LINE('',#828,#829);
#828 = CARTESIAN_POINT('',(-42.,7.002034287711,-5.91023096668));
#829 = VECTOR('',#830,1.);
#830 = DIRECTION('',(0.,0.328346164816,0.944557460428));
#831 = PCURVE('',#189,#832);
#832 = DEFINITIONAL_REPRESENTATION('',(#833),#837);
#833 = LINE('',#834,#835);
#834 = CARTESIAN_POINT('',(33.625442370876,-87.27377549431));
#835 = VECTOR('',#836,1.);
#836 = DIRECTION('',(-0.328346164816,0.944557460428));
#837 = ( GEOMETRIC_REPRESENTATION_CONTEXT(2) 
PARAMETRIC_REPRESENTATION_CONTEXT() REPRESENTATION_CONTEXT('2D SPACE',''
  ) );
#838 = PCURVE('',#562,#839);
#839 = DEFINITIONAL_REPRESENTATION('',(#840),#844);
#840 = LINE('',#841,#842);
#841 = CARTESIAN_POINT('',(4.712388980385,0.));
#842 = VECTOR('',#843,1.);
#843 = DIRECTION('',(-0.,1.));
#844 = ( GEOMETRIC_REPRESENTATION_CONTEXT(2) 
PARAMETRIC_REPRESENTATION_CONTEXT() REPRESENTATION_CONTEXT('2D SPACE',''
  ) );
#845 = ORIENTED_EDGE('',*,*,#846,.T.);
#846 = EDGE_CURVE('',#824,#766,#847,.T.);
#847 = SURFACE_CURVE('',#848,(#901,#957),.PCURVE_S1.);
#848 = B_SPLINE_CURVE_WITH_KNOTS('',11,(#849,#850,#851,#852,#853,#854,
    #855,#856,#857,#858,#859,#860,#861,#862,#863,#864,#865,#866,#867,
    #868,#869,#870,#871,#872,#873,#874,#875,#876,#877,#878,#879,#880,
    #881,#882,#883,#884,#885,#886,#887,#888,#889,#890,#891,#892,#893,
    #894,#895,#896,#897,#898,#899,#900),.UNSPECIFIED.,.F.,.F.,(12,10,10,
    10,10,12),(-13.3243456672,0.,15.372198207036,30.744396414072,
    61.488792828143,64.089021524346),.UNSPECIFIED.);
#849 = CARTESIAN_POINT('',(-42.,17.251314414806,48.347069129967));
#850 = CARTESIAN_POINT('',(-42.,19.428498973443,51.17709737208));
#851 = CARTESIAN_POINT('',(-41.99999999999,21.492623951716,
    53.933416036801));
#852 = CARTESIAN_POINT('',(-42.00000000002,23.445202736508,
    56.617978514124));
#853 = CARTESIAN_POINT('',(-41.99999999995,25.28791425648,
    59.233104333535));
#854 = CARTESIAN_POINT('',(-42.00000000005,27.022644263051,
    61.781593815456));
#855 = CARTESIAN_POINT('',(-41.99999999994,28.651469060723,
    64.266819411345));
#856 = CARTESIAN_POINT('',(-42.00000000004,30.176581689342,
    66.692793736748));
#857 = CARTESIAN_POINT('',(-41.99999999997,31.600160554887,
    69.064214291676));
#858 = CARTESIAN_POINT('',(-42.,32.924180512486,71.386484874363));
#859 = CARTESIAN_POINT('',(-41.99999999999,34.150166398336,
    73.665713683031));
#860 = CARTESIAN_POINT('',(-42.,36.581087874131,78.496390974674));
#861 = CARTESIAN_POINT('',(-41.99999999999,37.753829492425,
    81.035782493093));
#862 = CARTESIAN_POINT('',(-42.00000000001,38.799085225906,
    83.539259866999));
#863 = CARTESIAN_POINT('',(-41.99999999996,39.717771553916,
    86.020276551492));
#864 = CARTESIAN_POINT('',(-42.00000000004,40.507927697739,
    88.495356010557));
#865 = CARTESIAN_POINT('',(-41.99999999995,41.164547583607,
    90.981722127051));
#866 = CARTESIAN_POINT('',(-42.00000000003,41.677821382182,
    93.497909367863));
#867 = CARTESIAN_POINT('',(-41.99999999998,42.0294809817,96.063179865699
    ));
#868 = CARTESIAN_POINT('',(-42.,42.189856263228,98.689555308791));
#869 = CARTESIAN_POINT('',(-41.99999999999,42.12113491045,101.3677688423
    ));
#870 = CARTESIAN_POINT('',(-42.,41.469220568476,106.76314349482));
#871 = CARTESIAN_POINT('',(-41.99999999999,40.886156069578,
    109.4803362333));
#872 = CARTESIAN_POINT('',(-42.00000000001,40.016231327872,
    112.18482541722));
#873 = CARTESIAN_POINT('',(-41.99999999998,38.844590942523,
    114.82115800567));
#874 = CARTESIAN_POINT('',(-42.00000000002,37.36289306293,
    117.31439040436));
#875 = CARTESIAN_POINT('',(-41.99999999998,35.629893319216,
    119.56469476968));
#876 = CARTESIAN_POINT('',(-42.00000000001,33.739691078674,
    121.52969565977));
#877 = CARTESIAN_POINT('',(-41.99999999999,31.765748338316,
    123.22973396286));
#878 = CARTESIAN_POINT('',(-42.,29.751283212349,124.68055296977));
#879 = CARTESIAN_POINT('',(-41.99999999999,27.729454335343,
    125.91562006569));
#880 = CARTESIAN_POINT('',(-42.,21.692500949275,129.06039687918));
#881 = CARTESIAN_POINT('',(-41.99999999999,17.706188840163,
    130.41009369025));
#882 = CARTESIAN_POINT('',(-42.00000000001,13.901659754424,
    131.2513567986));
#883 = CARTESIAN_POINT('',(-41.99999999998,10.208921660014,
    131.82107402535));
#884 = CARTESIAN_POINT('',(-42.00000000002,6.563450794142,
    132.15083788564));
#885 = CARTESIAN_POINT('',(-41.99999999997,2.981450355445,
    132.33267759334));
#886 = CARTESIAN_POINT('',(-42.00000000001,-0.568093018394,
    132.38354929492));
#887 = CARTESIAN_POINT('',(-41.99999999998,-4.056035420075,
    132.34906072401));
#888 = CARTESIAN_POINT('',(-42.,-7.473719166552,132.25265772626));
#889 = CARTESIAN_POINT('',(-41.99999999999,-10.79240814192,
    132.12253442346));
#890 = CARTESIAN_POINT('',(-42.,-14.24887551427,131.97087037204));
#891 = CARTESIAN_POINT('',(-42.,-14.51841237724,131.95904354186));
#892 = CARTESIAN_POINT('',(-42.,-14.78794924021,131.94721671168));
#893 = CARTESIAN_POINT('',(-42.,-15.05748610317,131.9353898815));
#894 = CARTESIAN_POINT('',(-42.,-15.32702296614,131.92356305131));
#895 = CARTESIAN_POINT('',(-42.,-15.59655982911,131.91173622113));
#896 = CARTESIAN_POINT('',(-42.,-15.86609669208,131.89990939095));
#897 = CARTESIAN_POINT('',(-42.,-16.13563355505,131.88808256077));
#898 = CARTESIAN_POINT('',(-42.,-16.40517041802,131.87625573058));
#899 = CARTESIAN_POINT('',(-42.,-16.67470728098,131.8644289004));
#900 = CARTESIAN_POINT('',(-42.,-16.94424414395,131.85260207022));
#901 = PCURVE('',#189,#902);
#902 = DEFINITIONAL_REPRESENTATION('',(#903),#956);
#903 = B_SPLINE_CURVE_WITH_KNOTS('',11,(#904,#905,#906,#907,#908,#909,
    #910,#911,#912,#913,#914,#915,#916,#917,#918,#919,#920,#921,#922,
    #923,#924,#925,#926,#927,#928,#929,#930,#931,#932,#933,#934,#935,
    #936,#937,#938,#939,#940,#941,#942,#943,#944,#945,#946,#947,#948,
    #949,#950,#951,#952,#953,#954,#955),.UNSPECIFIED.,.F.,.F.,(12,10,10,
    10,10,12),(-13.3243456672,0.,15.372198207036,30.744396414072,
    61.488792828143,64.089021524346),.UNSPECIFIED.);
#904 = CARTESIAN_POINT('',(23.376162243781,-33.01647539766));
#905 = CARTESIAN_POINT('',(21.198977685144,-30.18644715555));
#906 = CARTESIAN_POINT('',(19.134852706871,-27.43012849083));
#907 = CARTESIAN_POINT('',(17.182273922079,-24.74556601351));
#908 = CARTESIAN_POINT('',(15.339562402107,-22.1304401941));
#909 = CARTESIAN_POINT('',(13.604832395536,-19.58195071218));
#910 = CARTESIAN_POINT('',(11.976007597864,-17.09672511629));
#911 = CARTESIAN_POINT('',(10.450894969245,-14.67075079088));
#912 = CARTESIAN_POINT('',(9.0273161037,-12.29933023596));
#913 = CARTESIAN_POINT('',(7.703296146101,-9.977059653273));
#914 = CARTESIAN_POINT('',(6.477310260251,-7.697830844605));
#915 = CARTESIAN_POINT('',(4.046388784456,-2.867153552962));
#916 = CARTESIAN_POINT('',(2.873647166162,-0.327762034543));
#917 = CARTESIAN_POINT('',(1.828391432681,2.175715339363));
#918 = CARTESIAN_POINT('',(0.909705104671,4.656732023856));
#919 = CARTESIAN_POINT('',(0.119548960848,7.131811482921));
#920 = CARTESIAN_POINT('',(-0.53707092502,9.618177599415));
#921 = CARTESIAN_POINT('',(-1.050344723595,12.134364840227));
#922 = CARTESIAN_POINT('',(-1.402004323113,14.699635338063));
#923 = CARTESIAN_POINT('',(-1.562379604641,17.326010781155));
#924 = CARTESIAN_POINT('',(-1.493658251863,20.004224314664));
#925 = CARTESIAN_POINT('',(-0.841743909889,25.399598967184));
#926 = CARTESIAN_POINT('',(-0.258679410991,28.116791705664));
#927 = CARTESIAN_POINT('',(0.611245330715,30.821280889584));
#928 = CARTESIAN_POINT('',(1.782885716064,33.457613478034));
#929 = CARTESIAN_POINT('',(3.264583595657,35.950845876724));
#930 = CARTESIAN_POINT('',(4.997583339371,38.201150242044));
#931 = CARTESIAN_POINT('',(6.887785579913,40.166151132134));
#932 = CARTESIAN_POINT('',(8.861728320271,41.866189435224));
#933 = CARTESIAN_POINT('',(10.876193446238,43.317008442134));
#934 = CARTESIAN_POINT('',(12.898022323244,44.552075538054));
#935 = CARTESIAN_POINT('',(18.934975709312,47.696852351544));
#936 = CARTESIAN_POINT('',(22.921287818424,49.046549162614));
#937 = CARTESIAN_POINT('',(26.725816904163,49.887812270964));
#938 = CARTESIAN_POINT('',(30.418554998573,50.457529497714));
#939 = CARTESIAN_POINT('',(34.064025864445,50.787293358004));
#940 = CARTESIAN_POINT('',(37.646026303142,50.969133065704));
#941 = CARTESIAN_POINT('',(41.195569676981,51.020004767284));
#942 = CARTESIAN_POINT('',(44.683512078662,50.985516196374));
#943 = CARTESIAN_POINT('',(48.101195825139,50.889113198624));
#944 = CARTESIAN_POINT('',(51.419884800507,50.758989895824));
#945 = CARTESIAN_POINT('',(54.876352172857,50.607325844404));
#946 = CARTESIAN_POINT('',(55.145889035827,50.595499014224));
#947 = CARTESIAN_POINT('',(55.415425898797,50.583672184044));
#948 = CARTESIAN_POINT('',(55.684962761757,50.571845353864));
#949 = CARTESIAN_POINT('',(55.954499624727,50.560018523674));
#950 = CARTESIAN_POINT('',(56.224036487697,50.548191693494));
#951 = CARTESIAN_POINT('',(56.493573350667,50.536364863314));
#952 = CARTESIAN_POINT('',(56.763110213637,50.524538033134));
#953 = CARTESIAN_POINT('',(57.032647076607,50.512711202944));
#954 = CARTESIAN_POINT('',(57.302183939567,50.500884372764));
#955 = CARTESIAN_POINT('',(57.571720802537,50.489057542584));
#956 = ( GEOMETRIC_REPRESENTATION_CONTEXT(2) 
PARAMETRIC_REPRESENTATION_CONTEXT() REPRESENTATION_CONTEXT('2D SPACE',''
  ) );
#957 = PCURVE('',#958,#1115);
#958 = ( BOUNDED_SURFACE() B_SPLINE_SURFACE(2,11,(
    (#959,#960,#961,#962,#963,#964,#965,#966,#967,#968,#969,#970,#971
      ,#972,#973,#974,#975,#976,#977,#978,#979,#980,#981,#982,#983,#984
      ,#985,#986,#987,#988,#989,#990,#991,#992,#993,#994,#995,#996,#997
      ,#998,#999,#1000,#1001,#1002,#1003,#1004,#1005,#1006,#1007,#1008
      ,#1009,#1010)
    ,(#1011,#1012,#1013,#1014,#1015,#1016,#1017,#1018,#1019,#1020,#1021
      ,#1022,#1023,#1024,#1025,#1026,#1027,#1028,#1029,#1030,#1031,#1032
      ,#1033,#1034,#1035,#1036,#1037,#1038,#1039,#1040,#1041,#1042,#1043
      ,#1044,#1045,#1046,#1047,#1048,#1049,#1050,#1051,#1052,#1053,#1054
      ,#1055,#1056,#1057,#1058,#1059,#1060,#1061,#1062)
    ,(#1063,#1064,#1065,#1066,#1067,#1068,#1069,#1070,#1071,#1072,#1073
      ,#1074,#1075,#1076,#1077,#1078,#1079,#1080,#1081,#1082,#1083,#1084
      ,#1085,#1086,#1087,#1088,#1089,#1090,#1091,#1092,#1093,#1094,#1095
      ,#1096,#1097,#1098,#1099,#1100,#1101,#1102,#1103,#1104,#1105,#1106
      ,#1107,#1108,#1109,#1110,#1111,#1112,#1113,#1114
)),.UNSPECIFIED.,.F.,.F.,.F.) B_SPLINE_SURFACE_WITH_KNOTS((3,3),(12,10,
    10,10,10,12),(0.,74.813138495351),(-13.3243456672,0.,15.372198207036
    ,30.744396414072,61.488792828143,64.089021524346),.UNSPECIFIED.) 
GEOMETRIC_REPRESENTATION_ITEM() RATIONAL_B_SPLINE_SURFACE((
    (1.,1.,1.,1.,1.,1.,1.,1.,1.,1.,1.,1.,1.,1.,1.,1.,1.,1.,1.,1.,1.,1.
      ,1.,1.,1.,1.,1.,1.,1.,1.,1.,1.,1.,1.,1.,1.,1.,1.,1.,1.,1.,1.,1.,1.
      ,1.,1.,1.,1.,1.,1.,1.,1.)
    ,(0.707106781187,0.707106781187,0.707106781186,0.707106781187
      ,0.707106781186,0.707106781188,0.707106781185,0.707106781187
      ,0.707106781186,0.707106781187,0.707106781187,0.707106781187
      ,0.707106781187,0.707106781187,0.707106781186,0.707106781187
      ,0.707106781186,0.707106781187,0.707106781186,0.707106781187
      ,0.707106781187,0.707106781187,0.707106781186,0.707106781187
      ,0.707106781186,0.707106781187,0.707106781186,0.707106781187
      ,0.707106781186,0.707106781187,0.707106781187,0.707106781187
      ,0.707106781186,0.707106781187,0.707106781186,0.707106781187
      ,0.707106781186,0.707106781187,0.707106781186,0.707106781187
      ,0.707106781187,0.707106781187,0.707106781187,0.707106781187
      ,0.707106781187,0.707106781187,0.707106781187,0.707106781187
      ,0.707106781187,0.707106781187,0.707106781187,0.707106781187)
    ,(1.,1.,1.,1.,1.,1.,1.,1.,1.,1.,1.,1.,1.,1.,1.,1.,1.,1.,1.,1.,1.,1.
      ,1.,1.,1.,1.,1.,1.,1.,1.,1.,1.,1.,1.,1.,1.,1.,1.,1.,1.,1.,1.,1.,1.
,1.,1.,1.,1.,1.,1.,1.,1.))) REPRESENTATION_ITEM('') SURFACE() );
#959 = CARTESIAN_POINT('',(-24.,2.924082684839,59.243418562498));
#960 = CARTESIAN_POINT('',(-24.,4.99066010734,61.928013319737));
#961 = CARTESIAN_POINT('',(-23.99999999999,6.935315303808,64.52387518723
    ));
#962 = CARTESIAN_POINT('',(-24.00000000001,8.759100377162,
    67.031286457387));
#963 = CARTESIAN_POINT('',(-23.99999999998,10.463293667142,
    69.450696499374));
#964 = CARTESIAN_POINT('',(-24.00000000002,12.049410958224,
    71.782733284385));
#965 = CARTESIAN_POINT('',(-23.99999999997,13.519207715117,
    74.028213414884));
#966 = CARTESIAN_POINT('',(-24.00000000001,14.874672347113,
    76.188150665096));
#967 = CARTESIAN_POINT('',(-23.99999999999,16.118010499625,
    78.263763023182));
#968 = CARTESIAN_POINT('',(-24.,17.25162037471,80.256478245445));
#969 = CARTESIAN_POINT('',(-23.99999999999,18.278059078966,
    82.167937913328));
#970 = CARTESIAN_POINT('',(-24.,20.263636363637,86.11363636364));
#971 = CARTESIAN_POINT('',(-23.99999999999,21.188181818178,
    88.121590909076));
#972 = CARTESIAN_POINT('',(-24.00000000001,21.977728192459,
    90.026704545497));
#973 = CARTESIAN_POINT('',(-23.99999999997,22.636367315228,
    91.831818181735));
#974 = CARTESIAN_POINT('',(-24.00000000003,23.168191015421,
    93.539772727388));
#975 = CARTESIAN_POINT('',(-23.99999999996,23.577291121666,
    95.153409090792));
#976 = CARTESIAN_POINT('',(-24.00000000002,23.867759462989,
    96.675568181907));
#977 = CARTESIAN_POINT('',(-23.99999999998,24.043687868007,
    98.109090909042));
#978 = CARTESIAN_POINT('',(-24.,24.10916816567,99.456818181837));
#979 = CARTESIAN_POINT('',(-23.99999999999,24.068292184716,
    100.72159090908));
#980 = CARTESIAN_POINT('',(-24.,23.782011323256,103.09090909091));
#981 = CARTESIAN_POINT('',(-23.99999999999,23.536606442738,
    104.19545454544));
#982 = CARTESIAN_POINT('',(-24.,23.193028941263,105.22272727275));
#983 = CARTESIAN_POINT('',(-23.99999999999,22.755370647603,
    106.17556818177));
#984 = CARTESIAN_POINT('',(-24.00000000001,22.227723390637,
    107.05681818187));
#985 = CARTESIAN_POINT('',(-23.99999999999,21.614178999089,
    107.86931818176));
#986 = CARTESIAN_POINT('',(-24.,20.918829301863,108.61590909095));
#987 = CARTESIAN_POINT('',(-23.99999999999,20.145766127694,
    109.29943181815));
#988 = CARTESIAN_POINT('',(-24.,19.299081305445,109.92272727273));
#989 = CARTESIAN_POINT('',(-24.,18.382866663902,110.48863636363));
#990 = CARTESIAN_POINT('',(-24.,15.437908767856,112.02272727273));
#991 = CARTESIAN_POINT('',(-23.99999999999,13.212851541928,
    112.82727272725));
#992 = CARTESIAN_POINT('',(-24.,10.758776984599,113.43636363639));
#993 = CARTESIAN_POINT('',(-23.99999999998,8.108419726367,
    113.87272727267));
#994 = CARTESIAN_POINT('',(-24.00000000001,5.294514397723,
    114.15909090916));
#995 = CARTESIAN_POINT('',(-23.99999999998,2.349795629173,114.3181818181
    ));
#996 = CARTESIAN_POINT('',(-24.00000000001,-0.693001948799,
    114.37272727278));
#997 = CARTESIAN_POINT('',(-23.99999999999,-3.801143705685,
    114.34545454542));
#998 = CARTESIAN_POINT('',(-24.,-6.941895010999,114.2590909091));
#999 = CARTESIAN_POINT('',(-23.99999999999,-10.08252123423,
    114.13636363636));
#1000 = CARTESIAN_POINT('',(-24.,-13.45312925765,113.98846695067));
#1001 = CARTESIAN_POINT('',(-24.,-13.71730984045,113.97687514517));
#1002 = CARTESIAN_POINT('',(-24.,-13.98282949329,113.9652245835));
#1003 = CARTESIAN_POINT('',(-24.,-14.24968821617,113.95351526566));
#1004 = CARTESIAN_POINT('',(-24.,-14.5178860091,113.94174719165));
#1005 = CARTESIAN_POINT('',(-24.,-14.78742287206,113.92992036147));
#1006 = CARTESIAN_POINT('',(-24.,-15.05829880508,113.91803477511));
#1007 = CARTESIAN_POINT('',(-24.,-15.33051380813,113.90609043259));
#1008 = CARTESIAN_POINT('',(-24.,-15.60406788123,113.89408733389));
#1009 = CARTESIAN_POINT('',(-24.,-15.87896102437,113.88202547903));
#1010 = CARTESIAN_POINT('',(-24.,-16.15519323755,113.86990486799));
#1011 = CARTESIAN_POINT('',(-42.,2.924082684839,59.243418562498));
#1012 = CARTESIAN_POINT('',(-42.,4.99066010734,61.928013319734));
#1013 = CARTESIAN_POINT('',(-42.,6.935315303809,64.523875187244));
#1014 = CARTESIAN_POINT('',(-41.99999999999,8.759100377157,
    67.031286457351));
#1015 = CARTESIAN_POINT('',(-42.,10.463293667153,69.450696499441));
#1016 = CARTESIAN_POINT('',(-41.99999999999,12.049410958207,
    71.782733284293));
#1017 = CARTESIAN_POINT('',(-42.,13.519207715136,74.028213414976));
#1018 = CARTESIAN_POINT('',(-41.99999999999,14.874672347098,
    76.188150665026));
#1019 = CARTESIAN_POINT('',(-42.,16.118010499634,78.263763023221));
#1020 = CARTESIAN_POINT('',(-41.99999999999,17.251620374706,
    80.25647824543));
#1021 = CARTESIAN_POINT('',(-42.,18.278059078967,82.167937913331));
#1022 = CARTESIAN_POINT('',(-42.,20.263636363636,86.113636363636));
#1023 = CARTESIAN_POINT('',(-41.99999999999,21.188181818181,
    88.12159090909));
#1024 = CARTESIAN_POINT('',(-42.,21.97772819245,90.026704545456));
#1025 = CARTESIAN_POINT('',(-41.99999999999,22.636367315246,
    91.831818181816));
#1026 = CARTESIAN_POINT('',(-42.,23.168191015396,93.539772727274));
#1027 = CARTESIAN_POINT('',(-41.99999999999,23.577291121693,
    95.153409090908));
#1028 = CARTESIAN_POINT('',(-42.,23.867759462968,96.675568181818));
#1029 = CARTESIAN_POINT('',(-41.99999999999,24.043687868019,
    98.109090909091));
#1030 = CARTESIAN_POINT('',(-42.,24.109168165666,99.456818181818));
#1031 = CARTESIAN_POINT('',(-42.,24.068292184717,100.72159090909));
#1032 = CARTESIAN_POINT('',(-42.,23.782011323255,103.0909090909));
#1033 = CARTESIAN_POINT('',(-41.99999999999,23.53660644274,
    104.19545454545));
#1034 = CARTESIAN_POINT('',(-42.,23.193028941259,105.22272727272));
#1035 = CARTESIAN_POINT('',(-41.99999999999,22.755370647611,
    106.17556818181));
#1036 = CARTESIAN_POINT('',(-42.,22.227723390629,107.05681818182));
#1037 = CARTESIAN_POINT('',(-41.99999999999,21.614178999096,
    107.86931818181));
#1038 = CARTESIAN_POINT('',(-42.,20.918829301859,108.6159090909));
#1039 = CARTESIAN_POINT('',(-41.99999999999,20.145766127696,
    109.29943181818));
#1040 = CARTESIAN_POINT('',(-42.,19.299081305444,109.92272727272));
#1041 = CARTESIAN_POINT('',(-42.,18.382866663902,110.48863636363));
#1042 = CARTESIAN_POINT('',(-42.,15.437908767856,112.02272727272));
#1043 = CARTESIAN_POINT('',(-42.,13.212851541928,112.82727272727));
#1044 = CARTESIAN_POINT('',(-41.99999999999,10.758776984599,
    113.43636363637));
#1045 = CARTESIAN_POINT('',(-42.,8.108419726365,113.87272727271));
#1046 = CARTESIAN_POINT('',(-41.99999999999,5.294514397728,
    114.15909090911));
#1047 = CARTESIAN_POINT('',(-42.,2.349795629167,114.31818181815));
#1048 = CARTESIAN_POINT('',(-41.99999999999,-0.693001948794,
    114.37272727274));
#1049 = CARTESIAN_POINT('',(-42.,-3.801143705688,114.34545454544));
#1050 = CARTESIAN_POINT('',(-42.,-6.941895010997,114.25909090909));
#1051 = CARTESIAN_POINT('',(-42.,-10.08252123423,114.13636363636));
#1052 = CARTESIAN_POINT('',(-42.,-13.45312925765,113.98846695067));
#1053 = CARTESIAN_POINT('',(-42.,-13.71730984045,113.97687514517));
#1054 = CARTESIAN_POINT('',(-42.,-13.98282949329,113.9652245835));
#1055 = CARTESIAN_POINT('',(-42.,-14.24968821617,113.95351526566));
#1056 = CARTESIAN_POINT('',(-42.,-14.5178860091,113.94174719165));
#1057 = CARTESIAN_POINT('',(-42.,-14.78742287206,113.92992036147));
#1058 = CARTESIAN_POINT('',(-42.,-15.05829880508,113.91803477511));
#1059 = CARTESIAN_POINT('',(-42.,-15.33051380813,113.90609043259));
#1060 = CARTESIAN_POINT('',(-42.,-15.60406788123,113.89408733389));
#1061 = CARTESIAN_POINT('',(-42.,-15.87896102437,113.88202547903));
#1062 = CARTESIAN_POINT('',(-42.,-16.15519323755,113.86990486799));
#1063 = CARTESIAN_POINT('',(-42.,17.251314414806,48.347069129967));
#1064 = CARTESIAN_POINT('',(-42.,19.428498973443,51.17709737208));
#1065 = CARTESIAN_POINT('',(-41.99999999999,21.492623951716,
    53.933416036801));
#1066 = CARTESIAN_POINT('',(-42.00000000002,23.445202736508,
    56.617978514124));
#1067 = CARTESIAN_POINT('',(-41.99999999995,25.28791425648,
    59.233104333535));
#1068 = CARTESIAN_POINT('',(-42.00000000005,27.022644263051,
    61.781593815456));
#1069 = CARTESIAN_POINT('',(-41.99999999994,28.651469060723,
    64.266819411345));
#1070 = CARTESIAN_POINT('',(-42.00000000004,30.176581689342,
    66.692793736748));
#1071 = CARTESIAN_POINT('',(-41.99999999997,31.600160554887,
    69.064214291676));
#1072 = CARTESIAN_POINT('',(-42.,32.924180512486,71.386484874363));
#1073 = CARTESIAN_POINT('',(-41.99999999999,34.150166398336,
    73.665713683031));
#1074 = CARTESIAN_POINT('',(-42.,36.581087874131,78.496390974674));
#1075 = CARTESIAN_POINT('',(-41.99999999999,37.753829492425,
    81.035782493093));
#1076 = CARTESIAN_POINT('',(-42.00000000001,38.799085225906,
    83.539259866999));
#1077 = CARTESIAN_POINT('',(-41.99999999996,39.717771553916,
    86.020276551492));
#1078 = CARTESIAN_POINT('',(-42.00000000004,40.507927697739,
    88.495356010557));
#1079 = CARTESIAN_POINT('',(-41.99999999995,41.164547583607,
    90.981722127051));
#1080 = CARTESIAN_POINT('',(-42.00000000003,41.677821382182,
    93.497909367863));
#1081 = CARTESIAN_POINT('',(-41.99999999998,42.0294809817,
    96.063179865699));
#1082 = CARTESIAN_POINT('',(-42.,42.189856263228,98.689555308791));
#1083 = CARTESIAN_POINT('',(-41.99999999999,42.12113491045,
    101.3677688423));
#1084 = CARTESIAN_POINT('',(-42.,41.469220568476,106.76314349482));
#1085 = CARTESIAN_POINT('',(-41.99999999999,40.886156069578,
    109.4803362333));
#1086 = CARTESIAN_POINT('',(-42.00000000001,40.016231327872,
    112.18482541722));
#1087 = CARTESIAN_POINT('',(-41.99999999998,38.844590942523,
    114.82115800567));
#1088 = CARTESIAN_POINT('',(-42.00000000002,37.36289306293,
    117.31439040436));
#1089 = CARTESIAN_POINT('',(-41.99999999998,35.629893319216,
    119.56469476968));
#1090 = CARTESIAN_POINT('',(-42.00000000001,33.739691078674,
    121.52969565977));
#1091 = CARTESIAN_POINT('',(-41.99999999999,31.765748338316,
    123.22973396286));
#1092 = CARTESIAN_POINT('',(-42.,29.751283212349,124.68055296977));
#1093 = CARTESIAN_POINT('',(-41.99999999999,27.729454335343,
    125.91562006569));
#1094 = CARTESIAN_POINT('',(-42.,21.692500949275,129.06039687918));
#1095 = CARTESIAN_POINT('',(-41.99999999999,17.706188840163,
    130.41009369025));
#1096 = CARTESIAN_POINT('',(-42.00000000001,13.901659754424,
    131.2513567986));
#1097 = CARTESIAN_POINT('',(-41.99999999998,10.208921660014,
    131.82107402535));
#1098 = CARTESIAN_POINT('',(-42.00000000002,6.563450794142,
    132.15083788564));
#1099 = CARTESIAN_POINT('',(-41.99999999997,2.981450355445,
    132.33267759334));
#1100 = CARTESIAN_POINT('',(-42.00000000001,-0.568093018394,
    132.38354929492));
#1101 = CARTESIAN_POINT('',(-41.99999999998,-4.056035420075,
    132.34906072401));
#1102 = CARTESIAN_POINT('',(-42.,-7.473719166552,132.25265772626));
#1103 = CARTESIAN_POINT('',(-41.99999999999,-10.79240814192,
    132.12253442346));
#1104 = CARTESIAN_POINT('',(-42.,-14.24887551427,131.97087037204));
#1105 = CARTESIAN_POINT('',(-42.,-14.51841237724,131.95904354186));
#1106 = CARTESIAN_POINT('',(-42.,-14.78794924021,131.94721671168));
#1107 = CARTESIAN_POINT('',(-42.,-15.05748610317,131.9353898815));
#1108 = CARTESIAN_POINT('',(-42.,-15.32702296614,131.92356305131));
#1109 = CARTESIAN_POINT('',(-42.,-15.59655982911,131.91173622113));
#1110 = CARTESIAN_POINT('',(-42.,-15.86609669208,131.89990939095));
#1111 = CARTESIAN_POINT('',(-42.,-16.13563355505,131.88808256077));
#1112 = CARTESIAN_POINT('',(-42.,-16.40517041802,131.87625573058));
#1113 = CARTESIAN_POINT('',(-42.,-16.67470728098,131.8644289004));
#1114 = CARTESIAN_POINT('',(-42.,-16.94424414395,131.85260207022));
#1115 = DEFINITIONAL_REPRESENTATION('',(#1116),#1119);
#1116 = B_SPLINE_CURVE_WITH_KNOTS('',1,(#1117,#1118),.UNSPECIFIED.,.F.,
  .F.,(2,2),(0.606013510397,41.730577511669),.PIECEWISE_BEZIER_KNOTS.);
#1117 = CARTESIAN_POINT('',(74.813138495351,0.606013510397));
#1118 = CARTESIAN_POINT('',(74.813137488963,41.730577982615));
#1119 = ( GEOMETRIC_REPRESENTATION_CONTEXT(2) 
PARAMETRIC_REPRESENTATION_CONTEXT() REPRESENTATION_CONTEXT('2D SPACE',''
  ) );
#1120 = ADVANCED_FACE('',(#1121),#232,.T.);
#1121 = FACE_BOUND('',#1122,.T.);
#1122 = EDGE_LOOP('',(#1123,#1181,#1224,#1225));
#1123 = ORIENTED_EDGE('',*,*,#1124,.T.);
#1124 = EDGE_CURVE('',#172,#1125,#1127,.T.);
#1125 = VERTEX_POINT('',#1126);
#1126 = CARTESIAN_POINT('',(-41.2,71.937514044949,160.));
#1127 = SURFACE_CURVE('',#1128,(#1133,#1175),.PCURVE_S1.);
#1128 = CIRCLE('',#1129,0.8);
#1129 = AXIS2_PLACEMENT_3D('',#1130,#1131,#1132);
#1130 = CARTESIAN_POINT('',(-41.2,71.937514044949,159.2));
#1131 = DIRECTION('',(0.,1.,0.));
#1132 = DIRECTION('',(-1.,0.,0.));
#1133 = PCURVE('',#232,#1134);
#1134 = DEFINITIONAL_REPRESENTATION('',(#1135),#1174);
#1135 = B_SPLINE_CURVE_WITH_KNOTS('',7,(#1136,#1137,#1138,#1139,#1140,
    #1141,#1142,#1143,#1144,#1145,#1146,#1147,#1148,#1149,#1150,#1151,
    #1152,#1153,#1154,#1155,#1156,#1157,#1158,#1159,#1160,#1161,#1162,
    #1163,#1164,#1165,#1166,#1167,#1168,#1169,#1170,#1171,#1172,#1173),
  .UNSPECIFIED.,.F.,.F.,(8,6,6,6,6,6,8),(0.,0.196349540849,
    0.392699081699,0.785398163397,1.178097245096,1.374446785946,
    1.570796326795),.UNSPECIFIED.);
#1136 = CARTESIAN_POINT('',(0.,288.4499795469));
#1137 = CARTESIAN_POINT('',(0.56194529629,288.4499795469));
#1138 = CARTESIAN_POINT('',(1.116274724218,288.44997954689));
#1139 = CARTESIAN_POINT('',(1.663536690223,288.4499795469));
#1140 = CARTESIAN_POINT('',(2.204226644421,288.44997954689));
#1141 = CARTESIAN_POINT('',(2.738843853746,288.4499795469));
#1142 = CARTESIAN_POINT('',(3.26783217469,288.44997954689));
#1143 = CARTESIAN_POINT('',(4.315408225202,288.4499795469));
#1144 = CARTESIAN_POINT('',(4.833995742094,288.44997954689));
#1145 = CARTESIAN_POINT('',(5.347811159995,288.4499795469));
#1146 = CARTESIAN_POINT('',(5.857264348756,288.44997954689));
#1147 = CARTESIAN_POINT('',(6.362743223755,288.4499795469));
#1148 = CARTESIAN_POINT('',(6.864616866118,288.44997954689));
#1149 = CARTESIAN_POINT('',(8.36050180215,288.4499795469));
#1150 = CARTESIAN_POINT('',(9.344776176987,288.44997954689));
#1151 = CARTESIAN_POINT('',(10.318934828324,288.44997954691));
#1152 = CARTESIAN_POINT('',(11.285633418186,288.44997954688));
#1153 = CARTESIAN_POINT('',(12.247398840787,288.4499795469));
#1154 = CARTESIAN_POINT('',(13.206698752081,288.44997954689));
#1155 = CARTESIAN_POINT('',(15.125298313999,288.4499795469));
#1156 = CARTESIAN_POINT('',(16.084598225293,288.4499795469));
#1157 = CARTESIAN_POINT('',(17.046363647892,288.44997954689));
#1158 = CARTESIAN_POINT('',(18.013062237756,288.4499795469));
#1159 = CARTESIAN_POINT('',(18.987220889091,288.44997954689));
#1160 = CARTESIAN_POINT('',(19.971495263929,288.4499795469));
#1161 = CARTESIAN_POINT('',(21.46738019996,288.4499795469));
#1162 = CARTESIAN_POINT('',(21.969253842323,288.44997954689));
#1163 = CARTESIAN_POINT('',(22.474732717322,288.4499795469));
#1164 = CARTESIAN_POINT('',(22.984185906084,288.44997954689));
#1165 = CARTESIAN_POINT('',(23.498001323986,288.4499795469));
#1166 = CARTESIAN_POINT('',(24.016588840877,288.44997954689));
#1167 = CARTESIAN_POINT('',(25.064164891388,288.4499795469));
#1168 = CARTESIAN_POINT('',(25.593153212332,288.4499795469));
#1169 = CARTESIAN_POINT('',(26.127770421657,288.4499795469));
#1170 = CARTESIAN_POINT('',(26.668460375859,288.44997954689));
#1171 = CARTESIAN_POINT('',(27.215722341863,288.4499795469));
#1172 = CARTESIAN_POINT('',(27.770051769791,288.44997954689));
#1173 = CARTESIAN_POINT('',(28.331997066081,288.4499795469));
#1174 = ( GEOMETRIC_REPRESENTATION_CONTEXT(2) 
PARAMETRIC_REPRESENTATION_CONTEXT() REPRESENTATION_CONTEXT('2D SPACE',''
  ) );
#1175 = PCURVE('',#809,#1176);
#1176 = DEFINITIONAL_REPRESENTATION('',(#1177),#1180);
#1177 = B_SPLINE_CURVE_WITH_KNOTS('',1,(#1178,#1179),.UNSPECIFIED.,.F.,
  .F.,(2,2),(0.,1.570796326795),.PIECEWISE_BEZIER_KNOTS.);
#1178 = CARTESIAN_POINT('',(0.,53.21212419944));
#1179 = CARTESIAN_POINT('',(1.570796326795,53.21212419944));
#1180 = ( GEOMETRIC_REPRESENTATION_CONTEXT(2) 
PARAMETRIC_REPRESENTATION_CONTEXT() REPRESENTATION_CONTEXT('2D SPACE',''
  ) );
#1181 = ORIENTED_EDGE('',*,*,#1182,.T.);
#1182 = EDGE_CURVE('',#1125,#316,#1183,.T.);
#1183 = SURFACE_CURVE('',#1184,(#1199,#1206),.PCURVE_S1.);
#1184 = B_SPLINE_CURVE_WITH_KNOTS('',7,(#1185,#1186,#1187,#1188,#1189,
    #1190,#1191,#1192,#1193,#1194,#1195,#1196,#1197,#1198),
  .UNSPECIFIED.,.F.,.F.,(8,6,8),(288.4499795469,288.48995481551,
    316.78197661298),.UNSPECIFIED.);
#1185 = CARTESIAN_POINT('',(-41.2,71.937514044949,160.));
#1186 = CARTESIAN_POINT('',(-41.2,71.943228330664,160.));
#1187 = CARTESIAN_POINT('',(-41.19999787621,71.948978645971,160.));
#1188 = CARTESIAN_POINT('',(-41.19999366662,71.954643909759,160.));
#1189 = CARTESIAN_POINT('',(-41.1999873497,71.960315136519,160.));
#1190 = CARTESIAN_POINT('',(-41.19997889309,71.966102445279,160.));
#1191 = CARTESIAN_POINT('',(-41.19996830223,71.971942068533,160.));
#1192 = CARTESIAN_POINT('',(-41.19101471008,75.842568393831,160.));
#1193 = CARTESIAN_POINT('',(-40.17120594681,79.702878314204,160.));
#1194 = CARTESIAN_POINT('',(-38.14406175386,83.239981355498,160.));
#1195 = CARTESIAN_POINT('',(-35.23647468457,86.138921392186,160.));
#1196 = CARTESIAN_POINT('',(-31.70048881731,88.152155444053,160.));
#1197 = CARTESIAN_POINT('',(-27.85021735761,89.15900062422,160.));
#1198 = CARTESIAN_POINT('',(-24.,89.15900062422,160.));
#1199 = PCURVE('',#232,#1200);
#1200 = DEFINITIONAL_REPRESENTATION('',(#1201),#1205);
#1201 = LINE('',#1202,#1203);
#1202 = CARTESIAN_POINT('',(28.331997066081,0.));
#1203 = VECTOR('',#1204,1.);
#1204 = DIRECTION('',(0.,1.));
#1205 = ( GEOMETRIC_REPRESENTATION_CONTEXT(2) 
PARAMETRIC_REPRESENTATION_CONTEXT() REPRESENTATION_CONTEXT('2D SPACE',''
  ) );
#1206 = PCURVE('',#395,#1207);
#1207 = DEFINITIONAL_REPRESENTATION('',(#1208),#1223);
#1208 = B_SPLINE_CURVE_WITH_KNOTS('',7,(#1209,#1210,#1211,#1212,#1213,
    #1214,#1215,#1216,#1217,#1218,#1219,#1220,#1221,#1222),
  .UNSPECIFIED.,.F.,.F.,(8,6,8),(288.4499795469,288.48995481551,
    316.78197661298),.UNSPECIFIED.);
#1209 = CARTESIAN_POINT('',(71.937514044949,-41.2));
#1210 = CARTESIAN_POINT('',(71.943228330664,-41.2));
#1211 = CARTESIAN_POINT('',(71.948978645971,-41.19999787621));
#1212 = CARTESIAN_POINT('',(71.954643909759,-41.19999366662));
#1213 = CARTESIAN_POINT('',(71.960315136519,-41.1999873497));
#1214 = CARTESIAN_POINT('',(71.966102445279,-41.19997889309));
#1215 = CARTESIAN_POINT('',(71.971942068533,-41.19996830223));
#1216 = CARTESIAN_POINT('',(75.842568393831,-41.19101471008));
#1217 = CARTESIAN_POINT('',(79.702878314204,-40.17120594681));
#1218 = CARTESIAN_POINT('',(83.239981355498,-38.14406175386));
#1219 = CARTESIAN_POINT('',(86.138921392186,-35.23647468457));
#1220 = CARTESIAN_POINT('',(88.152155444053,-31.70048881731));
#1221 = CARTESIAN_POINT('',(89.15900062422,-27.85021735761));
#1222 = CARTESIAN_POINT('',(89.15900062422,-24.));
#1223 = ( GEOMETRIC_REPRESENTATION_CONTEXT(2) 
PARAMETRIC_REPRESENTATION_CONTEXT() REPRESENTATION_CONTEXT('2D SPACE',''
  ) );
#1224 = ORIENTED_EDGE('',*,*,#315,.F.);
#1225 = ORIENTED_EDGE('',*,*,#201,.F.);
#1226 = ADVANCED_FACE('',(#1227,#1479),#395,.F.);
#1227 = FACE_BOUND('',#1228,.F.);
#1228 = EDGE_LOOP('',(#1229,#1230,#1275,#1303,#1366,#1394,#1457,#1478));
#1229 = ORIENTED_EDGE('',*,*,#379,.T.);
#1230 = ORIENTED_EDGE('',*,*,#1231,.T.);
#1231 = EDGE_CURVE('',#380,#1232,#1234,.T.);
#1232 = VERTEX_POINT('',#1233);
#1233 = CARTESIAN_POINT('',(41.2,71.937514044949,160.));
#1234 = SURFACE_CURVE('',#1235,(#1250,#1268),.PCURVE_S1.);
#1235 = B_SPLINE_CURVE_WITH_KNOTS('',7,(#1236,#1237,#1238,#1239,#1240,
    #1241,#1242,#1243,#1244,#1245,#1246,#1247,#1248,#1249),
  .UNSPECIFIED.,.F.,.F.,(8,6,8),(48.,76.292021797488,76.331997066105),
  .UNSPECIFIED.);
#1236 = CARTESIAN_POINT('',(24.,89.15900062422,160.));
#1237 = CARTESIAN_POINT('',(27.850217357619,89.15900062422,160.));
#1238 = CARTESIAN_POINT('',(31.700488817314,88.152155444053,160.));
#1239 = CARTESIAN_POINT('',(35.236474684573,86.138921392185,160.));
#1240 = CARTESIAN_POINT('',(38.144061753858,83.239981355499,160.));
#1241 = CARTESIAN_POINT('',(40.171205946819,79.702878314203,160.));
#1242 = CARTESIAN_POINT('',(41.191014710082,75.842568393831,160.));
#1243 = CARTESIAN_POINT('',(41.199968302236,71.971942068533,160.));
#1244 = CARTESIAN_POINT('',(41.199978893092,71.966102445279,160.));
#1245 = CARTESIAN_POINT('',(41.199987349709,71.96031513652,160.));
#1246 = CARTESIAN_POINT('',(41.199993666628,71.954643909759,160.));
#1247 = CARTESIAN_POINT('',(41.199997876216,71.948978645971,160.));
#1248 = CARTESIAN_POINT('',(41.2,71.943228330664,160.));
#1249 = CARTESIAN_POINT('',(41.2,71.937514044949,160.));
#1250 = PCURVE('',#395,#1251);
#1251 = DEFINITIONAL_REPRESENTATION('',(#1252),#1267);
#1252 = B_SPLINE_CURVE_WITH_KNOTS('',7,(#1253,#1254,#1255,#1256,#1257,
    #1258,#1259,#1260,#1261,#1262,#1263,#1264,#1265,#1266),
  .UNSPECIFIED.,.F.,.F.,(8,6,8),(48.,76.292021797488,76.331997066105),
  .UNSPECIFIED.);
#1253 = CARTESIAN_POINT('',(89.15900062422,24.));
#1254 = CARTESIAN_POINT('',(89.15900062422,27.850217357619));
#1255 = CARTESIAN_POINT('',(88.152155444053,31.700488817314));
#1256 = CARTESIAN_POINT('',(86.138921392185,35.236474684573));
#1257 = CARTESIAN_POINT('',(83.239981355499,38.144061753858));
#1258 = CARTESIAN_POINT('',(79.702878314203,40.171205946819));
#1259 = CARTESIAN_POINT('',(75.842568393831,41.191014710082));
#1260 = CARTESIAN_POINT('',(71.971942068533,41.199968302236));
#1261 = CARTESIAN_POINT('',(71.966102445279,41.199978893092));
#1262 = CARTESIAN_POINT('',(71.96031513652,41.199987349709));
#1263 = CARTESIAN_POINT('',(71.954643909759,41.199993666628));
#1264 = CARTESIAN_POINT('',(71.948978645971,41.199997876216));
#1265 = CARTESIAN_POINT('',(71.943228330664,41.2));
#1266 = CARTESIAN_POINT('',(71.937514044949,41.2));
#1267 = ( GEOMETRIC_REPRESENTATION_CONTEXT(2) 
PARAMETRIC_REPRESENTATION_CONTEXT() REPRESENTATION_CONTEXT('2D SPACE',''
  ) );
#1268 = PCURVE('',#421,#1269);
#1269 = DEFINITIONAL_REPRESENTATION('',(#1270),#1274);
#1270 = LINE('',#1271,#1272);
#1271 = CARTESIAN_POINT('',(28.331997066105,0.));
#1272 = VECTOR('',#1273,1.);
#1273 = DIRECTION('',(0.,1.));
#1274 = ( GEOMETRIC_REPRESENTATION_CONTEXT(2) 
PARAMETRIC_REPRESENTATION_CONTEXT() REPRESENTATION_CONTEXT('2D SPACE',''
  ) );
#1275 = ORIENTED_EDGE('',*,*,#1276,.T.);
#1276 = EDGE_CURVE('',#1232,#1277,#1279,.T.);
#1277 = VERTEX_POINT('',#1278);
#1278 = CARTESIAN_POINT('',(41.2,18.495993536902,160.));
#1279 = SURFACE_CURVE('',#1280,(#1284,#1291),.PCURVE_S1.);
#1280 = LINE('',#1281,#1282);
#1281 = CARTESIAN_POINT('',(41.2,71.977514044949,160.));
#1282 = VECTOR('',#1283,1.);
#1283 = DIRECTION('',(-0.,-1.,-0.));
#1284 = PCURVE('',#395,#1285);
#1285 = DEFINITIONAL_REPRESENTATION('',(#1286),#1290);
#1286 = LINE('',#1287,#1288);
#1287 = CARTESIAN_POINT('',(71.977514044949,41.2));
#1288 = VECTOR('',#1289,1.);
#1289 = DIRECTION('',(-1.,0.));
#1290 = ( GEOMETRIC_REPRESENTATION_CONTEXT(2) 
PARAMETRIC_REPRESENTATION_CONTEXT() REPRESENTATION_CONTEXT('2D SPACE',''
  ) );
#1291 = PCURVE('',#1292,#1297);
#1292 = CYLINDRICAL_SURFACE('',#1293,0.8);
#1293 = AXIS2_PLACEMENT_3D('',#1294,#1295,#1296);
#1294 = CARTESIAN_POINT('',(41.2,71.977514044949,159.2));
#1295 = DIRECTION('',(-0.,-1.,-0.));
#1296 = DIRECTION('',(1.,-0.,0.));
#1297 = DEFINITIONAL_REPRESENTATION('',(#1298),#1302);
#1298 = LINE('',#1299,#1300);
#1299 = CARTESIAN_POINT('',(1.570796326795,0.));
#1300 = VECTOR('',#1301,1.);
#1301 = DIRECTION('',(0.,1.));
#1302 = ( GEOMETRIC_REPRESENTATION_CONTEXT(2) 
PARAMETRIC_REPRESENTATION_CONTEXT() REPRESENTATION_CONTEXT('2D SPACE',''
  ) );
#1303 = ORIENTED_EDGE('',*,*,#1304,.T.);
#1304 = EDGE_CURVE('',#1277,#1305,#1307,.T.);
#1305 = VERTEX_POINT('',#1306);
#1306 = CARTESIAN_POINT('',(24.,0.602843240082,160.));
#1307 = SURFACE_CURVE('',#1308,(#1318,#1331),.PCURVE_S1.);
#1308 = B_SPLINE_CURVE_WITH_KNOTS('',8,(#1309,#1310,#1311,#1312,#1313,
    #1314,#1315,#1316,#1317),.UNSPECIFIED.,.F.,.F.,(9,9),(
    129.77352287639,158.3909883065),.PIECEWISE_BEZIER_KNOTS.);
#1309 = CARTESIAN_POINT('',(41.200000023073,18.496185672309,160.));
#1310 = CARTESIAN_POINT('',(41.200037071062,15.002686535555,160.));
#1311 = CARTESIAN_POINT('',(40.450881242528,11.51833543041,160.));
#1312 = CARTESIAN_POINT('',(38.958619466083,8.230430041213,160.));
#1313 = CARTESIAN_POINT('',(36.774950351691,5.323753512012,160.));
#1314 = CARTESIAN_POINT('',(33.986379988438,2.988183737336,160.));
#1315 = CARTESIAN_POINT('',(30.78187925003,1.394760828069,160.));
#1316 = CARTESIAN_POINT('',(27.384534737901,0.602843240082,160.));
#1317 = CARTESIAN_POINT('',(24.,0.602843240082,160.));
#1318 = PCURVE('',#395,#1319);
#1319 = DEFINITIONAL_REPRESENTATION('',(#1320),#1330);
#1320 = B_SPLINE_CURVE_WITH_KNOTS('',8,(#1321,#1322,#1323,#1324,#1325,
    #1326,#1327,#1328,#1329),.UNSPECIFIED.,.F.,.F.,(9,9),(
    129.77352287639,158.3909883065),.PIECEWISE_BEZIER_KNOTS.);
#1321 = CARTESIAN_POINT('',(18.496185672309,41.200000023073));
#1322 = CARTESIAN_POINT('',(15.002686535555,41.200037071062));
#1323 = CARTESIAN_POINT('',(11.51833543041,40.450881242528));
#1324 = CARTESIAN_POINT('',(8.230430041213,38.958619466083));
#1325 = CARTESIAN_POINT('',(5.323753512012,36.774950351691));
#1326 = CARTESIAN_POINT('',(2.988183737336,33.986379988438));
#1327 = CARTESIAN_POINT('',(1.394760828069,30.78187925003));
#1328 = CARTESIAN_POINT('',(0.602843240082,27.384534737901));
#1329 = CARTESIAN_POINT('',(0.602843240082,24.));
#1330 = ( GEOMETRIC_REPRESENTATION_CONTEXT(2) 
PARAMETRIC_REPRESENTATION_CONTEXT() REPRESENTATION_CONTEXT('2D SPACE',''
  ) );
#1331 = PCURVE('',#1332,#1360);
#1332 = ( BOUNDED_SURFACE() B_SPLINE_SURFACE(2,8,(
    (#1333,#1334,#1335,#1336,#1337,#1338,#1339,#1340,#1341)
    ,(#1342,#1343,#1344,#1345,#1346,#1347,#1348,#1349,#1350)
    ,(#1351,#1352,#1353,#1354,#1355,#1356,#1357,#1358,#1359
)),.UNSPECIFIED.,.F.,.F.,.F.) B_SPLINE_SURFACE_WITH_KNOTS((3,3),(9,9),(
    0.,28.617465430107),(129.77352287639,158.3909883065),
.PIECEWISE_BEZIER_KNOTS.) GEOMETRIC_REPRESENTATION_ITEM() 
RATIONAL_B_SPLINE_SURFACE((
    (1.,1.,1.,1.,1.,1.,1.,1.,1.)
    ,(0.707106781187,0.726155119194,0.744567689506,0.761382714036
      ,0.775820216368,0.787149862214,0.794820751356,0.798635510047
      ,0.798635510047)
,(1.,1.,1.,1.,1.,1.,1.,1.,1.))) REPRESENTATION_ITEM('') SURFACE() );
#1333 = CARTESIAN_POINT('',(42.,18.495993536902,159.2));
#1334 = CARTESIAN_POINT('',(42.,14.848236573165,159.24310146872));
#1335 = CARTESIAN_POINT('',(41.21415153579,11.20993438089,
    159.28609160438));
#1336 = CARTESIAN_POINT('',(39.648861289531,7.778760536117,
    159.32663696867));
#1337 = CARTESIAN_POINT('',(37.360050324467,4.749213241319,
    159.36245731007));
#1338 = CARTESIAN_POINT('',(34.44243945425,2.31821317673,159.39115877295
    ));
#1339 = CARTESIAN_POINT('',(31.092530623267,0.659051659271,
    159.41076037922));
#1340 = CARTESIAN_POINT('',(27.540388604102,-0.166166116668,
    159.42050988465));
#1341 = CARTESIAN_POINT('',(24.,-0.166166116668,159.42050988465));
#1342 = CARTESIAN_POINT('',(42.,18.495993536902,160.));
#1343 = CARTESIAN_POINT('',(41.958029160536,14.943933794735,160.));
#1344 = CARTESIAN_POINT('',(41.174558357093,11.381220962051,160.));
#1345 = CARTESIAN_POINT('',(39.634012970313,7.981195320326,160.));
#1346 = CARTESIAN_POINT('',(37.363564576127,4.94014906965,160.));
#1347 = CARTESIAN_POINT('',(34.431907064091,2.480920675439,160.));
#1348 = CARTESIAN_POINT('',(31.059054001021,0.81623519443,160.));
#1349 = CARTESIAN_POINT('',(27.506711989524,-1.95399252334E-14,160.));
#1350 = CARTESIAN_POINT('',(24.,3.552713678801E-15,160.));
#1351 = CARTESIAN_POINT('',(41.200000023073,18.496185672309,160.));
#1352 = CARTESIAN_POINT('',(41.200037071062,15.002686535555,160.));
#1353 = CARTESIAN_POINT('',(40.450881242528,11.51833543041,160.));
#1354 = CARTESIAN_POINT('',(38.958619466083,8.230430041213,160.));
#1355 = CARTESIAN_POINT('',(36.774950351691,5.323753512012,160.));
#1356 = CARTESIAN_POINT('',(33.986379988438,2.988183737336,160.));
#1357 = CARTESIAN_POINT('',(30.78187925003,1.394760828069,160.));
#1358 = CARTESIAN_POINT('',(27.384534737901,0.602843240082,160.));
#1359 = CARTESIAN_POINT('',(24.,0.602843240082,160.));
#1360 = DEFINITIONAL_REPRESENTATION('',(#1361),#1365);
#1361 = LINE('',#1362,#1363);
#1362 = CARTESIAN_POINT('',(28.617465430114,0.));
#1363 = VECTOR('',#1364,1.);
#1364 = DIRECTION('',(-5.412756823915E-14,1.));
#1365 = ( GEOMETRIC_REPRESENTATION_CONTEXT(2) 
PARAMETRIC_REPRESENTATION_CONTEXT() REPRESENTATION_CONTEXT('2D SPACE',''
  ) );
#1366 = ORIENTED_EDGE('',*,*,#1367,.T.);
#1367 = EDGE_CURVE('',#1305,#1368,#1370,.T.);
#1368 = VERTEX_POINT('',#1369);
#1369 = CARTESIAN_POINT('',(-24.,0.602843240082,160.));
#1370 = SURFACE_CURVE('',#1371,(#1375,#1382),.PCURVE_S1.);
#1371 = LINE('',#1372,#1373);
#1372 = CARTESIAN_POINT('',(24.,0.602843240082,160.));
#1373 = VECTOR('',#1374,1.);
#1374 = DIRECTION('',(-1.,0.,0.));
#1375 = PCURVE('',#395,#1376);
#1376 = DEFINITIONAL_REPRESENTATION('',(#1377),#1381);
#1377 = LINE('',#1378,#1379);
#1378 = CARTESIAN_POINT('',(0.602843240082,24.));
#1379 = VECTOR('',#1380,1.);
#1380 = DIRECTION('',(0.,-1.));
#1381 = ( GEOMETRIC_REPRESENTATION_CONTEXT(2) 
PARAMETRIC_REPRESENTATION_CONTEXT() REPRESENTATION_CONTEXT('2D SPACE',''
  ) );
#1382 = PCURVE('',#1383,#1388);
#1383 = CYLINDRICAL_SURFACE('',#1384,0.8);
#1384 = AXIS2_PLACEMENT_3D('',#1385,#1386,#1387);
#1385 = CARTESIAN_POINT('',(24.,0.602843240082,159.2));
#1386 = DIRECTION('',(-1.,0.,0.));
#1387 = DIRECTION('',(0.,-0.961261695938,0.275637355817));
#1388 = DEFINITIONAL_REPRESENTATION('',(#1389),#1393);
#1389 = LINE('',#1390,#1391);
#1390 = CARTESIAN_POINT('',(1.291543646476,0.));
#1391 = VECTOR('',#1392,1.);
#1392 = DIRECTION('',(0.,1.));
#1393 = ( GEOMETRIC_REPRESENTATION_CONTEXT(2) 
PARAMETRIC_REPRESENTATION_CONTEXT() REPRESENTATION_CONTEXT('2D SPACE',''
  ) );
#1394 = ORIENTED_EDGE('',*,*,#1395,.T.);
#1395 = EDGE_CURVE('',#1368,#1396,#1398,.T.);
#1396 = VERTEX_POINT('',#1397);
#1397 = CARTESIAN_POINT('',(-41.20000002307,18.496185672309,160.));
#1398 = SURFACE_CURVE('',#1399,(#1409,#1422),.PCURVE_S1.);
#1399 = B_SPLINE_CURVE_WITH_KNOTS('',8,(#1400,#1401,#1402,#1403,#1404,
    #1405,#1406,#1407,#1408),.UNSPECIFIED.,.F.,.F.,(9,9),(206.3909883065
    ,235.0084537366),.PIECEWISE_BEZIER_KNOTS.);
#1400 = CARTESIAN_POINT('',(-24.,0.602843240082,160.));
#1401 = CARTESIAN_POINT('',(-27.3845347379,0.602843240082,160.));
#1402 = CARTESIAN_POINT('',(-30.78187925003,1.394760828068,160.));
#1403 = CARTESIAN_POINT('',(-33.98637998843,2.988183737336,160.));
#1404 = CARTESIAN_POINT('',(-36.77495035169,5.323753512011,160.));
#1405 = CARTESIAN_POINT('',(-38.95861946608,8.230430041213,160.));
#1406 = CARTESIAN_POINT('',(-40.45088124252,11.51833543041,160.));
#1407 = CARTESIAN_POINT('',(-41.20003707106,15.002686535555,160.));
#1408 = CARTESIAN_POINT('',(-41.20000002307,18.496185672309,160.));
#1409 = PCURVE('',#395,#1410);
#1410 = DEFINITIONAL_REPRESENTATION('',(#1411),#1421);
#1411 = B_SPLINE_CURVE_WITH_KNOTS('',8,(#1412,#1413,#1414,#1415,#1416,
    #1417,#1418,#1419,#1420),.UNSPECIFIED.,.F.,.F.,(9,9),(206.3909883065
    ,235.0084537366),.PIECEWISE_BEZIER_KNOTS.);
#1412 = CARTESIAN_POINT('',(0.602843240082,-24.));
#1413 = CARTESIAN_POINT('',(0.602843240082,-27.3845347379));
#1414 = CARTESIAN_POINT('',(1.394760828068,-30.78187925003));
#1415 = CARTESIAN_POINT('',(2.988183737336,-33.98637998843));
#1416 = CARTESIAN_POINT('',(5.323753512011,-36.77495035169));
#1417 = CARTESIAN_POINT('',(8.230430041213,-38.95861946608));
#1418 = CARTESIAN_POINT('',(11.51833543041,-40.45088124252));
#1419 = CARTESIAN_POINT('',(15.002686535555,-41.20003707106));
#1420 = CARTESIAN_POINT('',(18.496185672309,-41.20000002307));
#1421 = ( GEOMETRIC_REPRESENTATION_CONTEXT(2) 
PARAMETRIC_REPRESENTATION_CONTEXT() REPRESENTATION_CONTEXT('2D SPACE',''
  ) );
#1422 = PCURVE('',#1423,#1451);
#1423 = ( BOUNDED_SURFACE() B_SPLINE_SURFACE(2,8,(
    (#1424,#1425,#1426,#1427,#1428,#1429,#1430,#1431,#1432)
    ,(#1433,#1434,#1435,#1436,#1437,#1438,#1439,#1440,#1441)
    ,(#1442,#1443,#1444,#1445,#1446,#1447,#1448,#1449,#1450
)),.UNSPECIFIED.,.F.,.F.,.F.) B_SPLINE_SURFACE_WITH_KNOTS((3,3),(9,9),(
    0.,28.617465430107),(206.3909883065,235.0084537366),
.PIECEWISE_BEZIER_KNOTS.) GEOMETRIC_REPRESENTATION_ITEM() 
RATIONAL_B_SPLINE_SURFACE((
    (1.,1.,1.,1.,1.,1.,1.,1.,1.)
    ,(0.798635510047,0.798635510047,0.794820751356,0.787149862214
      ,0.775820216368,0.761382714036,0.744567689506,0.726155119194
      ,0.707106781187)
,(1.,1.,1.,1.,1.,1.,1.,1.,1.))) REPRESENTATION_ITEM('') SURFACE() );
#1424 = CARTESIAN_POINT('',(-24.,-0.166166116668,159.42050988465));
#1425 = CARTESIAN_POINT('',(-27.5403886041,-0.166166116668,
    159.42050988465));
#1426 = CARTESIAN_POINT('',(-31.09253062326,0.659051659271,
    159.41076037922));
#1427 = CARTESIAN_POINT('',(-34.44243945425,2.31821317673,
    159.39115877295));
#1428 = CARTESIAN_POINT('',(-37.36005032446,4.749213241319,
    159.36245731007));
#1429 = CARTESIAN_POINT('',(-39.64886128953,7.778760536117,
    159.32663696867));
#1430 = CARTESIAN_POINT('',(-41.21415153579,11.20993438089,
    159.28609160438));
#1431 = CARTESIAN_POINT('',(-42.,14.848236573165,159.24310146872));
#1432 = CARTESIAN_POINT('',(-42.,18.495993536902,159.2));
#1433 = CARTESIAN_POINT('',(-24.,1.24344978758E-14,160.));
#1434 = CARTESIAN_POINT('',(-27.50671198952,-1.59872115546E-14,160.));
#1435 = CARTESIAN_POINT('',(-31.05905400102,0.81623519443,160.));
#1436 = CARTESIAN_POINT('',(-34.43190706409,2.480920675439,160.));
#1437 = CARTESIAN_POINT('',(-37.36356457612,4.94014906965,160.));
#1438 = CARTESIAN_POINT('',(-39.63401297031,7.981195320326,160.));
#1439 = CARTESIAN_POINT('',(-41.17455835709,11.381220962051,160.));
#1440 = CARTESIAN_POINT('',(-41.95802916053,14.943933794735,160.));
#1441 = CARTESIAN_POINT('',(-42.,18.495993536902,160.));
#1442 = CARTESIAN_POINT('',(-24.,0.602843240082,160.));
#1443 = CARTESIAN_POINT('',(-27.3845347379,0.602843240082,160.));
#1444 = CARTESIAN_POINT('',(-30.78187925003,1.394760828068,160.));
#1445 = CARTESIAN_POINT('',(-33.98637998843,2.988183737336,160.));
#1446 = CARTESIAN_POINT('',(-36.77495035169,5.323753512011,160.));
#1447 = CARTESIAN_POINT('',(-38.95861946608,8.230430041213,160.));
#1448 = CARTESIAN_POINT('',(-40.45088124252,11.51833543041,160.));
#1449 = CARTESIAN_POINT('',(-41.20003707106,15.002686535555,160.));
#1450 = CARTESIAN_POINT('',(-41.20000002307,18.496185672309,160.));
#1451 = DEFINITIONAL_REPRESENTATION('',(#1452),#1456);
#1452 = LINE('',#1453,#1454);
#1453 = CARTESIAN_POINT('',(28.617465430107,0.));
#1454 = VECTOR('',#1455,1.);
#1455 = DIRECTION('',(0.,1.));
#1456 = ( GEOMETRIC_REPRESENTATION_CONTEXT(2) 
PARAMETRIC_REPRESENTATION_CONTEXT() REPRESENTATION_CONTEXT('2D SPACE',''
  ) );
#1457 = ORIENTED_EDGE('',*,*,#1458,.T.);
#1458 = EDGE_CURVE('',#1396,#1125,#1459,.T.);
#1459 = SURFACE_CURVE('',#1460,(#1464,#1471),.PCURVE_S1.);
#1460 = LINE('',#1461,#1462);
#1461 = CARTESIAN_POINT('',(-41.2,18.725389845509,160.));
#1462 = VECTOR('',#1463,1.);
#1463 = DIRECTION('',(0.,1.,0.));
#1464 = PCURVE('',#395,#1465);
#1465 = DEFINITIONAL_REPRESENTATION('',(#1466),#1470);
#1466 = LINE('',#1467,#1468);
#1467 = CARTESIAN_POINT('',(18.725389845509,-41.2));
#1468 = VECTOR('',#1469,1.);
#1469 = DIRECTION('',(1.,0.));
#1470 = ( GEOMETRIC_REPRESENTATION_CONTEXT(2) 
PARAMETRIC_REPRESENTATION_CONTEXT() REPRESENTATION_CONTEXT('2D SPACE',''
  ) );
#1471 = PCURVE('',#809,#1472);
#1472 = DEFINITIONAL_REPRESENTATION('',(#1473),#1477);
#1473 = LINE('',#1474,#1475);
#1474 = CARTESIAN_POINT('',(1.570796326795,0.));
#1475 = VECTOR('',#1476,1.);
#1476 = DIRECTION('',(0.,1.));
#1477 = ( GEOMETRIC_REPRESENTATION_CONTEXT(2) 
PARAMETRIC_REPRESENTATION_CONTEXT() REPRESENTATION_CONTEXT('2D SPACE',''
  ) );
#1478 = ORIENTED_EDGE('',*,*,#1182,.T.);
#1479 = FACE_BOUND('',#1480,.F.);
#1480 = EDGE_LOOP('',(#1481,#1511,#1599,#1627,#1715,#1743,#1831,#1859));
#1481 = ORIENTED_EDGE('',*,*,#1482,.F.);
#1482 = EDGE_CURVE('',#1483,#1485,#1487,.T.);
#1483 = VERTEX_POINT('',#1484);
#1484 = CARTESIAN_POINT('',(-39.8,39.062337662338,160.));
#1485 = VERTEX_POINT('',#1486);
#1486 = CARTESIAN_POINT('',(-39.8,71.96,160.));
#1487 = SURFACE_CURVE('',#1488,(#1492,#1499),.PCURVE_S1.);
#1488 = LINE('',#1489,#1490);
#1489 = CARTESIAN_POINT('',(-39.8,39.,160.));
#1490 = VECTOR('',#1491,1.);
#1491 = DIRECTION('',(0.,1.,0.));
#1492 = PCURVE('',#395,#1493);
#1493 = DEFINITIONAL_REPRESENTATION('',(#1494),#1498);
#1494 = LINE('',#1495,#1496);
#1495 = CARTESIAN_POINT('',(39.,-39.8));
#1496 = VECTOR('',#1497,1.);
#1497 = DIRECTION('',(1.,0.));
#1498 = ( GEOMETRIC_REPRESENTATION_CONTEXT(2) 
PARAMETRIC_REPRESENTATION_CONTEXT() REPRESENTATION_CONTEXT('2D SPACE',''
  ) );
#1499 = PCURVE('',#1500,#1505);
#1500 = CYLINDRICAL_SURFACE('',#1501,0.8);
#1501 = AXIS2_PLACEMENT_3D('',#1502,#1503,#1504);
#1502 = CARTESIAN_POINT('',(-39.8,39.,159.2));
#1503 = DIRECTION('',(0.,1.,0.));
#1504 = DIRECTION('',(0.,-0.,1.));
#1505 = DEFINITIONAL_REPRESENTATION('',(#1506),#1510);
#1506 = LINE('',#1507,#1508);
#1507 = CARTESIAN_POINT('',(0.,0.));
#1508 = VECTOR('',#1509,1.);
#1509 = DIRECTION('',(0.,1.));
#1510 = ( GEOMETRIC_REPRESENTATION_CONTEXT(2) 
PARAMETRIC_REPRESENTATION_CONTEXT() REPRESENTATION_CONTEXT('2D SPACE',''
  ) );
#1511 = ORIENTED_EDGE('',*,*,#1512,.F.);
#1512 = EDGE_CURVE('',#1513,#1483,#1515,.T.);
#1513 = VERTEX_POINT('',#1514);
#1514 = CARTESIAN_POINT('',(-24.,23.259912597833,160.));
#1515 = SURFACE_CURVE('',#1516,(#1531,#1549),.PCURVE_S1.);
#1516 = B_SPLINE_CURVE_WITH_KNOTS('',7,(#1517,#1518,#1519,#1520,#1521,
    #1522,#1523,#1524,#1525,#1526,#1527,#1528,#1529,#1530),
  .UNSPECIFIED.,.F.,.F.,(8,6,8),(232.68583470576,256.24777932307,
    256.31011727003),.UNSPECIFIED.);
#1517 = CARTESIAN_POINT('',(-23.99999999999,23.259912597833,160.));
#1518 = CARTESIAN_POINT('',(-27.5320511842,23.259912597832,160.));
#1519 = CARTESIAN_POINT('',(-31.06412247148,24.181311136766,160.));
#1520 = CARTESIAN_POINT('',(-34.30898256225,26.02360716013,160.));
#1521 = CARTESIAN_POINT('',(-36.97873687036,28.677201165791,160.));
#1522 = CARTESIAN_POINT('',(-38.84405723399,31.915889958023,160.));
#1523 = CARTESIAN_POINT('',(-39.78584015783,35.454803358053,160.));
#1524 = CARTESIAN_POINT('',(-39.7999076018,39.009171784756,160.));
#1525 = CARTESIAN_POINT('',(-39.79993822904,39.017751956015,160.));
#1526 = CARTESIAN_POINT('',(-39.79996301156,39.026687313175,160.));
#1527 = CARTESIAN_POINT('',(-39.7999815703,39.03567329094,160.));
#1528 = CARTESIAN_POINT('',(-39.79999379213,39.044503757434,160.));
#1529 = CARTESIAN_POINT('',(-39.8,39.053432282004,160.));
#1530 = CARTESIAN_POINT('',(-39.8,39.062337662338,160.));
#1531 = PCURVE('',#395,#1532);
#1532 = DEFINITIONAL_REPRESENTATION('',(#1533),#1548);
#1533 = B_SPLINE_CURVE_WITH_KNOTS('',7,(#1534,#1535,#1536,#1537,#1538,
    #1539,#1540,#1541,#1542,#1543,#1544,#1545,#1546,#1547),
  .UNSPECIFIED.,.F.,.F.,(8,6,8),(232.68583470576,256.24777932307,
    256.31011727003),.UNSPECIFIED.);
#1534 = CARTESIAN_POINT('',(23.259912597833,-23.99999999999));
#1535 = CARTESIAN_POINT('',(23.259912597832,-27.5320511842));
#1536 = CARTESIAN_POINT('',(24.181311136766,-31.06412247148));
#1537 = CARTESIAN_POINT('',(26.02360716013,-34.30898256225));
#1538 = CARTESIAN_POINT('',(28.677201165791,-36.97873687036));
#1539 = CARTESIAN_POINT('',(31.915889958023,-38.84405723399));
#1540 = CARTESIAN_POINT('',(35.454803358053,-39.78584015783));
#1541 = CARTESIAN_POINT('',(39.009171784756,-39.7999076018));
#1542 = CARTESIAN_POINT('',(39.017751956015,-39.79993822904));
#1543 = CARTESIAN_POINT('',(39.026687313175,-39.79996301156));
#1544 = CARTESIAN_POINT('',(39.03567329094,-39.7999815703));
#1545 = CARTESIAN_POINT('',(39.044503757434,-39.79999379213));
#1546 = CARTESIAN_POINT('',(39.053432282004,-39.8));
#1547 = CARTESIAN_POINT('',(39.062337662338,-39.8));
#1548 = ( GEOMETRIC_REPRESENTATION_CONTEXT(2) 
PARAMETRIC_REPRESENTATION_CONTEXT() REPRESENTATION_CONTEXT('2D SPACE',''
  ) );
#1549 = PCURVE('',#1550,#1593);
#1550 = ( BOUNDED_SURFACE() B_SPLINE_SURFACE(2,7,(
    (#1551,#1552,#1553,#1554,#1555,#1556,#1557,#1558,#1559,#1560,#1561
      ,#1562,#1563,#1564)
    ,(#1565,#1566,#1567,#1568,#1569,#1570,#1571,#1572,#1573,#1574,#1575
      ,#1576,#1577,#1578)
    ,(#1579,#1580,#1581,#1582,#1583,#1584,#1585,#1586,#1587,#1588,#1589
      ,#1590,#1591,#1592
)),.UNSPECIFIED.,.F.,.F.,.F.) B_SPLINE_SURFACE_WITH_KNOTS((3,3),(8,6,8),
  (0.,23.624282564262),(232.68583470576,256.24777932307,256.31011727003)
,.UNSPECIFIED.) GEOMETRIC_REPRESENTATION_ITEM() 
RATIONAL_B_SPLINE_SURFACE((
    (1.,1.,1.,1.,1.,1.,1.,1.,1.,1.,1.,1.,1.,1.)
    ,(0.734059460875,0.734059460875,0.732526188258,0.729460704841
      ,0.725015071071,0.719503515738,0.713400310602,0.707204879672
      ,0.707188530469,0.707172181474,0.70715583212,0.707139482122
      ,0.707123131899,0.707106781187)
,(1.,1.,1.,1.,1.,1.,1.,1.,1.,1.,1.,1.,1.,1.
))) REPRESENTATION_ITEM('') SURFACE() );
#1551 = CARTESIAN_POINT('',(-23.99999999999,23.259912597833,160.));
#1552 = CARTESIAN_POINT('',(-27.5320511842,23.259912597832,160.));
#1553 = CARTESIAN_POINT('',(-31.06412247148,24.181311136766,160.));
#1554 = CARTESIAN_POINT('',(-34.30898256225,26.02360716013,160.));
#1555 = CARTESIAN_POINT('',(-36.97873687036,28.677201165791,160.));
#1556 = CARTESIAN_POINT('',(-38.84405723399,31.915889958023,160.));
#1557 = CARTESIAN_POINT('',(-39.78584015783,35.454803358053,160.));
#1558 = CARTESIAN_POINT('',(-39.7999076018,39.009171784756,160.));
#1559 = CARTESIAN_POINT('',(-39.79993822904,39.017751956015,160.));
#1560 = CARTESIAN_POINT('',(-39.79996301156,39.026687313175,160.));
#1561 = CARTESIAN_POINT('',(-39.7999815703,39.03567329094,160.));
#1562 = CARTESIAN_POINT('',(-39.79999379213,39.044503757434,160.));
#1563 = CARTESIAN_POINT('',(-39.8,39.053432282004,160.));
#1564 = CARTESIAN_POINT('',(-39.8,39.062337662338,160.));
#1565 = CARTESIAN_POINT('',(-23.99999999999,24.,160.));
#1566 = CARTESIAN_POINT('',(-27.36597671978,23.999999999999,160.));
#1567 = CARTESIAN_POINT('',(-30.74598634844,24.883156977896,160.));
#1568 = CARTESIAN_POINT('',(-33.85378448239,26.659785208706,
    159.99999999999));
#1569 = CARTESIAN_POINT('',(-36.39025527954,29.22079367439,160.));
#1570 = CARTESIAN_POINT('',(-38.13374416359,32.315081844952,160.));
#1571 = CARTESIAN_POINT('',(-39.00012493972,35.663148495547,160.));
#1572 = CARTESIAN_POINT('',(-39.00012946253,39.008905630053,160.));
#1573 = CARTESIAN_POINT('',(-39.00012330489,39.017811092624,160.));
#1574 = CARTESIAN_POINT('',(-39.00011097985,39.026716547618,160.));
#1575 = CARTESIAN_POINT('',(-39.00009248677,39.035621942059,160.));
#1576 = CARTESIAN_POINT('',(-39.00006782543,39.044527240945,160.));
#1577 = CARTESIAN_POINT('',(-39.00003699658,39.053432487922,160.));
#1578 = CARTESIAN_POINT('',(-39.,39.062337662338,160.));
#1579 = CARTESIAN_POINT('',(-24.,24.057494862284,159.26214926736));
#1580 = CARTESIAN_POINT('',(-27.35307496191,24.057494862283,
    159.26214926736));
#1581 = CARTESIAN_POINT('',(-30.70617785055,24.932319614017,
    159.25854750989));
#1582 = CARTESIAN_POINT('',(-33.78646731532,26.681463992989,
    159.25134736469));
#1583 = CARTESIAN_POINT('',(-36.32072165159,29.200739914004,
    159.24095007674));
#1584 = CARTESIAN_POINT('',(-38.09120545888,32.275007753942,
    159.22819757471));
#1585 = CARTESIAN_POINT('',(-38.9858911361,35.634055625497,
    159.21424291536));
#1586 = CARTESIAN_POINT('',(-38.99990753587,39.008905328382,
    159.2002219865));
#1587 = CARTESIAN_POINT('',(-38.99993835764,39.017810788918,
    159.20018498749));
#1588 = CARTESIAN_POINT('',(-38.99996301453,39.026716145135,
    159.20014798994));
#1589 = CARTESIAN_POINT('',(-38.99998150717,39.035621502786,
    159.20011099258));
#1590 = CARTESIAN_POINT('',(-38.9999938358,39.044526911029,
    159.20007399476));
#1591 = CARTESIAN_POINT('',(-39.,39.053432282004,159.20003699743));
#1592 = CARTESIAN_POINT('',(-39.,39.062337662338,159.2));
#1593 = DEFINITIONAL_REPRESENTATION('',(#1594),#1598);
#1594 = LINE('',#1595,#1596);
#1595 = CARTESIAN_POINT('',(0.,0.));
#1596 = VECTOR('',#1597,1.);
#1597 = DIRECTION('',(0.,1.));
#1598 = ( GEOMETRIC_REPRESENTATION_CONTEXT(2) 
PARAMETRIC_REPRESENTATION_CONTEXT() REPRESENTATION_CONTEXT('2D SPACE',''
  ) );
#1599 = ORIENTED_EDGE('',*,*,#1600,.F.);
#1600 = EDGE_CURVE('',#1601,#1513,#1603,.T.);
#1601 = VERTEX_POINT('',#1602);
#1602 = CARTESIAN_POINT('',(24.,23.259912597833,160.));
#1603 = SURFACE_CURVE('',#1604,(#1608,#1615),.PCURVE_S1.);
#1604 = LINE('',#1605,#1606);
#1605 = CARTESIAN_POINT('',(24.,23.259912597833,160.));
#1606 = VECTOR('',#1607,1.);
#1607 = DIRECTION('',(-1.,-0.,-0.));
#1608 = PCURVE('',#395,#1609);
#1609 = DEFINITIONAL_REPRESENTATION('',(#1610),#1614);
#1610 = LINE('',#1611,#1612);
#1611 = CARTESIAN_POINT('',(23.259912597833,24.));
#1612 = VECTOR('',#1613,1.);
#1613 = DIRECTION('',(0.,-1.));
#1614 = ( GEOMETRIC_REPRESENTATION_CONTEXT(2) 
PARAMETRIC_REPRESENTATION_CONTEXT() REPRESENTATION_CONTEXT('2D SPACE',''
  ) );
#1615 = PCURVE('',#1616,#1621);
#1616 = CYLINDRICAL_SURFACE('',#1617,0.8);
#1617 = AXIS2_PLACEMENT_3D('',#1618,#1619,#1620);
#1618 = CARTESIAN_POINT('',(24.,23.259912597833,159.2));
#1619 = DIRECTION('',(-1.,-0.,-0.));
#1620 = DIRECTION('',(-0.,0.,1.));
#1621 = DEFINITIONAL_REPRESENTATION('',(#1622),#1626);
#1622 = LINE('',#1623,#1624);
#1623 = CARTESIAN_POINT('',(0.,0.));
#1624 = VECTOR('',#1625,1.);
#1625 = DIRECTION('',(0.,1.));
#1626 = ( GEOMETRIC_REPRESENTATION_CONTEXT(2) 
PARAMETRIC_REPRESENTATION_CONTEXT() REPRESENTATION_CONTEXT('2D SPACE',''
  ) );
#1627 = ORIENTED_EDGE('',*,*,#1628,.F.);
#1628 = EDGE_CURVE('',#1629,#1601,#1631,.T.);
#1629 = VERTEX_POINT('',#1630);
#1630 = CARTESIAN_POINT('',(39.8,39.062337662338,160.));
#1631 = SURFACE_CURVE('',#1632,(#1647,#1665),.PCURVE_S1.);
#1632 = B_SPLINE_CURVE_WITH_KNOTS('',7,(#1633,#1634,#1635,#1636,#1637,
    #1638,#1639,#1640,#1641,#1642,#1643,#1644,#1645,#1646),
  .UNSPECIFIED.,.F.,.F.,(8,6,8),(161.0615521415,161.12389008846,
    184.6858347058),.UNSPECIFIED.);
#1633 = CARTESIAN_POINT('',(39.8,39.062337662338,160.));
#1634 = CARTESIAN_POINT('',(39.8,39.053432282004,160.));
#1635 = CARTESIAN_POINT('',(39.799993792138,39.044503757434,160.));
#1636 = CARTESIAN_POINT('',(39.799981570302,39.03567329094,160.));
#1637 = CARTESIAN_POINT('',(39.79996301156,39.026687313176,160.));
#1638 = CARTESIAN_POINT('',(39.799938229041,39.017751956015,160.));
#1639 = CARTESIAN_POINT('',(39.799907601804,39.009171784756,160.));
#1640 = CARTESIAN_POINT('',(39.785840157837,35.454803358048,160.));
#1641 = CARTESIAN_POINT('',(38.844057233991,31.915889958027,160.));
#1642 = CARTESIAN_POINT('',(36.978736870371,28.677201165789,160.));
#1643 = CARTESIAN_POINT('',(34.308982562255,26.023607160131,160.));
#1644 = CARTESIAN_POINT('',(31.064122471491,24.181311136766,160.));
#1645 = CARTESIAN_POINT('',(27.532051184204,23.259912597832,160.));
#1646 = CARTESIAN_POINT('',(24.,23.259912597833,160.));
#1647 = PCURVE('',#395,#1648);
#1648 = DEFINITIONAL_REPRESENTATION('',(#1649),#1664);
#1649 = B_SPLINE_CURVE_WITH_KNOTS('',7,(#1650,#1651,#1652,#1653,#1654,
    #1655,#1656,#1657,#1658,#1659,#1660,#1661,#1662,#1663),
  .UNSPECIFIED.,.F.,.F.,(8,6,8),(161.0615521415,161.12389008846,
    184.6858347058),.UNSPECIFIED.);
#1650 = CARTESIAN_POINT('',(39.062337662338,39.8));
#1651 = CARTESIAN_POINT('',(39.053432282004,39.8));
#1652 = CARTESIAN_POINT('',(39.044503757434,39.799993792138));
#1653 = CARTESIAN_POINT('',(39.03567329094,39.799981570302));
#1654 = CARTESIAN_POINT('',(39.026687313176,39.79996301156));
#1655 = CARTESIAN_POINT('',(39.017751956015,39.799938229041));
#1656 = CARTESIAN_POINT('',(39.009171784756,39.799907601804));
#1657 = CARTESIAN_POINT('',(35.454803358048,39.785840157837));
#1658 = CARTESIAN_POINT('',(31.915889958027,38.844057233991));
#1659 = CARTESIAN_POINT('',(28.677201165789,36.978736870371));
#1660 = CARTESIAN_POINT('',(26.023607160131,34.308982562255));
#1661 = CARTESIAN_POINT('',(24.181311136766,31.064122471491));
#1662 = CARTESIAN_POINT('',(23.259912597832,27.532051184204));
#1663 = CARTESIAN_POINT('',(23.259912597833,24.));
#1664 = ( GEOMETRIC_REPRESENTATION_CONTEXT(2) 
PARAMETRIC_REPRESENTATION_CONTEXT() REPRESENTATION_CONTEXT('2D SPACE',''
  ) );
#1665 = PCURVE('',#1666,#1709);
#1666 = ( BOUNDED_SURFACE() B_SPLINE_SURFACE(2,7,(
    (#1667,#1668,#1669,#1670,#1671,#1672,#1673,#1674,#1675,#1676,#1677
      ,#1678,#1679,#1680)
    ,(#1681,#1682,#1683,#1684,#1685,#1686,#1687,#1688,#1689,#1690,#1691
      ,#1692,#1693,#1694)
    ,(#1695,#1696,#1697,#1698,#1699,#1700,#1701,#1702,#1703,#1704,#1705
      ,#1706,#1707,#1708
)),.UNSPECIFIED.,.F.,.F.,.F.) B_SPLINE_SURFACE_WITH_KNOTS((3,3),(8,6,8),
  (0.,23.624282564296),(161.0615521415,161.12389008846,184.6858347058),
.UNSPECIFIED.) GEOMETRIC_REPRESENTATION_ITEM() RATIONAL_B_SPLINE_SURFACE
((
    (1.,1.,1.,1.,1.,1.,1.,1.,1.,1.,1.,1.,1.,1.)
    ,(0.707106781187,0.707123131899,0.707139482122,0.70715583212
      ,0.707172181474,0.707188530469,0.707204879672,0.713400310602
      ,0.719503515738,0.725015071071,0.729460704841,0.732526188258
      ,0.734059460875,0.734059460875)
,(1.,1.,1.,1.,1.,1.,1.,1.,1.,1.,1.,1.,1.,1.
))) REPRESENTATION_ITEM('') SURFACE() );
#1667 = CARTESIAN_POINT('',(39.8,39.062337662338,160.));
#1668 = CARTESIAN_POINT('',(39.8,39.053432282004,160.));
#1669 = CARTESIAN_POINT('',(39.799993792138,39.044503757434,160.));
#1670 = CARTESIAN_POINT('',(39.799981570302,39.03567329094,160.));
#1671 = CARTESIAN_POINT('',(39.79996301156,39.026687313176,160.));
#1672 = CARTESIAN_POINT('',(39.799938229041,39.017751956015,160.));
#1673 = CARTESIAN_POINT('',(39.799907601804,39.009171784756,160.));
#1674 = CARTESIAN_POINT('',(39.785840157837,35.454803358048,160.));
#1675 = CARTESIAN_POINT('',(38.844057233991,31.915889958027,160.));
#1676 = CARTESIAN_POINT('',(36.978736870371,28.677201165789,160.));
#1677 = CARTESIAN_POINT('',(34.308982562255,26.023607160131,160.));
#1678 = CARTESIAN_POINT('',(31.064122471491,24.181311136766,160.));
#1679 = CARTESIAN_POINT('',(27.532051184204,23.259912597832,160.));
#1680 = CARTESIAN_POINT('',(24.,23.259912597833,160.));
#1681 = CARTESIAN_POINT('',(39.,39.062337662338,160.));
#1682 = CARTESIAN_POINT('',(39.000036996583,39.053432487922,160.));
#1683 = CARTESIAN_POINT('',(39.000067825431,39.044527240945,160.));
#1684 = CARTESIAN_POINT('',(39.000092486778,39.035621942059,160.));
#1685 = CARTESIAN_POINT('',(39.00011097985,39.026716547618,160.));
#1686 = CARTESIAN_POINT('',(39.000123304891,39.017811092624,160.));
#1687 = CARTESIAN_POINT('',(39.000129462534,39.008905630053,160.));
#1688 = CARTESIAN_POINT('',(39.000124939728,35.663148495542,160.));
#1689 = CARTESIAN_POINT('',(38.13374416359,32.315081844957,160.));
#1690 = CARTESIAN_POINT('',(36.39025527955,29.220793674387,160.));
#1691 = CARTESIAN_POINT('',(33.853784482396,26.659785208708,160.));
#1692 = CARTESIAN_POINT('',(30.74598634845,24.883156977896,160.));
#1693 = CARTESIAN_POINT('',(27.365976719784,23.999999999999,160.));
#1694 = CARTESIAN_POINT('',(24.,24.,160.));
#1695 = CARTESIAN_POINT('',(39.,39.062337662338,159.2));
#1696 = CARTESIAN_POINT('',(39.,39.053432282004,159.20003699743));
#1697 = CARTESIAN_POINT('',(38.999993835809,39.044526911029,
    159.20007399476));
#1698 = CARTESIAN_POINT('',(38.999981507171,39.035621502785,
    159.20011099258));
#1699 = CARTESIAN_POINT('',(38.999963014537,39.026716145135,
    159.20014798994));
#1700 = CARTESIAN_POINT('',(38.999938357642,39.017810788918,
    159.20018498749));
#1701 = CARTESIAN_POINT('',(38.999907535877,39.008905328381,
    159.2002219865));
#1702 = CARTESIAN_POINT('',(38.985891136103,35.634055625495,
    159.21424291536));
#1703 = CARTESIAN_POINT('',(38.091205458884,32.275007753938,
    159.22819757471));
#1704 = CARTESIAN_POINT('',(36.320721651587,29.200739914012,
    159.24095007674));
#1705 = CARTESIAN_POINT('',(33.786467315332,26.681463992983,
    159.25134736469));
#1706 = CARTESIAN_POINT('',(30.706177850542,24.932319614019,
    159.25854750989));
#1707 = CARTESIAN_POINT('',(27.353074961919,24.057494862283,
    159.26214926736));
#1708 = CARTESIAN_POINT('',(24.,24.057494862284,159.26214926736));
#1709 = DEFINITIONAL_REPRESENTATION('',(#1710),#1714);
#1710 = LINE('',#1711,#1712);
#1711 = CARTESIAN_POINT('',(0.,0.));
#1712 = VECTOR('',#1713,1.);
#1713 = DIRECTION('',(0.,1.));
#1714 = ( GEOMETRIC_REPRESENTATION_CONTEXT(2) 
PARAMETRIC_REPRESENTATION_CONTEXT() REPRESENTATION_CONTEXT('2D SPACE',''
  ) );
#1715 = ORIENTED_EDGE('',*,*,#1716,.F.);
#1716 = EDGE_CURVE('',#1717,#1629,#1719,.T.);
#1717 = VERTEX_POINT('',#1718);
#1718 = CARTESIAN_POINT('',(39.8,71.96,160.));
#1719 = SURFACE_CURVE('',#1720,(#1724,#1731),.PCURVE_S1.);
#1720 = LINE('',#1721,#1722);
#1721 = CARTESIAN_POINT('',(39.8,72.,160.));
#1722 = VECTOR('',#1723,1.);
#1723 = DIRECTION('',(0.,-1.,0.));
#1724 = PCURVE('',#395,#1725);
#1725 = DEFINITIONAL_REPRESENTATION('',(#1726),#1730);
#1726 = LINE('',#1727,#1728);
#1727 = CARTESIAN_POINT('',(72.,39.8));
#1728 = VECTOR('',#1729,1.);
#1729 = DIRECTION('',(-1.,0.));
#1730 = ( GEOMETRIC_REPRESENTATION_CONTEXT(2) 
PARAMETRIC_REPRESENTATION_CONTEXT() REPRESENTATION_CONTEXT('2D SPACE',''
  ) );
#1731 = PCURVE('',#1732,#1737);
#1732 = CYLINDRICAL_SURFACE('',#1733,0.8);
#1733 = AXIS2_PLACEMENT_3D('',#1734,#1735,#1736);
#1734 = CARTESIAN_POINT('',(39.8,72.,159.2));
#1735 = DIRECTION('',(0.,-1.,0.));
#1736 = DIRECTION('',(-0.,0.,1.));
#1737 = DEFINITIONAL_REPRESENTATION('',(#1738),#1742);
#1738 = LINE('',#1739,#1740);
#1739 = CARTESIAN_POINT('',(0.,0.));
#1740 = VECTOR('',#1741,1.);
#1741 = DIRECTION('',(0.,1.));
#1742 = ( GEOMETRIC_REPRESENTATION_CONTEXT(2) 
PARAMETRIC_REPRESENTATION_CONTEXT() REPRESENTATION_CONTEXT('2D SPACE',''
  ) );
#1743 = ORIENTED_EDGE('',*,*,#1744,.F.);
#1744 = EDGE_CURVE('',#1745,#1717,#1747,.T.);
#1745 = VERTEX_POINT('',#1746);
#1746 = CARTESIAN_POINT('',(24.,87.76099937578,160.));
#1747 = SURFACE_CURVE('',#1748,(#1763,#1781),.PCURVE_S1.);
#1748 = B_SPLINE_CURVE_WITH_KNOTS('',7,(#1749,#1750,#1751,#1752,#1753,
    #1754,#1755,#1756,#1757,#1758,#1759,#1760,#1761,#1762),
  .UNSPECIFIED.,.F.,.F.,(8,6,8),(104.56194490192,128.12388962104,
    128.16388980384),.UNSPECIFIED.);
#1749 = CARTESIAN_POINT('',(23.999999999999,87.76099937578,160.));
#1750 = CARTESIAN_POINT('',(27.536743798629,87.76099937578,160.));
#1751 = CARTESIAN_POINT('',(31.073515432998,86.837252546486,160.));
#1752 = CARTESIAN_POINT('',(34.321577468061,84.990136875898,160.));
#1753 = CARTESIAN_POINT('',(36.991705221306,82.330707153591,160.));
#1754 = CARTESIAN_POINT('',(38.853943905893,79.08659882208,160.));
#1755 = CARTESIAN_POINT('',(39.790942097681,75.54531100947,160.));
#1756 = CARTESIAN_POINT('',(39.799961949262,71.994114589989,160.));
#1757 = CARTESIAN_POINT('',(39.799974561726,71.988609207976,160.));
#1758 = CARTESIAN_POINT('',(39.79998476763,71.982875659781,160.));
#1759 = CARTESIAN_POINT('',(39.799992410455,71.977109599843,160.));
#1760 = CARTESIAN_POINT('',(39.79999744347,71.971443439917,160.));
#1761 = CARTESIAN_POINT('',(39.8,71.965714285714,160.));
#1762 = CARTESIAN_POINT('',(39.8,71.96,160.));
#1763 = PCURVE('',#395,#1764);
#1764 = DEFINITIONAL_REPRESENTATION('',(#1765),#1780);
#1765 = B_SPLINE_CURVE_WITH_KNOTS('',7,(#1766,#1767,#1768,#1769,#1770,
    #1771,#1772,#1773,#1774,#1775,#1776,#1777,#1778,#1779),
  .UNSPECIFIED.,.F.,.F.,(8,6,8),(104.56194490192,128.12388962104,
    128.16388980384),.UNSPECIFIED.);
#1766 = CARTESIAN_POINT('',(87.76099937578,23.999999999999));
#1767 = CARTESIAN_POINT('',(87.76099937578,27.536743798629));
#1768 = CARTESIAN_POINT('',(86.837252546486,31.073515432998));
#1769 = CARTESIAN_POINT('',(84.990136875898,34.321577468061));
#1770 = CARTESIAN_POINT('',(82.330707153591,36.991705221306));
#1771 = CARTESIAN_POINT('',(79.08659882208,38.853943905893));
#1772 = CARTESIAN_POINT('',(75.54531100947,39.790942097681));
#1773 = CARTESIAN_POINT('',(71.994114589989,39.799961949262));
#1774 = CARTESIAN_POINT('',(71.988609207976,39.799974561726));
#1775 = CARTESIAN_POINT('',(71.982875659781,39.79998476763));
#1776 = CARTESIAN_POINT('',(71.977109599843,39.799992410455));
#1777 = CARTESIAN_POINT('',(71.971443439917,39.79999744347));
#1778 = CARTESIAN_POINT('',(71.965714285714,39.8));
#1779 = CARTESIAN_POINT('',(71.96,39.8));
#1780 = ( GEOMETRIC_REPRESENTATION_CONTEXT(2) 
PARAMETRIC_REPRESENTATION_CONTEXT() REPRESENTATION_CONTEXT('2D SPACE',''
  ) );
#1781 = PCURVE('',#1782,#1825);
#1782 = ( BOUNDED_SURFACE() B_SPLINE_SURFACE(2,7,(
    (#1783,#1784,#1785,#1786,#1787,#1788,#1789,#1790,#1791,#1792,#1793
      ,#1794,#1795,#1796)
    ,(#1797,#1798,#1799,#1800,#1801,#1802,#1803,#1804,#1805,#1806,#1807
      ,#1808,#1809,#1810)
    ,(#1811,#1812,#1813,#1814,#1815,#1816,#1817,#1818,#1819,#1820,#1821
      ,#1822,#1823,#1824
)),.UNSPECIFIED.,.F.,.F.,.F.) B_SPLINE_SURFACE_WITH_KNOTS((3,3),(8,6,8),
  (0.,23.601944901924),(104.56194490192,128.12388962104,128.16388980384)
,.UNSPECIFIED.) GEOMETRIC_REPRESENTATION_ITEM() 
RATIONAL_B_SPLINE_SURFACE((
    (1.,1.,1.,1.,1.,1.,1.,1.,1.,1.,1.,1.,1.,1.)
    ,(0.724547312791,0.72454731279,0.723542626074,0.721533723145
      ,0.718629866076,0.715054787016,0.711119963548,0.70714718097
      ,0.707140447765,0.707133714596,0.707126981365,0.707120248026
      ,0.707113514647,0.707106781187)
,(1.,1.,1.,1.,1.,1.,1.,1.,1.,1.,1.,1.,1.,1.
))) REPRESENTATION_ITEM('') SURFACE() );
#1783 = CARTESIAN_POINT('',(23.999999999999,87.76099937578,160.));
#1784 = CARTESIAN_POINT('',(27.536743798629,87.76099937578,160.));
#1785 = CARTESIAN_POINT('',(31.073515432998,86.837252546486,160.));
#1786 = CARTESIAN_POINT('',(34.321577468061,84.990136875898,160.));
#1787 = CARTESIAN_POINT('',(36.991705221306,82.330707153591,160.));
#1788 = CARTESIAN_POINT('',(38.853943905893,79.08659882208,160.));
#1789 = CARTESIAN_POINT('',(39.790942097681,75.54531100947,160.));
#1790 = CARTESIAN_POINT('',(39.799961949262,71.994114589989,160.));
#1791 = CARTESIAN_POINT('',(39.799974561726,71.988609207976,160.));
#1792 = CARTESIAN_POINT('',(39.79998476763,71.982875659781,160.));
#1793 = CARTESIAN_POINT('',(39.799992410455,71.977109599843,160.));
#1794 = CARTESIAN_POINT('',(39.79999744347,71.971443439917,160.));
#1795 = CARTESIAN_POINT('',(39.8,71.965714285714,160.));
#1796 = CARTESIAN_POINT('',(39.8,71.96,160.));
#1797 = CARTESIAN_POINT('',(24.,87.,160.));
#1798 = CARTESIAN_POINT('',(27.365976719784,87.,160.));
#1799 = CARTESIAN_POINT('',(30.741269748111,86.117495164991,160.));
#1800 = CARTESIAN_POINT('',(33.842808633757,84.34565453981,160.));
#1801 = CARTESIAN_POINT('',(36.378545014059,81.793541870453,160.));
#1802 = CARTESIAN_POINT('',(38.128435835231,78.701420103339,160.));
#1803 = CARTESIAN_POINT('',(39.000052123289,75.347216050173,160.));
#1804 = CARTESIAN_POINT('',(39.000053321456,71.994285648253,160.));
#1805 = CARTESIAN_POINT('',(39.000050783567,71.988571340855,160.));
#1806 = CARTESIAN_POINT('',(39.000045706134,71.982857035401,160.));
#1807 = CARTESIAN_POINT('',(39.000038089051,71.977142745949,160.));
#1808 = CARTESIAN_POINT('',(39.000027932275,71.971428481777,160.));
#1809 = CARTESIAN_POINT('',(39.000015235938,71.9657142313,160.));
#1810 = CARTESIAN_POINT('',(39.,71.96,160.));
#1811 = CARTESIAN_POINT('',(24.,86.961997504678,159.23995009355));
#1812 = CARTESIAN_POINT('',(27.357449018813,86.961997504678,
    159.23995009355));
#1813 = CARTESIAN_POINT('',(30.714931286463,86.085072428119,
    159.23762064292));
#1814 = CARTESIAN_POINT('',(33.798295793433,84.331603566443,
    159.23296309283));
#1815 = CARTESIAN_POINT('',(36.333130042748,81.807016007882,
    159.22625006298));
#1816 = CARTESIAN_POINT('',(38.100970398174,78.72750722029,
    159.21804418526));
#1817 = CARTESIAN_POINT('',(38.990973130803,75.365963402146,
    159.20908139681));
#1818 = CARTESIAN_POINT('',(38.999961914792,71.994285728008,
    159.20009141681));
#1819 = CARTESIAN_POINT('',(38.999974609927,71.988571421108,
    159.20007618046));
#1820 = CARTESIAN_POINT('',(38.999984765948,71.982857141766,
    159.20006094436));
#1821 = CARTESIAN_POINT('',(38.999992382957,71.977142862044,
    159.20004570829));
#1822 = CARTESIAN_POINT('',(38.999997461,71.971428568956,159.20003047214
    ));
#1823 = CARTESIAN_POINT('',(39.,71.965714285714,159.20001523608));
#1824 = CARTESIAN_POINT('',(39.,71.96,159.2));
#1825 = DEFINITIONAL_REPRESENTATION('',(#1826),#1830);
#1826 = LINE('',#1827,#1828);
#1827 = CARTESIAN_POINT('',(0.,0.));
#1828 = VECTOR('',#1829,1.);
#1829 = DIRECTION('',(0.,1.));
#1830 = ( GEOMETRIC_REPRESENTATION_CONTEXT(2) 
PARAMETRIC_REPRESENTATION_CONTEXT() REPRESENTATION_CONTEXT('2D SPACE',''
  ) );
#1831 = ORIENTED_EDGE('',*,*,#1832,.F.);
#1832 = EDGE_CURVE('',#1833,#1745,#1835,.T.);
#1833 = VERTEX_POINT('',#1834);
#1834 = CARTESIAN_POINT('',(-24.,87.76099937578,160.));
#1835 = SURFACE_CURVE('',#1836,(#1840,#1847),.PCURVE_S1.);
#1836 = LINE('',#1837,#1838);
#1837 = CARTESIAN_POINT('',(-24.,87.76099937578,160.));
#1838 = VECTOR('',#1839,1.);
#1839 = DIRECTION('',(1.,0.,0.));
#1840 = PCURVE('',#395,#1841);
#1841 = DEFINITIONAL_REPRESENTATION('',(#1842),#1846);
#1842 = LINE('',#1843,#1844);
#1843 = CARTESIAN_POINT('',(87.76099937578,-24.));
#1844 = VECTOR('',#1845,1.);
#1845 = DIRECTION('',(0.,1.));
#1846 = ( GEOMETRIC_REPRESENTATION_CONTEXT(2) 
PARAMETRIC_REPRESENTATION_CONTEXT() REPRESENTATION_CONTEXT('2D SPACE',''
  ) );
#1847 = PCURVE('',#1848,#1853);
#1848 = CYLINDRICAL_SURFACE('',#1849,0.8);
#1849 = AXIS2_PLACEMENT_3D('',#1850,#1851,#1852);
#1850 = CARTESIAN_POINT('',(-24.,87.76099937578,159.2));
#1851 = DIRECTION('',(1.,0.,0.));
#1852 = DIRECTION('',(0.,-0.,1.));
#1853 = DEFINITIONAL_REPRESENTATION('',(#1854),#1858);
#1854 = LINE('',#1855,#1856);
#1855 = CARTESIAN_POINT('',(0.,0.));
#1856 = VECTOR('',#1857,1.);
#1857 = DIRECTION('',(0.,1.));
#1858 = ( GEOMETRIC_REPRESENTATION_CONTEXT(2) 
PARAMETRIC_REPRESENTATION_CONTEXT() REPRESENTATION_CONTEXT('2D SPACE',''
  ) );
#1859 = ORIENTED_EDGE('',*,*,#1860,.F.);
#1860 = EDGE_CURVE('',#1485,#1833,#1861,.T.);
#1861 = SURFACE_CURVE('',#1862,(#1877,#1895),.PCURVE_S1.);
#1862 = B_SPLINE_CURVE_WITH_KNOTS('',7,(#1863,#1864,#1865,#1866,#1867,
    #1868,#1869,#1870,#1871,#1872,#1873,#1874,#1875,#1876),
  .UNSPECIFIED.,.F.,.F.,(8,6,8),(32.96,33.000000182805,56.561944901867),
  .UNSPECIFIED.);
#1863 = CARTESIAN_POINT('',(-39.8,71.96,160.));
#1864 = CARTESIAN_POINT('',(-39.8,71.965714285714,160.));
#1865 = CARTESIAN_POINT('',(-39.79999744347,71.971443439917,160.));
#1866 = CARTESIAN_POINT('',(-39.79999241045,71.977109599843,160.));
#1867 = CARTESIAN_POINT('',(-39.79998476763,71.982875659781,160.));
#1868 = CARTESIAN_POINT('',(-39.79997456172,71.988609207976,160.));
#1869 = CARTESIAN_POINT('',(-39.79996194926,71.994114589988,160.));
#1870 = CARTESIAN_POINT('',(-39.79094209768,75.54531100946,160.));
#1871 = CARTESIAN_POINT('',(-38.85394390589,79.086598822084,160.));
#1872 = CARTESIAN_POINT('',(-36.9917052213,82.330707153591,160.));
#1873 = CARTESIAN_POINT('',(-34.32157746806,84.990136875894,160.));
#1874 = CARTESIAN_POINT('',(-31.073515433,86.837252546489,160.));
#1875 = CARTESIAN_POINT('',(-27.53674379862,87.760999375779,160.));
#1876 = CARTESIAN_POINT('',(-24.,87.76099937578,160.));
#1877 = PCURVE('',#395,#1878);
#1878 = DEFINITIONAL_REPRESENTATION('',(#1879),#1894);
#1879 = B_SPLINE_CURVE_WITH_KNOTS('',7,(#1880,#1881,#1882,#1883,#1884,
    #1885,#1886,#1887,#1888,#1889,#1890,#1891,#1892,#1893),
  .UNSPECIFIED.,.F.,.F.,(8,6,8),(32.96,33.000000182805,56.561944901867),
  .UNSPECIFIED.);
#1880 = CARTESIAN_POINT('',(71.96,-39.8));
#1881 = CARTESIAN_POINT('',(71.965714285714,-39.8));
#1882 = CARTESIAN_POINT('',(71.971443439917,-39.79999744347));
#1883 = CARTESIAN_POINT('',(71.977109599843,-39.79999241045));
#1884 = CARTESIAN_POINT('',(71.982875659781,-39.79998476763));
#1885 = CARTESIAN_POINT('',(71.988609207976,-39.79997456172));
#1886 = CARTESIAN_POINT('',(71.994114589988,-39.79996194926));
#1887 = CARTESIAN_POINT('',(75.54531100946,-39.79094209768));
#1888 = CARTESIAN_POINT('',(79.086598822084,-38.85394390589));
#1889 = CARTESIAN_POINT('',(82.330707153591,-36.9917052213));
#1890 = CARTESIAN_POINT('',(84.990136875894,-34.32157746806));
#1891 = CARTESIAN_POINT('',(86.837252546489,-31.073515433));
#1892 = CARTESIAN_POINT('',(87.760999375779,-27.53674379862));
#1893 = CARTESIAN_POINT('',(87.76099937578,-24.));
#1894 = ( GEOMETRIC_REPRESENTATION_CONTEXT(2) 
PARAMETRIC_REPRESENTATION_CONTEXT() REPRESENTATION_CONTEXT('2D SPACE',''
  ) );
#1895 = PCURVE('',#1896,#1939);
#1896 = ( BOUNDED_SURFACE() B_SPLINE_SURFACE(2,7,(
    (#1897,#1898,#1899,#1900,#1901,#1902,#1903,#1904,#1905,#1906,#1907
      ,#1908,#1909,#1910)
    ,(#1911,#1912,#1913,#1914,#1915,#1916,#1917,#1918,#1919,#1920,#1921
      ,#1922,#1923,#1924)
    ,(#1925,#1926,#1927,#1928,#1929,#1930,#1931,#1932,#1933,#1934,#1935
      ,#1936,#1937,#1938
)),.UNSPECIFIED.,.F.,.F.,.F.) B_SPLINE_SURFACE_WITH_KNOTS((3,3),(8,6,8),
  (0.,23.601944901867),(32.96,33.000000182805,56.561944901867),
.UNSPECIFIED.) GEOMETRIC_REPRESENTATION_ITEM() RATIONAL_B_SPLINE_SURFACE
((
    (1.,1.,1.,1.,1.,1.,1.,1.,1.,1.,1.,1.,1.,1.)
    ,(0.707106781187,0.707113514647,0.707120248026,0.707126981365
      ,0.707133714596,0.707140447765,0.70714718097,0.711119963548
      ,0.715054787016,0.718629866076,0.721533723145,0.723542626074
      ,0.724547312791,0.724547312791)
,(1.,1.,1.,1.,1.,1.,1.,1.,1.,1.,1.,1.,1.,1.
))) REPRESENTATION_ITEM('') SURFACE() );
#1897 = CARTESIAN_POINT('',(-39.8,71.96,160.));
#1898 = CARTESIAN_POINT('',(-39.8,71.965714285714,160.));
#1899 = CARTESIAN_POINT('',(-39.79999744347,71.971443439917,160.));
#1900 = CARTESIAN_POINT('',(-39.79999241045,71.977109599843,160.));
#1901 = CARTESIAN_POINT('',(-39.79998476763,71.982875659781,160.));
#1902 = CARTESIAN_POINT('',(-39.79997456172,71.988609207976,160.));
#1903 = CARTESIAN_POINT('',(-39.79996194926,71.994114589988,160.));
#1904 = CARTESIAN_POINT('',(-39.79094209768,75.54531100946,160.));
#1905 = CARTESIAN_POINT('',(-38.85394390589,79.086598822084,160.));
#1906 = CARTESIAN_POINT('',(-36.9917052213,82.330707153591,160.));
#1907 = CARTESIAN_POINT('',(-34.32157746806,84.990136875894,160.));
#1908 = CARTESIAN_POINT('',(-31.073515433,86.837252546489,160.));
#1909 = CARTESIAN_POINT('',(-27.53674379862,87.760999375779,160.));
#1910 = CARTESIAN_POINT('',(-24.,87.76099937578,160.));
#1911 = CARTESIAN_POINT('',(-39.,71.96,160.));
#1912 = CARTESIAN_POINT('',(-39.00001523593,71.9657142313,160.));
#1913 = CARTESIAN_POINT('',(-39.00002793227,71.971428481777,160.));
#1914 = CARTESIAN_POINT('',(-39.00003808905,71.977142745949,160.));
#1915 = CARTESIAN_POINT('',(-39.00004570613,71.982857035402,160.));
#1916 = CARTESIAN_POINT('',(-39.00005078356,71.988571340855,160.));
#1917 = CARTESIAN_POINT('',(-39.00005332145,71.994285648253,160.));
#1918 = CARTESIAN_POINT('',(-39.00005212328,75.347216050162,160.));
#1919 = CARTESIAN_POINT('',(-38.12843583523,78.701420103346,160.));
#1920 = CARTESIAN_POINT('',(-36.37854501405,81.79354187045,160.));
#1921 = CARTESIAN_POINT('',(-33.84280863375,84.345654539809,160.));
#1922 = CARTESIAN_POINT('',(-30.74126974811,86.117495164992,160.));
#1923 = CARTESIAN_POINT('',(-27.36597671978,86.999999999999,160.));
#1924 = CARTESIAN_POINT('',(-24.,87.,160.));
#1925 = CARTESIAN_POINT('',(-39.,71.96,159.2));
#1926 = CARTESIAN_POINT('',(-39.,71.965714285714,159.20001523608));
#1927 = CARTESIAN_POINT('',(-38.999997461,71.971428568956,
    159.20003047214));
#1928 = CARTESIAN_POINT('',(-38.99999238295,71.977142862044,
    159.20004570829));
#1929 = CARTESIAN_POINT('',(-38.99998476594,71.982857141766,
    159.20006094436));
#1930 = CARTESIAN_POINT('',(-38.99997460992,71.988571421108,
    159.20007618046));
#1931 = CARTESIAN_POINT('',(-38.99996191479,71.994285728008,
    159.20009141681));
#1932 = CARTESIAN_POINT('',(-38.9909731308,75.365963402134,
    159.20908139681));
#1933 = CARTESIAN_POINT('',(-38.10097039817,78.7275072203,
    159.21804418526));
#1934 = CARTESIAN_POINT('',(-36.33313004274,81.807016007876,
    159.22625006298));
#1935 = CARTESIAN_POINT('',(-33.79829579343,84.331603566445,
    159.23296309283));
#1936 = CARTESIAN_POINT('',(-30.71493128645,86.085072428119,
    159.23762064292));
#1937 = CARTESIAN_POINT('',(-27.35744901881,86.961997504677,
    159.23995009355));
#1938 = CARTESIAN_POINT('',(-24.,86.961997504678,159.23995009355));
#1939 = DEFINITIONAL_REPRESENTATION('',(#1940),#1944);
#1940 = LINE('',#1941,#1942);
#1941 = CARTESIAN_POINT('',(0.,0.));
#1942 = VECTOR('',#1943,1.);
#1943 = DIRECTION('',(0.,1.));
#1944 = ( GEOMETRIC_REPRESENTATION_CONTEXT(2) 
PARAMETRIC_REPRESENTATION_CONTEXT() REPRESENTATION_CONTEXT('2D SPACE',''
  ) );
#1945 = ADVANCED_FACE('',(#1946),#421,.T.);
#1946 = FACE_BOUND('',#1947,.T.);
#1947 = EDGE_LOOP('',(#1948,#1949,#1950,#1977));
#1948 = ORIENTED_EDGE('',*,*,#407,.T.);
#1949 = ORIENTED_EDGE('',*,*,#1231,.T.);
#1950 = ORIENTED_EDGE('',*,*,#1951,.F.);
#1951 = EDGE_CURVE('',#701,#1232,#1952,.T.);
#1952 = SURFACE_CURVE('',#1953,(#1957,#1963),.PCURVE_S1.);
#1953 = ( BOUNDED_CURVE() B_SPLINE_CURVE(2,(#1954,#1955,#1956),
.UNSPECIFIED.,.F.,.F.) B_SPLINE_CURVE_WITH_KNOTS((3,3),(0.,
28.331997066105),.PIECEWISE_BEZIER_KNOTS.) CURVE() 
GEOMETRIC_REPRESENTATION_ITEM() RATIONAL_B_SPLINE_CURVE((1.,
0.707106781187,1.)) REPRESENTATION_ITEM('') );
#1954 = CARTESIAN_POINT('',(42.,71.937514044949,159.2));
#1955 = CARTESIAN_POINT('',(42.,71.937514044949,160.));
#1956 = CARTESIAN_POINT('',(41.2,71.937514044949,160.));
#1957 = PCURVE('',#421,#1958);
#1958 = DEFINITIONAL_REPRESENTATION('',(#1959),#1962);
#1959 = B_SPLINE_CURVE_WITH_KNOTS('',1,(#1960,#1961),.UNSPECIFIED.,.F.,
  .F.,(2,2),(0.,28.331997066105),.PIECEWISE_BEZIER_KNOTS.);
#1960 = CARTESIAN_POINT('',(0.,76.331997066105));
#1961 = CARTESIAN_POINT('',(28.331997066105,76.331997066105));
#1962 = ( GEOMETRIC_REPRESENTATION_CONTEXT(2) 
PARAMETRIC_REPRESENTATION_CONTEXT() REPRESENTATION_CONTEXT('2D SPACE',''
  ) );
#1963 = PCURVE('',#1292,#1964);
#1964 = DEFINITIONAL_REPRESENTATION('',(#1965),#1976);
#1965 = B_SPLINE_CURVE_WITH_KNOTS('',9,(#1966,#1967,#1968,#1969,#1970,
    #1971,#1972,#1973,#1974,#1975),.UNSPECIFIED.,.F.,.F.,(10,10),(0.,
    28.331997066105),.PIECEWISE_BEZIER_KNOTS.);
#1966 = CARTESIAN_POINT('',(-2.22044604925E-16,4.E-02));
#1967 = CARTESIAN_POINT('',(0.157134840264,4.E-02));
#1968 = CARTESIAN_POINT('',(0.325774716821,4.E-02));
#1969 = CARTESIAN_POINT('',(0.50456638687,4.E-02));
#1970 = CARTESIAN_POINT('',(0.690744851613,4.000000000001E-02));
#1971 = CARTESIAN_POINT('',(0.880051475182,4.E-02));
#1972 = CARTESIAN_POINT('',(1.066229939925,4.000000000001E-02));
#1973 = CARTESIAN_POINT('',(1.245021609974,4.E-02));
#1974 = CARTESIAN_POINT('',(1.413661486531,4.E-02));
#1975 = CARTESIAN_POINT('',(1.570796326795,4.E-02));
#1976 = ( GEOMETRIC_REPRESENTATION_CONTEXT(2) 
PARAMETRIC_REPRESENTATION_CONTEXT() REPRESENTATION_CONTEXT('2D SPACE',''
  ) );
#1977 = ORIENTED_EDGE('',*,*,#700,.F.);
#1978 = ADVANCED_FACE('',(#1979),#655,.F.);
#1979 = FACE_BOUND('',#1980,.F.);
#1980 = EDGE_LOOP('',(#1981,#2011,#2032,#2033,#2034,#2057));
#1981 = ORIENTED_EDGE('',*,*,#1982,.T.);
#1982 = EDGE_CURVE('',#1983,#1985,#1987,.T.);
#1983 = VERTEX_POINT('',#1984);
#1984 = CARTESIAN_POINT('',(42.,10.550346777718,131.49023672636));
#1985 = VERTEX_POINT('',#1986);
#1986 = CARTESIAN_POINT('',(42.,18.495993536902,159.2));
#1987 = SURFACE_CURVE('',#1988,(#1992,#1999),.PCURVE_S1.);
#1988 = LINE('',#1989,#1990);
#1989 = CARTESIAN_POINT('',(42.,4.112422781985,109.03852759529));
#1990 = VECTOR('',#1991,1.);
#1991 = DIRECTION('',(0.,0.275637355817,0.961261695938));
#1992 = PCURVE('',#655,#1993);
#1993 = DEFINITIONAL_REPRESENTATION('',(#1994),#1998);
#1994 = LINE('',#1995,#1996);
#1995 = CARTESIAN_POINT('',(36.515053876602,27.674983067654));
#1996 = VECTOR('',#1997,1.);
#1997 = DIRECTION('',(-0.275637355817,0.961261695938));
#1998 = ( GEOMETRIC_REPRESENTATION_CONTEXT(2) 
PARAMETRIC_REPRESENTATION_CONTEXT() REPRESENTATION_CONTEXT('2D SPACE',''
  ) );
#1999 = PCURVE('',#2000,#2005);
#2000 = CYLINDRICAL_SURFACE('',#2001,18.);
#2001 = AXIS2_PLACEMENT_3D('',#2002,#2003,#2004);
#2002 = CARTESIAN_POINT('',(24.,4.112422781985,109.03852759529));
#2003 = DIRECTION('',(0.,0.275637355817,0.961261695938));
#2004 = DIRECTION('',(0.,-0.961261695938,0.275637355817));
#2005 = DEFINITIONAL_REPRESENTATION('',(#2006),#2010);
#2006 = LINE('',#2007,#2008);
#2007 = CARTESIAN_POINT('',(1.570796326795,0.));
#2008 = VECTOR('',#2009,1.);
#2009 = DIRECTION('',(0.,1.));
#2010 = ( GEOMETRIC_REPRESENTATION_CONTEXT(2) 
PARAMETRIC_REPRESENTATION_CONTEXT() REPRESENTATION_CONTEXT('2D SPACE',''
  ) );
#2011 = ORIENTED_EDGE('',*,*,#2012,.F.);
#2012 = EDGE_CURVE('',#701,#1985,#2013,.T.);
#2013 = SURFACE_CURVE('',#2014,(#2018,#2025),.PCURVE_S1.);
#2014 = LINE('',#2015,#2016);
#2015 = CARTESIAN_POINT('',(42.,71.977514044949,159.2));
#2016 = VECTOR('',#2017,1.);
#2017 = DIRECTION('',(-0.,-1.,-0.));
#2018 = PCURVE('',#655,#2019);
#2019 = DEFINITIONAL_REPRESENTATION('',(#2020),#2024);
#2020 = LINE('',#2021,#2022);
#2021 = CARTESIAN_POINT('',(-31.35003738636,77.836455472364));
#2022 = VECTOR('',#2023,1.);
#2023 = DIRECTION('',(1.,0.));
#2024 = ( GEOMETRIC_REPRESENTATION_CONTEXT(2) 
PARAMETRIC_REPRESENTATION_CONTEXT() REPRESENTATION_CONTEXT('2D SPACE',''
  ) );
#2025 = PCURVE('',#1292,#2026);
#2026 = DEFINITIONAL_REPRESENTATION('',(#2027),#2031);
#2027 = LINE('',#2028,#2029);
#2028 = CARTESIAN_POINT('',(0.,0.));
#2029 = VECTOR('',#2030,1.);
#2030 = DIRECTION('',(0.,1.));
#2031 = ( GEOMETRIC_REPRESENTATION_CONTEXT(2) 
PARAMETRIC_REPRESENTATION_CONTEXT() REPRESENTATION_CONTEXT('2D SPACE',''
  ) );
#2032 = ORIENTED_EDGE('',*,*,#740,.T.);
#2033 = ORIENTED_EDGE('',*,*,#639,.T.);
#2034 = ORIENTED_EDGE('',*,*,#2035,.T.);
#2035 = EDGE_CURVE('',#607,#2036,#2038,.T.);
#2036 = VERTEX_POINT('',#2037);
#2037 = CARTESIAN_POINT('',(42.,35.832540353069,77.026841276131));
#2038 = SURFACE_CURVE('',#2039,(#2043,#2050),.PCURVE_S1.);
#2039 = LINE('',#2040,#2041);
#2040 = CARTESIAN_POINT('',(42.,7.002034287711,-5.91023096668));
#2041 = VECTOR('',#2042,1.);
#2042 = DIRECTION('',(0.,0.328346164816,0.944557460428));
#2043 = PCURVE('',#655,#2044);
#2044 = DEFINITIONAL_REPRESENTATION('',(#2045),#2049);
#2045 = LINE('',#2046,#2047);
#2046 = CARTESIAN_POINT('',(33.625442370876,-87.27377549431));
#2047 = VECTOR('',#2048,1.);
#2048 = DIRECTION('',(-0.328346164816,0.944557460428));
#2049 = ( GEOMETRIC_REPRESENTATION_CONTEXT(2) 
PARAMETRIC_REPRESENTATION_CONTEXT() REPRESENTATION_CONTEXT('2D SPACE',''
  ) );
#2050 = PCURVE('',#623,#2051);
#2051 = DEFINITIONAL_REPRESENTATION('',(#2052),#2056);
#2052 = LINE('',#2053,#2054);
#2053 = CARTESIAN_POINT('',(1.570796326795,0.));
#2054 = VECTOR('',#2055,1.);
#2055 = DIRECTION('',(0.,1.));
#2056 = ( GEOMETRIC_REPRESENTATION_CONTEXT(2) 
PARAMETRIC_REPRESENTATION_CONTEXT() REPRESENTATION_CONTEXT('2D SPACE',''
  ) );
#2057 = ORIENTED_EDGE('',*,*,#2058,.T.);
#2058 = EDGE_CURVE('',#2036,#1983,#2059,.T.);
#2059 = SURFACE_CURVE('',#2060,(#2113,#2169),.PCURVE_S1.);
#2060 = B_SPLINE_CURVE_WITH_KNOTS('',11,(#2061,#2062,#2063,#2064,#2065,
    #2066,#2067,#2068,#2069,#2070,#2071,#2072,#2073,#2074,#2075,#2076,
    #2077,#2078,#2079,#2080,#2081,#2082,#2083,#2084,#2085,#2086,#2087,
    #2088,#2089,#2090,#2091,#2092,#2093,#2094,#2095,#2096,#2097,#2098,
    #2099,#2100,#2101,#2102,#2103,#2104,#2105,#2106,#2107,#2108,#2109,
    #2110,#2111,#2112),.UNSPECIFIED.,.F.,.F.,(12,10,10,10,10,12),(
    -13.3243456672,0.,15.372198207036,30.744396414072,61.488792828143,
    64.089021524346),.UNSPECIFIED.);
#2061 = CARTESIAN_POINT('',(42.,17.251314414806,48.347069129967));
#2062 = CARTESIAN_POINT('',(42.000000000002,19.428498973443,
    51.17709737208));
#2063 = CARTESIAN_POINT('',(41.99999999999,21.492623951716,
    53.933416036801));
#2064 = CARTESIAN_POINT('',(42.000000000025,23.445202736508,
    56.617978514124));
#2065 = CARTESIAN_POINT('',(41.999999999956,25.28791425648,
    59.233104333535));
#2066 = CARTESIAN_POINT('',(42.000000000057,27.022644263051,
    61.781593815456));
#2067 = CARTESIAN_POINT('',(41.999999999944,28.651469060723,
    64.266819411345));
#2068 = CARTESIAN_POINT('',(42.000000000041,30.176581689342,
    66.692793736748));
#2069 = CARTESIAN_POINT('',(41.999999999978,31.600160554887,
    69.064214291676));
#2070 = CARTESIAN_POINT('',(42.000000000008,32.924180512486,
    71.386484874363));
#2071 = CARTESIAN_POINT('',(41.999999999998,34.150166398336,
    73.665713683031));
#2072 = CARTESIAN_POINT('',(42.000000000002,36.581087874131,
    78.496390974674));
#2073 = CARTESIAN_POINT('',(41.999999999994,37.753829492425,
    81.035782493093));
#2074 = CARTESIAN_POINT('',(42.000000000017,38.799085225906,
    83.539259866999));
#2075 = CARTESIAN_POINT('',(41.999999999967,39.717771553916,
    86.020276551492));
#2076 = CARTESIAN_POINT('',(42.000000000046,40.507927697739,
    88.495356010557));
#2077 = CARTESIAN_POINT('',(41.999999999953,41.164547583607,
    90.981722127051));
#2078 = CARTESIAN_POINT('',(42.000000000035,41.677821382182,
    93.497909367863));
#2079 = CARTESIAN_POINT('',(41.99999999998,42.0294809817,96.063179865699
    ));
#2080 = CARTESIAN_POINT('',(42.000000000008,42.189856263228,
    98.689555308791));
#2081 = CARTESIAN_POINT('',(41.999999999998,42.12113491045,
    101.3677688423));
#2082 = CARTESIAN_POINT('',(42.000000000001,41.469220568476,
    106.76314349482));
#2083 = CARTESIAN_POINT('',(41.999999999995,40.886156069578,
    109.4803362333));
#2084 = CARTESIAN_POINT('',(42.000000000011,40.016231327872,
    112.18482541722));
#2085 = CARTESIAN_POINT('',(41.999999999982,38.844590942523,
    114.82115800567));
#2086 = CARTESIAN_POINT('',(42.000000000021,37.36289306293,
    117.31439040436));
#2087 = CARTESIAN_POINT('',(41.99999999998,35.629893319216,
    119.56469476968));
#2088 = CARTESIAN_POINT('',(42.000000000015,33.739691078674,
    121.52969565977));
#2089 = CARTESIAN_POINT('',(41.999999999992,31.765748338316,
    123.22973396286));
#2090 = CARTESIAN_POINT('',(42.000000000003,29.751283212349,
    124.68055296977));
#2091 = CARTESIAN_POINT('',(41.999999999999,27.729454335343,
    125.91562006569));
#2092 = CARTESIAN_POINT('',(42.000000000001,21.692500949275,
    129.06039687918));
#2093 = CARTESIAN_POINT('',(41.999999999995,17.706188840163,
    130.41009369025));
#2094 = CARTESIAN_POINT('',(42.000000000012,13.901659754424,
    131.2513567986));
#2095 = CARTESIAN_POINT('',(41.99999999998,10.208921660014,
    131.82107402535));
#2096 = CARTESIAN_POINT('',(42.000000000026,6.563450794142,
    132.15083788564));
#2097 = CARTESIAN_POINT('',(41.999999999975,2.981450355445,
    132.33267759334));
#2098 = CARTESIAN_POINT('',(42.000000000019,-0.568093018394,
    132.38354929492));
#2099 = CARTESIAN_POINT('',(41.999999999989,-4.056035420075,
    132.34906072401));
#2100 = CARTESIAN_POINT('',(42.000000000004,-7.473719166552,
    132.25265772626));
#2101 = CARTESIAN_POINT('',(41.999999999999,-10.79240814192,
    132.12253442346));
#2102 = CARTESIAN_POINT('',(42.,-14.24887551427,131.97087037204));
#2103 = CARTESIAN_POINT('',(42.,-14.51841237724,131.95904354186));
#2104 = CARTESIAN_POINT('',(42.,-14.78794924021,131.94721671168));
#2105 = CARTESIAN_POINT('',(42.,-15.05748610317,131.9353898815));
#2106 = CARTESIAN_POINT('',(42.,-15.32702296614,131.92356305131));
#2107 = CARTESIAN_POINT('',(42.,-15.59655982911,131.91173622113));
#2108 = CARTESIAN_POINT('',(42.,-15.86609669208,131.89990939095));
#2109 = CARTESIAN_POINT('',(42.,-16.13563355505,131.88808256077));
#2110 = CARTESIAN_POINT('',(42.,-16.40517041802,131.87625573058));
#2111 = CARTESIAN_POINT('',(42.,-16.67470728098,131.8644289004));
#2112 = CARTESIAN_POINT('',(42.,-16.94424414395,131.85260207022));
#2113 = PCURVE('',#655,#2114);
#2114 = DEFINITIONAL_REPRESENTATION('',(#2115),#2168);
#2115 = B_SPLINE_CURVE_WITH_KNOTS('',11,(#2116,#2117,#2118,#2119,#2120,
    #2121,#2122,#2123,#2124,#2125,#2126,#2127,#2128,#2129,#2130,#2131,
    #2132,#2133,#2134,#2135,#2136,#2137,#2138,#2139,#2140,#2141,#2142,
    #2143,#2144,#2145,#2146,#2147,#2148,#2149,#2150,#2151,#2152,#2153,
    #2154,#2155,#2156,#2157,#2158,#2159,#2160,#2161,#2162,#2163,#2164,
    #2165,#2166,#2167),.UNSPECIFIED.,.F.,.F.,(12,10,10,10,10,12),(
    -13.3243456672,0.,15.372198207036,30.744396414072,61.488792828143,
    64.089021524346),.UNSPECIFIED.);
#2116 = CARTESIAN_POINT('',(23.376162243781,-33.01647539766));
#2117 = CARTESIAN_POINT('',(21.198977685144,-30.18644715555));
#2118 = CARTESIAN_POINT('',(19.134852706871,-27.43012849083));
#2119 = CARTESIAN_POINT('',(17.182273922079,-24.74556601351));
#2120 = CARTESIAN_POINT('',(15.339562402107,-22.1304401941));
#2121 = CARTESIAN_POINT('',(13.604832395536,-19.58195071218));
#2122 = CARTESIAN_POINT('',(11.976007597864,-17.09672511629));
#2123 = CARTESIAN_POINT('',(10.450894969245,-14.67075079088));
#2124 = CARTESIAN_POINT('',(9.0273161037,-12.29933023596));
#2125 = CARTESIAN_POINT('',(7.703296146101,-9.977059653273));
#2126 = CARTESIAN_POINT('',(6.477310260251,-7.697830844605));
#2127 = CARTESIAN_POINT('',(4.046388784456,-2.867153552962));
#2128 = CARTESIAN_POINT('',(2.873647166162,-0.327762034543));
#2129 = CARTESIAN_POINT('',(1.828391432681,2.175715339363));
#2130 = CARTESIAN_POINT('',(0.909705104671,4.656732023856));
#2131 = CARTESIAN_POINT('',(0.119548960848,7.131811482921));
#2132 = CARTESIAN_POINT('',(-0.53707092502,9.618177599415));
#2133 = CARTESIAN_POINT('',(-1.050344723595,12.134364840227));
#2134 = CARTESIAN_POINT('',(-1.402004323113,14.699635338063));
#2135 = CARTESIAN_POINT('',(-1.562379604641,17.326010781155));
#2136 = CARTESIAN_POINT('',(-1.493658251863,20.004224314664));
#2137 = CARTESIAN_POINT('',(-0.841743909889,25.399598967184));
#2138 = CARTESIAN_POINT('',(-0.258679410991,28.116791705664));
#2139 = CARTESIAN_POINT('',(0.611245330715,30.821280889584));
#2140 = CARTESIAN_POINT('',(1.782885716064,33.457613478034));
#2141 = CARTESIAN_POINT('',(3.264583595657,35.950845876724));
#2142 = CARTESIAN_POINT('',(4.997583339371,38.201150242044));
#2143 = CARTESIAN_POINT('',(6.887785579913,40.166151132134));
#2144 = CARTESIAN_POINT('',(8.861728320271,41.866189435224));
#2145 = CARTESIAN_POINT('',(10.876193446238,43.317008442134));
#2146 = CARTESIAN_POINT('',(12.898022323244,44.552075538054));
#2147 = CARTESIAN_POINT('',(18.934975709312,47.696852351544));
#2148 = CARTESIAN_POINT('',(22.921287818424,49.046549162614));
#2149 = CARTESIAN_POINT('',(26.725816904163,49.887812270964));
#2150 = CARTESIAN_POINT('',(30.418554998573,50.457529497714));
#2151 = CARTESIAN_POINT('',(34.064025864445,50.787293358004));
#2152 = CARTESIAN_POINT('',(37.646026303142,50.969133065704));
#2153 = CARTESIAN_POINT('',(41.195569676981,51.020004767284));
#2154 = CARTESIAN_POINT('',(44.683512078662,50.985516196374));
#2155 = CARTESIAN_POINT('',(48.101195825139,50.889113198624));
#2156 = CARTESIAN_POINT('',(51.419884800507,50.758989895824));
#2157 = CARTESIAN_POINT('',(54.876352172857,50.607325844404));
#2158 = CARTESIAN_POINT('',(55.145889035827,50.595499014224));
#2159 = CARTESIAN_POINT('',(55.415425898797,50.583672184044));
#2160 = CARTESIAN_POINT('',(55.684962761757,50.571845353864));
#2161 = CARTESIAN_POINT('',(55.954499624727,50.560018523674));
#2162 = CARTESIAN_POINT('',(56.224036487697,50.548191693494));
#2163 = CARTESIAN_POINT('',(56.493573350667,50.536364863314));
#2164 = CARTESIAN_POINT('',(56.763110213637,50.524538033134));
#2165 = CARTESIAN_POINT('',(57.032647076607,50.512711202944));
#2166 = CARTESIAN_POINT('',(57.302183939567,50.500884372764));
#2167 = CARTESIAN_POINT('',(57.571720802537,50.489057542584));
#2168 = ( GEOMETRIC_REPRESENTATION_CONTEXT(2) 
PARAMETRIC_REPRESENTATION_CONTEXT() REPRESENTATION_CONTEXT('2D SPACE',''
  ) );
#2169 = PCURVE('',#2170,#2327);
#2170 = ( BOUNDED_SURFACE() B_SPLINE_SURFACE(2,11,(
    (#2171,#2172,#2173,#2174,#2175,#2176,#2177,#2178,#2179,#2180,#2181
      ,#2182,#2183,#2184,#2185,#2186,#2187,#2188,#2189,#2190,#2191,#2192
      ,#2193,#2194,#2195,#2196,#2197,#2198,#2199,#2200,#2201,#2202,#2203
      ,#2204,#2205,#2206,#2207,#2208,#2209,#2210,#2211,#2212,#2213,#2214
      ,#2215,#2216,#2217,#2218,#2219,#2220,#2221,#2222)
    ,(#2223,#2224,#2225,#2226,#2227,#2228,#2229,#2230,#2231,#2232,#2233
      ,#2234,#2235,#2236,#2237,#2238,#2239,#2240,#2241,#2242,#2243,#2244
      ,#2245,#2246,#2247,#2248,#2249,#2250,#2251,#2252,#2253,#2254,#2255
      ,#2256,#2257,#2258,#2259,#2260,#2261,#2262,#2263,#2264,#2265,#2266
      ,#2267,#2268,#2269,#2270,#2271,#2272,#2273,#2274)
    ,(#2275,#2276,#2277,#2278,#2279,#2280,#2281,#2282,#2283,#2284,#2285
      ,#2286,#2287,#2288,#2289,#2290,#2291,#2292,#2293,#2294,#2295,#2296
      ,#2297,#2298,#2299,#2300,#2301,#2302,#2303,#2304,#2305,#2306,#2307
      ,#2308,#2309,#2310,#2311,#2312,#2313,#2314,#2315,#2316,#2317,#2318
      ,#2319,#2320,#2321,#2322,#2323,#2324,#2325,#2326
)),.UNSPECIFIED.,.F.,.F.,.F.) B_SPLINE_SURFACE_WITH_KNOTS((3,3),(12,10,
    10,10,10,12),(0.,74.813138495351),(-13.3243456672,0.,15.372198207036
    ,30.744396414072,61.488792828143,64.089021524346),.UNSPECIFIED.) 
GEOMETRIC_REPRESENTATION_ITEM() RATIONAL_B_SPLINE_SURFACE((
    (1.,1.,1.,1.,1.,1.,1.,1.,1.,1.,1.,1.,1.,1.,1.,1.,1.,1.,1.,1.,1.,1.
      ,1.,1.,1.,1.,1.,1.,1.,1.,1.,1.,1.,1.,1.,1.,1.,1.,1.,1.,1.,1.,1.,1.
      ,1.,1.,1.,1.,1.,1.,1.,1.)
    ,(0.707106781187,0.707106781187,0.707106781186,0.707106781187
      ,0.707106781186,0.707106781188,0.707106781185,0.707106781187
      ,0.707106781186,0.707106781187,0.707106781187,0.707106781187
      ,0.707106781187,0.707106781187,0.707106781186,0.707106781187
      ,0.707106781186,0.707106781187,0.707106781186,0.707106781187
      ,0.707106781187,0.707106781187,0.707106781186,0.707106781187
      ,0.707106781186,0.707106781187,0.707106781186,0.707106781187
      ,0.707106781186,0.707106781187,0.707106781187,0.707106781187
      ,0.707106781186,0.707106781187,0.707106781186,0.707106781187
      ,0.707106781186,0.707106781187,0.707106781186,0.707106781187
      ,0.707106781187,0.707106781187,0.707106781187,0.707106781187
      ,0.707106781187,0.707106781187,0.707106781187,0.707106781187
      ,0.707106781187,0.707106781187,0.707106781187,0.707106781187)
    ,(1.,1.,1.,1.,1.,1.,1.,1.,1.,1.,1.,1.,1.,1.,1.,1.,1.,1.,1.,1.,1.,1.
      ,1.,1.,1.,1.,1.,1.,1.,1.,1.,1.,1.,1.,1.,1.,1.,1.,1.,1.,1.,1.,1.,1.
,1.,1.,1.,1.,1.,1.,1.,1.))) REPRESENTATION_ITEM('') SURFACE() );
#2171 = CARTESIAN_POINT('',(24.,2.924082684839,59.243418562498));
#2172 = CARTESIAN_POINT('',(24.000000000001,4.99066010734,
    61.928013319737));
#2173 = CARTESIAN_POINT('',(23.999999999995,6.935315303808,
    64.52387518723));
#2174 = CARTESIAN_POINT('',(24.000000000011,8.759100377162,
    67.031286457387));
#2175 = CARTESIAN_POINT('',(23.999999999981,10.463293667142,
    69.450696499374));
#2176 = CARTESIAN_POINT('',(24.000000000025,12.049410958224,
    71.782733284385));
#2177 = CARTESIAN_POINT('',(23.999999999976,13.519207715117,
    74.028213414884));
#2178 = CARTESIAN_POINT('',(24.000000000017,14.874672347113,
    76.188150665096));
#2179 = CARTESIAN_POINT('',(23.999999999991,16.118010499625,
    78.263763023182));
#2180 = CARTESIAN_POINT('',(24.000000000003,17.25162037471,
    80.256478245445));
#2181 = CARTESIAN_POINT('',(23.999999999999,18.278059078966,
    82.167937913328));
#2182 = CARTESIAN_POINT('',(24.000000000001,20.263636363637,
    86.11363636364));
#2183 = CARTESIAN_POINT('',(23.999999999996,21.188181818178,
    88.121590909076));
#2184 = CARTESIAN_POINT('',(24.000000000011,21.977728192459,
    90.026704545497));
#2185 = CARTESIAN_POINT('',(23.999999999979,22.636367315228,
    91.831818181735));
#2186 = CARTESIAN_POINT('',(24.00000000003,23.168191015421,
    93.539772727388));
#2187 = CARTESIAN_POINT('',(23.999999999969,23.577291121666,
    95.153409090792));
#2188 = CARTESIAN_POINT('',(24.000000000023,23.867759462989,
    96.675568181907));
#2189 = CARTESIAN_POINT('',(23.999999999987,24.043687868007,
    98.109090909042));
#2190 = CARTESIAN_POINT('',(24.000000000005,24.10916816567,
    99.456818181837));
#2191 = CARTESIAN_POINT('',(23.999999999999,24.068292184716,
    100.72159090908));
#2192 = CARTESIAN_POINT('',(24.000000000001,23.782011323256,
    103.09090909091));
#2193 = CARTESIAN_POINT('',(23.999999999997,23.536606442738,
    104.19545454544));
#2194 = CARTESIAN_POINT('',(24.000000000006,23.193028941263,
    105.22272727275));
#2195 = CARTESIAN_POINT('',(23.99999999999,22.755370647603,
    106.17556818177));
#2196 = CARTESIAN_POINT('',(24.000000000012,22.227723390637,
    107.05681818187));
#2197 = CARTESIAN_POINT('',(23.99999999999,21.614178999089,
    107.86931818176));
#2198 = CARTESIAN_POINT('',(24.000000000007,20.918829301863,
    108.61590909095));
#2199 = CARTESIAN_POINT('',(23.999999999996,20.145766127694,
    109.29943181815));
#2200 = CARTESIAN_POINT('',(24.000000000001,19.299081305445,
    109.92272727273));
#2201 = CARTESIAN_POINT('',(24.,18.382866663902,110.48863636363));
#2202 = CARTESIAN_POINT('',(24.000000000001,15.437908767856,
    112.02272727273));
#2203 = CARTESIAN_POINT('',(23.999999999998,13.212851541928,
    112.82727272725));
#2204 = CARTESIAN_POINT('',(24.000000000006,10.758776984599,
    113.43636363639));
#2205 = CARTESIAN_POINT('',(23.999999999989,8.108419726367,
    113.87272727267));
#2206 = CARTESIAN_POINT('',(24.000000000014,5.294514397723,
    114.15909090916));
#2207 = CARTESIAN_POINT('',(23.999999999986,2.349795629173,
    114.3181818181));
#2208 = CARTESIAN_POINT('',(24.00000000001,-0.693001948799,
    114.37272727278));
#2209 = CARTESIAN_POINT('',(23.999999999994,-3.801143705685,
    114.34545454542));
#2210 = CARTESIAN_POINT('',(24.000000000002,-6.941895010999,
    114.2590909091));
#2211 = CARTESIAN_POINT('',(23.999999999999,-10.08252123423,
    114.13636363636));
#2212 = CARTESIAN_POINT('',(24.,-13.45312925765,113.98846695067));
#2213 = CARTESIAN_POINT('',(24.,-13.71730984045,113.97687514517));
#2214 = CARTESIAN_POINT('',(24.,-13.98282949329,113.9652245835));
#2215 = CARTESIAN_POINT('',(24.,-14.24968821617,113.95351526566));
#2216 = CARTESIAN_POINT('',(24.,-14.5178860091,113.94174719165));
#2217 = CARTESIAN_POINT('',(24.,-14.78742287206,113.92992036147));
#2218 = CARTESIAN_POINT('',(24.,-15.05829880508,113.91803477511));
#2219 = CARTESIAN_POINT('',(24.,-15.33051380813,113.90609043259));
#2220 = CARTESIAN_POINT('',(24.,-15.60406788123,113.89408733389));
#2221 = CARTESIAN_POINT('',(24.,-15.87896102437,113.88202547903));
#2222 = CARTESIAN_POINT('',(24.,-16.15519323755,113.86990486799));
#2223 = CARTESIAN_POINT('',(42.,2.924082684839,59.243418562498));
#2224 = CARTESIAN_POINT('',(42.,4.99066010734,61.928013319734));
#2225 = CARTESIAN_POINT('',(42.000000000001,6.935315303809,
    64.523875187244));
#2226 = CARTESIAN_POINT('',(41.999999999996,8.759100377157,
    67.031286457351));
#2227 = CARTESIAN_POINT('',(42.000000000006,10.463293667153,
    69.450696499441));
#2228 = CARTESIAN_POINT('',(41.999999999993,12.049410958207,
    71.782733284293));
#2229 = CARTESIAN_POINT('',(42.000000000007,13.519207715136,
    74.028213414976));
#2230 = CARTESIAN_POINT('',(41.999999999995,14.874672347098,
    76.188150665026));
#2231 = CARTESIAN_POINT('',(42.000000000002,16.118010499634,
    78.263763023221));
#2232 = CARTESIAN_POINT('',(41.999999999999,17.251620374706,
    80.25647824543));
#2233 = CARTESIAN_POINT('',(42.,18.278059078967,82.167937913331));
#2234 = CARTESIAN_POINT('',(42.,20.263636363636,86.113636363636));
#2235 = CARTESIAN_POINT('',(41.999999999999,21.188181818181,
    88.12159090909));
#2236 = CARTESIAN_POINT('',(42.000000000002,21.97772819245,
    90.026704545456));
#2237 = CARTESIAN_POINT('',(41.999999999996,22.636367315246,
    91.831818181816));
#2238 = CARTESIAN_POINT('',(42.000000000006,23.168191015396,
    93.539772727274));
#2239 = CARTESIAN_POINT('',(41.999999999994,23.577291121693,
    95.153409090908));
#2240 = CARTESIAN_POINT('',(42.000000000005,23.867759462968,
    96.675568181818));
#2241 = CARTESIAN_POINT('',(41.999999999997,24.043687868019,
    98.109090909091));
#2242 = CARTESIAN_POINT('',(42.000000000001,24.109168165666,
    99.456818181818));
#2243 = CARTESIAN_POINT('',(42.,24.068292184717,100.72159090909));
#2244 = CARTESIAN_POINT('',(42.,23.782011323255,103.0909090909));
#2245 = CARTESIAN_POINT('',(41.999999999999,23.53660644274,
    104.19545454545));
#2246 = CARTESIAN_POINT('',(42.000000000003,23.193028941259,
    105.22272727272));
#2247 = CARTESIAN_POINT('',(41.999999999996,22.755370647611,
    106.17556818181));
#2248 = CARTESIAN_POINT('',(42.000000000006,22.227723390629,
    107.05681818182));
#2249 = CARTESIAN_POINT('',(41.999999999994,21.614178999096,
    107.86931818181));
#2250 = CARTESIAN_POINT('',(42.000000000004,20.918829301859,
    108.6159090909));
#2251 = CARTESIAN_POINT('',(41.999999999997,20.145766127696,
    109.29943181818));
#2252 = CARTESIAN_POINT('',(42.000000000001,19.299081305444,
    109.92272727272));
#2253 = CARTESIAN_POINT('',(42.,18.382866663902,110.48863636363));
#2254 = CARTESIAN_POINT('',(42.,15.437908767856,112.02272727272));
#2255 = CARTESIAN_POINT('',(42.,13.212851541928,112.82727272727));
#2256 = CARTESIAN_POINT('',(41.999999999999,10.758776984599,
    113.43636363637));
#2257 = CARTESIAN_POINT('',(42.000000000002,8.108419726365,
    113.87272727271));
#2258 = CARTESIAN_POINT('',(41.999999999997,5.294514397728,
    114.15909090911));
#2259 = CARTESIAN_POINT('',(42.000000000003,2.349795629167,
    114.31818181815));
#2260 = CARTESIAN_POINT('',(41.999999999998,-0.693001948794,
    114.37272727274));
#2261 = CARTESIAN_POINT('',(42.000000000001,-3.801143705688,
    114.34545454544));
#2262 = CARTESIAN_POINT('',(42.,-6.941895010997,114.25909090909));
#2263 = CARTESIAN_POINT('',(42.,-10.08252123423,114.13636363636));
#2264 = CARTESIAN_POINT('',(42.,-13.45312925765,113.98846695067));
#2265 = CARTESIAN_POINT('',(42.,-13.71730984045,113.97687514517));
#2266 = CARTESIAN_POINT('',(42.,-13.98282949329,113.9652245835));
#2267 = CARTESIAN_POINT('',(42.,-14.24968821617,113.95351526566));
#2268 = CARTESIAN_POINT('',(42.,-14.5178860091,113.94174719165));
#2269 = CARTESIAN_POINT('',(42.,-14.78742287206,113.92992036147));
#2270 = CARTESIAN_POINT('',(42.,-15.05829880508,113.91803477511));
#2271 = CARTESIAN_POINT('',(42.,-15.33051380813,113.90609043259));
#2272 = CARTESIAN_POINT('',(42.,-15.60406788123,113.89408733389));
#2273 = CARTESIAN_POINT('',(42.,-15.87896102437,113.88202547903));
#2274 = CARTESIAN_POINT('',(42.,-16.15519323755,113.86990486799));
#2275 = CARTESIAN_POINT('',(42.,17.251314414806,48.347069129967));
#2276 = CARTESIAN_POINT('',(42.000000000002,19.428498973443,
    51.17709737208));
#2277 = CARTESIAN_POINT('',(41.99999999999,21.492623951716,
    53.933416036801));
#2278 = CARTESIAN_POINT('',(42.000000000025,23.445202736508,
    56.617978514124));
#2279 = CARTESIAN_POINT('',(41.999999999956,25.28791425648,
    59.233104333535));
#2280 = CARTESIAN_POINT('',(42.000000000057,27.022644263051,
    61.781593815456));
#2281 = CARTESIAN_POINT('',(41.999999999944,28.651469060723,
    64.266819411345));
#2282 = CARTESIAN_POINT('',(42.000000000041,30.176581689342,
    66.692793736748));
#2283 = CARTESIAN_POINT('',(41.999999999978,31.600160554887,
    69.064214291676));
#2284 = CARTESIAN_POINT('',(42.000000000008,32.924180512486,
    71.386484874363));
#2285 = CARTESIAN_POINT('',(41.999999999998,34.150166398336,
    73.665713683031));
#2286 = CARTESIAN_POINT('',(42.000000000002,36.581087874131,
    78.496390974674));
#2287 = CARTESIAN_POINT('',(41.999999999994,37.753829492425,
    81.035782493093));
#2288 = CARTESIAN_POINT('',(42.000000000017,38.799085225906,
    83.539259866999));
#2289 = CARTESIAN_POINT('',(41.999999999967,39.717771553916,
    86.020276551492));
#2290 = CARTESIAN_POINT('',(42.000000000046,40.507927697739,
    88.495356010557));
#2291 = CARTESIAN_POINT('',(41.999999999953,41.164547583607,
    90.981722127051));
#2292 = CARTESIAN_POINT('',(42.000000000035,41.677821382182,
    93.497909367863));
#2293 = CARTESIAN_POINT('',(41.99999999998,42.0294809817,96.063179865699
    ));
#2294 = CARTESIAN_POINT('',(42.000000000008,42.189856263228,
    98.689555308791));
#2295 = CARTESIAN_POINT('',(41.999999999998,42.12113491045,
    101.3677688423));
#2296 = CARTESIAN_POINT('',(42.000000000001,41.469220568476,
    106.76314349482));
#2297 = CARTESIAN_POINT('',(41.999999999995,40.886156069578,
    109.4803362333));
#2298 = CARTESIAN_POINT('',(42.000000000011,40.016231327872,
    112.18482541722));
#2299 = CARTESIAN_POINT('',(41.999999999982,38.844590942523,
    114.82115800567));
#2300 = CARTESIAN_POINT('',(42.000000000021,37.36289306293,
    117.31439040436));
#2301 = CARTESIAN_POINT('',(41.99999999998,35.629893319216,
    119.56469476968));
#2302 = CARTESIAN_POINT('',(42.000000000015,33.739691078674,
    121.52969565977));
#2303 = CARTESIAN_POINT('',(41.999999999992,31.765748338316,
    123.22973396286));
#2304 = CARTESIAN_POINT('',(42.000000000003,29.751283212349,
    124.68055296977));
#2305 = CARTESIAN_POINT('',(41.999999999999,27.729454335343,
    125.91562006569));
#2306 = CARTESIAN_POINT('',(42.000000000001,21.692500949275,
    129.06039687918));
#2307 = CARTESIAN_POINT('',(41.999999999995,17.706188840163,
    130.41009369025));
#2308 = CARTESIAN_POINT('',(42.000000000012,13.901659754424,
    131.2513567986));
#2309 = CARTESIAN_POINT('',(41.99999999998,10.208921660014,
    131.82107402535));
#2310 = CARTESIAN_POINT('',(42.000000000026,6.563450794142,
    132.15083788564));
#2311 = CARTESIAN_POINT('',(41.999999999975,2.981450355445,
    132.33267759334));
#2312 = CARTESIAN_POINT('',(42.000000000019,-0.568093018394,
    132.38354929492));
#2313 = CARTESIAN_POINT('',(41.999999999989,-4.056035420075,
    132.34906072401));
#2314 = CARTESIAN_POINT('',(42.000000000004,-7.473719166552,
    132.25265772626));
#2315 = CARTESIAN_POINT('',(41.999999999999,-10.79240814192,
    132.12253442346));
#2316 = CARTESIAN_POINT('',(42.,-14.24887551427,131.97087037204));
#2317 = CARTESIAN_POINT('',(42.,-14.51841237724,131.95904354186));
#2318 = CARTESIAN_POINT('',(42.,-14.78794924021,131.94721671168));
#2319 = CARTESIAN_POINT('',(42.,-15.05748610317,131.9353898815));
#2320 = CARTESIAN_POINT('',(42.,-15.32702296614,131.92356305131));
#2321 = CARTESIAN_POINT('',(42.,-15.59655982911,131.91173622113));
#2322 = CARTESIAN_POINT('',(42.,-15.86609669208,131.89990939095));
#2323 = CARTESIAN_POINT('',(42.,-16.13563355505,131.88808256077));
#2324 = CARTESIAN_POINT('',(42.,-16.40517041802,131.87625573058));
#2325 = CARTESIAN_POINT('',(42.,-16.67470728098,131.8644289004));
#2326 = CARTESIAN_POINT('',(42.,-16.94424414395,131.85260207022));
#2327 = DEFINITIONAL_REPRESENTATION('',(#2328),#2331);
#2328 = B_SPLINE_CURVE_WITH_KNOTS('',1,(#2329,#2330),.UNSPECIFIED.,.F.,
  .F.,(2,2),(0.606013510397,41.730577511669),.PIECEWISE_BEZIER_KNOTS.);
#2329 = CARTESIAN_POINT('',(74.813138495351,0.606013510397));
#2330 = CARTESIAN_POINT('',(74.813137488963,41.730577982615));
#2331 = ( GEOMETRIC_REPRESENTATION_CONTEXT(2) 
PARAMETRIC_REPRESENTATION_CONTEXT() REPRESENTATION_CONTEXT('2D SPACE',''
  ) );
#2332 = ADVANCED_FACE('',(#2333),#562,.T.);
#2333 = FACE_BOUND('',#2334,.T.);
#2334 = EDGE_LOOP('',(#2335,#2358,#2448,#2449));
#2335 = ORIENTED_EDGE('',*,*,#2336,.T.);
#2336 = EDGE_CURVE('',#542,#2337,#2339,.T.);
#2337 = VERTEX_POINT('',#2338);
#2338 = CARTESIAN_POINT('',(-24.,19.2,84.));
#2339 = SURFACE_CURVE('',#2340,(#2344,#2351),.PCURVE_S1.);
#2340 = LINE('',#2341,#2342);
#2341 = CARTESIAN_POINT('',(-24.,-10.,-3.552713678801E-15));
#2342 = VECTOR('',#2343,1.);
#2343 = DIRECTION('',(0.,0.328346164816,0.944557460428));
#2344 = PCURVE('',#562,#2345);
#2345 = DEFINITIONAL_REPRESENTATION('',(#2346),#2350);
#2346 = LINE('',#2347,#2348);
#2347 = CARTESIAN_POINT('',(6.28318530718,0.));
#2348 = VECTOR('',#2349,1.);
#2349 = DIRECTION('',(-0.,1.));
#2350 = ( GEOMETRIC_REPRESENTATION_CONTEXT(2) 
PARAMETRIC_REPRESENTATION_CONTEXT() REPRESENTATION_CONTEXT('2D SPACE',''
  ) );
#2351 = PCURVE('',#594,#2352);
#2352 = DEFINITIONAL_REPRESENTATION('',(#2353),#2357);
#2353 = LINE('',#2354,#2355);
#2354 = CARTESIAN_POINT('',(-3.577215557826E-15,-24.));
#2355 = VECTOR('',#2356,1.);
#2356 = DIRECTION('',(1.,0.));
#2357 = ( GEOMETRIC_REPRESENTATION_CONTEXT(2) 
PARAMETRIC_REPRESENTATION_CONTEXT() REPRESENTATION_CONTEXT('2D SPACE',''
  ) );
#2358 = ORIENTED_EDGE('',*,*,#2359,.T.);
#2359 = EDGE_CURVE('',#2337,#824,#2360,.T.);
#2360 = SURFACE_CURVE('',#2361,(#2388,#2418),.PCURVE_S1.);
#2361 = B_SPLINE_CURVE_WITH_KNOTS('',7,(#2362,#2363,#2364,#2365,#2366,
    #2367,#2368,#2369,#2370,#2371,#2372,#2373,#2374,#2375,#2376,#2377,
    #2378,#2379,#2380,#2381,#2382,#2383,#2384,#2385,#2386,#2387),
  .UNSPECIFIED.,.F.,.F.,(8,6,6,6,8),(0.,0.248323712535,0.499550429365,
    0.750835946694,1.),.UNSPECIFIED.);
#2362 = CARTESIAN_POINT('',(-24.,19.2,84.));
#2363 = CARTESIAN_POINT('',(-24.91430060325,19.2,84.));
#2364 = CARTESIAN_POINT('',(-25.84873397843,19.25000473417,
    83.978835431463));
#2365 = CARTESIAN_POINT('',(-26.7983260139,19.353978213075,
    83.934828530401));
#2366 = CARTESIAN_POINT('',(-27.7570862893,19.515333660396,
    83.866542884497));
#2367 = CARTESIAN_POINT('',(-28.71807588926,19.736617268384,
    83.772921050834));
#2368 = CARTESIAN_POINT('',(-29.67366456015,20.019166988777,
    83.653431351564));
#2369 = CARTESIAN_POINT('',(-31.56925508186,20.710709170383,
    83.361153366299));
#2370 = CARTESIAN_POINT('',(-32.50899426914,21.121159532933,
    83.18775057223));
#2371 = CARTESIAN_POINT('',(-33.42695301338,21.594223480337,
    82.988003629159));
#2372 = CARTESIAN_POINT('',(-34.31474176034,22.128415781453,
    82.762598524256));
#2373 = CARTESIAN_POINT('',(-35.1642388309,22.720700259465,
    82.512884925362));
#2374 = CARTESIAN_POINT('',(-35.9681081798,23.366571315489,
    82.240831284487));
#2375 = CARTESIAN_POINT('',(-37.47243699224,24.754275302471,
    81.656888670215));
#2376 = CARTESIAN_POINT('',(-38.17292109216,25.496175751596,
    81.344971418621));
#2377 = CARTESIAN_POINT('',(-38.81545672989,26.280364876763,
    81.01559555791));
#2378 = CARTESIAN_POINT('',(-39.39514460689,27.100083227485,
    80.671660333854));
#2379 = CARTESIAN_POINT('',(-39.90867847479,27.947846301977,
    80.31635210138));
#2380 = CARTESIAN_POINT('',(-40.35443188105,28.81592073793,
    79.95293901683));
#2381 = CARTESIAN_POINT('',(-41.10702824898,30.570101991256,
    79.219376521267));
#2382 = CARTESIAN_POINT('',(-41.41503547623,31.45604720246,
    78.849287901507));
#2383 = CARTESIAN_POINT('',(-41.65625946814,32.347201351723,
    78.477429585765));
#2384 = CARTESIAN_POINT('',(-41.83215900483,33.236449684062,
    78.106769177991));
#2385 = CARTESIAN_POINT('',(-41.94549330008,34.117324236322,
    77.739985617246));
#2386 = CARTESIAN_POINT('',(-42.00000043182,34.984235845315,
    77.379377183869));
#2387 = CARTESIAN_POINT('',(-42.,35.832540353116,77.026841276228));
#2388 = PCURVE('',#562,#2389);
#2389 = DEFINITIONAL_REPRESENTATION('',(#2390),#2417);
#2390 = B_SPLINE_CURVE_WITH_KNOTS('',7,(#2391,#2392,#2393,#2394,#2395,
    #2396,#2397,#2398,#2399,#2400,#2401,#2402,#2403,#2404,#2405,#2406,
    #2407,#2408,#2409,#2410,#2411,#2412,#2413,#2414,#2415,#2416),
  .UNSPECIFIED.,.F.,.F.,(8,6,6,6,8),(0.,0.248323712535,0.499550429365,
    0.750835946694,1.),.UNSPECIFIED.);
#2391 = CARTESIAN_POINT('',(6.28318530718,88.930534688598));
#2392 = CARTESIAN_POINT('',(6.232390829221,88.930534688598));
#2393 = CARTESIAN_POINT('',(6.18047786685,88.926962400177));
#2394 = CARTESIAN_POINT('',(6.127508683581,88.919534646512));
#2395 = CARTESIAN_POINT('',(6.073559683548,88.908015372529));
#2396 = CARTESIAN_POINT('',(6.018721408253,88.892241795106));
#2397 = CARTESIAN_POINT('',(5.963098367614,88.872151025276));
#2398 = CARTESIAN_POINT('',(5.849861499096,88.823142896913));
#2399 = CARTESIAN_POINT('',(5.792229001792,88.794123796507));
#2400 = CARTESIAN_POINT('',(5.734035884792,88.760780064072));
#2401 = CARTESIAN_POINT('',(5.675414599654,88.723271983966));
#2402 = CARTESIAN_POINT('',(5.616503792128,88.681877477993));
#2403 = CARTESIAN_POINT('',(5.557447698348,88.63697646608));
#2404 = CARTESIAN_POINT('',(5.439328227438,88.541056395332));
#2405 = CARTESIAN_POINT('',(5.380261009038,88.490032795448));
#2406 = CARTESIAN_POINT('',(5.321341775031,88.436403860667));
#2407 = CARTESIAN_POINT('',(5.262714457793,88.380688655569));
#2408 = CARTESIAN_POINT('',(5.204517115782,88.323439368015));
#2409 = CARTESIAN_POINT('',(5.146881396927,88.265203739607));
#2410 = CARTESIAN_POINT('',(5.033460972988,88.148290498653));
#2411 = CARTESIAN_POINT('',(4.977661348097,88.089617244175));
#2412 = CARTESIAN_POINT('',(4.92265117557,88.030982744988));
#2413 = CARTESIAN_POINT('',(4.868535346623,87.972853971032));
#2414 = CARTESIAN_POINT('',(4.815404449021,87.915637603285));
#2415 = CARTESIAN_POINT('',(4.763334877153,87.859669319294));
#2416 = CARTESIAN_POINT('',(4.712388980385,87.805216429395));
#2417 = ( GEOMETRIC_REPRESENTATION_CONTEXT(2) 
PARAMETRIC_REPRESENTATION_CONTEXT() REPRESENTATION_CONTEXT('2D SPACE',''
  ) );
#2418 = PCURVE('',#958,#2419);
#2419 = DEFINITIONAL_REPRESENTATION('',(#2420),#2447);
#2420 = B_SPLINE_CURVE_WITH_KNOTS('',7,(#2421,#2422,#2423,#2424,#2425,
    #2426,#2427,#2428,#2429,#2430,#2431,#2432,#2433,#2434,#2435,#2436,
    #2437,#2438,#2439,#2440,#2441,#2442,#2443,#2444,#2445,#2446),
  .UNSPECIFIED.,.F.,.F.,(8,6,6,6,8),(0.,0.248323712535,0.499550429365,
    0.750835946694,1.),.UNSPECIFIED.);
#2421 = CARTESIAN_POINT('',(0.,-2.102726270184E-13));
#2422 = CARTESIAN_POINT('',(2.687072458804,-2.161318651099E-13));
#2423 = CARTESIAN_POINT('',(5.367355810208,2.10981011502E-03));
#2424 = CARTESIAN_POINT('',(8.040903701185,6.496665290337E-03));
#2425 = CARTESIAN_POINT('',(10.707985600814,1.329225227914E-02));
#2426 = CARTESIAN_POINT('',(13.369084465642,2.257368704692E-02));
#2427 = CARTESIAN_POINT('',(16.024827385248,3.434580717309E-02));
#2428 = CARTESIAN_POINT('',(21.357853490385,6.290017817572E-02));
#2429 = CARTESIAN_POINT('',(24.03516675619,7.974014901579E-02));
#2430 = CARTESIAN_POINT('',(26.708343974822,9.898883183213E-02));
#2431 = CARTESIAN_POINT('',(29.3782661104,0.120499426529));
#2432 = CARTESIAN_POINT('',(32.046014251537,0.144050124204));
#2433 = CARTESIAN_POINT('',(34.712672821899,0.169363662582));
#2434 = CARTESIAN_POINT('',(40.046207231975,0.222906393043));
#2435 = CARTESIAN_POINT('',(42.713256451636,0.251137997454));
#2436 = CARTESIAN_POINT('',(45.381167058053,0.280518746917));
#2437 = CARTESIAN_POINT('',(48.051039183665,0.310713337603));
#2438 = CARTESIAN_POINT('',(50.723978960075,0.341386180456));
#2439 = CARTESIAN_POINT('',(53.400901937901,0.372225467704));
#2440 = CARTESIAN_POINT('',(58.741283625645,0.433423435634));
#2441 = CARTESIAN_POINT('',(61.404825341078,0.463785847223));
#2442 = CARTESIAN_POINT('',(64.073686599122,0.493771845123));
#2443 = CARTESIAN_POINT('',(66.748529488794,0.523149738758));
#2444 = CARTESIAN_POINT('',(69.429881543259,0.551734607575));
#2445 = CARTESIAN_POINT('',(72.11805585005,0.579388726531));
#2446 = CARTESIAN_POINT('',(74.813138495351,0.60601351045));
#2447 = ( GEOMETRIC_REPRESENTATION_CONTEXT(2) 
PARAMETRIC_REPRESENTATION_CONTEXT() REPRESENTATION_CONTEXT('2D SPACE',''
  ) );
#2448 = ORIENTED_EDGE('',*,*,#823,.F.);
#2449 = ORIENTED_EDGE('',*,*,#541,.F.);
#2450 = ADVANCED_FACE('',(#2451),#623,.T.);
#2451 = FACE_BOUND('',#2452,.T.);
#2452 = EDGE_LOOP('',(#2453,#2454,#2455,#2547));
#2453 = ORIENTED_EDGE('',*,*,#606,.T.);
#2454 = ORIENTED_EDGE('',*,*,#2035,.T.);
#2455 = ORIENTED_EDGE('',*,*,#2456,.F.);
#2456 = EDGE_CURVE('',#2457,#2036,#2459,.T.);
#2457 = VERTEX_POINT('',#2458);
#2458 = CARTESIAN_POINT('',(24.,19.2,84.));
#2459 = SURFACE_CURVE('',#2460,(#2487,#2517),.PCURVE_S1.);
#2460 = B_SPLINE_CURVE_WITH_KNOTS('',7,(#2461,#2462,#2463,#2464,#2465,
    #2466,#2467,#2468,#2469,#2470,#2471,#2472,#2473,#2474,#2475,#2476,
    #2477,#2478,#2479,#2480,#2481,#2482,#2483,#2484,#2485,#2486),
  .UNSPECIFIED.,.F.,.F.,(8,6,6,6,8),(0.,0.248323712535,0.499550429366,
    0.750835946695,1.),.UNSPECIFIED.);
#2461 = CARTESIAN_POINT('',(24.,19.2,84.));
#2462 = CARTESIAN_POINT('',(24.914300603255,19.2,84.));
#2463 = CARTESIAN_POINT('',(25.848733978432,19.25000473417,
    83.978835431463));
#2464 = CARTESIAN_POINT('',(26.798326013901,19.353978213074,
    83.934828530402));
#2465 = CARTESIAN_POINT('',(27.757086289308,19.515333660397,
    83.866542884496));
#2466 = CARTESIAN_POINT('',(28.718075889262,19.736617268384,
    83.772921050834));
#2467 = CARTESIAN_POINT('',(29.673664560154,20.019166988778,
    83.653431351564));
#2468 = CARTESIAN_POINT('',(31.569255081865,20.710709170384,
    83.361153366298));
#2469 = CARTESIAN_POINT('',(32.50899426914,21.121159532928,
    83.187750572232));
#2470 = CARTESIAN_POINT('',(33.426953013401,21.594223480347,
    82.988003629152));
#2471 = CARTESIAN_POINT('',(34.314741760323,22.12841578144,
    82.762598524263));
#2472 = CARTESIAN_POINT('',(35.164238830913,22.720700259473,
    82.512884925357));
#2473 = CARTESIAN_POINT('',(35.968108179801,23.366571315487,
    82.240831284488));
#2474 = CARTESIAN_POINT('',(37.472436992251,24.754275302473,
    81.656888670214));
#2475 = CARTESIAN_POINT('',(38.172921092156,25.496175751588,
    81.344971418625));
#2476 = CARTESIAN_POINT('',(38.815456729896,26.28036487678,
    81.015595557902));
#2477 = CARTESIAN_POINT('',(39.395144606884,27.100083227465,
    80.671660333863));
#2478 = CARTESIAN_POINT('',(39.908678474796,27.947846301989,
    80.316352101374));
#2479 = CARTESIAN_POINT('',(40.354431881053,28.815920737927,
    79.952939016832));
#2480 = CARTESIAN_POINT('',(41.107028248981,30.570101991256,
    79.219376521267));
#2481 = CARTESIAN_POINT('',(41.415035476239,31.45604720246,
    78.849287901507));
#2482 = CARTESIAN_POINT('',(41.656259468146,32.347201351724,
    78.477429585764));
#2483 = CARTESIAN_POINT('',(41.832159004831,33.236449684062,
    78.106769177991));
#2484 = CARTESIAN_POINT('',(41.945493300082,34.117324236321,
    77.739985617246));
#2485 = CARTESIAN_POINT('',(42.00000043182,34.984235845315,
    77.379377183869));
#2486 = CARTESIAN_POINT('',(42.,35.832540353116,77.026841276228));
#2487 = PCURVE('',#623,#2488);
#2488 = DEFINITIONAL_REPRESENTATION('',(#2489),#2516);
#2489 = B_SPLINE_CURVE_WITH_KNOTS('',7,(#2490,#2491,#2492,#2493,#2494,
    #2495,#2496,#2497,#2498,#2499,#2500,#2501,#2502,#2503,#2504,#2505,
    #2506,#2507,#2508,#2509,#2510,#2511,#2512,#2513,#2514,#2515),
  .UNSPECIFIED.,.F.,.F.,(8,6,6,6,8),(0.,0.248323712535,0.499550429366,
    0.750835946695,1.),.UNSPECIFIED.);
#2490 = CARTESIAN_POINT('',(0.,88.930534688598));
#2491 = CARTESIAN_POINT('',(5.079447795864E-02,88.930534688598));
#2492 = CARTESIAN_POINT('',(0.10270744033,88.926962400177));
#2493 = CARTESIAN_POINT('',(0.155676623599,88.919534646512));
#2494 = CARTESIAN_POINT('',(0.209625623632,88.908015372529));
#2495 = CARTESIAN_POINT('',(0.264463898926,88.892241795106));
#2496 = CARTESIAN_POINT('',(0.320086939566,88.872151025276));
#2497 = CARTESIAN_POINT('',(0.433323808085,88.823142896913));
#2498 = CARTESIAN_POINT('',(0.490956305388,88.794123796507));
#2499 = CARTESIAN_POINT('',(0.549149422389,88.760780064072));
#2500 = CARTESIAN_POINT('',(0.607770707525,88.723271983967));
#2501 = CARTESIAN_POINT('',(0.666681515053,88.681877477993));
#2502 = CARTESIAN_POINT('',(0.725737608832,88.63697646608));
#2503 = CARTESIAN_POINT('',(0.843857079742,88.541056395332));
#2504 = CARTESIAN_POINT('',(0.902924298141,88.490032795448));
#2505 = CARTESIAN_POINT('',(0.96184353215,88.436403860666));
#2506 = CARTESIAN_POINT('',(1.020470849386,88.38068865557));
#2507 = CARTESIAN_POINT('',(1.078668191398,88.323439368015));
#2508 = CARTESIAN_POINT('',(1.136303910253,88.265203739607));
#2509 = CARTESIAN_POINT('',(1.249724334192,88.148290498653));
#2510 = CARTESIAN_POINT('',(1.305523959083,88.089617244175));
#2511 = CARTESIAN_POINT('',(1.36053413161,88.030982744988));
#2512 = CARTESIAN_POINT('',(1.414649960557,87.972853971032));
#2513 = CARTESIAN_POINT('',(1.467780858159,87.915637603286));
#2514 = CARTESIAN_POINT('',(1.519850430027,87.859669319294));
#2515 = CARTESIAN_POINT('',(1.570796326795,87.805216429395));
#2516 = ( GEOMETRIC_REPRESENTATION_CONTEXT(2) 
PARAMETRIC_REPRESENTATION_CONTEXT() REPRESENTATION_CONTEXT('2D SPACE',''
  ) );
#2517 = PCURVE('',#2170,#2518);
#2518 = DEFINITIONAL_REPRESENTATION('',(#2519),#2546);
#2519 = B_SPLINE_CURVE_WITH_KNOTS('',7,(#2520,#2521,#2522,#2523,#2524,
    #2525,#2526,#2527,#2528,#2529,#2530,#2531,#2532,#2533,#2534,#2535,
    #2536,#2537,#2538,#2539,#2540,#2541,#2542,#2543,#2544,#2545),
  .UNSPECIFIED.,.F.,.F.,(8,6,6,6,8),(0.,0.248323712535,0.499550429366,
    0.750835946695,1.),.UNSPECIFIED.);
#2520 = CARTESIAN_POINT('',(0.,-2.102726270184E-13));
#2521 = CARTESIAN_POINT('',(2.687072458803,-2.161318651099E-13));
#2522 = CARTESIAN_POINT('',(5.36735581021,2.109810115024E-03));
#2523 = CARTESIAN_POINT('',(8.040903701179,6.49666529032E-03));
#2524 = CARTESIAN_POINT('',(10.707985600821,1.329225227917E-02));
#2525 = CARTESIAN_POINT('',(13.369084465637,2.25736870469E-02));
#2526 = CARTESIAN_POINT('',(16.024827385249,3.43458071731E-02));
#2527 = CARTESIAN_POINT('',(21.357853490393,6.290017817576E-02));
#2528 = CARTESIAN_POINT('',(24.035166756158,7.974014901561E-02));
#2529 = CARTESIAN_POINT('',(26.708343974886,9.898883183253E-02));
#2530 = CARTESIAN_POINT('',(29.378266110331,0.120499426529));
#2531 = CARTESIAN_POINT('',(32.046014251577,0.144050124204));
#2532 = CARTESIAN_POINT('',(34.712672821889,0.169363662581));
#2533 = CARTESIAN_POINT('',(40.046207231981,0.222906393043));
#2534 = CARTESIAN_POINT('',(42.71325645161,0.251137997454));
#2535 = CARTESIAN_POINT('',(45.381167058106,0.280518746918));
#2536 = CARTESIAN_POINT('',(48.051039183604,0.310713337603));
#2537 = CARTESIAN_POINT('',(50.723978960113,0.341386180456));
#2538 = CARTESIAN_POINT('',(53.40090193789,0.372225467704));
#2539 = CARTESIAN_POINT('',(58.741283625644,0.433423435634));
#2540 = CARTESIAN_POINT('',(61.404825341079,0.463785847223));
#2541 = CARTESIAN_POINT('',(64.073686599123,0.493771845123));
#2542 = CARTESIAN_POINT('',(66.748529488793,0.523149738758));
#2543 = CARTESIAN_POINT('',(69.429881543257,0.551734607575));
#2544 = CARTESIAN_POINT('',(72.118055850052,0.579388726531));
#2545 = CARTESIAN_POINT('',(74.813138495351,0.60601351045));
#2546 = ( GEOMETRIC_REPRESENTATION_CONTEXT(2) 
PARAMETRIC_REPRESENTATION_CONTEXT() REPRESENTATION_CONTEXT('2D SPACE',''
  ) );
#2547 = ORIENTED_EDGE('',*,*,#2548,.F.);
#2548 = EDGE_CURVE('',#579,#2457,#2549,.T.);
#2549 = SURFACE_CURVE('',#2550,(#2554,#2561),.PCURVE_S1.);
#2550 = LINE('',#2551,#2552);
#2551 = CARTESIAN_POINT('',(24.,-10.,-3.552713678801E-15));
#2552 = VECTOR('',#2553,1.);
#2553 = DIRECTION('',(0.,0.328346164816,0.944557460428));
#2554 = PCURVE('',#623,#2555);
#2555 = DEFINITIONAL_REPRESENTATION('',(#2556),#2560);
#2556 = LINE('',#2557,#2558);
#2557 = CARTESIAN_POINT('',(0.,0.));
#2558 = VECTOR('',#2559,1.);
#2559 = DIRECTION('',(0.,1.));
#2560 = ( GEOMETRIC_REPRESENTATION_CONTEXT(2) 
PARAMETRIC_REPRESENTATION_CONTEXT() REPRESENTATION_CONTEXT('2D SPACE',''
  ) );
#2561 = PCURVE('',#594,#2562);
#2562 = DEFINITIONAL_REPRESENTATION('',(#2563),#2567);
#2563 = LINE('',#2564,#2565);
#2564 = CARTESIAN_POINT('',(-3.577215557826E-15,24.));
#2565 = VECTOR('',#2566,1.);
#2566 = DIRECTION('',(1.,0.));
#2567 = ( GEOMETRIC_REPRESENTATION_CONTEXT(2) 
PARAMETRIC_REPRESENTATION_CONTEXT() REPRESENTATION_CONTEXT('2D SPACE',''
  ) );
#2568 = ADVANCED_FACE('',(#2569),#594,.F.);
#2569 = FACE_BOUND('',#2570,.F.);
#2570 = EDGE_LOOP('',(#2571,#2572,#2573,#2604,#2633));
#2571 = ORIENTED_EDGE('',*,*,#578,.F.);
#2572 = ORIENTED_EDGE('',*,*,#2336,.T.);
#2573 = ORIENTED_EDGE('',*,*,#2574,.F.);
#2574 = EDGE_CURVE('',#2575,#2337,#2577,.T.);
#2575 = VERTEX_POINT('',#2576);
#2576 = CARTESIAN_POINT('',(0.,19.2,84.));
#2577 = SURFACE_CURVE('',#2578,(#2582,#2589),.PCURVE_S1.);
#2578 = LINE('',#2579,#2580);
#2579 = CARTESIAN_POINT('',(0.,19.2,84.));
#2580 = VECTOR('',#2581,1.);
#2581 = DIRECTION('',(-1.,-0.,-0.));
#2582 = PCURVE('',#594,#2583);
#2583 = DEFINITIONAL_REPRESENTATION('',(#2584),#2588);
#2584 = LINE('',#2585,#2586);
#2585 = CARTESIAN_POINT('',(88.930534688598,0.));
#2586 = VECTOR('',#2587,1.);
#2587 = DIRECTION('',(0.,-1.));
#2588 = ( GEOMETRIC_REPRESENTATION_CONTEXT(2) 
PARAMETRIC_REPRESENTATION_CONTEXT() REPRESENTATION_CONTEXT('2D SPACE',''
  ) );
#2589 = PCURVE('',#2590,#2598);
#2590 = SURFACE_OF_LINEAR_EXTRUSION('',#2591,#2596);
#2591 = B_SPLINE_CURVE_WITH_KNOTS('',3,(#2592,#2593,#2594,#2595),
  .UNSPECIFIED.,.F.,.F.,(4,4),(0.,1.),.PIECEWISE_BEZIER_KNOTS.);
#2592 = CARTESIAN_POINT('',(0.,19.2,84.));
#2593 = CARTESIAN_POINT('',(0.,34.8,115.));
#2594 = CARTESIAN_POINT('',(0.,9.6,115.));
#2595 = CARTESIAN_POINT('',(0.,-13.1902877449,114.));
#2596 = VECTOR('',#2597,1.);
#2597 = DIRECTION('',(1.,0.,0.));
#2598 = DEFINITIONAL_REPRESENTATION('',(#2599),#2603);
#2599 = LINE('',#2600,#2601);
#2600 = CARTESIAN_POINT('',(0.,0.));
#2601 = VECTOR('',#2602,1.);
#2602 = DIRECTION('',(0.,-1.));
#2603 = ( GEOMETRIC_REPRESENTATION_CONTEXT(2) 
PARAMETRIC_REPRESENTATION_CONTEXT() REPRESENTATION_CONTEXT('2D SPACE',''
  ) );
#2604 = ORIENTED_EDGE('',*,*,#2605,.T.);
#2605 = EDGE_CURVE('',#2575,#2457,#2606,.T.);
#2606 = SURFACE_CURVE('',#2607,(#2611,#2618),.PCURVE_S1.);
#2607 = LINE('',#2608,#2609);
#2608 = CARTESIAN_POINT('',(0.,19.2,84.));
#2609 = VECTOR('',#2610,1.);
#2610 = DIRECTION('',(1.,0.,0.));
#2611 = PCURVE('',#594,#2612);
#2612 = DEFINITIONAL_REPRESENTATION('',(#2613),#2617);
#2613 = LINE('',#2614,#2615);
#2614 = CARTESIAN_POINT('',(88.930534688598,0.));
#2615 = VECTOR('',#2616,1.);
#2616 = DIRECTION('',(0.,1.));
#2617 = ( GEOMETRIC_REPRESENTATION_CONTEXT(2) 
PARAMETRIC_REPRESENTATION_CONTEXT() REPRESENTATION_CONTEXT('2D SPACE',''
  ) );
#2618 = PCURVE('',#2619,#2627);
#2619 = SURFACE_OF_LINEAR_EXTRUSION('',#2620,#2625);
#2620 = B_SPLINE_CURVE_WITH_KNOTS('',3,(#2621,#2622,#2623,#2624),
  .UNSPECIFIED.,.F.,.F.,(4,4),(0.,1.),.PIECEWISE_BEZIER_KNOTS.);
#2621 = CARTESIAN_POINT('',(0.,19.2,84.));
#2622 = CARTESIAN_POINT('',(0.,34.8,115.));
#2623 = CARTESIAN_POINT('',(0.,9.6,115.));
#2624 = CARTESIAN_POINT('',(0.,-13.1902877449,114.));
#2625 = VECTOR('',#2626,1.);
#2626 = DIRECTION('',(-1.,-0.,-0.));
#2627 = DEFINITIONAL_REPRESENTATION('',(#2628),#2632);
#2628 = LINE('',#2629,#2630);
#2629 = CARTESIAN_POINT('',(0.,0.));
#2630 = VECTOR('',#2631,1.);
#2631 = DIRECTION('',(0.,-1.));
#2632 = ( GEOMETRIC_REPRESENTATION_CONTEXT(2) 
PARAMETRIC_REPRESENTATION_CONTEXT() REPRESENTATION_CONTEXT('2D SPACE',''
  ) );
#2633 = ORIENTED_EDGE('',*,*,#2548,.F.);
#2634 = ADVANCED_FACE('',(#2635),#783,.T.);
#2635 = FACE_BOUND('',#2636,.T.);
#2636 = EDGE_LOOP('',(#2637,#2667,#2700,#2701));
#2637 = ORIENTED_EDGE('',*,*,#2638,.T.);
#2638 = EDGE_CURVE('',#2639,#2641,#2643,.T.);
#2639 = VERTEX_POINT('',#2640);
#2640 = CARTESIAN_POINT('',(-24.,-13.1902877449,114.));
#2641 = VERTEX_POINT('',#2642);
#2642 = CARTESIAN_POINT('',(-24.,-0.166166116668,159.42050988465));
#2643 = SURFACE_CURVE('',#2644,(#2648,#2655),.PCURVE_S1.);
#2644 = LINE('',#2645,#2646);
#2645 = CARTESIAN_POINT('',(-24.,-13.1902877449,114.));
#2646 = VECTOR('',#2647,1.);
#2647 = DIRECTION('',(0.,0.275637355817,0.961261695938));
#2648 = PCURVE('',#783,#2649);
#2649 = DEFINITIONAL_REPRESENTATION('',(#2650),#2654);
#2650 = LINE('',#2651,#2652);
#2651 = CARTESIAN_POINT('',(1.570796326795,0.));
#2652 = VECTOR('',#2653,1.);
#2653 = DIRECTION('',(0.,1.));
#2654 = ( GEOMETRIC_REPRESENTATION_CONTEXT(2) 
PARAMETRIC_REPRESENTATION_CONTEXT() REPRESENTATION_CONTEXT('2D SPACE',''
  ) );
#2655 = PCURVE('',#2656,#2661);
#2656 = PLANE('',#2657);
#2657 = AXIS2_PLACEMENT_3D('',#2658,#2659,#2660);
#2658 = CARTESIAN_POINT('',(0.,-13.1902877449,114.));
#2659 = DIRECTION('',(0.,0.961261695938,-0.275637355817));
#2660 = DIRECTION('',(0.,0.275637355817,0.961261695938));
#2661 = DEFINITIONAL_REPRESENTATION('',(#2662),#2666);
#2662 = LINE('',#2663,#2664);
#2663 = CARTESIAN_POINT('',(0.,-24.));
#2664 = VECTOR('',#2665,1.);
#2665 = DIRECTION('',(1.,0.));
#2666 = ( GEOMETRIC_REPRESENTATION_CONTEXT(2) 
PARAMETRIC_REPRESENTATION_CONTEXT() REPRESENTATION_CONTEXT('2D SPACE',''
  ) );
#2667 = ORIENTED_EDGE('',*,*,#2668,.T.);
#2668 = EDGE_CURVE('',#2641,#768,#2669,.T.);
#2669 = SURFACE_CURVE('',#2670,(#2680,#2693),.PCURVE_S1.);
#2670 = B_SPLINE_CURVE_WITH_KNOTS('',8,(#2671,#2672,#2673,#2674,#2675,
    #2676,#2677,#2678,#2679),.UNSPECIFIED.,.F.,.F.,(9,9),(206.3909883065
    ,235.0084537366),.PIECEWISE_BEZIER_KNOTS.);
#2671 = CARTESIAN_POINT('',(-24.,-0.166166116668,159.42050988465));
#2672 = CARTESIAN_POINT('',(-27.5403886041,-0.166166116668,
    159.42050988465));
#2673 = CARTESIAN_POINT('',(-31.09253062326,0.659051659271,
    159.41076037922));
#2674 = CARTESIAN_POINT('',(-34.44243945425,2.31821317673,
    159.39115877295));
#2675 = CARTESIAN_POINT('',(-37.36005032446,4.749213241319,
    159.36245731007));
#2676 = CARTESIAN_POINT('',(-39.64886128953,7.778760536117,
    159.32663696867));
#2677 = CARTESIAN_POINT('',(-41.21415153579,11.20993438089,
    159.28609160438));
#2678 = CARTESIAN_POINT('',(-42.,14.848236573165,159.24310146872));
#2679 = CARTESIAN_POINT('',(-42.,18.495993536902,159.2));
#2680 = PCURVE('',#783,#2681);
#2681 = DEFINITIONAL_REPRESENTATION('',(#2682),#2692);
#2682 = B_SPLINE_CURVE_WITH_KNOTS('',8,(#2683,#2684,#2685,#2686,#2687,
    #2688,#2689,#2690,#2691),.UNSPECIFIED.,.F.,.F.,(9,9),(206.3909883065
    ,235.0084537366),.PIECEWISE_BEZIER_KNOTS.);
#2683 = CARTESIAN_POINT('',(1.570796326795,47.250930809551));
#2684 = CARTESIAN_POINT('',(1.374108071011,47.250930809551));
#2685 = CARTESIAN_POINT('',(1.176764898789,47.469016387923));
#2686 = CARTESIAN_POINT('',(0.979075972777,47.907516882761));
#2687 = CARTESIAN_POINT('',(0.781845280002,48.549970070522));
#2688 = CARTESIAN_POINT('',(0.585671103344,49.350627756915));
#2689 = CARTESIAN_POINT('',(0.390415744083,50.257393012972));
#2690 = CARTESIAN_POINT('',(0.195462745567,51.218925151377));
#2691 = CARTESIAN_POINT('',(-1.12476522973E-16,52.182951444603));
#2692 = ( GEOMETRIC_REPRESENTATION_CONTEXT(2) 
PARAMETRIC_REPRESENTATION_CONTEXT() REPRESENTATION_CONTEXT('2D SPACE',''
  ) );
#2693 = PCURVE('',#1423,#2694);
#2694 = DEFINITIONAL_REPRESENTATION('',(#2695),#2699);
#2695 = LINE('',#2696,#2697);
#2696 = CARTESIAN_POINT('',(0.,0.));
#2697 = VECTOR('',#2698,1.);
#2698 = DIRECTION('',(0.,1.));
#2699 = ( GEOMETRIC_REPRESENTATION_CONTEXT(2) 
PARAMETRIC_REPRESENTATION_CONTEXT() REPRESENTATION_CONTEXT('2D SPACE',''
  ) );
#2700 = ORIENTED_EDGE('',*,*,#765,.F.);
#2701 = ORIENTED_EDGE('',*,*,#2702,.F.);
#2702 = EDGE_CURVE('',#2639,#766,#2703,.T.);
#2703 = SURFACE_CURVE('',#2704,(#2763,#2825),.PCURVE_S1.);
#2704 = B_SPLINE_CURVE_WITH_KNOTS('',8,(#2705,#2706,#2707,#2708,#2709,
    #2710,#2711,#2712,#2713,#2714,#2715,#2716,#2717,#2718,#2719,#2720,
    #2721,#2722,#2723,#2724,#2725,#2726,#2727,#2728,#2729,#2730,#2731,
    #2732,#2733,#2734,#2735,#2736,#2737,#2738,#2739,#2740,#2741,#2742,
    #2743,#2744,#2745,#2746,#2747,#2748,#2749,#2750,#2751,#2752,#2753,
    #2754,#2755,#2756,#2757,#2758,#2759,#2760,#2761,#2762),
  .UNSPECIFIED.,.F.,.F.,(9,7,7,7,7,7,7,7,9),(0.,0.130408635437,
    0.395991342363,0.638286380531,0.734524362394,0.982230911453,
    0.997566257944,0.999987686002,1.),.UNSPECIFIED.);
#2705 = CARTESIAN_POINT('',(-24.,-13.1902877449,114.));
#2706 = CARTESIAN_POINT('',(-24.47404926634,-13.1902877449,114.));
#2707 = CARTESIAN_POINT('',(-24.95342018602,-13.17110797866,
    114.01512348724));
#2708 = CARTESIAN_POINT('',(-25.43715623923,-13.13199528708,
    114.04596431863));
#2709 = CARTESIAN_POINT('',(-25.92420284395,-13.07231602274,
    114.09301971306));
#2710 = CARTESIAN_POINT('',(-26.4134179552,-12.99158703445,
    114.15666528195));
#2711 = CARTESIAN_POINT('',(-26.90358747142,-12.88950188981,
    114.23713358128));
#2712 = CARTESIAN_POINT('',(-27.39344544808,-12.76595233557,
    114.33449618523));
#2713 = CARTESIAN_POINT('',(-28.87604838841,-12.32593506404,
    114.68112689422));
#2714 = CARTESIAN_POINT('',(-29.86410196503,-11.94213685834,
    114.98332727797));
#2715 = CARTESIAN_POINT('',(-30.83451888345,-11.47055806848,
    115.35436815797));
#2716 = CARTESIAN_POINT('',(-31.77720617507,-10.91547507027,
    115.79060965003));
#2717 = CARTESIAN_POINT('',(-32.68406802108,-10.28373133269,
    116.28625037896));
#2718 = CARTESIAN_POINT('',(-33.5491469719,-9.583396744071,
    116.83434241509));
#2719 = CARTESIAN_POINT('',(-34.36832527465,-8.82288311824,
    117.42753525085));
#2720 = CARTESIAN_POINT('',(-35.84209583031,-7.269009400949,
    118.63435708444));
#2721 = CARTESIAN_POINT('',(-36.50506376353,-6.48412117478,
    119.24183177633));
#2722 = CARTESIAN_POINT('',(-37.12637888974,-5.661248881957,
    119.87600980946));
#2723 = CARTESIAN_POINT('',(-37.70531352822,-4.805720401137,
    120.53200004105));
#2724 = CARTESIAN_POINT('',(-38.24169738138,-3.922391194102,
    121.20523954121));
#2725 = CARTESIAN_POINT('',(-38.73572462373,-3.015568666915,
    121.89158290111));
#2726 = CARTESIAN_POINT('',(-39.18780116337,-2.089014416087,
    122.58732681375));
#2727 = CARTESIAN_POINT('',(-39.76152406499,-0.77139859321,
    123.56798869567));
#2728 = CARTESIAN_POINT('',(-39.91807202182,-0.394249329021,
    123.84772131192));
#2729 = CARTESIAN_POINT('',(-40.06809797396,-1.473734832898E-02,
    124.12819100069));
#2730 = CARTESIAN_POINT('',(-40.21163024044,0.366928310784,
    124.40919048202));
#2731 = CARTESIAN_POINT('',(-40.34869764551,0.750544421439,
    124.69051863679));
#2732 = CARTESIAN_POINT('',(-40.47932937603,1.135912975365,
    124.97198042755));
#2733 = CARTESIAN_POINT('',(-40.60355483893,1.522840590309,
    125.25338681932));
#2734 = CARTESIAN_POINT('',(-41.02473375469,2.910574824261,
    126.25825156283));
#2735 = CARTESIAN_POINT('',(-41.28580444352,3.919040007361,
    126.98033505618));
#2736 = CARTESIAN_POINT('',(-41.50514044011,4.933351629726,
    127.69771800318));
#2737 = CARTESIAN_POINT('',(-41.68322321099,5.950369958674,
    128.40747501366));
#2738 = CARTESIAN_POINT('',(-41.8205377835,6.966921675869,
    129.10683526182));
#2739 = CARTESIAN_POINT('',(-41.91765109409,7.979747297971,
    129.79320633141));
#2740 = CARTESIAN_POINT('',(-41.97530438705,8.985492882247,
    130.46421512806));
#2741 = CARTESIAN_POINT('',(-41.99569084552,10.042383957109,
    131.1582118787));
#2742 = CARTESIAN_POINT('',(-41.99673198305,10.103960449938,
    131.19860484218));
#2743 = CARTESIAN_POINT('',(-41.99762596638,10.16549585693,
    131.23893024228));
#2744 = CARTESIAN_POINT('',(-41.99837303873,10.226989364593,
    131.27918757715));
#2745 = CARTESIAN_POINT('',(-41.9989734474,10.288440158957,
    131.31937634891));
#2746 = CARTESIAN_POINT('',(-41.9994274438,10.349847425574,
    131.35949606361));
#2747 = CARTESIAN_POINT('',(-41.99973528345,10.411210349517,
    131.39954623124));
#2748 = CARTESIAN_POINT('',(-41.99992279644,10.482210098034,
    131.44583916865));
#2749 = CARTESIAN_POINT('',(-41.99994472942,10.491890944472,
    131.45215022863));
#2750 = CARTESIAN_POINT('',(-41.99996302593,10.501570666112,
    131.45845953918));
#2751 = CARTESIAN_POINT('',(-41.99997768699,10.511249266765,
    131.46476709619));
#2752 = CARTESIAN_POINT('',(-41.99998871363,10.520926742637,
    131.47107289797));
#2753 = CARTESIAN_POINT('',(-41.99999610688,10.530603082323,
    131.47737694529));
#2754 = CARTESIAN_POINT('',(-41.99999986778,10.540278266815,
    131.48367924129));
#2755 = CARTESIAN_POINT('',(-41.99999999801,10.550001465939,
    131.49001183257));
#2756 = CARTESIAN_POINT('',(-41.99999999858,10.550050927955,
    131.49004378187));
#2757 = CARTESIAN_POINT('',(-41.99999999905,10.550099970341,
    131.49007586652));
#2758 = CARTESIAN_POINT('',(-41.99999999943,10.5501487709,
    131.49010803181));
#2759 = CARTESIAN_POINT('',(-41.99999999971,10.550197836957,
    131.49014011407));
#2760 = CARTESIAN_POINT('',(-41.9999999999,10.550247471878,
    131.49017201341));
#2761 = CARTESIAN_POINT('',(-41.99999999999,10.550297241593,
    131.4902038665));
#2762 = CARTESIAN_POINT('',(-42.,10.550345441113,131.49023621928));
#2763 = PCURVE('',#783,#2764);
#2764 = DEFINITIONAL_REPRESENTATION('',(#2765),#2824);
#2765 = B_SPLINE_CURVE_WITH_KNOTS('',8,(#2766,#2767,#2768,#2769,#2770,
    #2771,#2772,#2773,#2774,#2775,#2776,#2777,#2778,#2779,#2780,#2781,
    #2782,#2783,#2784,#2785,#2786,#2787,#2788,#2789,#2790,#2791,#2792,
    #2793,#2794,#2795,#2796,#2797,#2798,#2799,#2800,#2801,#2802,#2803,
    #2804,#2805,#2806,#2807,#2808,#2809,#2810,#2811,#2812,#2813,#2814,
    #2815,#2816,#2817,#2818,#2819,#2820,#2821,#2822,#2823),
  .UNSPECIFIED.,.F.,.F.,(9,7,7,7,7,7,7,7,9),(0.,0.130408635437,
    0.395991342363,0.638286380531,0.734524362394,0.982230911453,
    0.997566257944,0.999987686002,1.),.UNSPECIFIED.);
#2766 = CARTESIAN_POINT('',(1.570796326795,1.42108547152E-14));
#2767 = CARTESIAN_POINT('',(1.544460256443,1.177427229877E-14));
#2768 = CARTESIAN_POINT('',(1.517828537142,1.982428904951E-02));
#2769 = CARTESIAN_POINT('',(1.490926481156,6.025131781807E-02));
#2770 = CARTESIAN_POINT('',(1.463782206848,0.121933700695));
#2771 = CARTESIAN_POINT('',(1.43642657394,0.205365673056));
#2772 = CARTESIAN_POINT('',(1.408893084904,0.310855246278));
#2773 = CARTESIAN_POINT('',(1.381217752496,0.438501060514));
#2774 = CARTESIAN_POINT('',(1.296866192366,0.89298908094));
#2775 = CARTESIAN_POINT('',(1.239843846729,1.289271856918));
#2776 = CARTESIAN_POINT('',(1.182718817791,1.775923973188));
#2777 = CARTESIAN_POINT('',(1.125781333612,2.348267819577));
#2778 = CARTESIAN_POINT('',(1.069255771643,2.998840440611));
#2779 = CARTESIAN_POINT('',(1.013306263123,3.718738694996));
#2780 = CARTESIAN_POINT('',(0.958045171508,4.498578211205));
#2781 = CARTESIAN_POINT('',(0.853813712472,6.086955456364));
#2782 = CARTESIAN_POINT('',(0.804699485962,6.887242124202));
#2783 = CARTESIAN_POINT('',(0.756213356648,7.723667518819));
#2784 = CARTESIAN_POINT('',(0.70834891834,8.590061409635));
#2785 = CARTESIAN_POINT('',(0.66108373046,9.480699280283));
#2786 = CARTESIAN_POINT('',(0.614383208808,10.390409025997));
#2787 = CARTESIAN_POINT('',(0.568202871241,11.314593963122));
#2788 = CARTESIAN_POINT('',(0.504333186902,12.620450808283));
#2789 = CARTESIAN_POINT('',(0.486251234865,12.993303483311));
#2790 = CARTESIAN_POINT('',(0.468241420412,13.367515930861));
#2791 = CARTESIAN_POINT('',(0.450301074918,13.742831281926));
#2792 = CARTESIAN_POINT('',(0.432427619945,14.119000191485));
#2793 = CARTESIAN_POINT('',(0.414618576717,14.495780599033));
#2794 = CARTESIAN_POINT('',(0.396871575598,14.872937489107));
#2795 = CARTESIAN_POINT('',(0.333659327822,16.221386871471));
#2796 = CARTESIAN_POINT('',(0.288532499137,17.1934687514));
#2797 = CARTESIAN_POINT('',(0.243763234629,18.16264367323));
#2798 = CARTESIAN_POINT('',(0.199322598231,19.125234143838));
#2799 = CARTESIAN_POINT('',(0.155193801579,20.077701989432));
#2800 = CARTESIAN_POINT('',(0.111373469196,21.016656784213));
#2801 = CARTESIAN_POINT('',(6.787259914918E-02,21.938892891538));
#2802 = CARTESIAN_POINT('',(2.204429763078E-02,22.897324046299));
#2803 = CARTESIAN_POINT('',(1.937383282672E-02,22.95312503654));
#2804 = CARTESIAN_POINT('',(1.670470015693E-02,23.008849755901));
#2805 = CARTESIAN_POINT('',(1.403690609318E-02,23.064497497751));
#2806 = CARTESIAN_POINT('',(1.137045731261E-02,23.120067559121));
#2807 = CARTESIAN_POINT('',(8.70536069775E-03,23.175559240707));
#2808 = CARTESIAN_POINT('',(6.041623336468E-03,23.230971846871));
#2809 = CARTESIAN_POINT('',(2.958868189928E-03,23.295041657339));
#2810 = CARTESIAN_POINT('',(2.538518529045E-03,23.303776640473));
#2811 = CARTESIAN_POINT('',(2.118202716149E-03,23.312509631908));
#2812 = CARTESIAN_POINT('',(1.697920371479E-03,23.321240628748));
#2813 = CARTESIAN_POINT('',(1.27767155874E-03,23.329969628329));
#2814 = CARTESIAN_POINT('',(8.574567850956E-04,23.338696628224));
#2815 = CARTESIAN_POINT('',(4.372770011735E-04,23.347421626238));
#2816 = CARTESIAN_POINT('',(1.49969920542E-05,23.35618898057));
#2817 = CARTESIAN_POINT('',(1.284479650466E-05,23.35623332579));
#2818 = CARTESIAN_POINT('',(1.071708310147E-05,23.356277685443));
#2819 = CARTESIAN_POINT('',(8.603519018837E-06,23.35632205596));
#2820 = CARTESIAN_POINT('',(6.474505058429E-06,23.356366419846));
#2821 = CARTESIAN_POINT('',(4.312310789073E-06,23.356410764705));
#2822 = CARTESIAN_POINT('',(2.142209686481E-06,23.35645510225));
#2823 = CARTESIAN_POINT('',(6.361427296042E-08,23.356499487328));
#2824 = ( GEOMETRIC_REPRESENTATION_CONTEXT(2) 
PARAMETRIC_REPRESENTATION_CONTEXT() REPRESENTATION_CONTEXT('2D SPACE',''
  ) );
#2825 = PCURVE('',#958,#2826);
#2826 = DEFINITIONAL_REPRESENTATION('',(#2827),#2886);
#2827 = B_SPLINE_CURVE_WITH_KNOTS('',8,(#2828,#2829,#2830,#2831,#2832,
    #2833,#2834,#2835,#2836,#2837,#2838,#2839,#2840,#2841,#2842,#2843,
    #2844,#2845,#2846,#2847,#2848,#2849,#2850,#2851,#2852,#2853,#2854,
    #2855,#2856,#2857,#2858,#2859,#2860,#2861,#2862,#2863,#2864,#2865,
    #2866,#2867,#2868,#2869,#2870,#2871,#2872,#2873,#2874,#2875,#2876,
    #2877,#2878,#2879,#2880,#2881,#2882,#2883,#2884,#2885),
  .UNSPECIFIED.,.F.,.F.,(9,7,7,7,7,7,7,7,9),(0.,0.130408635437,
    0.395991342363,0.638286380531,0.734524362394,0.982230911453,
    0.997566257944,0.999987686002,1.),.UNSPECIFIED.);
#2828 = CARTESIAN_POINT('',(0.,61.488792828143));
#2829 = CARTESIAN_POINT('',(1.393201232903,61.488792828143));
#2830 = CARTESIAN_POINT('',(2.784673320411,61.47098113675));
#2831 = CARTESIAN_POINT('',(4.173509880828,61.434658393902));
#2832 = CARTESIAN_POINT('',(5.558779569679,61.379246132088));
#2833 = CARTESIAN_POINT('',(6.939528098186,61.30431794233));
#2834 = CARTESIAN_POINT('',(8.314777430704,61.209625197766));
#2835 = CARTESIAN_POINT('',(9.683522161122,61.095117334848));
#2836 = CARTESIAN_POINT('',(13.816866342052,60.68773286358));
#2837 = CARTESIAN_POINT('',(16.558721148662,60.332900091897));
#2838 = CARTESIAN_POINT('',(19.26031867773,59.89783643798));
#2839 = CARTESIAN_POINT('',(21.916018011971,59.387274456905));
#2840 = CARTESIAN_POINT('',(24.523572910479,58.808534517292));
#2841 = CARTESIAN_POINT('',(27.083023263952,58.170166236552));
#2842 = CARTESIAN_POINT('',(29.596092864654,57.481065164412));
#2843 = CARTESIAN_POINT('',(34.318992075054,56.082838003872));
#2844 = CARTESIAN_POINT('',(36.53686579409,55.380536057861));
#2845 = CARTESIAN_POINT('',(38.723323186753,54.64904893984));
#2846 = CARTESIAN_POINT('',(40.88275139356,53.894231608306));
#2847 = CARTESIAN_POINT('',(43.019807451147,53.121543989463));
#2848 = CARTESIAN_POINT('',(45.139358054702,52.336009922207));
#2849 = CARTESIAN_POINT('',(47.246517573028,51.542246380452));
#2850 = CARTESIAN_POINT('',(50.180886636334,50.427617927767));
#2851 = CARTESIAN_POINT('',(51.013915601243,50.110140939083));
#2852 = CARTESIAN_POINT('',(51.84610641613,49.79232795473));
#2853 = CARTESIAN_POINT('',(52.677767016062,49.474449878774));
#2854 = CARTESIAN_POINT('',(53.509199942685,49.156773377301));
#2855 = CARTESIAN_POINT('',(54.340702733924,48.839560762198));
#2856 = CARTESIAN_POINT('',(55.172568313692,48.523069874945));
#2857 = CARTESIAN_POINT('',(58.147897667695,47.395448870362));
#2858 = CARTESIAN_POINT('',(60.294927165171,46.589839763517));
#2859 = CARTESIAN_POINT('',(62.45119838255,45.795003431489));
#2860 = CARTESIAN_POINT('',(64.621243406005,45.01510917926));
#2861 = CARTESIAN_POINT('',(66.809134920214,44.254177048417));
#2862 = CARTESIAN_POINT('',(69.018429642377,43.515890979428));
#2863 = CARTESIAN_POINT('',(71.252062101584,42.803386339743));
#2864 = CARTESIAN_POINT('',(73.652154095324,42.076769459437));
#2865 = CARTESIAN_POINT('',(73.792180878741,42.034516054121));
#2866 = CARTESIAN_POINT('',(73.93230954739,41.992371609638));
#2867 = CARTESIAN_POINT('',(74.072540591336,41.95033670702));
#2868 = CARTESIAN_POINT('',(74.212874489348,41.9084119173));
#2869 = CARTESIAN_POINT('',(74.353311708894,41.866597801512));
#2870 = CARTESIAN_POINT('',(74.493852706145,41.824894910685));
#2871 = CARTESIAN_POINT('',(74.656705593843,41.776736610034));
#2872 = CARTESIAN_POINT('',(74.678915865228,41.770172228768));
#2873 = CARTESIAN_POINT('',(74.701128734303,41.763610632833));
#2874 = CARTESIAN_POINT('',(74.723344199235,41.757051818905));
#2875 = CARTESIAN_POINT('',(74.745562262186,41.750495789559));
#2876 = CARTESIAN_POINT('',(74.76778292931,41.74394255327));
#2877 = CARTESIAN_POINT('',(74.79000621075,41.737392124409));
#2878 = CARTESIAN_POINT('',(74.81234514891,41.730811225892));
#2879 = CARTESIAN_POINT('',(74.812458017025,41.73077772172));
#2880 = CARTESIAN_POINT('',(74.812571110961,41.730744543504));
#2881 = CARTESIAN_POINT('',(74.812684342834,41.730711553428));
#2882 = CARTESIAN_POINT('',(74.812797439754,41.730678357477));
#2883 = CARTESIAN_POINT('',(74.812910232671,41.730644719835));
#2884 = CARTESIAN_POINT('',(74.81302294522,41.730610977277));
#2885 = CARTESIAN_POINT('',(74.813137488963,41.730577982615));
#2886 = ( GEOMETRIC_REPRESENTATION_CONTEXT(2) 
PARAMETRIC_REPRESENTATION_CONTEXT() REPRESENTATION_CONTEXT('2D SPACE',''
  ) );
#2887 = ADVANCED_FACE('',(#2888),#809,.T.);
#2888 = FACE_BOUND('',#2889,.T.);
#2889 = EDGE_LOOP('',(#2890,#2932,#2933,#2934));
#2890 = ORIENTED_EDGE('',*,*,#2891,.T.);
#2891 = EDGE_CURVE('',#768,#1396,#2892,.T.);
#2892 = SURFACE_CURVE('',#2893,(#2897,#2926),.PCURVE_S1.);
#2893 = ( BOUNDED_CURVE() B_SPLINE_CURVE(2,(#2894,#2895,#2896),
.UNSPECIFIED.,.F.,.F.) B_SPLINE_CURVE_WITH_KNOTS((3,3),(0.,
28.617465430107),.PIECEWISE_BEZIER_KNOTS.) CURVE() 
GEOMETRIC_REPRESENTATION_ITEM() RATIONAL_B_SPLINE_CURVE((1.,
0.707106781187,1.)) REPRESENTATION_ITEM('') );
#2894 = CARTESIAN_POINT('',(-42.,18.495993536902,159.2));
#2895 = CARTESIAN_POINT('',(-42.,18.495993536902,160.));
#2896 = CARTESIAN_POINT('',(-41.20000002307,18.496185672309,160.));
#2897 = PCURVE('',#809,#2898);
#2898 = DEFINITIONAL_REPRESENTATION('',(#2899),#2925);
#2899 = B_SPLINE_CURVE_WITH_KNOTS('',3,(#2900,#2901,#2902,#2903,#2904,
    #2905,#2906,#2907,#2908,#2909,#2910,#2911,#2912,#2913,#2914,#2915,
    #2916,#2917,#2918,#2919,#2920,#2921,#2922,#2923,#2924),
  .UNSPECIFIED.,.F.,.F.,(4,1,1,1,1,1,1,1,1,1,1,1,1,1,1,1,1,1,1,1,1,1,4),
  (0.,1.300793883187,2.601587766373,3.90238164956,5.203175532747,
    6.503969415933,7.80476329912,9.105557182307,10.406351065493,
    11.70714494868,13.007938831867,14.308732715053,15.60952659824,
    16.910320481427,18.211114364614,19.5119082478,20.812702130987,
    22.113496014174,23.41428989736,24.715083780547,26.015877663734,
    27.31667154692,28.617465430107),.QUASI_UNIFORM_KNOTS.);
#2900 = CARTESIAN_POINT('',(0.,-0.229396308607));
#2901 = CARTESIAN_POINT('',(2.142594356925E-02,-0.229396309231));
#2902 = CARTESIAN_POINT('',(6.485418360722E-02,-0.229396043522));
#2903 = CARTESIAN_POINT('',(0.131632037473,-0.22939479151));
#2904 = CARTESIAN_POINT('',(0.199959139902,-0.229392630001));
#2905 = CARTESIAN_POINT('',(0.269723626895,-0.229389515101));
#2906 = CARTESIAN_POINT('',(0.340796801935,-0.229385413788));
#2907 = CARTESIAN_POINT('',(0.413031380797,-0.229380306976));
#2908 = CARTESIAN_POINT('',(0.486263256232,-0.229374191035));
#2909 = CARTESIAN_POINT('',(0.560313038747,-0.22936707917));
#2910 = CARTESIAN_POINT('',(0.634988361032,-0.229359002098));
#2911 = CARTESIAN_POINT('',(0.710086622382,-0.229350008059));
#2912 = CARTESIAN_POINT('',(0.78539815746,-0.229340162061));
#2913 = CARTESIAN_POINT('',(0.860709692326,-0.229329544393));
#2914 = CARTESIAN_POINT('',(0.935807953049,-0.229318248453));
#2915 = CARTESIAN_POINT('',(1.010483274318,-0.229306378033));
#2916 = CARTESIAN_POINT('',(1.084533055472,-0.229294044203));
#2917 = CARTESIAN_POINT('',(1.157764929255,-0.229281362003));
#2918 = CARTESIAN_POINT('',(1.229999506242,-0.229268447143));
#2919 = CARTESIAN_POINT('',(1.301072679254,-0.229255412857));
#2920 = CARTESIAN_POINT('',(1.370837164139,-0.229242367219));
#2921 = CARTESIAN_POINT('',(1.439164264451,-0.229229410443));
#2922 = CARTESIAN_POINT('',(1.505942116261,-0.229216634505));
#2923 = CARTESIAN_POINT('',(1.549370355005,-0.229208289248));
#2924 = CARTESIAN_POINT('',(1.570796297957,-0.2292041732));
#2925 = ( GEOMETRIC_REPRESENTATION_CONTEXT(2) 
PARAMETRIC_REPRESENTATION_CONTEXT() REPRESENTATION_CONTEXT('2D SPACE',''
  ) );
#2926 = PCURVE('',#1423,#2927);
#2927 = DEFINITIONAL_REPRESENTATION('',(#2928),#2931);
#2928 = B_SPLINE_CURVE_WITH_KNOTS('',1,(#2929,#2930),.UNSPECIFIED.,.F.,
  .F.,(2,2),(0.,28.617465430107),.PIECEWISE_BEZIER_KNOTS.);
#2929 = CARTESIAN_POINT('',(0.,235.0084537366));
#2930 = CARTESIAN_POINT('',(28.617465430107,235.0084537366));
#2931 = ( GEOMETRIC_REPRESENTATION_CONTEXT(2) 
PARAMETRIC_REPRESENTATION_CONTEXT() REPRESENTATION_CONTEXT('2D SPACE',''
  ) );
#2932 = ORIENTED_EDGE('',*,*,#1458,.T.);
#2933 = ORIENTED_EDGE('',*,*,#1124,.F.);
#2934 = ORIENTED_EDGE('',*,*,#795,.F.);
#2935 = ADVANCED_FACE('',(#2936),#958,.F.);
#2936 = FACE_BOUND('',#2937,.F.);
#2937 = EDGE_LOOP('',(#2938,#2939,#2940,#2941));
#2938 = ORIENTED_EDGE('',*,*,#2359,.T.);
#2939 = ORIENTED_EDGE('',*,*,#846,.T.);
#2940 = ORIENTED_EDGE('',*,*,#2702,.F.);
#2941 = ORIENTED_EDGE('',*,*,#2942,.F.);
#2942 = EDGE_CURVE('',#2337,#2639,#2943,.T.);
#2943 = SURFACE_CURVE('',#2944,(#2997,#3004),.PCURVE_S1.);
#2944 = B_SPLINE_CURVE_WITH_KNOTS('',11,(#2945,#2946,#2947,#2948,#2949,
    #2950,#2951,#2952,#2953,#2954,#2955,#2956,#2957,#2958,#2959,#2960,
    #2961,#2962,#2963,#2964,#2965,#2966,#2967,#2968,#2969,#2970,#2971,
    #2972,#2973,#2974,#2975,#2976,#2977,#2978,#2979,#2980,#2981,#2982,
    #2983,#2984,#2985,#2986,#2987,#2988,#2989,#2990,#2991,#2992,#2993,
    #2994,#2995,#2996),.UNSPECIFIED.,.F.,.F.,(12,10,10,10,10,12),(
    -13.3243456672,0.,15.372198207036,30.744396414072,61.488792828143,
    64.089021524346),.UNSPECIFIED.);
#2945 = CARTESIAN_POINT('',(-24.,2.924082684839,59.243418562498));
#2946 = CARTESIAN_POINT('',(-24.,4.99066010734,61.928013319737));
#2947 = CARTESIAN_POINT('',(-23.99999999999,6.935315303808,
    64.52387518723));
#2948 = CARTESIAN_POINT('',(-24.00000000001,8.759100377162,
    67.031286457387));
#2949 = CARTESIAN_POINT('',(-23.99999999998,10.463293667142,
    69.450696499374));
#2950 = CARTESIAN_POINT('',(-24.00000000002,12.049410958224,
    71.782733284385));
#2951 = CARTESIAN_POINT('',(-23.99999999997,13.519207715117,
    74.028213414884));
#2952 = CARTESIAN_POINT('',(-24.00000000001,14.874672347113,
    76.188150665096));
#2953 = CARTESIAN_POINT('',(-23.99999999999,16.118010499625,
    78.263763023182));
#2954 = CARTESIAN_POINT('',(-24.,17.25162037471,80.256478245445));
#2955 = CARTESIAN_POINT('',(-23.99999999999,18.278059078966,
    82.167937913328));
#2956 = CARTESIAN_POINT('',(-24.,20.263636363637,86.11363636364));
#2957 = CARTESIAN_POINT('',(-23.99999999999,21.188181818178,
    88.121590909076));
#2958 = CARTESIAN_POINT('',(-24.00000000001,21.977728192459,
    90.026704545497));
#2959 = CARTESIAN_POINT('',(-23.99999999997,22.636367315228,
    91.831818181735));
#2960 = CARTESIAN_POINT('',(-24.00000000003,23.168191015421,
    93.539772727388));
#2961 = CARTESIAN_POINT('',(-23.99999999996,23.577291121666,
    95.153409090792));
#2962 = CARTESIAN_POINT('',(-24.00000000002,23.867759462989,
    96.675568181907));
#2963 = CARTESIAN_POINT('',(-23.99999999998,24.043687868007,
    98.109090909042));
#2964 = CARTESIAN_POINT('',(-24.,24.10916816567,99.456818181837));
#2965 = CARTESIAN_POINT('',(-23.99999999999,24.068292184716,
    100.72159090908));
#2966 = CARTESIAN_POINT('',(-24.,23.782011323256,103.09090909091));
#2967 = CARTESIAN_POINT('',(-23.99999999999,23.536606442738,
    104.19545454544));
#2968 = CARTESIAN_POINT('',(-24.,23.193028941263,105.22272727275));
#2969 = CARTESIAN_POINT('',(-23.99999999999,22.755370647603,
    106.17556818177));
#2970 = CARTESIAN_POINT('',(-24.00000000001,22.227723390637,
    107.05681818187));
#2971 = CARTESIAN_POINT('',(-23.99999999999,21.614178999089,
    107.86931818176));
#2972 = CARTESIAN_POINT('',(-24.,20.918829301863,108.61590909095));
#2973 = CARTESIAN_POINT('',(-23.99999999999,20.145766127694,
    109.29943181815));
#2974 = CARTESIAN_POINT('',(-24.,19.299081305445,109.92272727273));
#2975 = CARTESIAN_POINT('',(-24.,18.382866663902,110.48863636363));
#2976 = CARTESIAN_POINT('',(-24.,15.437908767856,112.02272727273));
#2977 = CARTESIAN_POINT('',(-23.99999999999,13.212851541928,
    112.82727272725));
#2978 = CARTESIAN_POINT('',(-24.,10.758776984599,113.43636363639));
#2979 = CARTESIAN_POINT('',(-23.99999999998,8.108419726367,
    113.87272727267));
#2980 = CARTESIAN_POINT('',(-24.00000000001,5.294514397723,
    114.15909090916));
#2981 = CARTESIAN_POINT('',(-23.99999999998,2.349795629173,
    114.3181818181));
#2982 = CARTESIAN_POINT('',(-24.00000000001,-0.693001948799,
    114.37272727278));
#2983 = CARTESIAN_POINT('',(-23.99999999999,-3.801143705685,
    114.34545454542));
#2984 = CARTESIAN_POINT('',(-24.,-6.941895010999,114.2590909091));
#2985 = CARTESIAN_POINT('',(-23.99999999999,-10.08252123423,
    114.13636363636));
#2986 = CARTESIAN_POINT('',(-24.,-13.45312925765,113.98846695067));
#2987 = CARTESIAN_POINT('',(-24.,-13.71730984045,113.97687514517));
#2988 = CARTESIAN_POINT('',(-24.,-13.98282949329,113.9652245835));
#2989 = CARTESIAN_POINT('',(-24.,-14.24968821617,113.95351526566));
#2990 = CARTESIAN_POINT('',(-24.,-14.5178860091,113.94174719165));
#2991 = CARTESIAN_POINT('',(-24.,-14.78742287206,113.92992036147));
#2992 = CARTESIAN_POINT('',(-24.,-15.05829880508,113.91803477511));
#2993 = CARTESIAN_POINT('',(-24.,-15.33051380813,113.90609043259));
#2994 = CARTESIAN_POINT('',(-24.,-15.60406788123,113.89408733389));
#2995 = CARTESIAN_POINT('',(-24.,-15.87896102437,113.88202547903));
#2996 = CARTESIAN_POINT('',(-24.,-16.15519323755,113.86990486799));
#2997 = PCURVE('',#958,#2998);
#2998 = DEFINITIONAL_REPRESENTATION('',(#2999),#3003);
#2999 = LINE('',#3000,#3001);
#3000 = CARTESIAN_POINT('',(0.,0.));
#3001 = VECTOR('',#3002,1.);
#3002 = DIRECTION('',(0.,1.));
#3003 = ( GEOMETRIC_REPRESENTATION_CONTEXT(2) 
PARAMETRIC_REPRESENTATION_CONTEXT() REPRESENTATION_CONTEXT('2D SPACE',''
  ) );
#3004 = PCURVE('',#2590,#3005);
#3005 = DEFINITIONAL_REPRESENTATION('',(#3006),#3049);
#3006 = B_SPLINE_CURVE_WITH_KNOTS('',11,(#3007,#3008,#3009,#3010,#3011,
    #3012,#3013,#3014,#3015,#3016,#3017,#3018,#3019,#3020,#3021,#3022,
    #3023,#3024,#3025,#3026,#3027,#3028,#3029,#3030,#3031,#3032,#3033,
    #3034,#3035,#3036,#3037,#3038,#3039,#3040,#3041,#3042,#3043,#3044,
    #3045,#3046,#3047,#3048),.UNSPECIFIED.,.F.,.F.,(12,10,10,10,12),(
    -13.3243456672,0.,15.372198207036,30.744396414072,61.488792828143),
  .UNSPECIFIED.);
#3007 = CARTESIAN_POINT('',(-0.216198275734,-24.));
#3008 = CARTESIAN_POINT('',(-0.19666253166,-24.));
#3009 = CARTESIAN_POINT('',(-0.17708537196,-23.99999999999));
#3010 = CARTESIAN_POINT('',(-0.157473070955,-24.));
#3011 = CARTESIAN_POINT('',(-0.13783189238,-23.99999999998));
#3012 = CARTESIAN_POINT('',(-0.118168055667,-24.00000000002));
#3013 = CARTESIAN_POINT('',(-9.848760822647E-02,-23.99999999998));
#3014 = CARTESIAN_POINT('',(-7.879620375958E-02,-24.00000000001));
#3015 = CARTESIAN_POINT('',(-5.909878657332E-02,-23.99999999999));
#3016 = CARTESIAN_POINT('',(-3.939918191744E-02,-24.));
#3017 = CARTESIAN_POINT('',(-1.969959232977E-02,-23.99999999999));
#3018 = CARTESIAN_POINT('',(2.272727272727E-02,-24.));
#3019 = CARTESIAN_POINT('',(4.545454545454E-02,-23.99999999999));
#3020 = CARTESIAN_POINT('',(6.818181818183E-02,-24.));
#3021 = CARTESIAN_POINT('',(9.090909090905E-02,-23.99999999998));
#3022 = CARTESIAN_POINT('',(0.113636363636,-24.00000000002));
#3023 = CARTESIAN_POINT('',(0.136363636364,-23.99999999997));
#3024 = CARTESIAN_POINT('',(0.159090909091,-24.00000000001));
#3025 = CARTESIAN_POINT('',(0.181818181818,-23.99999999999));
#3026 = CARTESIAN_POINT('',(0.204545454545,-24.));
#3027 = CARTESIAN_POINT('',(0.227272727273,-23.99999999999));
#3028 = CARTESIAN_POINT('',(0.272727272727,-24.));
#3029 = CARTESIAN_POINT('',(0.295454545455,-23.99999999999));
#3030 = CARTESIAN_POINT('',(0.318181818182,-24.00000000001));
#3031 = CARTESIAN_POINT('',(0.340909090909,-23.99999999998));
#3032 = CARTESIAN_POINT('',(0.363636363636,-24.00000000002));
#3033 = CARTESIAN_POINT('',(0.386363636364,-23.99999999998));
#3034 = CARTESIAN_POINT('',(0.409090909091,-24.00000000001));
#3035 = CARTESIAN_POINT('',(0.431818181818,-23.99999999999));
#3036 = CARTESIAN_POINT('',(0.454545454545,-24.));
#3037 = CARTESIAN_POINT('',(0.477272727273,-23.99999999999));
#3038 = CARTESIAN_POINT('',(0.545454545455,-24.));
#3039 = CARTESIAN_POINT('',(0.590909090909,-23.99999999999));
#3040 = CARTESIAN_POINT('',(0.636363636364,-24.00000000001));
#3041 = CARTESIAN_POINT('',(0.681818181818,-23.99999999997));
#3042 = CARTESIAN_POINT('',(0.727272727273,-24.00000000002));
#3043 = CARTESIAN_POINT('',(0.772727272727,-23.99999999997));
#3044 = CARTESIAN_POINT('',(0.818181818182,-24.00000000002));
#3045 = CARTESIAN_POINT('',(0.863636363636,-23.99999999998));
#3046 = CARTESIAN_POINT('',(0.909090909091,-24.));
#3047 = CARTESIAN_POINT('',(0.954545454545,-23.99999999999));
#3048 = CARTESIAN_POINT('',(1.,-24.));
#3049 = ( GEOMETRIC_REPRESENTATION_CONTEXT(2) 
PARAMETRIC_REPRESENTATION_CONTEXT() REPRESENTATION_CONTEXT('2D SPACE',''
  ) );
#3050 = ADVANCED_FACE('',(#3051),#1292,.T.);
#3051 = FACE_BOUND('',#3052,.T.);
#3052 = EDGE_LOOP('',(#3053,#3054,#3055,#3098));
#3053 = ORIENTED_EDGE('',*,*,#1951,.T.);
#3054 = ORIENTED_EDGE('',*,*,#1276,.T.);
#3055 = ORIENTED_EDGE('',*,*,#3056,.F.);
#3056 = EDGE_CURVE('',#1985,#1277,#3057,.T.);
#3057 = SURFACE_CURVE('',#3058,(#3063,#3069),.PCURVE_S1.);
#3058 = CIRCLE('',#3059,0.8);
#3059 = AXIS2_PLACEMENT_3D('',#3060,#3061,#3062);
#3060 = CARTESIAN_POINT('',(41.2,18.495993536902,159.2));
#3061 = DIRECTION('',(0.,-1.,0.));
#3062 = DIRECTION('',(1.,0.,0.));
#3063 = PCURVE('',#1292,#3064);
#3064 = DEFINITIONAL_REPRESENTATION('',(#3065),#3068);
#3065 = B_SPLINE_CURVE_WITH_KNOTS('',1,(#3066,#3067),.UNSPECIFIED.,.F.,
  .F.,(2,2),(0.,1.570796326795),.PIECEWISE_BEZIER_KNOTS.);
#3066 = CARTESIAN_POINT('',(0.,53.481520508048));
#3067 = CARTESIAN_POINT('',(1.570796326795,53.481520508048));
#3068 = ( GEOMETRIC_REPRESENTATION_CONTEXT(2) 
PARAMETRIC_REPRESENTATION_CONTEXT() REPRESENTATION_CONTEXT('2D SPACE',''
  ) );
#3069 = PCURVE('',#1332,#3070);
#3070 = DEFINITIONAL_REPRESENTATION('',(#3071),#3097);
#3071 = B_SPLINE_CURVE_WITH_KNOTS('',3,(#3072,#3073,#3074,#3075,#3076,
    #3077,#3078,#3079,#3080,#3081,#3082,#3083,#3084,#3085,#3086,#3087,
    #3088,#3089,#3090,#3091,#3092,#3093,#3094,#3095,#3096),
  .UNSPECIFIED.,.F.,.F.,(4,1,1,1,1,1,1,1,1,1,1,1,1,1,1,1,1,1,1,1,1,1,4),
  (0.,7.139983303613E-02,0.142799666072,0.214199499108,0.285599332145,
    0.356999165181,0.428398998217,0.499798831253,0.571198664289,
    0.642598497325,0.713998330361,0.785398163397,0.856797996434,
    0.92819782947,0.999597662506,1.070997495542,1.142397328578,
    1.213797161614,1.28519699465,1.356596827687,1.427996660723,
    1.499396493759,1.570796326795),.QUASI_UNIFORM_KNOTS.);
#3072 = CARTESIAN_POINT('',(0.,129.77352287639));
#3073 = CARTESIAN_POINT('',(0.481569022679,129.77352287608));
#3074 = CARTESIAN_POINT('',(1.430607117319,129.77352319681));
#3075 = CARTESIAN_POINT('',(2.816688604542,129.77352463608));
#3076 = CARTESIAN_POINT('',(4.170276613336,129.77352702911));
#3077 = CARTESIAN_POINT('',(5.495800393878,129.77353036647));
#3078 = CARTESIAN_POINT('',(6.797410269218,129.77353463544));
#3079 = CARTESIAN_POINT('',(8.078976731724,129.77353981952));
#3080 = CARTESIAN_POINT('',(9.344154403232,129.77354589854));
#3081 = CARTESIAN_POINT('',(10.59642163389,129.77355284866));
#3082 = CARTESIAN_POINT('',(11.839121167157,129.77356064233));
#3083 = CARTESIAN_POINT('',(13.075496354236,129.77356924834));
#3084 = CARTESIAN_POINT('',(14.30872552717,129.77357863175));
#3085 = CARTESIAN_POINT('',(15.541954845596,129.77358875399));
#3086 = CARTESIAN_POINT('',(16.778330467109,129.77359957281));
#3087 = CARTESIAN_POINT('',(18.021030717581,129.77361104238));
#3088 = CARTESIAN_POINT('',(19.273298937955,129.77362311331));
#3089 = CARTESIAN_POINT('',(20.538477856662,129.77363573273));
#3090 = CARTESIAN_POINT('',(21.820045805729,129.77364884439));
#3091 = CARTESIAN_POINT('',(23.1216573785,129.77366238879));
#3092 = CARTESIAN_POINT('',(24.447183054079,129.77367630332));
#3093 = CARTESIAN_POINT('',(25.80077306005,129.7736905224));
#3094 = CARTESIAN_POINT('',(27.186856830169,129.77370497793));
#3095 = CARTESIAN_POINT('',(28.135896044886,129.77371472497));
#3096 = CARTESIAN_POINT('',(28.617465430107,129.77371961426));
#3097 = ( GEOMETRIC_REPRESENTATION_CONTEXT(2) 
PARAMETRIC_REPRESENTATION_CONTEXT() REPRESENTATION_CONTEXT('2D SPACE',''
  ) );
#3098 = ORIENTED_EDGE('',*,*,#2012,.F.);
#3099 = ADVANCED_FACE('',(#3100),#1423,.T.);
#3100 = FACE_BOUND('',#3101,.T.);
#3101 = EDGE_LOOP('',(#3102,#3132,#3133,#3134));
#3102 = ORIENTED_EDGE('',*,*,#3103,.T.);
#3103 = EDGE_CURVE('',#2641,#1368,#3104,.T.);
#3104 = SURFACE_CURVE('',#3105,(#3110,#3126),.PCURVE_S1.);
#3105 = CIRCLE('',#3106,0.8);
#3106 = AXIS2_PLACEMENT_3D('',#3107,#3108,#3109);
#3107 = CARTESIAN_POINT('',(-24.,0.602843240082,159.2));
#3108 = DIRECTION('',(-1.,0.,0.));
#3109 = DIRECTION('',(0.,-0.961261695938,0.275637355817));
#3110 = PCURVE('',#1423,#3111);
#3111 = DEFINITIONAL_REPRESENTATION('',(#3112),#3125);
#3112 = B_SPLINE_CURVE_WITH_KNOTS('',11,(#3113,#3114,#3115,#3116,#3117,
    #3118,#3119,#3120,#3121,#3122,#3123,#3124),.UNSPECIFIED.,.F.,.F.,(12
    ,12),(0.,1.291543646476),.PIECEWISE_BEZIER_KNOTS.);
#3113 = CARTESIAN_POINT('',(-1.7763568394E-15,206.3909883065));
#3114 = CARTESIAN_POINT('',(2.791608734532,206.39098830648));
#3115 = CARTESIAN_POINT('',(5.462580287372,206.39098830656));
#3116 = CARTESIAN_POINT('',(8.047469322625,206.39098830637));
#3117 = CARTESIAN_POINT('',(10.574320911549,206.3909883067));
#3118 = CARTESIAN_POINT('',(13.067585697708,206.39098830626));
#3119 = CARTESIAN_POINT('',(15.549879732429,206.39098830672));
#3120 = CARTESIAN_POINT('',(18.043144518485,206.39098830633));
#3121 = CARTESIAN_POINT('',(20.569996107538,206.39098830659));
#3122 = CARTESIAN_POINT('',(23.154885142708,206.39098830646));
#3123 = CARTESIAN_POINT('',(25.825856695574,206.39098830651));
#3124 = CARTESIAN_POINT('',(28.617465430107,206.3909883065));
#3125 = ( GEOMETRIC_REPRESENTATION_CONTEXT(2) 
PARAMETRIC_REPRESENTATION_CONTEXT() REPRESENTATION_CONTEXT('2D SPACE',''
  ) );
#3126 = PCURVE('',#1383,#3127);
#3127 = DEFINITIONAL_REPRESENTATION('',(#3128),#3131);
#3128 = B_SPLINE_CURVE_WITH_KNOTS('',1,(#3129,#3130),.UNSPECIFIED.,.F.,
  .F.,(2,2),(0.,1.291543646476),.PIECEWISE_BEZIER_KNOTS.);
#3129 = CARTESIAN_POINT('',(0.,48.));
#3130 = CARTESIAN_POINT('',(1.291543646476,48.));
#3131 = ( GEOMETRIC_REPRESENTATION_CONTEXT(2) 
PARAMETRIC_REPRESENTATION_CONTEXT() REPRESENTATION_CONTEXT('2D SPACE',''
  ) );
#3132 = ORIENTED_EDGE('',*,*,#1395,.T.);
#3133 = ORIENTED_EDGE('',*,*,#2891,.F.);
#3134 = ORIENTED_EDGE('',*,*,#2668,.F.);
#3135 = ADVANCED_FACE('',(#3136),#1332,.T.);
#3136 = FACE_BOUND('',#3137,.T.);
#3137 = EDGE_LOOP('',(#3138,#3139,#3140,#3167));
#3138 = ORIENTED_EDGE('',*,*,#3056,.T.);
#3139 = ORIENTED_EDGE('',*,*,#1304,.T.);
#3140 = ORIENTED_EDGE('',*,*,#3141,.F.);
#3141 = EDGE_CURVE('',#3142,#1305,#3144,.T.);
#3142 = VERTEX_POINT('',#3143);
#3143 = CARTESIAN_POINT('',(24.,-0.166166116668,159.42050988465));
#3144 = SURFACE_CURVE('',#3145,(#3149,#3155),.PCURVE_S1.);
#3145 = ( BOUNDED_CURVE() B_SPLINE_CURVE(2,(#3146,#3147,#3148),
.UNSPECIFIED.,.F.,.F.) B_SPLINE_CURVE_WITH_KNOTS((3,3),(0.,
28.617465430107),.PIECEWISE_BEZIER_KNOTS.) CURVE() 
GEOMETRIC_REPRESENTATION_ITEM() RATIONAL_B_SPLINE_CURVE((1.,
0.798635510047,1.)) REPRESENTATION_ITEM('') );
#3146 = CARTESIAN_POINT('',(24.,-0.166166116668,159.42050988465));
#3147 = CARTESIAN_POINT('',(24.,3.552713678801E-15,160.));
#3148 = CARTESIAN_POINT('',(24.,0.602843240082,160.));
#3149 = PCURVE('',#1332,#3150);
#3150 = DEFINITIONAL_REPRESENTATION('',(#3151),#3154);
#3151 = B_SPLINE_CURVE_WITH_KNOTS('',1,(#3152,#3153),.UNSPECIFIED.,.F.,
  .F.,(2,2),(0.,28.617465430107),.PIECEWISE_BEZIER_KNOTS.);
#3152 = CARTESIAN_POINT('',(0.,158.3909883065));
#3153 = CARTESIAN_POINT('',(28.617465430107,158.3909883065));
#3154 = ( GEOMETRIC_REPRESENTATION_CONTEXT(2) 
PARAMETRIC_REPRESENTATION_CONTEXT() REPRESENTATION_CONTEXT('2D SPACE',''
  ) );
#3155 = PCURVE('',#1383,#3156);
#3156 = DEFINITIONAL_REPRESENTATION('',(#3157),#3166);
#3157 = B_SPLINE_CURVE_WITH_KNOTS('',7,(#3158,#3159,#3160,#3161,#3162,
    #3163,#3164,#3165),.UNSPECIFIED.,.F.,.F.,(8,8),(0.,28.617465430107),
  .PIECEWISE_BEZIER_KNOTS.);
#3158 = CARTESIAN_POINT('',(-1.110223024625E-16,0.));
#3159 = CARTESIAN_POINT('',(0.171947149472,0.));
#3160 = CARTESIAN_POINT('',(0.355438708502,0.));
#3161 = CARTESIAN_POINT('',(0.547688585163,0.));
#3162 = CARTESIAN_POINT('',(0.743855061313,0.));
#3163 = CARTESIAN_POINT('',(0.936104937974,0.));
#3164 = CARTESIAN_POINT('',(1.119596497004,0.));
#3165 = CARTESIAN_POINT('',(1.291543646476,0.));
#3166 = ( GEOMETRIC_REPRESENTATION_CONTEXT(2) 
PARAMETRIC_REPRESENTATION_CONTEXT() REPRESENTATION_CONTEXT('2D SPACE',''
  ) );
#3167 = ORIENTED_EDGE('',*,*,#3168,.F.);
#3168 = EDGE_CURVE('',#1985,#3142,#3169,.T.);
#3169 = SURFACE_CURVE('',#3170,(#3180,#3187),.PCURVE_S1.);
#3170 = B_SPLINE_CURVE_WITH_KNOTS('',8,(#3171,#3172,#3173,#3174,#3175,
    #3176,#3177,#3178,#3179),.UNSPECIFIED.,.F.,.F.,(9,9),(
    129.77352287639,158.3909883065),.PIECEWISE_BEZIER_KNOTS.);
#3171 = CARTESIAN_POINT('',(42.,18.495993536902,159.2));
#3172 = CARTESIAN_POINT('',(42.,14.848236573165,159.24310146872));
#3173 = CARTESIAN_POINT('',(41.21415153579,11.20993438089,
    159.28609160438));
#3174 = CARTESIAN_POINT('',(39.648861289531,7.778760536117,
    159.32663696867));
#3175 = CARTESIAN_POINT('',(37.360050324467,4.749213241319,
    159.36245731007));
#3176 = CARTESIAN_POINT('',(34.44243945425,2.31821317673,159.39115877295
    ));
#3177 = CARTESIAN_POINT('',(31.092530623267,0.659051659271,
    159.41076037922));
#3178 = CARTESIAN_POINT('',(27.540388604102,-0.166166116668,
    159.42050988465));
#3179 = CARTESIAN_POINT('',(24.,-0.166166116668,159.42050988465));
#3180 = PCURVE('',#1332,#3181);
#3181 = DEFINITIONAL_REPRESENTATION('',(#3182),#3186);
#3182 = LINE('',#3183,#3184);
#3183 = CARTESIAN_POINT('',(0.,0.));
#3184 = VECTOR('',#3185,1.);
#3185 = DIRECTION('',(0.,1.));
#3186 = ( GEOMETRIC_REPRESENTATION_CONTEXT(2) 
PARAMETRIC_REPRESENTATION_CONTEXT() REPRESENTATION_CONTEXT('2D SPACE',''
  ) );
#3187 = PCURVE('',#2000,#3188);
#3188 = DEFINITIONAL_REPRESENTATION('',(#3189),#3199);
#3189 = B_SPLINE_CURVE_WITH_KNOTS('',8,(#3190,#3191,#3192,#3193,#3194,
    #3195,#3196,#3197,#3198),.UNSPECIFIED.,.F.,.F.,(9,9),(
    129.77352287639,158.3909883065),.PIECEWISE_BEZIER_KNOTS.);
#3190 = CARTESIAN_POINT('',(1.570796326795,52.182951444603));
#3191 = CARTESIAN_POINT('',(1.375333581228,51.218925151377));
#3192 = CARTESIAN_POINT('',(1.180380582712,50.257393012972));
#3193 = CARTESIAN_POINT('',(0.985125223451,49.350627756914));
#3194 = CARTESIAN_POINT('',(0.788951046793,48.549970070523));
#3195 = CARTESIAN_POINT('',(0.591720354017,47.907516882761));
#3196 = CARTESIAN_POINT('',(0.394031428006,47.469016387923));
#3197 = CARTESIAN_POINT('',(0.196688255783,47.250930809551));
#3198 = CARTESIAN_POINT('',(1.110223024625E-16,47.250930809551));
#3199 = ( GEOMETRIC_REPRESENTATION_CONTEXT(2) 
PARAMETRIC_REPRESENTATION_CONTEXT() REPRESENTATION_CONTEXT('2D SPACE',''
  ) );
#3200 = ADVANCED_FACE('',(#3201),#1383,.T.);
#3201 = FACE_BOUND('',#3202,.T.);
#3202 = EDGE_LOOP('',(#3203,#3204,#3205,#3206));
#3203 = ORIENTED_EDGE('',*,*,#3141,.T.);
#3204 = ORIENTED_EDGE('',*,*,#1367,.T.);
#3205 = ORIENTED_EDGE('',*,*,#3103,.F.);
#3206 = ORIENTED_EDGE('',*,*,#3207,.F.);
#3207 = EDGE_CURVE('',#3142,#2641,#3208,.T.);
#3208 = SURFACE_CURVE('',#3209,(#3213,#3220),.PCURVE_S1.);
#3209 = LINE('',#3210,#3211);
#3210 = CARTESIAN_POINT('',(24.,-0.166166116668,159.42050988465));
#3211 = VECTOR('',#3212,1.);
#3212 = DIRECTION('',(-1.,0.,0.));
#3213 = PCURVE('',#1383,#3214);
#3214 = DEFINITIONAL_REPRESENTATION('',(#3215),#3219);
#3215 = LINE('',#3216,#3217);
#3216 = CARTESIAN_POINT('',(0.,0.));
#3217 = VECTOR('',#3218,1.);
#3218 = DIRECTION('',(0.,1.));
#3219 = ( GEOMETRIC_REPRESENTATION_CONTEXT(2) 
PARAMETRIC_REPRESENTATION_CONTEXT() REPRESENTATION_CONTEXT('2D SPACE',''
  ) );
#3220 = PCURVE('',#2656,#3221);
#3221 = DEFINITIONAL_REPRESENTATION('',(#3222),#3226);
#3222 = LINE('',#3223,#3224);
#3223 = CARTESIAN_POINT('',(47.250930809547,24.));
#3224 = VECTOR('',#3225,1.);
#3225 = DIRECTION('',(0.,-1.));
#3226 = ( GEOMETRIC_REPRESENTATION_CONTEXT(2) 
PARAMETRIC_REPRESENTATION_CONTEXT() REPRESENTATION_CONTEXT('2D SPACE',''
  ) );
#3227 = ADVANCED_FACE('',(#3228),#1500,.T.);
#3228 = FACE_BOUND('',#3229,.T.);
#3229 = EDGE_LOOP('',(#3230,#3288,#3316,#3372));
#3230 = ORIENTED_EDGE('',*,*,#3231,.T.);
#3231 = EDGE_CURVE('',#1483,#3232,#3234,.T.);
#3232 = VERTEX_POINT('',#3233);
#3233 = CARTESIAN_POINT('',(-39.,39.062337662338,159.2));
#3234 = SURFACE_CURVE('',#3235,(#3240,#3246),.PCURVE_S1.);
#3235 = CIRCLE('',#3236,0.8);
#3236 = AXIS2_PLACEMENT_3D('',#3237,#3238,#3239);
#3237 = CARTESIAN_POINT('',(-39.8,39.062337662338,159.2));
#3238 = DIRECTION('',(0.,1.,0.));
#3239 = DIRECTION('',(0.,-0.,1.));
#3240 = PCURVE('',#1500,#3241);
#3241 = DEFINITIONAL_REPRESENTATION('',(#3242),#3245);
#3242 = B_SPLINE_CURVE_WITH_KNOTS('',1,(#3243,#3244),.UNSPECIFIED.,.F.,
  .F.,(2,2),(0.,1.570796326795),.PIECEWISE_BEZIER_KNOTS.);
#3243 = CARTESIAN_POINT('',(0.,6.233766233767E-02));
#3244 = CARTESIAN_POINT('',(1.570796326795,6.233766233767E-02));
#3245 = ( GEOMETRIC_REPRESENTATION_CONTEXT(2) 
PARAMETRIC_REPRESENTATION_CONTEXT() REPRESENTATION_CONTEXT('2D SPACE',''
  ) );
#3246 = PCURVE('',#1550,#3247);
#3247 = DEFINITIONAL_REPRESENTATION('',(#3248),#3287);
#3248 = B_SPLINE_CURVE_WITH_KNOTS('',7,(#3249,#3250,#3251,#3252,#3253,
    #3254,#3255,#3256,#3257,#3258,#3259,#3260,#3261,#3262,#3263,#3264,
    #3265,#3266,#3267,#3268,#3269,#3270,#3271,#3272,#3273,#3274,#3275,
    #3276,#3277,#3278,#3279,#3280,#3281,#3282,#3283,#3284,#3285,#3286),
  .UNSPECIFIED.,.F.,.F.,(8,6,6,6,6,6,8),(0.,0.196349540849,
    0.392699081699,0.785398163397,1.178097245096,1.374446785946,
    1.570796326795),.UNSPECIFIED.);
#3249 = CARTESIAN_POINT('',(-1.7763568394E-15,256.31011727003));
#3250 = CARTESIAN_POINT('',(0.468571080049,256.31011727003));
#3251 = CARTESIAN_POINT('',(0.930791763205,256.31011727003));
#3252 = CARTESIAN_POINT('',(1.387119331339,256.31011727003));
#3253 = CARTESIAN_POINT('',(1.83796690936,256.31011727002));
#3254 = CARTESIAN_POINT('',(2.283750804768,256.31011727003));
#3255 = CARTESIAN_POINT('',(2.72484112177,256.31011727003));
#3256 = CARTESIAN_POINT('',(3.598349352309,256.31011727003));
#3257 = CARTESIAN_POINT('',(4.030767088509,256.31011727002));
#3258 = CARTESIAN_POINT('',(4.459205669456,256.31011727003));
#3259 = CARTESIAN_POINT('',(4.884006860014,256.31011727002));
#3260 = CARTESIAN_POINT('',(5.305494118586,256.31011727003));
#3261 = CARTESIAN_POINT('',(5.723975198867,256.31011727003));
#3262 = CARTESIAN_POINT('',(6.971300204937,256.31011727003));
#3263 = CARTESIAN_POINT('',(7.79202512234,256.31011727002));
#3264 = CARTESIAN_POINT('',(8.604315169806,256.31011727003));
#3265 = CARTESIAN_POINT('',(9.410384738008,256.31011727002));
#3266 = CARTESIAN_POINT('',(10.212340846187,256.31011727003));
#3267 = CARTESIAN_POINT('',(11.012241118498,256.31011727003));
#3268 = CARTESIAN_POINT('',(12.612041445764,256.31011727003));
#3269 = CARTESIAN_POINT('',(13.411941718076,256.31011727003));
#3270 = CARTESIAN_POINT('',(14.213897826254,256.31011727002));
#3271 = CARTESIAN_POINT('',(15.019967394457,256.31011727003));
#3272 = CARTESIAN_POINT('',(15.832257441922,256.31011727002));
#3273 = CARTESIAN_POINT('',(16.652982359325,256.31011727003));
#3274 = CARTESIAN_POINT('',(17.900307365395,256.31011727003));
#3275 = CARTESIAN_POINT('',(18.318788445676,256.31011727002));
#3276 = CARTESIAN_POINT('',(18.740275704248,256.31011727003));
#3277 = CARTESIAN_POINT('',(19.165076894806,256.31011727002));
#3278 = CARTESIAN_POINT('',(19.593515475754,256.31011727003));
#3279 = CARTESIAN_POINT('',(20.025933211953,256.31011727003));
#3280 = CARTESIAN_POINT('',(20.899441442493,256.31011727003));
#3281 = CARTESIAN_POINT('',(21.340531759495,256.31011727003));
#3282 = CARTESIAN_POINT('',(21.786315654903,256.31011727003));
#3283 = CARTESIAN_POINT('',(22.237163232922,256.31011727003));
#3284 = CARTESIAN_POINT('',(22.693490801057,256.31011727003));
#3285 = CARTESIAN_POINT('',(23.155711484213,256.31011727003));
#3286 = CARTESIAN_POINT('',(23.624282564262,256.31011727003));
#3287 = ( GEOMETRIC_REPRESENTATION_CONTEXT(2) 
PARAMETRIC_REPRESENTATION_CONTEXT() REPRESENTATION_CONTEXT('2D SPACE',''
  ) );
#3288 = ORIENTED_EDGE('',*,*,#3289,.T.);
#3289 = EDGE_CURVE('',#3232,#3290,#3292,.T.);
#3290 = VERTEX_POINT('',#3291);
#3291 = CARTESIAN_POINT('',(-39.,71.96,159.2));
#3292 = SURFACE_CURVE('',#3293,(#3297,#3304),.PCURVE_S1.);
#3293 = LINE('',#3294,#3295);
#3294 = CARTESIAN_POINT('',(-39.,39.,159.2));
#3295 = VECTOR('',#3296,1.);
#3296 = DIRECTION('',(0.,1.,0.));
#3297 = PCURVE('',#1500,#3298);
#3298 = DEFINITIONAL_REPRESENTATION('',(#3299),#3303);
#3299 = LINE('',#3300,#3301);
#3300 = CARTESIAN_POINT('',(1.570796326795,0.));
#3301 = VECTOR('',#3302,1.);
#3302 = DIRECTION('',(0.,1.));
#3303 = ( GEOMETRIC_REPRESENTATION_CONTEXT(2) 
PARAMETRIC_REPRESENTATION_CONTEXT() REPRESENTATION_CONTEXT('2D SPACE',''
  ) );
#3304 = PCURVE('',#3305,#3310);
#3305 = PLANE('',#3306);
#3306 = AXIS2_PLACEMENT_3D('',#3307,#3308,#3309);
#3307 = CARTESIAN_POINT('',(-39.,56.575,83.));
#3308 = DIRECTION('',(-1.,0.,0.));
#3309 = DIRECTION('',(-0.,-0.999897660554,-1.430623707343E-02));
#3310 = DEFINITIONAL_REPRESENTATION('',(#3311),#3315);
#3311 = LINE('',#3312,#3313);
#3312 = CARTESIAN_POINT('',(16.483066119237,76.443633850759));
#3313 = VECTOR('',#3314,1.);
#3314 = DIRECTION('',(-0.999897660554,-1.430623707343E-02));
#3315 = ( GEOMETRIC_REPRESENTATION_CONTEXT(2) 
PARAMETRIC_REPRESENTATION_CONTEXT() REPRESENTATION_CONTEXT('2D SPACE',''
  ) );
#3316 = ORIENTED_EDGE('',*,*,#3317,.F.);
#3317 = EDGE_CURVE('',#1485,#3290,#3318,.T.);
#3318 = SURFACE_CURVE('',#3319,(#3324,#3330),.PCURVE_S1.);
#3319 = CIRCLE('',#3320,0.8);
#3320 = AXIS2_PLACEMENT_3D('',#3321,#3322,#3323);
#3321 = CARTESIAN_POINT('',(-39.8,71.96,159.2));
#3322 = DIRECTION('',(0.,1.,0.));
#3323 = DIRECTION('',(0.,-0.,1.));
#3324 = PCURVE('',#1500,#3325);
#3325 = DEFINITIONAL_REPRESENTATION('',(#3326),#3329);
#3326 = B_SPLINE_CURVE_WITH_KNOTS('',1,(#3327,#3328),.UNSPECIFIED.,.F.,
  .F.,(2,2),(0.,1.570796326795),.PIECEWISE_BEZIER_KNOTS.);
#3327 = CARTESIAN_POINT('',(0.,32.96));
#3328 = CARTESIAN_POINT('',(1.570796326795,32.96));
#3329 = ( GEOMETRIC_REPRESENTATION_CONTEXT(2) 
PARAMETRIC_REPRESENTATION_CONTEXT() REPRESENTATION_CONTEXT('2D SPACE',''
  ) );
#3330 = PCURVE('',#1896,#3331);
#3331 = DEFINITIONAL_REPRESENTATION('',(#3332),#3371);
#3332 = B_SPLINE_CURVE_WITH_KNOTS('',7,(#3333,#3334,#3335,#3336,#3337,
    #3338,#3339,#3340,#3341,#3342,#3343,#3344,#3345,#3346,#3347,#3348,
    #3349,#3350,#3351,#3352,#3353,#3354,#3355,#3356,#3357,#3358,#3359,
    #3360,#3361,#3362,#3363,#3364,#3365,#3366,#3367,#3368,#3369,#3370),
  .UNSPECIFIED.,.F.,.F.,(8,6,6,6,6,6,8),(0.,0.196349540849,
    0.392699081699,0.785398163397,1.178097245096,1.374446785946,
    1.570796326795),.UNSPECIFIED.);
#3333 = CARTESIAN_POINT('',(0.,32.96));
#3334 = CARTESIAN_POINT('',(0.468128028178,32.96));
#3335 = CARTESIAN_POINT('',(0.929911664006,32.96));
#3336 = CARTESIAN_POINT('',(1.385807756978,32.960000000001));
#3337 = CARTESIAN_POINT('',(1.836229041375,32.959999999999));
#3338 = CARTESIAN_POINT('',(2.281591431067,32.96));
#3339 = CARTESIAN_POINT('',(2.722264680309,32.96));
#3340 = CARTESIAN_POINT('',(3.59494697542,32.96));
#3341 = CARTESIAN_POINT('',(4.026955844118,32.959999999999));
#3342 = CARTESIAN_POINT('',(4.454989320006,32.960000000001));
#3343 = CARTESIAN_POINT('',(4.879388844797,32.959999999999));
#3344 = CARTESIAN_POINT('',(5.300477571051,32.960000000001));
#3345 = CARTESIAN_POINT('',(5.718562961471,32.96));
#3346 = CARTESIAN_POINT('',(6.964708574059,32.96));
#3347 = CARTESIAN_POINT('',(7.784657464673,32.96));
#3348 = CARTESIAN_POINT('',(8.596179460842,32.960000000001));
#3349 = CARTESIAN_POINT('',(9.401486859449,32.959999999999));
#3350 = CARTESIAN_POINT('',(10.202684687467,32.96));
#3351 = CARTESIAN_POINT('',(11.001828623488,32.96));
#3352 = CARTESIAN_POINT('',(12.600116278379,32.96));
#3353 = CARTESIAN_POINT('',(13.399260214401,32.960000000001));
#3354 = CARTESIAN_POINT('',(14.200458042417,32.959999999998));
#3355 = CARTESIAN_POINT('',(15.005765441025,32.960000000002));
#3356 = CARTESIAN_POINT('',(15.817287437193,32.959999999999));
#3357 = CARTESIAN_POINT('',(16.637236327808,32.96));
#3358 = CARTESIAN_POINT('',(17.883381940396,32.96));
#3359 = CARTESIAN_POINT('',(18.301467330816,32.96));
#3360 = CARTESIAN_POINT('',(18.722556057069,32.96));
#3361 = CARTESIAN_POINT('',(19.146955581861,32.96));
#3362 = CARTESIAN_POINT('',(19.574989057749,32.96));
#3363 = CARTESIAN_POINT('',(20.006997926447,32.96));
#3364 = CARTESIAN_POINT('',(20.879680221557,32.96));
#3365 = CARTESIAN_POINT('',(21.3203534708,32.96));
#3366 = CARTESIAN_POINT('',(21.765715860491,32.96));
#3367 = CARTESIAN_POINT('',(22.216137144889,32.96));
#3368 = CARTESIAN_POINT('',(22.67203323786,32.96));
#3369 = CARTESIAN_POINT('',(23.133816873689,32.96));
#3370 = CARTESIAN_POINT('',(23.601944901867,32.96));
#3371 = ( GEOMETRIC_REPRESENTATION_CONTEXT(2) 
PARAMETRIC_REPRESENTATION_CONTEXT() REPRESENTATION_CONTEXT('2D SPACE',''
  ) );
#3372 = ORIENTED_EDGE('',*,*,#1482,.F.);
#3373 = ADVANCED_FACE('',(#3374),#1550,.T.);
#3374 = FACE_BOUND('',#3375,.T.);
#3375 = EDGE_LOOP('',(#3376,#3404,#3474,#3475));
#3376 = ORIENTED_EDGE('',*,*,#3377,.T.);
#3377 = EDGE_CURVE('',#1513,#3378,#3380,.T.);
#3378 = VERTEX_POINT('',#3379);
#3379 = CARTESIAN_POINT('',(-24.,24.057494862284,159.26214926736));
#3380 = SURFACE_CURVE('',#3381,(#3386,#3398),.PCURVE_S1.);
#3381 = CIRCLE('',#3382,0.8);
#3382 = AXIS2_PLACEMENT_3D('',#3383,#3384,#3385);
#3383 = CARTESIAN_POINT('',(-24.,23.259912597833,159.2));
#3384 = DIRECTION('',(-1.,0.,0.));
#3385 = DIRECTION('',(0.,0.,1.));
#3386 = PCURVE('',#1550,#3387);
#3387 = DEFINITIONAL_REPRESENTATION('',(#3388),#3397);
#3388 = B_SPLINE_CURVE_WITH_KNOTS('',7,(#3389,#3390,#3391,#3392,#3393,
    #3394,#3395,#3396),.UNSPECIFIED.,.F.,.F.,(8,8),(0.,1.493031387192),
  .PIECEWISE_BEZIER_KNOTS.);
#3389 = CARTESIAN_POINT('',(1.7763568394E-15,232.68583470576));
#3390 = CARTESIAN_POINT('',(3.710011582495,232.68583470576));
#3391 = CARTESIAN_POINT('',(7.058529734074,232.68583470577));
#3392 = CARTESIAN_POINT('',(10.24639361374,232.68583470576));
#3393 = CARTESIAN_POINT('',(13.377888950522,232.68583470577));
#3394 = CARTESIAN_POINT('',(16.565752830186,232.68583470576));
#3395 = CARTESIAN_POINT('',(19.914270981767,232.68583470577));
#3396 = CARTESIAN_POINT('',(23.624282564262,232.68583470576));
#3397 = ( GEOMETRIC_REPRESENTATION_CONTEXT(2) 
PARAMETRIC_REPRESENTATION_CONTEXT() REPRESENTATION_CONTEXT('2D SPACE',''
  ) );
#3398 = PCURVE('',#1616,#3399);
#3399 = DEFINITIONAL_REPRESENTATION('',(#3400),#3403);
#3400 = B_SPLINE_CURVE_WITH_KNOTS('',1,(#3401,#3402),.UNSPECIFIED.,.F.,
  .F.,(2,2),(0.,1.493031387192),.PIECEWISE_BEZIER_KNOTS.);
#3401 = CARTESIAN_POINT('',(0.,48.));
#3402 = CARTESIAN_POINT('',(1.493031387192,48.));
#3403 = ( GEOMETRIC_REPRESENTATION_CONTEXT(2) 
PARAMETRIC_REPRESENTATION_CONTEXT() REPRESENTATION_CONTEXT('2D SPACE',''
  ) );
#3404 = ORIENTED_EDGE('',*,*,#3405,.T.);
#3405 = EDGE_CURVE('',#3378,#3232,#3406,.T.);
#3406 = SURFACE_CURVE('',#3407,(#3422,#3429),.PCURVE_S1.);
#3407 = B_SPLINE_CURVE_WITH_KNOTS('',7,(#3408,#3409,#3410,#3411,#3412,
    #3413,#3414,#3415,#3416,#3417,#3418,#3419,#3420,#3421),
  .UNSPECIFIED.,.F.,.F.,(8,6,8),(232.68583470576,256.24777932307,
    256.31011727003),.UNSPECIFIED.);
#3408 = CARTESIAN_POINT('',(-24.,24.057494862284,159.26214926736));
#3409 = CARTESIAN_POINT('',(-27.35307496191,24.057494862283,
    159.26214926736));
#3410 = CARTESIAN_POINT('',(-30.70617785055,24.932319614017,
    159.25854750989));
#3411 = CARTESIAN_POINT('',(-33.78646731532,26.681463992989,
    159.25134736469));
#3412 = CARTESIAN_POINT('',(-36.32072165159,29.200739914004,
    159.24095007674));
#3413 = CARTESIAN_POINT('',(-38.09120545888,32.275007753942,
    159.22819757471));
#3414 = CARTESIAN_POINT('',(-38.9858911361,35.634055625497,
    159.21424291536));
#3415 = CARTESIAN_POINT('',(-38.99990753587,39.008905328382,
    159.2002219865));
#3416 = CARTESIAN_POINT('',(-38.99993835764,39.017810788918,
    159.20018498749));
#3417 = CARTESIAN_POINT('',(-38.99996301453,39.026716145135,
    159.20014798994));
#3418 = CARTESIAN_POINT('',(-38.99998150717,39.035621502786,
    159.20011099258));
#3419 = CARTESIAN_POINT('',(-38.9999938358,39.044526911029,
    159.20007399476));
#3420 = CARTESIAN_POINT('',(-39.,39.053432282004,159.20003699743));
#3421 = CARTESIAN_POINT('',(-39.,39.062337662338,159.2));
#3422 = PCURVE('',#1550,#3423);
#3423 = DEFINITIONAL_REPRESENTATION('',(#3424),#3428);
#3424 = LINE('',#3425,#3426);
#3425 = CARTESIAN_POINT('',(23.624282564262,0.));
#3426 = VECTOR('',#3427,1.);
#3427 = DIRECTION('',(0.,1.));
#3428 = ( GEOMETRIC_REPRESENTATION_CONTEXT(2) 
PARAMETRIC_REPRESENTATION_CONTEXT() REPRESENTATION_CONTEXT('2D SPACE',''
  ) );
#3429 = PCURVE('',#3430,#3449);
#3430 = B_SPLINE_SURFACE_WITH_KNOTS('',8,1,(
    (#3431,#3432)
    ,(#3433,#3434)
    ,(#3435,#3436)
    ,(#3437,#3438)
    ,(#3439,#3440)
    ,(#3441,#3442)
    ,(#3443,#3444)
    ,(#3445,#3446)
    ,(#3447,#3448
    )),.UNSPECIFIED.,.F.,.F.,.F.,(9,9),(2,2),(3.14159265359,
    4.712388980385),(0.,1.),.PIECEWISE_BEZIER_KNOTS.);
#3431 = CARTESIAN_POINT('',(-39.,51.,6.));
#3432 = CARTESIAN_POINT('',(-39.,39.,160.));
#3433 = CARTESIAN_POINT('',(-39.,48.054756887259,6.));
#3434 = CARTESIAN_POINT('',(-39.,36.054756887259,159.99999999999));
#3435 = CARTESIAN_POINT('',(-38.33908816558,45.109512847438,6.));
#3436 = CARTESIAN_POINT('',(-38.33908816558,33.109512847438,160.));
#3437 = CARTESIAN_POINT('',(-37.01727098806,42.337301484972,6.));
#3438 = CARTESIAN_POINT('',(-37.01727098806,30.337301484971,
    159.99999999999));
#3439 = CARTESIAN_POINT('',(-35.0888813367,39.911118663304,
    6.000000000001));
#3440 = CARTESIAN_POINT('',(-35.0888813367,27.911118663304,
    160.00000000001));
#3441 = CARTESIAN_POINT('',(-32.66269851502,37.982729011927,6.));
#3442 = CARTESIAN_POINT('',(-32.66269851502,25.982729011927,
    159.99999999999));
#3443 = CARTESIAN_POINT('',(-29.89048715256,36.660911834419,6.));
#3444 = CARTESIAN_POINT('',(-29.89048715256,24.660911834419,160.));
#3445 = CARTESIAN_POINT('',(-26.94524311274,36.,6.));
#3446 = CARTESIAN_POINT('',(-26.94524311274,24.,159.99999999999));
#3447 = CARTESIAN_POINT('',(-24.,36.,6.));
#3448 = CARTESIAN_POINT('',(-24.,24.,160.));
#3449 = DEFINITIONAL_REPRESENTATION('',(#3450),#3473);
#3450 = B_SPLINE_CURVE_WITH_KNOTS('',11,(#3451,#3452,#3453,#3454,#3455,
    #3456,#3457,#3458,#3459,#3460,#3461,#3462,#3463,#3464,#3465,#3466,
    #3467,#3468,#3469,#3470,#3471,#3472),.UNSPECIFIED.,.F.,.F.,(12,10,12
    ),(232.68583470576,244.4979759879,256.31011727003),.UNSPECIFIED.);
#3451 = CARTESIAN_POINT('',(4.712388980385,0.995208761476));
#3452 = CARTESIAN_POINT('',(4.641074969912,0.995208761476));
#3453 = CARTESIAN_POINT('',(4.569760738483,0.995206515974));
#3454 = CARTESIAN_POINT('',(4.498444943007,0.995202026717));
#3455 = CARTESIAN_POINT('',(4.427126224928,0.995195312563));
#3456 = CARTESIAN_POINT('',(4.355803210222,0.995186409477));
#3457 = CARTESIAN_POINT('',(4.284474509392,0.995175370528));
#3458 = CARTESIAN_POINT('',(4.213138717484,0.9951622659));
#3459 = CARTESIAN_POINT('',(4.141794414064,0.995147182876));
#3460 = CARTESIAN_POINT('',(4.070440163242,0.995130225855));
#3461 = CARTESIAN_POINT('',(3.999074513652,0.995111516338));
#3462 = CARTESIAN_POINT('',(3.856317483276,0.995070869534));
#3463 = CARTESIAN_POINT('',(3.784925627779,0.995048929686));
#3464 = CARTESIAN_POINT('',(3.713524083242,0.995025511938));
#3465 = CARTESIAN_POINT('',(3.642090005653,0.995000752262));
#3466 = CARTESIAN_POINT('',(3.57067952409,0.994974851044));
#3467 = CARTESIAN_POINT('',(3.499182305963,0.994947913157));
#3468 = CARTESIAN_POINT('',(3.427746830926,0.994920220716));
#3469 = CARTESIAN_POINT('',(3.356215644667,0.994891866589));
#3470 = CARTESIAN_POINT('',(3.284709194403,0.994863128303));
#3471 = CARTESIAN_POINT('',(3.213157886631,0.994834163734));
#3472 = CARTESIAN_POINT('',(3.14159265359,0.994805194805));
#3473 = ( GEOMETRIC_REPRESENTATION_CONTEXT(2) 
PARAMETRIC_REPRESENTATION_CONTEXT() REPRESENTATION_CONTEXT('2D SPACE',''
  ) );
#3474 = ORIENTED_EDGE('',*,*,#3231,.F.);
#3475 = ORIENTED_EDGE('',*,*,#1512,.F.);
#3476 = ADVANCED_FACE('',(#3477),#1896,.T.);
#3477 = FACE_BOUND('',#3478,.T.);
#3478 = EDGE_LOOP('',(#3479,#3480,#3548,#3575));
#3479 = ORIENTED_EDGE('',*,*,#3317,.T.);
#3480 = ORIENTED_EDGE('',*,*,#3481,.T.);
#3481 = EDGE_CURVE('',#3290,#3482,#3484,.T.);
#3482 = VERTEX_POINT('',#3483);
#3483 = CARTESIAN_POINT('',(-24.,86.961997504678,159.23995009355));
#3484 = SURFACE_CURVE('',#3485,(#3500,#3507),.PCURVE_S1.);
#3485 = B_SPLINE_CURVE_WITH_KNOTS('',7,(#3486,#3487,#3488,#3489,#3490,
    #3491,#3492,#3493,#3494,#3495,#3496,#3497,#3498,#3499),
  .UNSPECIFIED.,.F.,.F.,(8,6,8),(32.96,33.000000182805,56.561944901867),
  .UNSPECIFIED.);
#3486 = CARTESIAN_POINT('',(-39.,71.96,159.2));
#3487 = CARTESIAN_POINT('',(-39.,71.965714285714,159.20001523608));
#3488 = CARTESIAN_POINT('',(-38.999997461,71.971428568956,
    159.20003047214));
#3489 = CARTESIAN_POINT('',(-38.99999238295,71.977142862044,
    159.20004570829));
#3490 = CARTESIAN_POINT('',(-38.99998476594,71.982857141766,
    159.20006094436));
#3491 = CARTESIAN_POINT('',(-38.99997460992,71.988571421108,
    159.20007618046));
#3492 = CARTESIAN_POINT('',(-38.99996191479,71.994285728008,
    159.20009141681));
#3493 = CARTESIAN_POINT('',(-38.9909731308,75.365963402134,
    159.20908139681));
#3494 = CARTESIAN_POINT('',(-38.10097039817,78.7275072203,
    159.21804418526));
#3495 = CARTESIAN_POINT('',(-36.33313004274,81.807016007876,
    159.22625006298));
#3496 = CARTESIAN_POINT('',(-33.79829579343,84.331603566445,
    159.23296309283));
#3497 = CARTESIAN_POINT('',(-30.71493128645,86.085072428119,
    159.23762064292));
#3498 = CARTESIAN_POINT('',(-27.35744901881,86.961997504677,
    159.23995009355));
#3499 = CARTESIAN_POINT('',(-24.,86.961997504678,159.23995009355));
#3500 = PCURVE('',#1896,#3501);
#3501 = DEFINITIONAL_REPRESENTATION('',(#3502),#3506);
#3502 = LINE('',#3503,#3504);
#3503 = CARTESIAN_POINT('',(23.601944901867,0.));
#3504 = VECTOR('',#3505,1.);
#3505 = DIRECTION('',(0.,1.));
#3506 = ( GEOMETRIC_REPRESENTATION_CONTEXT(2) 
PARAMETRIC_REPRESENTATION_CONTEXT() REPRESENTATION_CONTEXT('2D SPACE',''
  ) );
#3507 = PCURVE('',#3508,#3527);
#3508 = B_SPLINE_SURFACE_WITH_KNOTS('',8,1,(
    (#3509,#3510)
    ,(#3511,#3512)
    ,(#3513,#3514)
    ,(#3515,#3516)
    ,(#3517,#3518)
    ,(#3519,#3520)
    ,(#3521,#3522)
    ,(#3523,#3524)
    ,(#3525,#3526
    )),.UNSPECIFIED.,.F.,.F.,.F.,(9,9),(2,2),(1.570796326795,
    3.14159265359),(0.,1.),.PIECEWISE_BEZIER_KNOTS.);
#3509 = CARTESIAN_POINT('',(-24.,79.3,6.));
#3510 = CARTESIAN_POINT('',(-24.,87.,160.));
#3511 = CARTESIAN_POINT('',(-26.94524311274,79.299999999999,6.));
#3512 = CARTESIAN_POINT('',(-26.94524311274,86.999999999999,
    159.99999999999));
#3513 = CARTESIAN_POINT('',(-29.89048715256,78.639088165584,6.));
#3514 = CARTESIAN_POINT('',(-29.89048715256,86.339088165584,160.));
#3515 = CARTESIAN_POINT('',(-32.66269851502,77.317270988068,6.));
#3516 = CARTESIAN_POINT('',(-32.66269851502,85.017270988068,
    159.99999999999));
#3517 = CARTESIAN_POINT('',(-35.08888133669,75.388881336702,6.));
#3518 = CARTESIAN_POINT('',(-35.08888133669,83.088881336702,160.));
#3519 = CARTESIAN_POINT('',(-37.01727098807,72.962698515023,6.));
#3520 = CARTESIAN_POINT('',(-37.01727098807,80.662698515023,
    159.99999999999));
#3521 = CARTESIAN_POINT('',(-38.33908816558,70.190487152565,6.));
#3522 = CARTESIAN_POINT('',(-38.33908816558,77.890487152565,160.));
#3523 = CARTESIAN_POINT('',(-39.,67.24524311274,6.));
#3524 = CARTESIAN_POINT('',(-39.,74.94524311274,160.));
#3525 = CARTESIAN_POINT('',(-39.,64.3,6.));
#3526 = CARTESIAN_POINT('',(-39.,72.,160.));
#3527 = DEFINITIONAL_REPRESENTATION('',(#3528),#3547);
#3528 = B_SPLINE_CURVE_WITH_KNOTS('',9,(#3529,#3530,#3531,#3532,#3533,
    #3534,#3535,#3536,#3537,#3538,#3539,#3540,#3541,#3542,#3543,#3544,
    #3545,#3546),.UNSPECIFIED.,.F.,.F.,(10,8,10),(32.96,44.760972450933,
    56.561944901867),.UNSPECIFIED.);
#3529 = CARTESIAN_POINT('',(3.14159265359,0.994805194805));
#3530 = CARTESIAN_POINT('',(3.054190096024,0.994827896796));
#3531 = CARTESIAN_POINT('',(2.966804781554,0.994850594557));
#3532 = CARTESIAN_POINT('',(2.879450253756,0.99487303063));
#3533 = CARTESIAN_POINT('',(2.792105700117,0.994894961159));
#3534 = CARTESIAN_POINT('',(2.70479782888,0.994916128691));
#3535 = CARTESIAN_POINT('',(2.617496976887,0.994936310441));
#3536 = CARTESIAN_POINT('',(2.53021971632,0.994955281201));
#3537 = CARTESIAN_POINT('',(2.442955891612,0.994972847217));
#3538 = CARTESIAN_POINT('',(2.268456370298,0.99500482077));
#3539 = CARTESIAN_POINT('',(2.181220355739,0.995019228925));
#3540 = CARTESIAN_POINT('',(2.09399642789,0.995031883596));
#3541 = CARTESIAN_POINT('',(2.006782699489,0.995042635551));
#3542 = CARTESIAN_POINT('',(1.919577144946,0.995051362653));
#3543 = CARTESIAN_POINT('',(1.832377689893,0.995057971346));
#3544 = CARTESIAN_POINT('',(1.74518230073,0.99506239812));
#3545 = CARTESIAN_POINT('',(1.657989074172,0.995064610997));
#3546 = CARTESIAN_POINT('',(1.570796326795,0.995064610997));
#3547 = ( GEOMETRIC_REPRESENTATION_CONTEXT(2) 
PARAMETRIC_REPRESENTATION_CONTEXT() REPRESENTATION_CONTEXT('2D SPACE',''
  ) );
#3548 = ORIENTED_EDGE('',*,*,#3549,.F.);
#3549 = EDGE_CURVE('',#1833,#3482,#3550,.T.);
#3550 = SURFACE_CURVE('',#3551,(#3555,#3561),.PCURVE_S1.);
#3551 = ( BOUNDED_CURVE() B_SPLINE_CURVE(2,(#3552,#3553,#3554),
.UNSPECIFIED.,.F.,.F.) B_SPLINE_CURVE_WITH_KNOTS((3,3),(0.,
23.601944901867),.PIECEWISE_BEZIER_KNOTS.) CURVE() 
GEOMETRIC_REPRESENTATION_ITEM() RATIONAL_B_SPLINE_CURVE((1.,
0.724547312791,1.)) REPRESENTATION_ITEM('') );
#3552 = CARTESIAN_POINT('',(-24.,87.76099937578,160.));
#3553 = CARTESIAN_POINT('',(-24.,87.,160.));
#3554 = CARTESIAN_POINT('',(-24.,86.961997504678,159.23995009355));
#3555 = PCURVE('',#1896,#3556);
#3556 = DEFINITIONAL_REPRESENTATION('',(#3557),#3560);
#3557 = B_SPLINE_CURVE_WITH_KNOTS('',1,(#3558,#3559),.UNSPECIFIED.,.F.,
  .F.,(2,2),(0.,23.601944901867),.PIECEWISE_BEZIER_KNOTS.);
#3558 = CARTESIAN_POINT('',(0.,56.561944901867));
#3559 = CARTESIAN_POINT('',(23.601944901867,56.561944901867));
#3560 = ( GEOMETRIC_REPRESENTATION_CONTEXT(2) 
PARAMETRIC_REPRESENTATION_CONTEXT() REPRESENTATION_CONTEXT('2D SPACE',''
  ) );
#3561 = PCURVE('',#1848,#3562);
#3562 = DEFINITIONAL_REPRESENTATION('',(#3563),#3574);
#3563 = B_SPLINE_CURVE_WITH_KNOTS('',9,(#3564,#3565,#3566,#3567,#3568,
    #3569,#3570,#3571,#3572,#3573),.UNSPECIFIED.,.F.,.F.,(10,10),(0.,
    23.601944901867),.PIECEWISE_BEZIER_KNOTS.);
#3564 = CARTESIAN_POINT('',(2.22044604925E-16,0.));
#3565 = CARTESIAN_POINT('',(0.153161125766,0.));
#3566 = CARTESIAN_POINT('',(0.316868769975,0.));
#3567 = CARTESIAN_POINT('',(0.489775606686,0.));
#3568 = CARTESIAN_POINT('',(0.669295984077,0.));
#3569 = CARTESIAN_POINT('',(0.851541946996,0.));
#3570 = CARTESIAN_POINT('',(1.031062324387,0.));
#3571 = CARTESIAN_POINT('',(1.203969161098,0.));
#3572 = CARTESIAN_POINT('',(1.367676805307,0.));
#3573 = CARTESIAN_POINT('',(1.520837931073,0.));
#3574 = ( GEOMETRIC_REPRESENTATION_CONTEXT(2) 
PARAMETRIC_REPRESENTATION_CONTEXT() REPRESENTATION_CONTEXT('2D SPACE',''
  ) );
#3575 = ORIENTED_EDGE('',*,*,#1860,.F.);
#3576 = ADVANCED_FACE('',(#3577),#1616,.T.);
#3577 = FACE_BOUND('',#3578,.T.);
#3578 = EDGE_LOOP('',(#3579,#3608,#3634,#3635));
#3579 = ORIENTED_EDGE('',*,*,#3580,.T.);
#3580 = EDGE_CURVE('',#1601,#3581,#3583,.T.);
#3581 = VERTEX_POINT('',#3582);
#3582 = CARTESIAN_POINT('',(24.,24.057494862284,159.26214926736));
#3583 = SURFACE_CURVE('',#3584,(#3588,#3602),.PCURVE_S1.);
#3584 = ( BOUNDED_CURVE() B_SPLINE_CURVE(2,(#3585,#3586,#3587),
.UNSPECIFIED.,.F.,.F.) B_SPLINE_CURVE_WITH_KNOTS((3,3),(0.,
23.624282564296),.PIECEWISE_BEZIER_KNOTS.) CURVE() 
GEOMETRIC_REPRESENTATION_ITEM() RATIONAL_B_SPLINE_CURVE((1.,
0.734059460875,1.)) REPRESENTATION_ITEM('') );
#3585 = CARTESIAN_POINT('',(24.,23.259912597833,160.));
#3586 = CARTESIAN_POINT('',(24.,24.,160.));
#3587 = CARTESIAN_POINT('',(24.,24.057494862284,159.26214926736));
#3588 = PCURVE('',#1616,#3589);
#3589 = DEFINITIONAL_REPRESENTATION('',(#3590),#3601);
#3590 = B_SPLINE_CURVE_WITH_KNOTS('',9,(#3591,#3592,#3593,#3594,#3595,
    #3596,#3597,#3598,#3599,#3600),.UNSPECIFIED.,.F.,.F.,(10,10),(0.,
    23.624282564296),.PIECEWISE_BEZIER_KNOTS.);
#3591 = CARTESIAN_POINT('',(1.110223024625E-16,0.));
#3592 = CARTESIAN_POINT('',(0.150907822065,0.));
#3593 = CARTESIAN_POINT('',(0.311848238932,0.));
#3594 = CARTESIAN_POINT('',(0.481484289763,0.));
#3595 = CARTESIAN_POINT('',(0.65733063734,0.));
#3596 = CARTESIAN_POINT('',(0.835700749851,0.));
#3597 = CARTESIAN_POINT('',(1.01154709743,0.));
#3598 = CARTESIAN_POINT('',(1.18118314826,0.));
#3599 = CARTESIAN_POINT('',(1.342123565127,0.));
#3600 = CARTESIAN_POINT('',(1.493031387192,0.));
#3601 = ( GEOMETRIC_REPRESENTATION_CONTEXT(2) 
PARAMETRIC_REPRESENTATION_CONTEXT() REPRESENTATION_CONTEXT('2D SPACE',''
  ) );
#3602 = PCURVE('',#1666,#3603);
#3603 = DEFINITIONAL_REPRESENTATION('',(#3604),#3607);
#3604 = B_SPLINE_CURVE_WITH_KNOTS('',1,(#3605,#3606),.UNSPECIFIED.,.F.,
  .F.,(2,2),(0.,23.624282564296),.PIECEWISE_BEZIER_KNOTS.);
#3605 = CARTESIAN_POINT('',(0.,184.6858347058));
#3606 = CARTESIAN_POINT('',(23.624282564296,184.6858347058));
#3607 = ( GEOMETRIC_REPRESENTATION_CONTEXT(2) 
PARAMETRIC_REPRESENTATION_CONTEXT() REPRESENTATION_CONTEXT('2D SPACE',''
  ) );
#3608 = ORIENTED_EDGE('',*,*,#3609,.T.);
#3609 = EDGE_CURVE('',#3581,#3378,#3610,.T.);
#3610 = SURFACE_CURVE('',#3611,(#3615,#3622),.PCURVE_S1.);
#3611 = LINE('',#3612,#3613);
#3612 = CARTESIAN_POINT('',(24.,24.057494862284,159.26214926736));
#3613 = VECTOR('',#3614,1.);
#3614 = DIRECTION('',(-1.,-0.,-0.));
#3615 = PCURVE('',#1616,#3616);
#3616 = DEFINITIONAL_REPRESENTATION('',(#3617),#3621);
#3617 = LINE('',#3618,#3619);
#3618 = CARTESIAN_POINT('',(1.493031387192,0.));
#3619 = VECTOR('',#3620,1.);
#3620 = DIRECTION('',(0.,1.));
#3621 = ( GEOMETRIC_REPRESENTATION_CONTEXT(2) 
PARAMETRIC_REPRESENTATION_CONTEXT() REPRESENTATION_CONTEXT('2D SPACE',''
  ) );
#3622 = PCURVE('',#3623,#3628);
#3623 = PLANE('',#3624);
#3624 = AXIS2_PLACEMENT_3D('',#3625,#3626,#3627);
#3625 = CARTESIAN_POINT('',(0.,24.,160.));
#3626 = DIRECTION('',(0.,-0.996977830564,-7.768658419973E-02));
#3627 = DIRECTION('',(1.,0.,0.));
#3628 = DEFINITIONAL_REPRESENTATION('',(#3629),#3633);
#3629 = LINE('',#3630,#3631);
#3630 = CARTESIAN_POINT('',(24.,-0.740087402167));
#3631 = VECTOR('',#3632,1.);
#3632 = DIRECTION('',(-1.,0.));
#3633 = ( GEOMETRIC_REPRESENTATION_CONTEXT(2) 
PARAMETRIC_REPRESENTATION_CONTEXT() REPRESENTATION_CONTEXT('2D SPACE',''
  ) );
#3634 = ORIENTED_EDGE('',*,*,#3377,.F.);
#3635 = ORIENTED_EDGE('',*,*,#1600,.F.);
#3636 = ADVANCED_FACE('',(#3637),#1848,.T.);
#3637 = FACE_BOUND('',#3638,.T.);
#3638 = EDGE_LOOP('',(#3639,#3640,#3668,#3694));
#3639 = ORIENTED_EDGE('',*,*,#3549,.T.);
#3640 = ORIENTED_EDGE('',*,*,#3641,.T.);
#3641 = EDGE_CURVE('',#3482,#3642,#3644,.T.);
#3642 = VERTEX_POINT('',#3643);
#3643 = CARTESIAN_POINT('',(24.,86.961997504678,159.23995009355));
#3644 = SURFACE_CURVE('',#3645,(#3649,#3656),.PCURVE_S1.);
#3645 = LINE('',#3646,#3647);
#3646 = CARTESIAN_POINT('',(-24.,86.961997504678,159.23995009355));
#3647 = VECTOR('',#3648,1.);
#3648 = DIRECTION('',(1.,0.,0.));
#3649 = PCURVE('',#1848,#3650);
#3650 = DEFINITIONAL_REPRESENTATION('',(#3651),#3655);
#3651 = LINE('',#3652,#3653);
#3652 = CARTESIAN_POINT('',(1.520837931073,0.));
#3653 = VECTOR('',#3654,1.);
#3654 = DIRECTION('',(0.,1.));
#3655 = ( GEOMETRIC_REPRESENTATION_CONTEXT(2) 
PARAMETRIC_REPRESENTATION_CONTEXT() REPRESENTATION_CONTEXT('2D SPACE',''
  ) );
#3656 = PCURVE('',#3657,#3662);
#3657 = PLANE('',#3658);
#3658 = AXIS2_PLACEMENT_3D('',#3659,#3660,#3661);
#3659 = CARTESIAN_POINT('',(0.,87.,160.));
#3660 = DIRECTION('',(0.,0.998752338878,-4.993761694388E-02));
#3661 = DIRECTION('',(-1.,0.,-0.));
#3662 = DEFINITIONAL_REPRESENTATION('',(#3663),#3667);
#3663 = LINE('',#3664,#3665);
#3664 = CARTESIAN_POINT('',(24.,-0.760999375785));
#3665 = VECTOR('',#3666,1.);
#3666 = DIRECTION('',(-1.,0.));
#3667 = ( GEOMETRIC_REPRESENTATION_CONTEXT(2) 
PARAMETRIC_REPRESENTATION_CONTEXT() REPRESENTATION_CONTEXT('2D SPACE',''
  ) );
#3668 = ORIENTED_EDGE('',*,*,#3669,.F.);
#3669 = EDGE_CURVE('',#1745,#3642,#3670,.T.);
#3670 = SURFACE_CURVE('',#3671,(#3676,#3682),.PCURVE_S1.);
#3671 = CIRCLE('',#3672,0.8);
#3672 = AXIS2_PLACEMENT_3D('',#3673,#3674,#3675);
#3673 = CARTESIAN_POINT('',(24.,87.76099937578,159.2));
#3674 = DIRECTION('',(1.,0.,0.));
#3675 = DIRECTION('',(0.,-0.,1.));
#3676 = PCURVE('',#1848,#3677);
#3677 = DEFINITIONAL_REPRESENTATION('',(#3678),#3681);
#3678 = B_SPLINE_CURVE_WITH_KNOTS('',1,(#3679,#3680),.UNSPECIFIED.,.F.,
  .F.,(2,2),(0.,1.520837931073),.PIECEWISE_BEZIER_KNOTS.);
#3679 = CARTESIAN_POINT('',(0.,48.));
#3680 = CARTESIAN_POINT('',(1.520837931073,48.));
#3681 = ( GEOMETRIC_REPRESENTATION_CONTEXT(2) 
PARAMETRIC_REPRESENTATION_CONTEXT() REPRESENTATION_CONTEXT('2D SPACE',''
  ) );
#3682 = PCURVE('',#1782,#3683);
#3683 = DEFINITIONAL_REPRESENTATION('',(#3684),#3693);
#3684 = B_SPLINE_CURVE_WITH_KNOTS('',7,(#3685,#3686,#3687,#3688,#3689,
    #3690,#3691,#3692),.UNSPECIFIED.,.F.,.F.,(8,8),(0.,1.520837931073),
  .PIECEWISE_BEZIER_KNOTS.);
#3685 = CARTESIAN_POINT('',(1.7763568394E-15,104.56194490192));
#3686 = CARTESIAN_POINT('',(3.71998876787,104.56194490192));
#3687 = CARTESIAN_POINT('',(7.06318651176,104.56194490192));
#3688 = CARTESIAN_POINT('',(10.241229830628,104.56194490192));
#3689 = CARTESIAN_POINT('',(13.360715071297,104.56194490192));
#3690 = CARTESIAN_POINT('',(16.53875839016,104.56194490192));
#3691 = CARTESIAN_POINT('',(19.881956134054,104.56194490192));
#3692 = CARTESIAN_POINT('',(23.601944901924,104.56194490192));
#3693 = ( GEOMETRIC_REPRESENTATION_CONTEXT(2) 
PARAMETRIC_REPRESENTATION_CONTEXT() REPRESENTATION_CONTEXT('2D SPACE',''
  ) );
#3694 = ORIENTED_EDGE('',*,*,#1832,.F.);
#3695 = ADVANCED_FACE('',(#3696),#1666,.T.);
#3696 = FACE_BOUND('',#3697,.T.);
#3697 = EDGE_LOOP('',(#3698,#3756,#3826,#3827));
#3698 = ORIENTED_EDGE('',*,*,#3699,.T.);
#3699 = EDGE_CURVE('',#1629,#3700,#3702,.T.);
#3700 = VERTEX_POINT('',#3701);
#3701 = CARTESIAN_POINT('',(39.,39.062337662338,159.2));
#3702 = SURFACE_CURVE('',#3703,(#3708,#3750),.PCURVE_S1.);
#3703 = CIRCLE('',#3704,0.8);
#3704 = AXIS2_PLACEMENT_3D('',#3705,#3706,#3707);
#3705 = CARTESIAN_POINT('',(39.8,39.062337662338,159.2));
#3706 = DIRECTION('',(0.,-1.,0.));
#3707 = DIRECTION('',(-0.,0.,1.));
#3708 = PCURVE('',#1666,#3709);
#3709 = DEFINITIONAL_REPRESENTATION('',(#3710),#3749);
#3710 = B_SPLINE_CURVE_WITH_KNOTS('',7,(#3711,#3712,#3713,#3714,#3715,
    #3716,#3717,#3718,#3719,#3720,#3721,#3722,#3723,#3724,#3725,#3726,
    #3727,#3728,#3729,#3730,#3731,#3732,#3733,#3734,#3735,#3736,#3737,
    #3738,#3739,#3740,#3741,#3742,#3743,#3744,#3745,#3746,#3747,#3748),
  .UNSPECIFIED.,.F.,.F.,(8,6,6,6,6,6,8),(0.,0.196349540849,
    0.392699081699,0.785398163397,1.178097245096,1.374446785946,
    1.570796326795),.UNSPECIFIED.);
#3711 = CARTESIAN_POINT('',(2.22044604925E-15,161.0615521415));
#3712 = CARTESIAN_POINT('',(0.46857108005,161.0615521415));
#3713 = CARTESIAN_POINT('',(0.930791763207,161.0615521415));
#3714 = CARTESIAN_POINT('',(1.387119331341,161.06155214151));
#3715 = CARTESIAN_POINT('',(1.837966909362,161.0615521415));
#3716 = CARTESIAN_POINT('',(2.283750804771,161.0615521415));
#3717 = CARTESIAN_POINT('',(2.724841121773,161.0615521415));
#3718 = CARTESIAN_POINT('',(3.598349352314,161.0615521415));
#3719 = CARTESIAN_POINT('',(4.030767088514,161.0615521415));
#3720 = CARTESIAN_POINT('',(4.459205669462,161.06155214151));
#3721 = CARTESIAN_POINT('',(4.884006860021,161.0615521415));
#3722 = CARTESIAN_POINT('',(5.305494118593,161.06155214151));
#3723 = CARTESIAN_POINT('',(5.723975198875,161.0615521415));
#3724 = CARTESIAN_POINT('',(6.971300204947,161.06155214151));
#3725 = CARTESIAN_POINT('',(7.792025122351,161.0615521415));
#3726 = CARTESIAN_POINT('',(8.604315169818,161.06155214151));
#3727 = CARTESIAN_POINT('',(9.410384738021,161.0615521415));
#3728 = CARTESIAN_POINT('',(10.212340846202,161.06155214151));
#3729 = CARTESIAN_POINT('',(11.012241118514,161.0615521415));
#3730 = CARTESIAN_POINT('',(12.612041445782,161.0615521415));
#3731 = CARTESIAN_POINT('',(13.411941718095,161.06155214151));
#3732 = CARTESIAN_POINT('',(14.213897826274,161.0615521415));
#3733 = CARTESIAN_POINT('',(15.019967394479,161.06155214151));
#3734 = CARTESIAN_POINT('',(15.832257441945,161.0615521415));
#3735 = CARTESIAN_POINT('',(16.652982359349,161.06155214151));
#3736 = CARTESIAN_POINT('',(17.900307365421,161.0615521415));
#3737 = CARTESIAN_POINT('',(18.318788445703,161.0615521415));
#3738 = CARTESIAN_POINT('',(18.740275704276,161.06155214151));
#3739 = CARTESIAN_POINT('',(19.165076894834,161.0615521415));
#3740 = CARTESIAN_POINT('',(19.593515475782,161.06155214151));
#3741 = CARTESIAN_POINT('',(20.025933211983,161.0615521415));
#3742 = CARTESIAN_POINT('',(20.899441442523,161.0615521415));
#3743 = CARTESIAN_POINT('',(21.340531759525,161.0615521415));
#3744 = CARTESIAN_POINT('',(21.786315654934,161.06155214151));
#3745 = CARTESIAN_POINT('',(22.237163232954,161.0615521415));
#3746 = CARTESIAN_POINT('',(22.693490801089,161.06155214151));
#3747 = CARTESIAN_POINT('',(23.155711484246,161.0615521415));
#3748 = CARTESIAN_POINT('',(23.624282564296,161.0615521415));
#3749 = ( GEOMETRIC_REPRESENTATION_CONTEXT(2) 
PARAMETRIC_REPRESENTATION_CONTEXT() REPRESENTATION_CONTEXT('2D SPACE',''
  ) );
#3750 = PCURVE('',#1732,#3751);
#3751 = DEFINITIONAL_REPRESENTATION('',(#3752),#3755);
#3752 = B_SPLINE_CURVE_WITH_KNOTS('',1,(#3753,#3754),.UNSPECIFIED.,.F.,
  .F.,(2,2),(0.,1.570796326795),.PIECEWISE_BEZIER_KNOTS.);
#3753 = CARTESIAN_POINT('',(0.,32.937662337662));
#3754 = CARTESIAN_POINT('',(1.570796326795,32.937662337662));
#3755 = ( GEOMETRIC_REPRESENTATION_CONTEXT(2) 
PARAMETRIC_REPRESENTATION_CONTEXT() REPRESENTATION_CONTEXT('2D SPACE',''
  ) );
#3756 = ORIENTED_EDGE('',*,*,#3757,.T.);
#3757 = EDGE_CURVE('',#3700,#3581,#3758,.T.);
#3758 = SURFACE_CURVE('',#3759,(#3774,#3781),.PCURVE_S1.);
#3759 = B_SPLINE_CURVE_WITH_KNOTS('',7,(#3760,#3761,#3762,#3763,#3764,
    #3765,#3766,#3767,#3768,#3769,#3770,#3771,#3772,#3773),
  .UNSPECIFIED.,.F.,.F.,(8,6,8),(161.0615521415,161.12389008846,
    184.6858347058),.UNSPECIFIED.);
#3760 = CARTESIAN_POINT('',(39.,39.062337662338,159.2));
#3761 = CARTESIAN_POINT('',(39.,39.053432282004,159.20003699743));
#3762 = CARTESIAN_POINT('',(38.999993835809,39.044526911029,
    159.20007399476));
#3763 = CARTESIAN_POINT('',(38.999981507171,39.035621502785,
    159.20011099258));
#3764 = CARTESIAN_POINT('',(38.999963014537,39.026716145135,
    159.20014798994));
#3765 = CARTESIAN_POINT('',(38.999938357642,39.017810788918,
    159.20018498749));
#3766 = CARTESIAN_POINT('',(38.999907535877,39.008905328381,
    159.2002219865));
#3767 = CARTESIAN_POINT('',(38.985891136103,35.634055625495,
    159.21424291536));
#3768 = CARTESIAN_POINT('',(38.091205458884,32.275007753938,
    159.22819757471));
#3769 = CARTESIAN_POINT('',(36.320721651587,29.200739914012,
    159.24095007674));
#3770 = CARTESIAN_POINT('',(33.786467315332,26.681463992983,
    159.25134736469));
#3771 = CARTESIAN_POINT('',(30.706177850542,24.932319614019,
    159.25854750989));
#3772 = CARTESIAN_POINT('',(27.353074961919,24.057494862283,
    159.26214926736));
#3773 = CARTESIAN_POINT('',(24.,24.057494862284,159.26214926736));
#3774 = PCURVE('',#1666,#3775);
#3775 = DEFINITIONAL_REPRESENTATION('',(#3776),#3780);
#3776 = LINE('',#3777,#3778);
#3777 = CARTESIAN_POINT('',(23.624282564296,0.));
#3778 = VECTOR('',#3779,1.);
#3779 = DIRECTION('',(0.,1.));
#3780 = ( GEOMETRIC_REPRESENTATION_CONTEXT(2) 
PARAMETRIC_REPRESENTATION_CONTEXT() REPRESENTATION_CONTEXT('2D SPACE',''
  ) );
#3781 = PCURVE('',#3782,#3801);
#3782 = B_SPLINE_SURFACE_WITH_KNOTS('',8,1,(
    (#3783,#3784)
    ,(#3785,#3786)
    ,(#3787,#3788)
    ,(#3789,#3790)
    ,(#3791,#3792)
    ,(#3793,#3794)
    ,(#3795,#3796)
    ,(#3797,#3798)
    ,(#3799,#3800
    )),.UNSPECIFIED.,.F.,.F.,.F.,(9,9),(2,2),(4.712388980385,
    6.28318530718),(0.,1.),.PIECEWISE_BEZIER_KNOTS.);
#3783 = CARTESIAN_POINT('',(24.,36.,6.));
#3784 = CARTESIAN_POINT('',(24.,24.,160.));
#3785 = CARTESIAN_POINT('',(26.94524311274,36.,6.));
#3786 = CARTESIAN_POINT('',(26.94524311274,24.,159.99999999999));
#3787 = CARTESIAN_POINT('',(29.890487152564,36.660911834419,6.));
#3788 = CARTESIAN_POINT('',(29.890487152564,24.660911834419,160.));
#3789 = CARTESIAN_POINT('',(32.662698515024,37.982729011926,6.));
#3790 = CARTESIAN_POINT('',(32.662698515024,25.982729011927,
    159.99999999998));
#3791 = CARTESIAN_POINT('',(35.0888813367,39.911118663304,6.));
#3792 = CARTESIAN_POINT('',(35.0888813367,27.911118663303,
    160.00000000001));
#3793 = CARTESIAN_POINT('',(37.01727098807,42.337301484973,6.));
#3794 = CARTESIAN_POINT('',(37.01727098807,30.337301484973,
    159.99999999998));
#3795 = CARTESIAN_POINT('',(38.339088165583,45.109512847437,6.));
#3796 = CARTESIAN_POINT('',(38.339088165583,33.109512847437,160.));
#3797 = CARTESIAN_POINT('',(39.,48.054756887259,6.));
#3798 = CARTESIAN_POINT('',(39.,36.054756887259,159.99999999999));
#3799 = CARTESIAN_POINT('',(39.,51.,6.));
#3800 = CARTESIAN_POINT('',(39.,39.,160.));
#3801 = DEFINITIONAL_REPRESENTATION('',(#3802),#3825);
#3802 = B_SPLINE_CURVE_WITH_KNOTS('',11,(#3803,#3804,#3805,#3806,#3807,
    #3808,#3809,#3810,#3811,#3812,#3813,#3814,#3815,#3816,#3817,#3818,
    #3819,#3820,#3821,#3822,#3823,#3824),.UNSPECIFIED.,.F.,.F.,(12,10,12
    ),(161.0615521415,172.87369342365,184.6858347058),.UNSPECIFIED.);
#3803 = CARTESIAN_POINT('',(6.28318530718,0.994805194805));
#3804 = CARTESIAN_POINT('',(6.211620074138,0.994834163733));
#3805 = CARTESIAN_POINT('',(6.140068766367,0.994863128305));
#3806 = CARTESIAN_POINT('',(6.068562316099,0.994891866584));
#3807 = CARTESIAN_POINT('',(5.997031129848,0.994920220724));
#3808 = CARTESIAN_POINT('',(5.925595654801,0.994947913147));
#3809 = CARTESIAN_POINT('',(5.854098436683,0.994974851051));
#3810 = CARTESIAN_POINT('',(5.782687955115,0.995000752258));
#3811 = CARTESIAN_POINT('',(5.711253877527,0.995025511938));
#3812 = CARTESIAN_POINT('',(5.63985233299,0.995048929686));
#3813 = CARTESIAN_POINT('',(5.568460477493,0.995070869534));
#3814 = CARTESIAN_POINT('',(5.425703447118,0.995111516338));
#3815 = CARTESIAN_POINT('',(5.354337797527,0.995130225855));
#3816 = CARTESIAN_POINT('',(5.282983546707,0.995147182877));
#3817 = CARTESIAN_POINT('',(5.211639243283,0.995162265898));
#3818 = CARTESIAN_POINT('',(5.140303451381,0.99517537053));
#3819 = CARTESIAN_POINT('',(5.068974750544,0.995186409475));
#3820 = CARTESIAN_POINT('',(4.997651735844,0.995195312564));
#3821 = CARTESIAN_POINT('',(4.926333017761,0.995202026717));
#3822 = CARTESIAN_POINT('',(4.855017222287,0.995206515974));
#3823 = CARTESIAN_POINT('',(4.783702990858,0.995208761476));
#3824 = CARTESIAN_POINT('',(4.712388980385,0.995208761476));
#3825 = ( GEOMETRIC_REPRESENTATION_CONTEXT(2) 
PARAMETRIC_REPRESENTATION_CONTEXT() REPRESENTATION_CONTEXT('2D SPACE',''
  ) );
#3826 = ORIENTED_EDGE('',*,*,#3580,.F.);
#3827 = ORIENTED_EDGE('',*,*,#1628,.F.);
#3828 = ADVANCED_FACE('',(#3829),#1782,.T.);
#3829 = FACE_BOUND('',#3830,.T.);
#3830 = EDGE_LOOP('',(#3831,#3832,#3900,#3927));
#3831 = ORIENTED_EDGE('',*,*,#3669,.T.);
#3832 = ORIENTED_EDGE('',*,*,#3833,.T.);
#3833 = EDGE_CURVE('',#3642,#3834,#3836,.T.);
#3834 = VERTEX_POINT('',#3835);
#3835 = CARTESIAN_POINT('',(39.,71.96,159.2));
#3836 = SURFACE_CURVE('',#3837,(#3852,#3859),.PCURVE_S1.);
#3837 = B_SPLINE_CURVE_WITH_KNOTS('',7,(#3838,#3839,#3840,#3841,#3842,
    #3843,#3844,#3845,#3846,#3847,#3848,#3849,#3850,#3851),
  .UNSPECIFIED.,.F.,.F.,(8,6,8),(104.56194490192,128.12388962104,
    128.16388980384),.UNSPECIFIED.);
#3838 = CARTESIAN_POINT('',(24.,86.961997504678,159.23995009355));
#3839 = CARTESIAN_POINT('',(27.357449018813,86.961997504678,
    159.23995009355));
#3840 = CARTESIAN_POINT('',(30.714931286463,86.085072428119,
    159.23762064292));
#3841 = CARTESIAN_POINT('',(33.798295793433,84.331603566443,
    159.23296309283));
#3842 = CARTESIAN_POINT('',(36.333130042748,81.807016007882,
    159.22625006298));
#3843 = CARTESIAN_POINT('',(38.100970398174,78.72750722029,
    159.21804418526));
#3844 = CARTESIAN_POINT('',(38.990973130803,75.365963402146,
    159.20908139681));
#3845 = CARTESIAN_POINT('',(38.999961914792,71.994285728008,
    159.20009141681));
#3846 = CARTESIAN_POINT('',(38.999974609927,71.988571421108,
    159.20007618046));
#3847 = CARTESIAN_POINT('',(38.999984765948,71.982857141766,
    159.20006094436));
#3848 = CARTESIAN_POINT('',(38.999992382957,71.977142862044,
    159.20004570829));
#3849 = CARTESIAN_POINT('',(38.999997461,71.971428568956,159.20003047214
    ));
#3850 = CARTESIAN_POINT('',(39.,71.965714285714,159.20001523608));
#3851 = CARTESIAN_POINT('',(39.,71.96,159.2));
#3852 = PCURVE('',#1782,#3853);
#3853 = DEFINITIONAL_REPRESENTATION('',(#3854),#3858);
#3854 = LINE('',#3855,#3856);
#3855 = CARTESIAN_POINT('',(23.601944901924,0.));
#3856 = VECTOR('',#3857,1.);
#3857 = DIRECTION('',(0.,1.));
#3858 = ( GEOMETRIC_REPRESENTATION_CONTEXT(2) 
PARAMETRIC_REPRESENTATION_CONTEXT() REPRESENTATION_CONTEXT('2D SPACE',''
  ) );
#3859 = PCURVE('',#3860,#3879);
#3860 = B_SPLINE_SURFACE_WITH_KNOTS('',8,1,(
    (#3861,#3862)
    ,(#3863,#3864)
    ,(#3865,#3866)
    ,(#3867,#3868)
    ,(#3869,#3870)
    ,(#3871,#3872)
    ,(#3873,#3874)
    ,(#3875,#3876)
    ,(#3877,#3878
    )),.UNSPECIFIED.,.F.,.F.,.F.,(9,9),(2,2),(0.,1.570796326795),(0.,1.)
  ,.PIECEWISE_BEZIER_KNOTS.);
#3861 = CARTESIAN_POINT('',(39.,64.3,6.));
#3862 = CARTESIAN_POINT('',(39.,72.,160.));
#3863 = CARTESIAN_POINT('',(39.,67.245243112741,6.));
#3864 = CARTESIAN_POINT('',(39.,74.94524311274,160.));
#3865 = CARTESIAN_POINT('',(38.339088165582,70.190487152562,6.));
#3866 = CARTESIAN_POINT('',(38.339088165582,77.890487152563,
    159.99999999999));
#3867 = CARTESIAN_POINT('',(37.017270988071,72.962698515028,6.));
#3868 = CARTESIAN_POINT('',(37.017270988071,80.662698515026,160.));
#3869 = CARTESIAN_POINT('',(35.0888813367,75.388881336695,6.));
#3870 = CARTESIAN_POINT('',(35.0888813367,83.088881336698,
    159.99999999999));
#3871 = CARTESIAN_POINT('',(32.662698515025,77.317270988074,6.));
#3872 = CARTESIAN_POINT('',(32.662698515025,85.017270988072,160.));
#3873 = CARTESIAN_POINT('',(29.890487152564,78.63908816558,6.));
#3874 = CARTESIAN_POINT('',(29.890487152564,86.339088165582,
    159.99999999999));
#3875 = CARTESIAN_POINT('',(26.94524311274,79.3,6.));
#3876 = CARTESIAN_POINT('',(26.94524311274,87.,160.));
#3877 = CARTESIAN_POINT('',(24.,79.3,6.));
#3878 = CARTESIAN_POINT('',(24.,87.,160.));
#3879 = DEFINITIONAL_REPRESENTATION('',(#3880),#3899);
#3880 = B_SPLINE_CURVE_WITH_KNOTS('',9,(#3881,#3882,#3883,#3884,#3885,
    #3886,#3887,#3888,#3889,#3890,#3891,#3892,#3893,#3894,#3895,#3896,
    #3897,#3898),.UNSPECIFIED.,.F.,.F.,(10,8,10),(104.56194490192,
    116.36291735288,128.16388980384),.UNSPECIFIED.);
#3881 = CARTESIAN_POINT('',(1.570796326795,0.995064610997));
#3882 = CARTESIAN_POINT('',(1.483603579418,0.995064610997));
#3883 = CARTESIAN_POINT('',(1.39641035286,0.99506239812));
#3884 = CARTESIAN_POINT('',(1.309214963697,0.995057971345));
#3885 = CARTESIAN_POINT('',(1.222015508644,0.995051362653));
#3886 = CARTESIAN_POINT('',(1.134809954101,0.995042635551));
#3887 = CARTESIAN_POINT('',(1.0475962257,0.995031883597));
#3888 = CARTESIAN_POINT('',(0.960372297851,0.995019228925));
#3889 = CARTESIAN_POINT('',(0.873136283292,0.99500482077));
#3890 = CARTESIAN_POINT('',(0.698636761978,0.994972847217));
#3891 = CARTESIAN_POINT('',(0.61137293727,0.994955281201));
#3892 = CARTESIAN_POINT('',(0.524095676705,0.99493631044));
#3893 = CARTESIAN_POINT('',(0.436794824706,0.994916128692));
#3894 = CARTESIAN_POINT('',(0.349486953478,0.994894961158));
#3895 = CARTESIAN_POINT('',(0.26214239983,0.994873030631));
#3896 = CARTESIAN_POINT('',(0.174787872039,0.994850594557));
#3897 = CARTESIAN_POINT('',(8.740255756526E-02,0.994827896796));
#3898 = CARTESIAN_POINT('',(-5.644579142885E-17,0.994805194805));
#3899 = ( GEOMETRIC_REPRESENTATION_CONTEXT(2) 
PARAMETRIC_REPRESENTATION_CONTEXT() REPRESENTATION_CONTEXT('2D SPACE',''
  ) );
#3900 = ORIENTED_EDGE('',*,*,#3901,.F.);
#3901 = EDGE_CURVE('',#1717,#3834,#3902,.T.);
#3902 = SURFACE_CURVE('',#3903,(#3907,#3913),.PCURVE_S1.);
#3903 = ( BOUNDED_CURVE() B_SPLINE_CURVE(2,(#3904,#3905,#3906),
.UNSPECIFIED.,.F.,.F.) B_SPLINE_CURVE_WITH_KNOTS((3,3),(0.,
23.601944901924),.PIECEWISE_BEZIER_KNOTS.) CURVE() 
GEOMETRIC_REPRESENTATION_ITEM() RATIONAL_B_SPLINE_CURVE((1.,
0.707106781187,1.)) REPRESENTATION_ITEM('') );
#3904 = CARTESIAN_POINT('',(39.8,71.96,160.));
#3905 = CARTESIAN_POINT('',(39.,71.96,160.));
#3906 = CARTESIAN_POINT('',(39.,71.96,159.2));
#3907 = PCURVE('',#1782,#3908);
#3908 = DEFINITIONAL_REPRESENTATION('',(#3909),#3912);
#3909 = B_SPLINE_CURVE_WITH_KNOTS('',1,(#3910,#3911),.UNSPECIFIED.,.F.,
  .F.,(2,2),(0.,23.601944901924),.PIECEWISE_BEZIER_KNOTS.);
#3910 = CARTESIAN_POINT('',(0.,128.16388980384));
#3911 = CARTESIAN_POINT('',(23.601944901924,128.16388980384));
#3912 = ( GEOMETRIC_REPRESENTATION_CONTEXT(2) 
PARAMETRIC_REPRESENTATION_CONTEXT() REPRESENTATION_CONTEXT('2D SPACE',''
  ) );
#3913 = PCURVE('',#1732,#3914);
#3914 = DEFINITIONAL_REPRESENTATION('',(#3915),#3926);
#3915 = B_SPLINE_CURVE_WITH_KNOTS('',9,(#3916,#3917,#3918,#3919,#3920,
    #3921,#3922,#3923,#3924,#3925),.UNSPECIFIED.,.F.,.F.,(10,10),(0.,
    23.601944901924),.PIECEWISE_BEZIER_KNOTS.);
#3916 = CARTESIAN_POINT('',(0.,4.E-02));
#3917 = CARTESIAN_POINT('',(0.157134840264,4.E-02));
#3918 = CARTESIAN_POINT('',(0.325774716821,4.E-02));
#3919 = CARTESIAN_POINT('',(0.504566386871,4.E-02));
#3920 = CARTESIAN_POINT('',(0.690744851612,4.E-02));
#3921 = CARTESIAN_POINT('',(0.880051475183,4.E-02));
#3922 = CARTESIAN_POINT('',(1.066229939925,4.E-02));
#3923 = CARTESIAN_POINT('',(1.245021609974,4.E-02));
#3924 = CARTESIAN_POINT('',(1.413661486531,4.E-02));
#3925 = CARTESIAN_POINT('',(1.570796326795,4.E-02));
#3926 = ( GEOMETRIC_REPRESENTATION_CONTEXT(2) 
PARAMETRIC_REPRESENTATION_CONTEXT() REPRESENTATION_CONTEXT('2D SPACE',''
  ) );
#3927 = ORIENTED_EDGE('',*,*,#1744,.F.);
#3928 = ADVANCED_FACE('',(#3929),#1732,.T.);
#3929 = FACE_BOUND('',#3930,.T.);
#3930 = EDGE_LOOP('',(#3931,#3932,#3958,#3959));
#3931 = ORIENTED_EDGE('',*,*,#3901,.T.);
#3932 = ORIENTED_EDGE('',*,*,#3933,.T.);
#3933 = EDGE_CURVE('',#3834,#3700,#3934,.T.);
#3934 = SURFACE_CURVE('',#3935,(#3939,#3946),.PCURVE_S1.);
#3935 = LINE('',#3936,#3937);
#3936 = CARTESIAN_POINT('',(39.,72.,159.2));
#3937 = VECTOR('',#3938,1.);
#3938 = DIRECTION('',(0.,-1.,0.));
#3939 = PCURVE('',#1732,#3940);
#3940 = DEFINITIONAL_REPRESENTATION('',(#3941),#3945);
#3941 = LINE('',#3942,#3943);
#3942 = CARTESIAN_POINT('',(1.570796326795,0.));
#3943 = VECTOR('',#3944,1.);
#3944 = DIRECTION('',(0.,1.));
#3945 = ( GEOMETRIC_REPRESENTATION_CONTEXT(2) 
PARAMETRIC_REPRESENTATION_CONTEXT() REPRESENTATION_CONTEXT('2D SPACE',''
  ) );
#3946 = PCURVE('',#3947,#3952);
#3947 = PLANE('',#3948);
#3948 = AXIS2_PLACEMENT_3D('',#3949,#3950,#3951);
#3949 = CARTESIAN_POINT('',(39.,56.575,83.));
#3950 = DIRECTION('',(1.,0.,-0.));
#3951 = DIRECTION('',(0.,0.999897660554,1.430623707343E-02));
#3952 = DEFINITIONAL_REPRESENTATION('',(#3953),#3957);
#3953 = LINE('',#3954,#3955);
#3954 = CARTESIAN_POINT('',(16.513556679036,75.971528027336));
#3955 = VECTOR('',#3956,1.);
#3956 = DIRECTION('',(-0.999897660554,1.430623707343E-02));
#3957 = ( GEOMETRIC_REPRESENTATION_CONTEXT(2) 
PARAMETRIC_REPRESENTATION_CONTEXT() REPRESENTATION_CONTEXT('2D SPACE',''
  ) );
#3958 = ORIENTED_EDGE('',*,*,#3699,.F.);
#3959 = ORIENTED_EDGE('',*,*,#1716,.F.);
#3960 = ADVANCED_FACE('',(#3961),#2000,.T.);
#3961 = FACE_BOUND('',#3962,.T.);
#3962 = EDGE_LOOP('',(#3963,#3986,#4172,#4173));
#3963 = ORIENTED_EDGE('',*,*,#3964,.F.);
#3964 = EDGE_CURVE('',#3965,#3142,#3967,.T.);
#3965 = VERTEX_POINT('',#3966);
#3966 = CARTESIAN_POINT('',(24.,-13.1902877449,114.));
#3967 = SURFACE_CURVE('',#3968,(#3972,#3979),.PCURVE_S1.);
#3968 = LINE('',#3969,#3970);
#3969 = CARTESIAN_POINT('',(24.,-13.1902877449,114.));
#3970 = VECTOR('',#3971,1.);
#3971 = DIRECTION('',(0.,0.275637355817,0.961261695938));
#3972 = PCURVE('',#2000,#3973);
#3973 = DEFINITIONAL_REPRESENTATION('',(#3974),#3978);
#3974 = LINE('',#3975,#3976);
#3975 = CARTESIAN_POINT('',(0.,0.));
#3976 = VECTOR('',#3977,1.);
#3977 = DIRECTION('',(0.,1.));
#3978 = ( GEOMETRIC_REPRESENTATION_CONTEXT(2) 
PARAMETRIC_REPRESENTATION_CONTEXT() REPRESENTATION_CONTEXT('2D SPACE',''
  ) );
#3979 = PCURVE('',#2656,#3980);
#3980 = DEFINITIONAL_REPRESENTATION('',(#3981),#3985);
#3981 = LINE('',#3982,#3983);
#3982 = CARTESIAN_POINT('',(0.,24.));
#3983 = VECTOR('',#3984,1.);
#3984 = DIRECTION('',(1.,0.));
#3985 = ( GEOMETRIC_REPRESENTATION_CONTEXT(2) 
PARAMETRIC_REPRESENTATION_CONTEXT() REPRESENTATION_CONTEXT('2D SPACE',''
  ) );
#3986 = ORIENTED_EDGE('',*,*,#3987,.T.);
#3987 = EDGE_CURVE('',#3965,#1983,#3988,.T.);
#3988 = SURFACE_CURVE('',#3989,(#4048,#4110),.PCURVE_S1.);
#3989 = B_SPLINE_CURVE_WITH_KNOTS('',8,(#3990,#3991,#3992,#3993,#3994,
    #3995,#3996,#3997,#3998,#3999,#4000,#4001,#4002,#4003,#4004,#4005,
    #4006,#4007,#4008,#4009,#4010,#4011,#4012,#4013,#4014,#4015,#4016,
    #4017,#4018,#4019,#4020,#4021,#4022,#4023,#4024,#4025,#4026,#4027,
    #4028,#4029,#4030,#4031,#4032,#4033,#4034,#4035,#4036,#4037,#4038,
    #4039,#4040,#4041,#4042,#4043,#4044,#4045,#4046,#4047),
  .UNSPECIFIED.,.F.,.F.,(9,7,7,7,7,7,7,7,9),(0.,0.130408635437,
    0.395991342362,0.63828638053,0.734524362393,0.982230911454,
    0.997566257944,0.999987686002,1.),.UNSPECIFIED.);
#3990 = CARTESIAN_POINT('',(24.,-13.1902877449,114.));
#3991 = CARTESIAN_POINT('',(24.474049266341,-13.1902877449,114.));
#3992 = CARTESIAN_POINT('',(24.953420186029,-13.17110797866,
    114.01512348724));
#3993 = CARTESIAN_POINT('',(25.437156239235,-13.13199528708,
    114.04596431863));
#3994 = CARTESIAN_POINT('',(25.924202843953,-13.07231602274,
    114.09301971306));
#3995 = CARTESIAN_POINT('',(26.413417955201,-12.99158703445,
    114.15666528195));
#3996 = CARTESIAN_POINT('',(26.903587471423,-12.88950188981,
    114.23713358128));
#3997 = CARTESIAN_POINT('',(27.39344544808,-12.76595233557,
    114.33449618523));
#3998 = CARTESIAN_POINT('',(28.876048388408,-12.32593506404,
    114.68112689422));
#3999 = CARTESIAN_POINT('',(29.864101965055,-11.94213685833,
    114.98332727797));
#4000 = CARTESIAN_POINT('',(30.834518883417,-11.4705580685,
    115.35436815796));
#4001 = CARTESIAN_POINT('',(31.777206175114,-10.91547507025,
    115.79060965005));
#4002 = CARTESIAN_POINT('',(32.68406802106,-10.2837313327,
    116.28625037895));
#4003 = CARTESIAN_POINT('',(33.549146971906,-9.583396744068,
    116.83434241509));
#4004 = CARTESIAN_POINT('',(34.368325274654,-8.82288311824,
    117.42753525085));
#4005 = CARTESIAN_POINT('',(35.842095830319,-7.269009400948,
    118.63435708444));
#4006 = CARTESIAN_POINT('',(36.505063763526,-6.484121174786,
    119.24183177633));
#4007 = CARTESIAN_POINT('',(37.126378889749,-5.66124888195,
    119.87600980946));
#4008 = CARTESIAN_POINT('',(37.705313528229,-4.805720401137,
    120.53200004105));
#4009 = CARTESIAN_POINT('',(38.24169738138,-3.922391194108,
    121.20523954121));
#4010 = CARTESIAN_POINT('',(38.735724623735,-3.015568666908,
    121.89158290111));
#4011 = CARTESIAN_POINT('',(39.187801163378,-2.08901441609,
    122.58732681375));
#4012 = CARTESIAN_POINT('',(39.761524064992,-0.77139859321,
    123.56798869567));
#4013 = CARTESIAN_POINT('',(39.918072021827,-0.394249329021,
    123.84772131192));
#4014 = CARTESIAN_POINT('',(40.068097973963,-1.473734832899E-02,
    124.12819100069));
#4015 = CARTESIAN_POINT('',(40.211630240448,0.366928310784,
    124.40919048202));
#4016 = CARTESIAN_POINT('',(40.348697645518,0.750544421439,
    124.69051863679));
#4017 = CARTESIAN_POINT('',(40.479329376038,1.135912975365,
    124.97198042755));
#4018 = CARTESIAN_POINT('',(40.603554838933,1.522840590309,
    125.25338681932));
#4019 = CARTESIAN_POINT('',(41.024733754696,2.91057482427,
    126.25825156284));
#4020 = CARTESIAN_POINT('',(41.285804443523,3.919040007331,
    126.98033505616));
#4021 = CARTESIAN_POINT('',(41.505140440114,4.933351629759,
    127.6977180032));
#4022 = CARTESIAN_POINT('',(41.683223210995,5.950369958673,
    128.40747501366));
#4023 = CARTESIAN_POINT('',(41.8205377835,6.966921675835,129.10683526179
    ));
#4024 = CARTESIAN_POINT('',(41.917651094101,7.979747298003,
    129.79320633143));
#4025 = CARTESIAN_POINT('',(41.975304387058,8.985492882236,
    130.46421512805));
#4026 = CARTESIAN_POINT('',(41.995690845528,10.042383957109,
    131.1582118787));
#4027 = CARTESIAN_POINT('',(41.996731983056,10.103960449938,
    131.19860484218));
#4028 = CARTESIAN_POINT('',(41.997625966386,10.16549585693,
    131.23893024228));
#4029 = CARTESIAN_POINT('',(41.998373038731,10.226989364593,
    131.27918757715));
#4030 = CARTESIAN_POINT('',(41.9989734474,10.288440158957,
    131.31937634891));
#4031 = CARTESIAN_POINT('',(41.999427443805,10.349847425574,
    131.35949606361));
#4032 = CARTESIAN_POINT('',(41.999735283458,10.411210349517,
    131.39954623124));
#4033 = CARTESIAN_POINT('',(41.999922796447,10.482210098032,
    131.44583916865));
#4034 = CARTESIAN_POINT('',(41.999944729429,10.491890944471,
    131.45215022863));
#4035 = CARTESIAN_POINT('',(41.999963025937,10.501570666112,
    131.45845953918));
#4036 = CARTESIAN_POINT('',(41.999977686998,10.511249266766,
    131.46476709619));
#4037 = CARTESIAN_POINT('',(41.999988713638,10.520926742638,
    131.47107289797));
#4038 = CARTESIAN_POINT('',(41.999996106889,10.530603082324,
    131.47737694529));
#4039 = CARTESIAN_POINT('',(41.999999867784,10.540278266815,
    131.48367924129));
#4040 = CARTESIAN_POINT('',(41.999999998017,10.550001465939,
    131.49001183257));
#4041 = CARTESIAN_POINT('',(41.999999998582,10.550050927955,
    131.49004378187));
#4042 = CARTESIAN_POINT('',(41.999999999053,10.550099970341,
    131.49007586652));
#4043 = CARTESIAN_POINT('',(41.99999999943,10.5501487709,131.49010803181
    ));
#4044 = CARTESIAN_POINT('',(41.999999999713,10.550197836957,
    131.49014011407));
#4045 = CARTESIAN_POINT('',(41.999999999903,10.550247471878,
    131.49017201341));
#4046 = CARTESIAN_POINT('',(41.999999999998,10.550297241593,
    131.4902038665));
#4047 = CARTESIAN_POINT('',(42.,10.550345441113,131.49023621928));
#4048 = PCURVE('',#2000,#4049);
#4049 = DEFINITIONAL_REPRESENTATION('',(#4050),#4109);
#4050 = B_SPLINE_CURVE_WITH_KNOTS('',8,(#4051,#4052,#4053,#4054,#4055,
    #4056,#4057,#4058,#4059,#4060,#4061,#4062,#4063,#4064,#4065,#4066,
    #4067,#4068,#4069,#4070,#4071,#4072,#4073,#4074,#4075,#4076,#4077,
    #4078,#4079,#4080,#4081,#4082,#4083,#4084,#4085,#4086,#4087,#4088,
    #4089,#4090,#4091,#4092,#4093,#4094,#4095,#4096,#4097,#4098,#4099,
    #4100,#4101,#4102,#4103,#4104,#4105,#4106,#4107,#4108),
  .UNSPECIFIED.,.F.,.F.,(9,7,7,7,7,7,7,7,9),(0.,0.130408635437,
    0.395991342362,0.63828638053,0.734524362393,0.982230911454,
    0.997566257944,0.999987686002,1.),.UNSPECIFIED.);
#4051 = CARTESIAN_POINT('',(0.,1.42108547152E-14));
#4052 = CARTESIAN_POINT('',(2.633607035226E-02,1.177444520593E-14));
#4053 = CARTESIAN_POINT('',(5.296778965262E-02,1.98242890495E-02));
#4054 = CARTESIAN_POINT('',(7.98698456391E-02,6.025131781808E-02));
#4055 = CARTESIAN_POINT('',(0.107014119947,0.121933700695));
#4056 = CARTESIAN_POINT('',(0.134369752855,0.205365673056));
#4057 = CARTESIAN_POINT('',(0.161903241891,0.310855246278));
#4058 = CARTESIAN_POINT('',(0.189578574299,0.438501060514));
#4059 = CARTESIAN_POINT('',(0.273930134429,0.892989080939));
#4060 = CARTESIAN_POINT('',(0.330952480067,1.289271856926));
#4061 = CARTESIAN_POINT('',(0.388077509002,1.775923973173));
#4062 = CARTESIAN_POINT('',(0.445014993185,2.348267819594));
#4063 = CARTESIAN_POINT('',(0.501540555151,2.998840440601));
#4064 = CARTESIAN_POINT('',(0.557490063672,3.718738694998));
#4065 = CARTESIAN_POINT('',(0.612751155287,4.498578211205));
#4066 = CARTESIAN_POINT('',(0.716982614323,6.086955456366));
#4067 = CARTESIAN_POINT('',(0.766096840832,6.887242124198));
#4068 = CARTESIAN_POINT('',(0.814582970147,7.723667518824));
#4069 = CARTESIAN_POINT('',(0.862447408455,8.590061409635));
#4070 = CARTESIAN_POINT('',(0.909712596335,9.480699280278));
#4071 = CARTESIAN_POINT('',(0.956413117988,10.390409026003));
#4072 = CARTESIAN_POINT('',(1.002593455553,11.314593963119));
#4073 = CARTESIAN_POINT('',(1.066463139893,12.620450808283));
#4074 = CARTESIAN_POINT('',(1.084545091929,12.993303483311));
#4075 = CARTESIAN_POINT('',(1.102554906383,13.367515930861));
#4076 = CARTESIAN_POINT('',(1.120495251877,13.742831281926));
#4077 = CARTESIAN_POINT('',(1.13836870685,14.119000191485));
#4078 = CARTESIAN_POINT('',(1.156177750078,14.495780599033));
#4079 = CARTESIAN_POINT('',(1.173924751197,14.872937489107));
#4080 = CARTESIAN_POINT('',(1.237136998974,16.221386871481));
#4081 = CARTESIAN_POINT('',(1.282263827657,17.193468751373));
#4082 = CARTESIAN_POINT('',(1.327033092167,18.162643673259));
#4083 = CARTESIAN_POINT('',(1.371473728564,19.125234143838));
#4084 = CARTESIAN_POINT('',(1.415602525215,20.077701989402));
#4085 = CARTESIAN_POINT('',(1.4594228576,21.016656784241));
#4086 = CARTESIAN_POINT('',(1.502923727645,21.938892891529));
#4087 = CARTESIAN_POINT('',(1.548752029164,22.897324046299));
#4088 = CARTESIAN_POINT('',(1.551422493968,22.95312503654));
#4089 = CARTESIAN_POINT('',(1.554091626638,23.008849755901));
#4090 = CARTESIAN_POINT('',(1.556759420702,23.064497497751));
#4091 = CARTESIAN_POINT('',(1.559425869482,23.120067559121));
#4092 = CARTESIAN_POINT('',(1.562090966097,23.175559240707));
#4093 = CARTESIAN_POINT('',(1.564754703458,23.230971846871));
#4094 = CARTESIAN_POINT('',(1.567837458605,23.295041657338));
#4095 = CARTESIAN_POINT('',(1.568257808266,23.303776640472));
#4096 = CARTESIAN_POINT('',(1.568678124079,23.312509631908));
#4097 = CARTESIAN_POINT('',(1.569098406423,23.321240628748));
#4098 = CARTESIAN_POINT('',(1.569518655236,23.32996962833));
#4099 = CARTESIAN_POINT('',(1.56993887001,23.338696628224));
#4100 = CARTESIAN_POINT('',(1.570359049794,23.347421626238));
#4101 = CARTESIAN_POINT('',(1.570781329803,23.35618898057));
#4102 = CARTESIAN_POINT('',(1.570783481998,23.35623332579));
#4103 = CARTESIAN_POINT('',(1.570785609712,23.356277685444));
#4104 = CARTESIAN_POINT('',(1.570787723276,23.35632205596));
#4105 = CARTESIAN_POINT('',(1.57078985229,23.356366419846));
#4106 = CARTESIAN_POINT('',(1.570792014484,23.356410764705));
#4107 = CARTESIAN_POINT('',(1.570794184585,23.356455102251));
#4108 = CARTESIAN_POINT('',(1.570796263181,23.356499487328));
#4109 = ( GEOMETRIC_REPRESENTATION_CONTEXT(2) 
PARAMETRIC_REPRESENTATION_CONTEXT() REPRESENTATION_CONTEXT('2D SPACE',''
  ) );
#4110 = PCURVE('',#2170,#4111);
#4111 = DEFINITIONAL_REPRESENTATION('',(#4112),#4171);
#4112 = B_SPLINE_CURVE_WITH_KNOTS('',8,(#4113,#4114,#4115,#4116,#4117,
    #4118,#4119,#4120,#4121,#4122,#4123,#4124,#4125,#4126,#4127,#4128,
    #4129,#4130,#4131,#4132,#4133,#4134,#4135,#4136,#4137,#4138,#4139,
    #4140,#4141,#4142,#4143,#4144,#4145,#4146,#4147,#4148,#4149,#4150,
    #4151,#4152,#4153,#4154,#4155,#4156,#4157,#4158,#4159,#4160,#4161,
    #4162,#4163,#4164,#4165,#4166,#4167,#4168,#4169,#4170),
  .UNSPECIFIED.,.F.,.F.,(9,7,7,7,7,7,7,7,9),(0.,0.130408635437,
    0.395991342362,0.63828638053,0.734524362393,0.982230911454,
    0.997566257944,0.999987686002,1.),.UNSPECIFIED.);
#4113 = CARTESIAN_POINT('',(0.,61.488792828143));
#4114 = CARTESIAN_POINT('',(1.393201232904,61.488792828143));
#4115 = CARTESIAN_POINT('',(2.784673320411,61.47098113675));
#4116 = CARTESIAN_POINT('',(4.173509880828,61.434658393902));
#4117 = CARTESIAN_POINT('',(5.55877956968,61.379246132088));
#4118 = CARTESIAN_POINT('',(6.939528098186,61.30431794233));
#4119 = CARTESIAN_POINT('',(8.314777430704,61.209625197766));
#4120 = CARTESIAN_POINT('',(9.683522161122,61.095117334848));
#4121 = CARTESIAN_POINT('',(13.816866342038,60.687732863581));
#4122 = CARTESIAN_POINT('',(16.558721148713,60.332900091888));
#4123 = CARTESIAN_POINT('',(19.260318677644,59.897836438005));
#4124 = CARTESIAN_POINT('',(21.91601801205,59.387274456873));
#4125 = CARTESIAN_POINT('',(24.523572910441,58.808534517314));
#4126 = CARTESIAN_POINT('',(27.083023263959,58.170166236545));
#4127 = CARTESIAN_POINT('',(29.596092864653,57.481065164412));
#4128 = CARTESIAN_POINT('',(34.318992075059,56.08283800387));
#4129 = CARTESIAN_POINT('',(36.536865794073,55.380536057866));
#4130 = CARTESIAN_POINT('',(38.723323186772,54.649048939834));
#4131 = CARTESIAN_POINT('',(40.882751393559,53.894231608306));
#4132 = CARTESIAN_POINT('',(43.019807451128,53.121543989468));
#4133 = CARTESIAN_POINT('',(45.13935805472,52.336009922201));
#4134 = CARTESIAN_POINT('',(47.246517573022,51.542246380454));
#4135 = CARTESIAN_POINT('',(50.180886636334,50.427617927767));
#4136 = CARTESIAN_POINT('',(51.013915601243,50.110140939083));
#4137 = CARTESIAN_POINT('',(51.84610641613,49.79232795473));
#4138 = CARTESIAN_POINT('',(52.677767016062,49.474449878774));
#4139 = CARTESIAN_POINT('',(53.509199942685,49.156773377301));
#4140 = CARTESIAN_POINT('',(54.340702733924,48.839560762198));
#4141 = CARTESIAN_POINT('',(55.172568313692,48.523069874945));
#4142 = CARTESIAN_POINT('',(58.147897667716,47.395448870354));
#4143 = CARTESIAN_POINT('',(60.294927165104,46.589839763539));
#4144 = CARTESIAN_POINT('',(62.451198382628,45.795003431466));
#4145 = CARTESIAN_POINT('',(64.621243406002,45.015109179259));
#4146 = CARTESIAN_POINT('',(66.809134920137,44.25417704844));
#4147 = CARTESIAN_POINT('',(69.01842964245,43.515890979407));
#4148 = CARTESIAN_POINT('',(71.25206210156,42.80338633975));
#4149 = CARTESIAN_POINT('',(73.652154095324,42.076769459437));
#4150 = CARTESIAN_POINT('',(73.792180878741,42.034516054121));
#4151 = CARTESIAN_POINT('',(73.93230954739,41.992371609638));
#4152 = CARTESIAN_POINT('',(74.072540591336,41.95033670702));
#4153 = CARTESIAN_POINT('',(74.212874489348,41.9084119173));
#4154 = CARTESIAN_POINT('',(74.353311708894,41.866597801512));
#4155 = CARTESIAN_POINT('',(74.493852706145,41.824894910685));
#4156 = CARTESIAN_POINT('',(74.65670559384,41.776736610035));
#4157 = CARTESIAN_POINT('',(74.678915865226,41.770172228769));
#4158 = CARTESIAN_POINT('',(74.701128734302,41.763610632833));
#4159 = CARTESIAN_POINT('',(74.723344199236,41.757051818904));
#4160 = CARTESIAN_POINT('',(74.745562262188,41.750495789559));
#4161 = CARTESIAN_POINT('',(74.76778292931,41.74394255327));
#4162 = CARTESIAN_POINT('',(74.79000621075,41.737392124409));
#4163 = CARTESIAN_POINT('',(74.81234514891,41.730811225892));
#4164 = CARTESIAN_POINT('',(74.812458017025,41.73077772172));
#4165 = CARTESIAN_POINT('',(74.812571110961,41.730744543504));
#4166 = CARTESIAN_POINT('',(74.812684342834,41.730711553427));
#4167 = CARTESIAN_POINT('',(74.812797439754,41.730678357477));
#4168 = CARTESIAN_POINT('',(74.81291023267,41.730644719835));
#4169 = CARTESIAN_POINT('',(74.81302294522,41.730610977277));
#4170 = CARTESIAN_POINT('',(74.813137488963,41.730577982615));
#4171 = ( GEOMETRIC_REPRESENTATION_CONTEXT(2) 
PARAMETRIC_REPRESENTATION_CONTEXT() REPRESENTATION_CONTEXT('2D SPACE',''
  ) );
#4172 = ORIENTED_EDGE('',*,*,#1982,.T.);
#4173 = ORIENTED_EDGE('',*,*,#3168,.T.);
#4174 = ADVANCED_FACE('',(#4175),#2170,.T.);
#4175 = FACE_BOUND('',#4176,.T.);
#4176 = EDGE_LOOP('',(#4177,#4178,#4179,#4180));
#4177 = ORIENTED_EDGE('',*,*,#2456,.T.);
#4178 = ORIENTED_EDGE('',*,*,#2058,.T.);
#4179 = ORIENTED_EDGE('',*,*,#3987,.F.);
#4180 = ORIENTED_EDGE('',*,*,#4181,.F.);
#4181 = EDGE_CURVE('',#2457,#3965,#4182,.T.);
#4182 = SURFACE_CURVE('',#4183,(#4236,#4243),.PCURVE_S1.);
#4183 = B_SPLINE_CURVE_WITH_KNOTS('',11,(#4184,#4185,#4186,#4187,#4188,
    #4189,#4190,#4191,#4192,#4193,#4194,#4195,#4196,#4197,#4198,#4199,
    #4200,#4201,#4202,#4203,#4204,#4205,#4206,#4207,#4208,#4209,#4210,
    #4211,#4212,#4213,#4214,#4215,#4216,#4217,#4218,#4219,#4220,#4221,
    #4222,#4223,#4224,#4225,#4226,#4227,#4228,#4229,#4230,#4231,#4232,
    #4233,#4234,#4235),.UNSPECIFIED.,.F.,.F.,(12,10,10,10,10,12),(
    -13.3243456672,0.,15.372198207036,30.744396414072,61.488792828143,
    64.089021524346),.UNSPECIFIED.);
#4184 = CARTESIAN_POINT('',(24.,2.924082684839,59.243418562498));
#4185 = CARTESIAN_POINT('',(24.000000000001,4.99066010734,
    61.928013319737));
#4186 = CARTESIAN_POINT('',(23.999999999995,6.935315303808,
    64.52387518723));
#4187 = CARTESIAN_POINT('',(24.000000000011,8.759100377162,
    67.031286457387));
#4188 = CARTESIAN_POINT('',(23.999999999981,10.463293667142,
    69.450696499374));
#4189 = CARTESIAN_POINT('',(24.000000000025,12.049410958224,
    71.782733284385));
#4190 = CARTESIAN_POINT('',(23.999999999976,13.519207715117,
    74.028213414884));
#4191 = CARTESIAN_POINT('',(24.000000000017,14.874672347113,
    76.188150665096));
#4192 = CARTESIAN_POINT('',(23.999999999991,16.118010499625,
    78.263763023182));
#4193 = CARTESIAN_POINT('',(24.000000000003,17.25162037471,
    80.256478245445));
#4194 = CARTESIAN_POINT('',(23.999999999999,18.278059078966,
    82.167937913328));
#4195 = CARTESIAN_POINT('',(24.000000000001,20.263636363637,
    86.11363636364));
#4196 = CARTESIAN_POINT('',(23.999999999996,21.188181818178,
    88.121590909076));
#4197 = CARTESIAN_POINT('',(24.000000000011,21.977728192459,
    90.026704545497));
#4198 = CARTESIAN_POINT('',(23.999999999979,22.636367315228,
    91.831818181735));
#4199 = CARTESIAN_POINT('',(24.00000000003,23.168191015421,
    93.539772727388));
#4200 = CARTESIAN_POINT('',(23.999999999969,23.577291121666,
    95.153409090792));
#4201 = CARTESIAN_POINT('',(24.000000000023,23.867759462989,
    96.675568181907));
#4202 = CARTESIAN_POINT('',(23.999999999987,24.043687868007,
    98.109090909042));
#4203 = CARTESIAN_POINT('',(24.000000000005,24.10916816567,
    99.456818181837));
#4204 = CARTESIAN_POINT('',(23.999999999999,24.068292184716,
    100.72159090908));
#4205 = CARTESIAN_POINT('',(24.000000000001,23.782011323256,
    103.09090909091));
#4206 = CARTESIAN_POINT('',(23.999999999997,23.536606442738,
    104.19545454544));
#4207 = CARTESIAN_POINT('',(24.000000000006,23.193028941263,
    105.22272727275));
#4208 = CARTESIAN_POINT('',(23.99999999999,22.755370647603,
    106.17556818177));
#4209 = CARTESIAN_POINT('',(24.000000000012,22.227723390637,
    107.05681818187));
#4210 = CARTESIAN_POINT('',(23.99999999999,21.614178999089,
    107.86931818176));
#4211 = CARTESIAN_POINT('',(24.000000000007,20.918829301863,
    108.61590909095));
#4212 = CARTESIAN_POINT('',(23.999999999996,20.145766127694,
    109.29943181815));
#4213 = CARTESIAN_POINT('',(24.000000000001,19.299081305445,
    109.92272727273));
#4214 = CARTESIAN_POINT('',(24.,18.382866663902,110.48863636363));
#4215 = CARTESIAN_POINT('',(24.000000000001,15.437908767856,
    112.02272727273));
#4216 = CARTESIAN_POINT('',(23.999999999998,13.212851541928,
    112.82727272725));
#4217 = CARTESIAN_POINT('',(24.000000000006,10.758776984599,
    113.43636363639));
#4218 = CARTESIAN_POINT('',(23.999999999989,8.108419726367,
    113.87272727267));
#4219 = CARTESIAN_POINT('',(24.000000000014,5.294514397723,
    114.15909090916));
#4220 = CARTESIAN_POINT('',(23.999999999986,2.349795629173,
    114.3181818181));
#4221 = CARTESIAN_POINT('',(24.00000000001,-0.693001948799,
    114.37272727278));
#4222 = CARTESIAN_POINT('',(23.999999999994,-3.801143705685,
    114.34545454542));
#4223 = CARTESIAN_POINT('',(24.000000000002,-6.941895010999,
    114.2590909091));
#4224 = CARTESIAN_POINT('',(23.999999999999,-10.08252123423,
    114.13636363636));
#4225 = CARTESIAN_POINT('',(24.,-13.45312925765,113.98846695067));
#4226 = CARTESIAN_POINT('',(24.,-13.71730984045,113.97687514517));
#4227 = CARTESIAN_POINT('',(24.,-13.98282949329,113.9652245835));
#4228 = CARTESIAN_POINT('',(24.,-14.24968821617,113.95351526566));
#4229 = CARTESIAN_POINT('',(24.,-14.5178860091,113.94174719165));
#4230 = CARTESIAN_POINT('',(24.,-14.78742287206,113.92992036147));
#4231 = CARTESIAN_POINT('',(24.,-15.05829880508,113.91803477511));
#4232 = CARTESIAN_POINT('',(24.,-15.33051380813,113.90609043259));
#4233 = CARTESIAN_POINT('',(24.,-15.60406788123,113.89408733389));
#4234 = CARTESIAN_POINT('',(24.,-15.87896102437,113.88202547903));
#4235 = CARTESIAN_POINT('',(24.,-16.15519323755,113.86990486799));
#4236 = PCURVE('',#2170,#4237);
#4237 = DEFINITIONAL_REPRESENTATION('',(#4238),#4242);
#4238 = LINE('',#4239,#4240);
#4239 = CARTESIAN_POINT('',(0.,0.));
#4240 = VECTOR('',#4241,1.);
#4241 = DIRECTION('',(0.,1.));
#4242 = ( GEOMETRIC_REPRESENTATION_CONTEXT(2) 
PARAMETRIC_REPRESENTATION_CONTEXT() REPRESENTATION_CONTEXT('2D SPACE',''
  ) );
#4243 = PCURVE('',#2619,#4244);
#4244 = DEFINITIONAL_REPRESENTATION('',(#4245),#4288);
#4245 = B_SPLINE_CURVE_WITH_KNOTS('',11,(#4246,#4247,#4248,#4249,#4250,
    #4251,#4252,#4253,#4254,#4255,#4256,#4257,#4258,#4259,#4260,#4261,
    #4262,#4263,#4264,#4265,#4266,#4267,#4268,#4269,#4270,#4271,#4272,
    #4273,#4274,#4275,#4276,#4277,#4278,#4279,#4280,#4281,#4282,#4283,
    #4284,#4285,#4286,#4287),.UNSPECIFIED.,.F.,.F.,(12,10,10,10,12),(
    -13.3243456672,0.,15.372198207036,30.744396414072,61.488792828143),
  .UNSPECIFIED.);
#4246 = CARTESIAN_POINT('',(-0.216198275734,-24.));
#4247 = CARTESIAN_POINT('',(-0.19666253166,-24.));
#4248 = CARTESIAN_POINT('',(-0.17708537196,-23.99999999999));
#4249 = CARTESIAN_POINT('',(-0.157473070955,-24.));
#4250 = CARTESIAN_POINT('',(-0.13783189238,-23.99999999998));
#4251 = CARTESIAN_POINT('',(-0.118168055667,-24.00000000002));
#4252 = CARTESIAN_POINT('',(-9.848760822647E-02,-23.99999999998));
#4253 = CARTESIAN_POINT('',(-7.879620375958E-02,-24.00000000001));
#4254 = CARTESIAN_POINT('',(-5.909878657332E-02,-23.99999999999));
#4255 = CARTESIAN_POINT('',(-3.939918191744E-02,-24.));
#4256 = CARTESIAN_POINT('',(-1.969959232977E-02,-23.99999999999));
#4257 = CARTESIAN_POINT('',(2.272727272727E-02,-24.));
#4258 = CARTESIAN_POINT('',(4.545454545454E-02,-23.99999999999));
#4259 = CARTESIAN_POINT('',(6.818181818183E-02,-24.));
#4260 = CARTESIAN_POINT('',(9.090909090905E-02,-23.99999999998));
#4261 = CARTESIAN_POINT('',(0.113636363636,-24.00000000002));
#4262 = CARTESIAN_POINT('',(0.136363636364,-23.99999999997));
#4263 = CARTESIAN_POINT('',(0.159090909091,-24.00000000001));
#4264 = CARTESIAN_POINT('',(0.181818181818,-23.99999999999));
#4265 = CARTESIAN_POINT('',(0.204545454545,-24.));
#4266 = CARTESIAN_POINT('',(0.227272727273,-23.99999999999));
#4267 = CARTESIAN_POINT('',(0.272727272727,-24.));
#4268 = CARTESIAN_POINT('',(0.295454545455,-23.99999999999));
#4269 = CARTESIAN_POINT('',(0.318181818182,-24.00000000001));
#4270 = CARTESIAN_POINT('',(0.340909090909,-23.99999999998));
#4271 = CARTESIAN_POINT('',(0.363636363636,-24.00000000002));
#4272 = CARTESIAN_POINT('',(0.386363636364,-23.99999999998));
#4273 = CARTESIAN_POINT('',(0.409090909091,-24.00000000001));
#4274 = CARTESIAN_POINT('',(0.431818181818,-23.99999999999));
#4275 = CARTESIAN_POINT('',(0.454545454545,-24.));
#4276 = CARTESIAN_POINT('',(0.477272727273,-23.99999999999));
#4277 = CARTESIAN_POINT('',(0.545454545455,-24.));
#4278 = CARTESIAN_POINT('',(0.590909090909,-23.99999999999));
#4279 = CARTESIAN_POINT('',(0.636363636364,-24.00000000001));
#4280 = CARTESIAN_POINT('',(0.681818181818,-23.99999999997));
#4281 = CARTESIAN_POINT('',(0.727272727273,-24.00000000002));
#4282 = CARTESIAN_POINT('',(0.772727272727,-23.99999999997));
#4283 = CARTESIAN_POINT('',(0.818181818182,-24.00000000002));
#4284 = CARTESIAN_POINT('',(0.863636363636,-23.99999999998));
#4285 = CARTESIAN_POINT('',(0.909090909091,-24.));
#4286 = CARTESIAN_POINT('',(0.954545454545,-23.99999999999));
#4287 = CARTESIAN_POINT('',(1.,-24.));
#4288 = ( GEOMETRIC_REPRESENTATION_CONTEXT(2) 
PARAMETRIC_REPRESENTATION_CONTEXT() REPRESENTATION_CONTEXT('2D SPACE',''
  ) );
#4289 = ADVANCED_FACE('',(#4290),#2590,.F.);
#4290 = FACE_BOUND('',#4291,.F.);
#4291 = EDGE_LOOP('',(#4292,#4293,#4294,#4317));
#4292 = ORIENTED_EDGE('',*,*,#2574,.T.);
#4293 = ORIENTED_EDGE('',*,*,#2942,.T.);
#4294 = ORIENTED_EDGE('',*,*,#4295,.F.);
#4295 = EDGE_CURVE('',#4296,#2639,#4298,.T.);
#4296 = VERTEX_POINT('',#4297);
#4297 = CARTESIAN_POINT('',(0.,-13.1902877449,114.));
#4298 = SURFACE_CURVE('',#4299,(#4303,#4310),.PCURVE_S1.);
#4299 = LINE('',#4300,#4301);
#4300 = CARTESIAN_POINT('',(0.,-13.1902877449,114.));
#4301 = VECTOR('',#4302,1.);
#4302 = DIRECTION('',(-1.,-0.,-0.));
#4303 = PCURVE('',#2590,#4304);
#4304 = DEFINITIONAL_REPRESENTATION('',(#4305),#4309);
#4305 = LINE('',#4306,#4307);
#4306 = CARTESIAN_POINT('',(1.,0.));
#4307 = VECTOR('',#4308,1.);
#4308 = DIRECTION('',(0.,-1.));
#4309 = ( GEOMETRIC_REPRESENTATION_CONTEXT(2) 
PARAMETRIC_REPRESENTATION_CONTEXT() REPRESENTATION_CONTEXT('2D SPACE',''
  ) );
#4310 = PCURVE('',#2656,#4311);
#4311 = DEFINITIONAL_REPRESENTATION('',(#4312),#4316);
#4312 = LINE('',#4313,#4314);
#4313 = CARTESIAN_POINT('',(0.,0.));
#4314 = VECTOR('',#4315,1.);
#4315 = DIRECTION('',(0.,-1.));
#4316 = ( GEOMETRIC_REPRESENTATION_CONTEXT(2) 
PARAMETRIC_REPRESENTATION_CONTEXT() REPRESENTATION_CONTEXT('2D SPACE',''
  ) );
#4317 = ORIENTED_EDGE('',*,*,#4318,.F.);
#4318 = EDGE_CURVE('',#2575,#4296,#4319,.T.);
#4319 = SURFACE_CURVE('',#4320,(#4325,#4332),.PCURVE_S1.);
#4320 = B_SPLINE_CURVE_WITH_KNOTS('',3,(#4321,#4322,#4323,#4324),
  .UNSPECIFIED.,.F.,.F.,(4,4),(0.,1.),.PIECEWISE_BEZIER_KNOTS.);
#4321 = CARTESIAN_POINT('',(0.,19.2,84.));
#4322 = CARTESIAN_POINT('',(0.,34.8,115.));
#4323 = CARTESIAN_POINT('',(0.,9.6,115.));
#4324 = CARTESIAN_POINT('',(0.,-13.1902877449,114.));
#4325 = PCURVE('',#2590,#4326);
#4326 = DEFINITIONAL_REPRESENTATION('',(#4327),#4331);
#4327 = LINE('',#4328,#4329);
#4328 = CARTESIAN_POINT('',(0.,0.));
#4329 = VECTOR('',#4330,1.);
#4330 = DIRECTION('',(1.,0.));
#4331 = ( GEOMETRIC_REPRESENTATION_CONTEXT(2) 
PARAMETRIC_REPRESENTATION_CONTEXT() REPRESENTATION_CONTEXT('2D SPACE',''
  ) );
#4332 = PCURVE('',#2619,#4333);
#4333 = DEFINITIONAL_REPRESENTATION('',(#4334),#4338);
#4334 = LINE('',#4335,#4336);
#4335 = CARTESIAN_POINT('',(0.,0.));
#4336 = VECTOR('',#4337,1.);
#4337 = DIRECTION('',(1.,0.));
#4338 = ( GEOMETRIC_REPRESENTATION_CONTEXT(2) 
PARAMETRIC_REPRESENTATION_CONTEXT() REPRESENTATION_CONTEXT('2D SPACE',''
  ) );
#4339 = ADVANCED_FACE('',(#4340),#2619,.T.);
#4340 = FACE_BOUND('',#4341,.T.);
#4341 = EDGE_LOOP('',(#4342,#4343,#4344,#4365));
#4342 = ORIENTED_EDGE('',*,*,#2605,.T.);
#4343 = ORIENTED_EDGE('',*,*,#4181,.T.);
#4344 = ORIENTED_EDGE('',*,*,#4345,.F.);
#4345 = EDGE_CURVE('',#4296,#3965,#4346,.T.);
#4346 = SURFACE_CURVE('',#4347,(#4351,#4358),.PCURVE_S1.);
#4347 = LINE('',#4348,#4349);
#4348 = CARTESIAN_POINT('',(0.,-13.1902877449,114.));
#4349 = VECTOR('',#4350,1.);
#4350 = DIRECTION('',(1.,0.,0.));
#4351 = PCURVE('',#2619,#4352);
#4352 = DEFINITIONAL_REPRESENTATION('',(#4353),#4357);
#4353 = LINE('',#4354,#4355);
#4354 = CARTESIAN_POINT('',(1.,0.));
#4355 = VECTOR('',#4356,1.);
#4356 = DIRECTION('',(0.,-1.));
#4357 = ( GEOMETRIC_REPRESENTATION_CONTEXT(2) 
PARAMETRIC_REPRESENTATION_CONTEXT() REPRESENTATION_CONTEXT('2D SPACE',''
  ) );
#4358 = PCURVE('',#2656,#4359);
#4359 = DEFINITIONAL_REPRESENTATION('',(#4360),#4364);
#4360 = LINE('',#4361,#4362);
#4361 = CARTESIAN_POINT('',(0.,0.));
#4362 = VECTOR('',#4363,1.);
#4363 = DIRECTION('',(0.,1.));
#4364 = ( GEOMETRIC_REPRESENTATION_CONTEXT(2) 
PARAMETRIC_REPRESENTATION_CONTEXT() REPRESENTATION_CONTEXT('2D SPACE',''
  ) );
#4365 = ORIENTED_EDGE('',*,*,#4318,.F.);
#4366 = ADVANCED_FACE('',(#4367,#4374),#2656,.F.);
#4367 = FACE_BOUND('',#4368,.F.);
#4368 = EDGE_LOOP('',(#4369,#4370,#4371,#4372,#4373));
#4369 = ORIENTED_EDGE('',*,*,#2638,.T.);
#4370 = ORIENTED_EDGE('',*,*,#3207,.F.);
#4371 = ORIENTED_EDGE('',*,*,#3964,.F.);
#4372 = ORIENTED_EDGE('',*,*,#4345,.F.);
#4373 = ORIENTED_EDGE('',*,*,#4295,.T.);
#4374 = FACE_BOUND('',#4375,.F.);
#4375 = EDGE_LOOP('',(#4376,#4406,#4434,#4462));
#4376 = ORIENTED_EDGE('',*,*,#4377,.F.);
#4377 = EDGE_CURVE('',#4378,#4380,#4382,.T.);
#4378 = VERTEX_POINT('',#4379);
#4379 = CARTESIAN_POINT('',(-6.25,-2.598599979681,150.93760489709));
#4380 = VERTEX_POINT('',#4381);
#4381 = CARTESIAN_POINT('',(6.25,-2.598599979681,150.93760489709));
#4382 = SURFACE_CURVE('',#4383,(#4387,#4394),.PCURVE_S1.);
#4383 = LINE('',#4384,#4385);
#4384 = CARTESIAN_POINT('',(-3.125,-2.598599979681,150.93760489709));
#4385 = VECTOR('',#4386,1.);
#4386 = DIRECTION('',(1.,-0.,0.));
#4387 = PCURVE('',#2656,#4388);
#4388 = DEFINITIONAL_REPRESENTATION('',(#4389),#4393);
#4389 = LINE('',#4390,#4391);
#4390 = CARTESIAN_POINT('',(38.426169536521,-3.125));
#4391 = VECTOR('',#4392,1.);
#4392 = DIRECTION('',(0.,1.));
#4393 = ( GEOMETRIC_REPRESENTATION_CONTEXT(2) 
PARAMETRIC_REPRESENTATION_CONTEXT() REPRESENTATION_CONTEXT('2D SPACE',''
  ) );
#4394 = PCURVE('',#4395,#4400);
#4395 = PLANE('',#4396);
#4396 = AXIS2_PLACEMENT_3D('',#4397,#4398,#4399);
#4397 = CARTESIAN_POINT('',(-6.25,1.43869914326,149.77992800266));
#4398 = DIRECTION('',(0.,0.275637355817,0.961261695938));
#4399 = DIRECTION('',(0.,-0.961261695938,0.275637355817));
#4400 = DEFINITIONAL_REPRESENTATION('',(#4401),#4405);
#4401 = LINE('',#4402,#4403);
#4402 = CARTESIAN_POINT('',(4.2,3.125));
#4403 = VECTOR('',#4404,1.);
#4404 = DIRECTION('',(0.,1.));
#4405 = ( GEOMETRIC_REPRESENTATION_CONTEXT(2) 
PARAMETRIC_REPRESENTATION_CONTEXT() REPRESENTATION_CONTEXT('2D SPACE',''
  ) );
#4406 = ORIENTED_EDGE('',*,*,#4407,.T.);
#4407 = EDGE_CURVE('',#4378,#4408,#4410,.T.);
#4408 = VERTEX_POINT('',#4409);
#4409 = CARTESIAN_POINT('',(-6.25,-6.044066927394,138.92183369786));
#4410 = SURFACE_CURVE('',#4411,(#4415,#4422),.PCURVE_S1.);
#4411 = LINE('',#4412,#4413);
#4412 = CARTESIAN_POINT('',(-6.25,-9.617177336149,126.46091684893));
#4413 = VECTOR('',#4414,1.);
#4414 = DIRECTION('',(0.,-0.275637355817,-0.961261695938));
#4415 = PCURVE('',#2656,#4416);
#4416 = DEFINITIONAL_REPRESENTATION('',(#4417),#4421);
#4417 = LINE('',#4418,#4419);
#4418 = CARTESIAN_POINT('',(12.963084768259,-6.25));
#4419 = VECTOR('',#4420,1.);
#4420 = DIRECTION('',(-1.,0.));
#4421 = ( GEOMETRIC_REPRESENTATION_CONTEXT(2) 
PARAMETRIC_REPRESENTATION_CONTEXT() REPRESENTATION_CONTEXT('2D SPACE',''
  ) );
#4422 = PCURVE('',#4423,#4428);
#4423 = PLANE('',#4424);
#4424 = AXIS2_PLACEMENT_3D('',#4425,#4426,#4427);
#4425 = CARTESIAN_POINT('',(-6.25,-2.006767804453,137.76415680343));
#4426 = DIRECTION('',(1.,0.,0.));
#4427 = DIRECTION('',(0.,-0.961261695938,0.275637355817));
#4428 = DEFINITIONAL_REPRESENTATION('',(#4429),#4433);
#4429 = LINE('',#4430,#4431);
#4430 = CARTESIAN_POINT('',(4.199999999999,12.963084768262));
#4431 = VECTOR('',#4432,1.);
#4432 = DIRECTION('',(-2.612296107887E-17,1.));
#4433 = ( GEOMETRIC_REPRESENTATION_CONTEXT(2) 
PARAMETRIC_REPRESENTATION_CONTEXT() REPRESENTATION_CONTEXT('2D SPACE',''
  ) );
#4434 = ORIENTED_EDGE('',*,*,#4435,.T.);
#4435 = EDGE_CURVE('',#4408,#4436,#4438,.T.);
#4436 = VERTEX_POINT('',#4437);
#4437 = CARTESIAN_POINT('',(6.25,-6.044066927394,138.92183369786));
#4438 = SURFACE_CURVE('',#4439,(#4443,#4450),.PCURVE_S1.);
#4439 = LINE('',#4440,#4441);
#4440 = CARTESIAN_POINT('',(-3.125,-6.044066927394,138.92183369786));
#4441 = VECTOR('',#4442,1.);
#4442 = DIRECTION('',(1.,-0.,0.));
#4443 = PCURVE('',#2656,#4444);
#4444 = DEFINITIONAL_REPRESENTATION('',(#4445),#4449);
#4445 = LINE('',#4446,#4447);
#4446 = CARTESIAN_POINT('',(25.926169536519,-3.125));
#4447 = VECTOR('',#4448,1.);
#4448 = DIRECTION('',(0.,1.));
#4449 = ( GEOMETRIC_REPRESENTATION_CONTEXT(2) 
PARAMETRIC_REPRESENTATION_CONTEXT() REPRESENTATION_CONTEXT('2D SPACE',''
  ) );
#4450 = PCURVE('',#4451,#4456);
#4451 = PLANE('',#4452);
#4452 = AXIS2_PLACEMENT_3D('',#4453,#4454,#4455);
#4453 = CARTESIAN_POINT('',(-6.25,-2.006767804453,137.76415680343));
#4454 = DIRECTION('',(0.,0.275637355817,0.961261695938));
#4455 = DIRECTION('',(0.,-0.961261695938,0.275637355817));
#4456 = DEFINITIONAL_REPRESENTATION('',(#4457),#4461);
#4457 = LINE('',#4458,#4459);
#4458 = CARTESIAN_POINT('',(4.2,3.125));
#4459 = VECTOR('',#4460,1.);
#4460 = DIRECTION('',(0.,1.));
#4461 = ( GEOMETRIC_REPRESENTATION_CONTEXT(2) 
PARAMETRIC_REPRESENTATION_CONTEXT() REPRESENTATION_CONTEXT('2D SPACE',''
  ) );
#4462 = ORIENTED_EDGE('',*,*,#4463,.F.);
#4463 = EDGE_CURVE('',#4380,#4436,#4464,.T.);
#4464 = SURFACE_CURVE('',#4465,(#4469,#4476),.PCURVE_S1.);
#4465 = LINE('',#4466,#4467);
#4466 = CARTESIAN_POINT('',(6.25,-9.617177336149,126.46091684893));
#4467 = VECTOR('',#4468,1.);
#4468 = DIRECTION('',(0.,-0.275637355817,-0.961261695938));
#4469 = PCURVE('',#2656,#4470);
#4470 = DEFINITIONAL_REPRESENTATION('',(#4471),#4475);
#4471 = LINE('',#4472,#4473);
#4472 = CARTESIAN_POINT('',(12.963084768259,6.25));
#4473 = VECTOR('',#4474,1.);
#4474 = DIRECTION('',(-1.,0.));
#4475 = ( GEOMETRIC_REPRESENTATION_CONTEXT(2) 
PARAMETRIC_REPRESENTATION_CONTEXT() REPRESENTATION_CONTEXT('2D SPACE',''
  ) );
#4476 = PCURVE('',#4477,#4482);
#4477 = PLANE('',#4478);
#4478 = AXIS2_PLACEMENT_3D('',#4479,#4480,#4481);
#4479 = CARTESIAN_POINT('',(6.25,-2.006767804453,137.76415680343));
#4480 = DIRECTION('',(1.,0.,0.));
#4481 = DIRECTION('',(0.,-0.961261695938,0.275637355817));
#4482 = DEFINITIONAL_REPRESENTATION('',(#4483),#4487);
#4483 = LINE('',#4484,#4485);
#4484 = CARTESIAN_POINT('',(4.199999999999,12.963084768262));
#4485 = VECTOR('',#4486,1.);
#4486 = DIRECTION('',(-2.612296107887E-17,1.));
#4487 = ( GEOMETRIC_REPRESENTATION_CONTEXT(2) 
PARAMETRIC_REPRESENTATION_CONTEXT() REPRESENTATION_CONTEXT('2D SPACE',''
  ) );
#4488 = ADVANCED_FACE('',(#4489),#3305,.F.);
#4489 = FACE_BOUND('',#4490,.F.);
#4490 = EDGE_LOOP('',(#4491,#4512,#4540,#4559));
#4491 = ORIENTED_EDGE('',*,*,#4492,.F.);
#4492 = EDGE_CURVE('',#4493,#3290,#4495,.T.);
#4493 = VERTEX_POINT('',#4494);
#4494 = CARTESIAN_POINT('',(-39.,64.3,6.));
#4495 = SURFACE_CURVE('',#4496,(#4499,#4505),.PCURVE_S1.);
#4496 = B_SPLINE_CURVE_WITH_KNOTS('',1,(#4497,#4498),.UNSPECIFIED.,.F.,
  .F.,(2,2),(0.,1.),.PIECEWISE_BEZIER_KNOTS.);
#4497 = CARTESIAN_POINT('',(-39.,64.3,6.));
#4498 = CARTESIAN_POINT('',(-39.,72.,160.));
#4499 = PCURVE('',#3305,#4500);
#4500 = DEFINITIONAL_REPRESENTATION('',(#4501),#4504);
#4501 = B_SPLINE_CURVE_WITH_KNOTS('',1,(#4502,#4503),.UNSPECIFIED.,.F.,
  .F.,(2,2),(0.,1.),.PIECEWISE_BEZIER_KNOTS.);
#4502 = CARTESIAN_POINT('',(-6.622629173124,-77.10263554402));
#4503 = CARTESIAN_POINT('',(-16.52500166869,76.771446155779));
#4504 = ( GEOMETRIC_REPRESENTATION_CONTEXT(2) 
PARAMETRIC_REPRESENTATION_CONTEXT() REPRESENTATION_CONTEXT('2D SPACE',''
  ) );
#4505 = PCURVE('',#3508,#4506);
#4506 = DEFINITIONAL_REPRESENTATION('',(#4507),#4511);
#4507 = LINE('',#4508,#4509);
#4508 = CARTESIAN_POINT('',(3.14159265359,0.));
#4509 = VECTOR('',#4510,1.);
#4510 = DIRECTION('',(0.,1.));
#4511 = ( GEOMETRIC_REPRESENTATION_CONTEXT(2) 
PARAMETRIC_REPRESENTATION_CONTEXT() REPRESENTATION_CONTEXT('2D SPACE',''
  ) );
#4512 = ORIENTED_EDGE('',*,*,#4513,.F.);
#4513 = EDGE_CURVE('',#4514,#4493,#4516,.T.);
#4514 = VERTEX_POINT('',#4515);
#4515 = CARTESIAN_POINT('',(-39.,51.,6.));
#4516 = SURFACE_CURVE('',#4517,(#4521,#4528),.PCURVE_S1.);
#4517 = LINE('',#4518,#4519);
#4518 = CARTESIAN_POINT('',(-39.,57.65,6.));
#4519 = VECTOR('',#4520,1.);
#4520 = DIRECTION('',(0.,1.,0.));
#4521 = PCURVE('',#3305,#4522);
#4522 = DEFINITIONAL_REPRESENTATION('',(#4523),#4527);
#4523 = LINE('',#4524,#4525);
#4524 = CARTESIAN_POINT('',(2.669026955856E-02,-77.00749906749));
#4525 = VECTOR('',#4526,1.);
#4526 = DIRECTION('',(-0.999897660554,-1.430623707343E-02));
#4527 = ( GEOMETRIC_REPRESENTATION_CONTEXT(2) 
PARAMETRIC_REPRESENTATION_CONTEXT() REPRESENTATION_CONTEXT('2D SPACE',''
  ) );
#4528 = PCURVE('',#4529,#4534);
#4529 = PLANE('',#4530);
#4530 = AXIS2_PLACEMENT_3D('',#4531,#4532,#4533);
#4531 = CARTESIAN_POINT('',(-24.,64.3,6.));
#4532 = DIRECTION('',(0.,0.,1.));
#4533 = DIRECTION('',(1.,0.,-0.));
#4534 = DEFINITIONAL_REPRESENTATION('',(#4535),#4539);
#4535 = LINE('',#4536,#4537);
#4536 = CARTESIAN_POINT('',(-15.,-6.65));
#4537 = VECTOR('',#4538,1.);
#4538 = DIRECTION('',(0.,1.));
#4539 = ( GEOMETRIC_REPRESENTATION_CONTEXT(2) 
PARAMETRIC_REPRESENTATION_CONTEXT() REPRESENTATION_CONTEXT('2D SPACE',''
  ) );
#4540 = ORIENTED_EDGE('',*,*,#4541,.T.);
#4541 = EDGE_CURVE('',#4514,#3232,#4542,.T.);
#4542 = SURFACE_CURVE('',#4543,(#4546,#4552),.PCURVE_S1.);
#4543 = B_SPLINE_CURVE_WITH_KNOTS('',1,(#4544,#4545),.UNSPECIFIED.,.F.,
  .F.,(2,2),(0.,1.),.PIECEWISE_BEZIER_KNOTS.);
#4544 = CARTESIAN_POINT('',(-39.,51.,6.));
#4545 = CARTESIAN_POINT('',(-39.,39.,160.));
#4546 = PCURVE('',#3305,#4547);
#4547 = DEFINITIONAL_REPRESENTATION('',(#4548),#4551);
#4548 = B_SPLINE_CURVE_WITH_KNOTS('',1,(#4549,#4550),.UNSPECIFIED.,.F.,
  .F.,(2,2),(0.,1.),.PIECEWISE_BEZIER_KNOTS.);
#4549 = CARTESIAN_POINT('',(6.676009712241,-76.91236259095));
#4550 = CARTESIAN_POINT('',(16.471621129578,77.243551979202));
#4551 = ( GEOMETRIC_REPRESENTATION_CONTEXT(2) 
PARAMETRIC_REPRESENTATION_CONTEXT() REPRESENTATION_CONTEXT('2D SPACE',''
  ) );
#4552 = PCURVE('',#3430,#4553);
#4553 = DEFINITIONAL_REPRESENTATION('',(#4554),#4558);
#4554 = LINE('',#4555,#4556);
#4555 = CARTESIAN_POINT('',(3.14159265359,0.));
#4556 = VECTOR('',#4557,1.);
#4557 = DIRECTION('',(0.,1.));
#4558 = ( GEOMETRIC_REPRESENTATION_CONTEXT(2) 
PARAMETRIC_REPRESENTATION_CONTEXT() REPRESENTATION_CONTEXT('2D SPACE',''
  ) );
#4559 = ORIENTED_EDGE('',*,*,#3289,.T.);
#4560 = ADVANCED_FACE('',(#4561),#3430,.F.);
#4561 = FACE_BOUND('',#4562,.F.);
#4562 = EDGE_LOOP('',(#4563,#4584,#4585,#4586));
#4563 = ORIENTED_EDGE('',*,*,#4564,.T.);
#4564 = EDGE_CURVE('',#4565,#3378,#4567,.T.);
#4565 = VERTEX_POINT('',#4566);
#4566 = CARTESIAN_POINT('',(-24.,36.,6.));
#4567 = SURFACE_CURVE('',#4568,(#4571,#4578),.PCURVE_S1.);
#4568 = B_SPLINE_CURVE_WITH_KNOTS('',1,(#4569,#4570),.UNSPECIFIED.,.F.,
  .F.,(2,2),(0.,1.),.PIECEWISE_BEZIER_KNOTS.);
#4569 = CARTESIAN_POINT('',(-24.,36.,6.));
#4570 = CARTESIAN_POINT('',(-24.,24.,160.));
#4571 = PCURVE('',#3430,#4572);
#4572 = DEFINITIONAL_REPRESENTATION('',(#4573),#4577);
#4573 = LINE('',#4574,#4575);
#4574 = CARTESIAN_POINT('',(4.712388980385,0.));
#4575 = VECTOR('',#4576,1.);
#4576 = DIRECTION('',(0.,1.));
#4577 = ( GEOMETRIC_REPRESENTATION_CONTEXT(2) 
PARAMETRIC_REPRESENTATION_CONTEXT() REPRESENTATION_CONTEXT('2D SPACE',''
  ) );
#4578 = PCURVE('',#3623,#4579);
#4579 = DEFINITIONAL_REPRESENTATION('',(#4580),#4583);
#4580 = B_SPLINE_CURVE_WITH_KNOTS('',1,(#4581,#4582),.UNSPECIFIED.,.F.,
  .F.,(2,2),(0.,1.),.PIECEWISE_BEZIER_KNOTS.);
#4581 = CARTESIAN_POINT('',(-24.,-154.4668249171));
#4582 = CARTESIAN_POINT('',(-24.,0.));
#4583 = ( GEOMETRIC_REPRESENTATION_CONTEXT(2) 
PARAMETRIC_REPRESENTATION_CONTEXT() REPRESENTATION_CONTEXT('2D SPACE',''
  ) );
#4584 = ORIENTED_EDGE('',*,*,#3405,.T.);
#4585 = ORIENTED_EDGE('',*,*,#4541,.F.);
#4586 = ORIENTED_EDGE('',*,*,#4587,.T.);
#4587 = EDGE_CURVE('',#4514,#4565,#4588,.T.);
#4588 = SURFACE_CURVE('',#4589,(#4594,#4601),.PCURVE_S1.);
#4589 = CIRCLE('',#4590,15.);
#4590 = AXIS2_PLACEMENT_3D('',#4591,#4592,#4593);
#4591 = CARTESIAN_POINT('',(-24.,51.,6.));
#4592 = DIRECTION('',(0.,0.,1.));
#4593 = DIRECTION('',(1.,0.,-0.));
#4594 = PCURVE('',#3430,#4595);
#4595 = DEFINITIONAL_REPRESENTATION('',(#4596),#4600);
#4596 = LINE('',#4597,#4598);
#4597 = CARTESIAN_POINT('',(0.,0.));
#4598 = VECTOR('',#4599,1.);
#4599 = DIRECTION('',(1.,0.));
#4600 = ( GEOMETRIC_REPRESENTATION_CONTEXT(2) 
PARAMETRIC_REPRESENTATION_CONTEXT() REPRESENTATION_CONTEXT('2D SPACE',''
  ) );
#4601 = PCURVE('',#4529,#4602);
#4602 = DEFINITIONAL_REPRESENTATION('',(#4603),#4607);
#4603 = CIRCLE('',#4604,15.);
#4604 = AXIS2_PLACEMENT_2D('',#4605,#4606);
#4605 = CARTESIAN_POINT('',(0.,-13.3));
#4606 = DIRECTION('',(1.,0.));
#4607 = ( GEOMETRIC_REPRESENTATION_CONTEXT(2) 
PARAMETRIC_REPRESENTATION_CONTEXT() REPRESENTATION_CONTEXT('2D SPACE',''
  ) );
#4608 = ADVANCED_FACE('',(#4609),#3508,.F.);
#4609 = FACE_BOUND('',#4610,.F.);
#4610 = EDGE_LOOP('',(#4611,#4612,#4613,#4634));
#4611 = ORIENTED_EDGE('',*,*,#4492,.T.);
#4612 = ORIENTED_EDGE('',*,*,#3481,.T.);
#4613 = ORIENTED_EDGE('',*,*,#4614,.F.);
#4614 = EDGE_CURVE('',#4615,#3482,#4617,.T.);
#4615 = VERTEX_POINT('',#4616);
#4616 = CARTESIAN_POINT('',(-24.,79.3,6.));
#4617 = SURFACE_CURVE('',#4618,(#4621,#4628),.PCURVE_S1.);
#4618 = B_SPLINE_CURVE_WITH_KNOTS('',1,(#4619,#4620),.UNSPECIFIED.,.F.,
  .F.,(2,2),(0.,1.),.PIECEWISE_BEZIER_KNOTS.);
#4619 = CARTESIAN_POINT('',(-24.,79.3,6.));
#4620 = CARTESIAN_POINT('',(-24.,87.,160.));
#4621 = PCURVE('',#3508,#4622);
#4622 = DEFINITIONAL_REPRESENTATION('',(#4623),#4627);
#4623 = LINE('',#4624,#4625);
#4624 = CARTESIAN_POINT('',(1.570796326795,0.));
#4625 = VECTOR('',#4626,1.);
#4626 = DIRECTION('',(0.,1.));
#4627 = ( GEOMETRIC_REPRESENTATION_CONTEXT(2) 
PARAMETRIC_REPRESENTATION_CONTEXT() REPRESENTATION_CONTEXT('2D SPACE',''
  ) );
#4628 = PCURVE('',#3657,#4629);
#4629 = DEFINITIONAL_REPRESENTATION('',(#4630),#4633);
#4630 = B_SPLINE_CURVE_WITH_KNOTS('',1,(#4631,#4632),.UNSPECIFIED.,.F.,
  .F.,(2,2),(0.,1.),.PIECEWISE_BEZIER_KNOTS.);
#4631 = CARTESIAN_POINT('',(24.,-154.1923798376));
#4632 = CARTESIAN_POINT('',(24.,0.));
#4633 = ( GEOMETRIC_REPRESENTATION_CONTEXT(2) 
PARAMETRIC_REPRESENTATION_CONTEXT() REPRESENTATION_CONTEXT('2D SPACE',''
  ) );
#4634 = ORIENTED_EDGE('',*,*,#4635,.T.);
#4635 = EDGE_CURVE('',#4615,#4493,#4636,.T.);
#4636 = SURFACE_CURVE('',#4637,(#4642,#4649),.PCURVE_S1.);
#4637 = CIRCLE('',#4638,15.);
#4638 = AXIS2_PLACEMENT_3D('',#4639,#4640,#4641);
#4639 = CARTESIAN_POINT('',(-24.,64.3,6.));
#4640 = DIRECTION('',(0.,0.,1.));
#4641 = DIRECTION('',(1.,0.,-0.));
#4642 = PCURVE('',#3508,#4643);
#4643 = DEFINITIONAL_REPRESENTATION('',(#4644),#4648);
#4644 = LINE('',#4645,#4646);
#4645 = CARTESIAN_POINT('',(0.,0.));
#4646 = VECTOR('',#4647,1.);
#4647 = DIRECTION('',(1.,0.));
#4648 = ( GEOMETRIC_REPRESENTATION_CONTEXT(2) 
PARAMETRIC_REPRESENTATION_CONTEXT() REPRESENTATION_CONTEXT('2D SPACE',''
  ) );
#4649 = PCURVE('',#4529,#4650);
#4650 = DEFINITIONAL_REPRESENTATION('',(#4651),#4655);
#4651 = CIRCLE('',#4652,15.);
#4652 = AXIS2_PLACEMENT_2D('',#4653,#4654);
#4653 = CARTESIAN_POINT('',(0.,0.));
#4654 = DIRECTION('',(1.,0.));
#4655 = ( GEOMETRIC_REPRESENTATION_CONTEXT(2) 
PARAMETRIC_REPRESENTATION_CONTEXT() REPRESENTATION_CONTEXT('2D SPACE',''
  ) );
#4656 = ADVANCED_FACE('',(#4657),#3623,.F.);
#4657 = FACE_BOUND('',#4658,.F.);
#4658 = EDGE_LOOP('',(#4659,#4680,#4681,#4682));
#4659 = ORIENTED_EDGE('',*,*,#4660,.T.);
#4660 = EDGE_CURVE('',#4661,#3581,#4663,.T.);
#4661 = VERTEX_POINT('',#4662);
#4662 = CARTESIAN_POINT('',(24.,36.,6.));
#4663 = SURFACE_CURVE('',#4664,(#4667,#4673),.PCURVE_S1.);
#4664 = B_SPLINE_CURVE_WITH_KNOTS('',1,(#4665,#4666),.UNSPECIFIED.,.F.,
  .F.,(2,2),(0.,1.),.PIECEWISE_BEZIER_KNOTS.);
#4665 = CARTESIAN_POINT('',(24.,36.,6.));
#4666 = CARTESIAN_POINT('',(24.,24.,160.));
#4667 = PCURVE('',#3623,#4668);
#4668 = DEFINITIONAL_REPRESENTATION('',(#4669),#4672);
#4669 = B_SPLINE_CURVE_WITH_KNOTS('',1,(#4670,#4671),.UNSPECIFIED.,.F.,
  .F.,(2,2),(0.,1.),.PIECEWISE_BEZIER_KNOTS.);
#4670 = CARTESIAN_POINT('',(24.,-154.4668249171));
#4671 = CARTESIAN_POINT('',(24.,0.));
#4672 = ( GEOMETRIC_REPRESENTATION_CONTEXT(2) 
PARAMETRIC_REPRESENTATION_CONTEXT() REPRESENTATION_CONTEXT('2D SPACE',''
  ) );
#4673 = PCURVE('',#3782,#4674);
#4674 = DEFINITIONAL_REPRESENTATION('',(#4675),#4679);
#4675 = LINE('',#4676,#4677);
#4676 = CARTESIAN_POINT('',(4.712388980385,0.));
#4677 = VECTOR('',#4678,1.);
#4678 = DIRECTION('',(0.,1.));
#4679 = ( GEOMETRIC_REPRESENTATION_CONTEXT(2) 
PARAMETRIC_REPRESENTATION_CONTEXT() REPRESENTATION_CONTEXT('2D SPACE',''
  ) );
#4680 = ORIENTED_EDGE('',*,*,#3609,.T.);
#4681 = ORIENTED_EDGE('',*,*,#4564,.F.);
#4682 = ORIENTED_EDGE('',*,*,#4683,.T.);
#4683 = EDGE_CURVE('',#4565,#4661,#4684,.T.);
#4684 = SURFACE_CURVE('',#4685,(#4689,#4696),.PCURVE_S1.);
#4685 = LINE('',#4686,#4687);
#4686 = CARTESIAN_POINT('',(0.,36.,6.));
#4687 = VECTOR('',#4688,1.);
#4688 = DIRECTION('',(1.,0.,0.));
#4689 = PCURVE('',#3623,#4690);
#4690 = DEFINITIONAL_REPRESENTATION('',(#4691),#4695);
#4691 = LINE('',#4692,#4693);
#4692 = CARTESIAN_POINT('',(0.,-154.4668249171));
#4693 = VECTOR('',#4694,1.);
#4694 = DIRECTION('',(1.,0.));
#4695 = ( GEOMETRIC_REPRESENTATION_CONTEXT(2) 
PARAMETRIC_REPRESENTATION_CONTEXT() REPRESENTATION_CONTEXT('2D SPACE',''
  ) );
#4696 = PCURVE('',#4529,#4697);
#4697 = DEFINITIONAL_REPRESENTATION('',(#4698),#4702);
#4698 = LINE('',#4699,#4700);
#4699 = CARTESIAN_POINT('',(24.,-28.3));
#4700 = VECTOR('',#4701,1.);
#4701 = DIRECTION('',(1.,0.));
#4702 = ( GEOMETRIC_REPRESENTATION_CONTEXT(2) 
PARAMETRIC_REPRESENTATION_CONTEXT() REPRESENTATION_CONTEXT('2D SPACE',''
  ) );
#4703 = ADVANCED_FACE('',(#4704),#3657,.F.);
#4704 = FACE_BOUND('',#4705,.F.);
#4705 = EDGE_LOOP('',(#4706,#4727,#4748,#4749));
#4706 = ORIENTED_EDGE('',*,*,#4707,.F.);
#4707 = EDGE_CURVE('',#4708,#3642,#4710,.T.);
#4708 = VERTEX_POINT('',#4709);
#4709 = CARTESIAN_POINT('',(24.,79.3,6.));
#4710 = SURFACE_CURVE('',#4711,(#4714,#4720),.PCURVE_S1.);
#4711 = B_SPLINE_CURVE_WITH_KNOTS('',1,(#4712,#4713),.UNSPECIFIED.,.F.,
  .F.,(2,2),(0.,1.),.PIECEWISE_BEZIER_KNOTS.);
#4712 = CARTESIAN_POINT('',(24.,79.3,6.));
#4713 = CARTESIAN_POINT('',(24.,87.,160.));
#4714 = PCURVE('',#3657,#4715);
#4715 = DEFINITIONAL_REPRESENTATION('',(#4716),#4719);
#4716 = B_SPLINE_CURVE_WITH_KNOTS('',1,(#4717,#4718),.UNSPECIFIED.,.F.,
  .F.,(2,2),(0.,1.),.PIECEWISE_BEZIER_KNOTS.);
#4717 = CARTESIAN_POINT('',(-24.,-154.1923798376));
#4718 = CARTESIAN_POINT('',(-24.,0.));
#4719 = ( GEOMETRIC_REPRESENTATION_CONTEXT(2) 
PARAMETRIC_REPRESENTATION_CONTEXT() REPRESENTATION_CONTEXT('2D SPACE',''
  ) );
#4720 = PCURVE('',#3860,#4721);
#4721 = DEFINITIONAL_REPRESENTATION('',(#4722),#4726);
#4722 = LINE('',#4723,#4724);
#4723 = CARTESIAN_POINT('',(1.570796326795,0.));
#4724 = VECTOR('',#4725,1.);
#4725 = DIRECTION('',(0.,1.));
#4726 = ( GEOMETRIC_REPRESENTATION_CONTEXT(2) 
PARAMETRIC_REPRESENTATION_CONTEXT() REPRESENTATION_CONTEXT('2D SPACE',''
  ) );
#4727 = ORIENTED_EDGE('',*,*,#4728,.F.);
#4728 = EDGE_CURVE('',#4615,#4708,#4729,.T.);
#4729 = SURFACE_CURVE('',#4730,(#4734,#4741),.PCURVE_S1.);
#4730 = LINE('',#4731,#4732);
#4731 = CARTESIAN_POINT('',(0.,79.3,6.));
#4732 = VECTOR('',#4733,1.);
#4733 = DIRECTION('',(1.,0.,0.));
#4734 = PCURVE('',#3657,#4735);
#4735 = DEFINITIONAL_REPRESENTATION('',(#4736),#4740);
#4736 = LINE('',#4737,#4738);
#4737 = CARTESIAN_POINT('',(0.,-154.1923798376));
#4738 = VECTOR('',#4739,1.);
#4739 = DIRECTION('',(-1.,0.));
#4740 = ( GEOMETRIC_REPRESENTATION_CONTEXT(2) 
PARAMETRIC_REPRESENTATION_CONTEXT() REPRESENTATION_CONTEXT('2D SPACE',''
  ) );
#4741 = PCURVE('',#4529,#4742);
#4742 = DEFINITIONAL_REPRESENTATION('',(#4743),#4747);
#4743 = LINE('',#4744,#4745);
#4744 = CARTESIAN_POINT('',(24.,15.));
#4745 = VECTOR('',#4746,1.);
#4746 = DIRECTION('',(1.,0.));
#4747 = ( GEOMETRIC_REPRESENTATION_CONTEXT(2) 
PARAMETRIC_REPRESENTATION_CONTEXT() REPRESENTATION_CONTEXT('2D SPACE',''
  ) );
#4748 = ORIENTED_EDGE('',*,*,#4614,.T.);
#4749 = ORIENTED_EDGE('',*,*,#3641,.T.);
#4750 = ADVANCED_FACE('',(#4751),#3782,.F.);
#4751 = FACE_BOUND('',#4752,.F.);
#4752 = EDGE_LOOP('',(#4753,#4774,#4775,#4776));
#4753 = ORIENTED_EDGE('',*,*,#4754,.T.);
#4754 = EDGE_CURVE('',#4755,#3700,#4757,.T.);
#4755 = VERTEX_POINT('',#4756);
#4756 = CARTESIAN_POINT('',(39.,51.,6.));
#4757 = SURFACE_CURVE('',#4758,(#4761,#4768),.PCURVE_S1.);
#4758 = B_SPLINE_CURVE_WITH_KNOTS('',1,(#4759,#4760),.UNSPECIFIED.,.F.,
  .F.,(2,2),(0.,1.),.PIECEWISE_BEZIER_KNOTS.);
#4759 = CARTESIAN_POINT('',(39.,51.,6.));
#4760 = CARTESIAN_POINT('',(39.,39.,160.));
#4761 = PCURVE('',#3782,#4762);
#4762 = DEFINITIONAL_REPRESENTATION('',(#4763),#4767);
#4763 = LINE('',#4764,#4765);
#4764 = CARTESIAN_POINT('',(6.28318530718,0.));
#4765 = VECTOR('',#4766,1.);
#4766 = DIRECTION('',(0.,1.));
#4767 = ( GEOMETRIC_REPRESENTATION_CONTEXT(2) 
PARAMETRIC_REPRESENTATION_CONTEXT() REPRESENTATION_CONTEXT('2D SPACE',''
  ) );
#4768 = PCURVE('',#3947,#4769);
#4769 = DEFINITIONAL_REPRESENTATION('',(#4770),#4773);
#4770 = B_SPLINE_CURVE_WITH_KNOTS('',1,(#4771,#4772),.UNSPECIFIED.,.F.,
  .F.,(2,2),(0.,1.),.PIECEWISE_BEZIER_KNOTS.);
#4771 = CARTESIAN_POINT('',(-6.676009712241,-76.91236259095));
#4772 = CARTESIAN_POINT('',(-16.47162112957,77.243551979202));
#4773 = ( GEOMETRIC_REPRESENTATION_CONTEXT(2) 
PARAMETRIC_REPRESENTATION_CONTEXT() REPRESENTATION_CONTEXT('2D SPACE',''
  ) );
#4774 = ORIENTED_EDGE('',*,*,#3757,.T.);
#4775 = ORIENTED_EDGE('',*,*,#4660,.F.);
#4776 = ORIENTED_EDGE('',*,*,#4777,.T.);
#4777 = EDGE_CURVE('',#4661,#4755,#4778,.T.);
#4778 = SURFACE_CURVE('',#4779,(#4784,#4791),.PCURVE_S1.);
#4779 = CIRCLE('',#4780,15.);
#4780 = AXIS2_PLACEMENT_3D('',#4781,#4782,#4783);
#4781 = CARTESIAN_POINT('',(24.,51.,6.));
#4782 = DIRECTION('',(0.,0.,1.));
#4783 = DIRECTION('',(1.,0.,-0.));
#4784 = PCURVE('',#3782,#4785);
#4785 = DEFINITIONAL_REPRESENTATION('',(#4786),#4790);
#4786 = LINE('',#4787,#4788);
#4787 = CARTESIAN_POINT('',(0.,0.));
#4788 = VECTOR('',#4789,1.);
#4789 = DIRECTION('',(1.,0.));
#4790 = ( GEOMETRIC_REPRESENTATION_CONTEXT(2) 
PARAMETRIC_REPRESENTATION_CONTEXT() REPRESENTATION_CONTEXT('2D SPACE',''
  ) );
#4791 = PCURVE('',#4529,#4792);
#4792 = DEFINITIONAL_REPRESENTATION('',(#4793),#4797);
#4793 = CIRCLE('',#4794,15.);
#4794 = AXIS2_PLACEMENT_2D('',#4795,#4796);
#4795 = CARTESIAN_POINT('',(48.,-13.3));
#4796 = DIRECTION('',(1.,0.));
#4797 = ( GEOMETRIC_REPRESENTATION_CONTEXT(2) 
PARAMETRIC_REPRESENTATION_CONTEXT() REPRESENTATION_CONTEXT('2D SPACE',''
  ) );
#4798 = ADVANCED_FACE('',(#4799),#3860,.F.);
#4799 = FACE_BOUND('',#4800,.F.);
#4800 = EDGE_LOOP('',(#4801,#4802,#4803,#4824));
#4801 = ORIENTED_EDGE('',*,*,#4707,.T.);
#4802 = ORIENTED_EDGE('',*,*,#3833,.T.);
#4803 = ORIENTED_EDGE('',*,*,#4804,.F.);
#4804 = EDGE_CURVE('',#4805,#3834,#4807,.T.);
#4805 = VERTEX_POINT('',#4806);
#4806 = CARTESIAN_POINT('',(39.,64.3,6.));
#4807 = SURFACE_CURVE('',#4808,(#4811,#4818),.PCURVE_S1.);
#4808 = B_SPLINE_CURVE_WITH_KNOTS('',1,(#4809,#4810),.UNSPECIFIED.,.F.,
  .F.,(2,2),(0.,1.),.PIECEWISE_BEZIER_KNOTS.);
#4809 = CARTESIAN_POINT('',(39.,64.3,6.));
#4810 = CARTESIAN_POINT('',(39.,72.,160.));
#4811 = PCURVE('',#3860,#4812);
#4812 = DEFINITIONAL_REPRESENTATION('',(#4813),#4817);
#4813 = LINE('',#4814,#4815);
#4814 = CARTESIAN_POINT('',(0.,0.));
#4815 = VECTOR('',#4816,1.);
#4816 = DIRECTION('',(0.,1.));
#4817 = ( GEOMETRIC_REPRESENTATION_CONTEXT(2) 
PARAMETRIC_REPRESENTATION_CONTEXT() REPRESENTATION_CONTEXT('2D SPACE',''
  ) );
#4818 = PCURVE('',#3947,#4819);
#4819 = DEFINITIONAL_REPRESENTATION('',(#4820),#4823);
#4820 = B_SPLINE_CURVE_WITH_KNOTS('',1,(#4821,#4822),.UNSPECIFIED.,.F.,
  .F.,(2,2),(0.,1.),.PIECEWISE_BEZIER_KNOTS.);
#4821 = CARTESIAN_POINT('',(6.622629173124,-77.10263554402));
#4822 = CARTESIAN_POINT('',(16.525001668695,76.771446155779));
#4823 = ( GEOMETRIC_REPRESENTATION_CONTEXT(2) 
PARAMETRIC_REPRESENTATION_CONTEXT() REPRESENTATION_CONTEXT('2D SPACE',''
  ) );
#4824 = ORIENTED_EDGE('',*,*,#4825,.T.);
#4825 = EDGE_CURVE('',#4805,#4708,#4826,.T.);
#4826 = SURFACE_CURVE('',#4827,(#4832,#4839),.PCURVE_S1.);
#4827 = CIRCLE('',#4828,15.);
#4828 = AXIS2_PLACEMENT_3D('',#4829,#4830,#4831);
#4829 = CARTESIAN_POINT('',(24.,64.3,6.));
#4830 = DIRECTION('',(0.,0.,1.));
#4831 = DIRECTION('',(1.,0.,-0.));
#4832 = PCURVE('',#3860,#4833);
#4833 = DEFINITIONAL_REPRESENTATION('',(#4834),#4838);
#4834 = LINE('',#4835,#4836);
#4835 = CARTESIAN_POINT('',(0.,0.));
#4836 = VECTOR('',#4837,1.);
#4837 = DIRECTION('',(1.,0.));
#4838 = ( GEOMETRIC_REPRESENTATION_CONTEXT(2) 
PARAMETRIC_REPRESENTATION_CONTEXT() REPRESENTATION_CONTEXT('2D SPACE',''
  ) );
#4839 = PCURVE('',#4529,#4840);
#4840 = DEFINITIONAL_REPRESENTATION('',(#4841),#4845);
#4841 = CIRCLE('',#4842,15.);
#4842 = AXIS2_PLACEMENT_2D('',#4843,#4844);
#4843 = CARTESIAN_POINT('',(48.,0.));
#4844 = DIRECTION('',(1.,0.));
#4845 = ( GEOMETRIC_REPRESENTATION_CONTEXT(2) 
PARAMETRIC_REPRESENTATION_CONTEXT() REPRESENTATION_CONTEXT('2D SPACE',''
  ) );
#4846 = ADVANCED_FACE('',(#4847),#3947,.F.);
#4847 = FACE_BOUND('',#4848,.F.);
#4848 = EDGE_LOOP('',(#4849,#4850,#4871,#4872));
#4849 = ORIENTED_EDGE('',*,*,#4754,.F.);
#4850 = ORIENTED_EDGE('',*,*,#4851,.T.);
#4851 = EDGE_CURVE('',#4755,#4805,#4852,.T.);
#4852 = SURFACE_CURVE('',#4853,(#4857,#4864),.PCURVE_S1.);
#4853 = LINE('',#4854,#4855);
#4854 = CARTESIAN_POINT('',(39.,57.65,6.));
#4855 = VECTOR('',#4856,1.);
#4856 = DIRECTION('',(0.,1.,0.));
#4857 = PCURVE('',#3947,#4858);
#4858 = DEFINITIONAL_REPRESENTATION('',(#4859),#4863);
#4859 = LINE('',#4860,#4861);
#4860 = CARTESIAN_POINT('',(-2.669026955856E-02,-77.00749906749));
#4861 = VECTOR('',#4862,1.);
#4862 = DIRECTION('',(0.999897660554,-1.430623707343E-02));
#4863 = ( GEOMETRIC_REPRESENTATION_CONTEXT(2) 
PARAMETRIC_REPRESENTATION_CONTEXT() REPRESENTATION_CONTEXT('2D SPACE',''
  ) );
#4864 = PCURVE('',#4529,#4865);
#4865 = DEFINITIONAL_REPRESENTATION('',(#4866),#4870);
#4866 = LINE('',#4867,#4868);
#4867 = CARTESIAN_POINT('',(63.,-6.65));
#4868 = VECTOR('',#4869,1.);
#4869 = DIRECTION('',(0.,1.));
#4870 = ( GEOMETRIC_REPRESENTATION_CONTEXT(2) 
PARAMETRIC_REPRESENTATION_CONTEXT() REPRESENTATION_CONTEXT('2D SPACE',''
  ) );
#4871 = ORIENTED_EDGE('',*,*,#4804,.T.);
#4872 = ORIENTED_EDGE('',*,*,#3933,.T.);
#4873 = ADVANCED_FACE('',(#4874),#4395,.F.);
#4874 = FACE_BOUND('',#4875,.F.);
#4875 = EDGE_LOOP('',(#4876,#4899,#4927,#4948));
#4876 = ORIENTED_EDGE('',*,*,#4877,.F.);
#4877 = EDGE_CURVE('',#4878,#4380,#4880,.T.);
#4878 = VERTEX_POINT('',#4879);
#4879 = CARTESIAN_POINT('',(6.25,1.43869914326,149.77992800266));
#4880 = SURFACE_CURVE('',#4881,(#4885,#4892),.PCURVE_S1.);
#4881 = LINE('',#4882,#4883);
#4882 = CARTESIAN_POINT('',(6.25,1.43869914326,149.77992800266));
#4883 = VECTOR('',#4884,1.);
#4884 = DIRECTION('',(0.,-0.961261695938,0.275637355817));
#4885 = PCURVE('',#4395,#4886);
#4886 = DEFINITIONAL_REPRESENTATION('',(#4887),#4891);
#4887 = LINE('',#4888,#4889);
#4888 = CARTESIAN_POINT('',(0.,12.5));
#4889 = VECTOR('',#4890,1.);
#4890 = DIRECTION('',(1.,0.));
#4891 = ( GEOMETRIC_REPRESENTATION_CONTEXT(2) 
PARAMETRIC_REPRESENTATION_CONTEXT() REPRESENTATION_CONTEXT('2D SPACE',''
  ) );
#4892 = PCURVE('',#4477,#4893);
#4893 = DEFINITIONAL_REPRESENTATION('',(#4894),#4898);
#4894 = LINE('',#4895,#4896);
#4895 = CARTESIAN_POINT('',(8.939011099479E-13,-12.5));
#4896 = VECTOR('',#4897,1.);
#4897 = DIRECTION('',(1.,-2.612296107887E-17));
#4898 = ( GEOMETRIC_REPRESENTATION_CONTEXT(2) 
PARAMETRIC_REPRESENTATION_CONTEXT() REPRESENTATION_CONTEXT('2D SPACE',''
  ) );
#4899 = ORIENTED_EDGE('',*,*,#4900,.F.);
#4900 = EDGE_CURVE('',#4901,#4878,#4903,.T.);
#4901 = VERTEX_POINT('',#4902);
#4902 = CARTESIAN_POINT('',(-6.25,1.43869914326,149.77992800266));
#4903 = SURFACE_CURVE('',#4904,(#4908,#4915),.PCURVE_S1.);
#4904 = LINE('',#4905,#4906);
#4905 = CARTESIAN_POINT('',(-6.25,1.43869914326,149.77992800266));
#4906 = VECTOR('',#4907,1.);
#4907 = DIRECTION('',(1.,0.,0.));
#4908 = PCURVE('',#4395,#4909);
#4909 = DEFINITIONAL_REPRESENTATION('',(#4910),#4914);
#4910 = LINE('',#4911,#4912);
#4911 = CARTESIAN_POINT('',(0.,0.));
#4912 = VECTOR('',#4913,1.);
#4913 = DIRECTION('',(0.,1.));
#4914 = ( GEOMETRIC_REPRESENTATION_CONTEXT(2) 
PARAMETRIC_REPRESENTATION_CONTEXT() REPRESENTATION_CONTEXT('2D SPACE',''
  ) );
#4915 = PCURVE('',#4916,#4921);
#4916 = PLANE('',#4917);
#4917 = AXIS2_PLACEMENT_3D('',#4918,#4919,#4920);
#4918 = CARTESIAN_POINT('',(-6.25,-2.006767804453,137.76415680343));
#4919 = DIRECTION('',(0.,-0.961261695938,0.275637355817));
#4920 = DIRECTION('',(1.,0.,0.));
#4921 = DEFINITIONAL_REPRESENTATION('',(#4922),#4926);
#4922 = LINE('',#4923,#4924);
#4923 = CARTESIAN_POINT('',(0.,12.500000000001));
#4924 = VECTOR('',#4925,1.);
#4925 = DIRECTION('',(1.,0.));
#4926 = ( GEOMETRIC_REPRESENTATION_CONTEXT(2) 
PARAMETRIC_REPRESENTATION_CONTEXT() REPRESENTATION_CONTEXT('2D SPACE',''
  ) );
#4927 = ORIENTED_EDGE('',*,*,#4928,.T.);
#4928 = EDGE_CURVE('',#4901,#4378,#4929,.T.);
#4929 = SURFACE_CURVE('',#4930,(#4934,#4941),.PCURVE_S1.);
#4930 = LINE('',#4931,#4932);
#4931 = CARTESIAN_POINT('',(-6.25,1.43869914326,149.77992800266));
#4932 = VECTOR('',#4933,1.);
#4933 = DIRECTION('',(0.,-0.961261695938,0.275637355817));
#4934 = PCURVE('',#4395,#4935);
#4935 = DEFINITIONAL_REPRESENTATION('',(#4936),#4940);
#4936 = LINE('',#4937,#4938);
#4937 = CARTESIAN_POINT('',(0.,0.));
#4938 = VECTOR('',#4939,1.);
#4939 = DIRECTION('',(1.,0.));
#4940 = ( GEOMETRIC_REPRESENTATION_CONTEXT(2) 
PARAMETRIC_REPRESENTATION_CONTEXT() REPRESENTATION_CONTEXT('2D SPACE',''
  ) );
#4941 = PCURVE('',#4423,#4942);
#4942 = DEFINITIONAL_REPRESENTATION('',(#4943),#4947);
#4943 = LINE('',#4944,#4945);
#4944 = CARTESIAN_POINT('',(8.939011099479E-13,-12.5));
#4945 = VECTOR('',#4946,1.);
#4946 = DIRECTION('',(1.,-2.612296107887E-17));
#4947 = ( GEOMETRIC_REPRESENTATION_CONTEXT(2) 
PARAMETRIC_REPRESENTATION_CONTEXT() REPRESENTATION_CONTEXT('2D SPACE',''
  ) );
#4948 = ORIENTED_EDGE('',*,*,#4377,.T.);
#4949 = ADVANCED_FACE('',(#4950),#4477,.F.);
#4950 = FACE_BOUND('',#4951,.F.);
#4951 = EDGE_LOOP('',(#4952,#4975,#4996,#4997));
#4952 = ORIENTED_EDGE('',*,*,#4953,.F.);
#4953 = EDGE_CURVE('',#4954,#4436,#4956,.T.);
#4954 = VERTEX_POINT('',#4955);
#4955 = CARTESIAN_POINT('',(6.25,-2.006767804453,137.76415680343));
#4956 = SURFACE_CURVE('',#4957,(#4961,#4968),.PCURVE_S1.);
#4957 = LINE('',#4958,#4959);
#4958 = CARTESIAN_POINT('',(6.25,-2.006767804453,137.76415680343));
#4959 = VECTOR('',#4960,1.);
#4960 = DIRECTION('',(0.,-0.961261695938,0.275637355817));
#4961 = PCURVE('',#4477,#4962);
#4962 = DEFINITIONAL_REPRESENTATION('',(#4963),#4967);
#4963 = LINE('',#4964,#4965);
#4964 = CARTESIAN_POINT('',(0.,0.));
#4965 = VECTOR('',#4966,1.);
#4966 = DIRECTION('',(1.,-2.612296107887E-17));
#4967 = ( GEOMETRIC_REPRESENTATION_CONTEXT(2) 
PARAMETRIC_REPRESENTATION_CONTEXT() REPRESENTATION_CONTEXT('2D SPACE',''
  ) );
#4968 = PCURVE('',#4451,#4969);
#4969 = DEFINITIONAL_REPRESENTATION('',(#4970),#4974);
#4970 = LINE('',#4971,#4972);
#4971 = CARTESIAN_POINT('',(0.,12.5));
#4972 = VECTOR('',#4973,1.);
#4973 = DIRECTION('',(1.,0.));
#4974 = ( GEOMETRIC_REPRESENTATION_CONTEXT(2) 
PARAMETRIC_REPRESENTATION_CONTEXT() REPRESENTATION_CONTEXT('2D SPACE',''
  ) );
#4975 = ORIENTED_EDGE('',*,*,#4976,.T.);
#4976 = EDGE_CURVE('',#4954,#4878,#4977,.T.);
#4977 = SURFACE_CURVE('',#4978,(#4982,#4989),.PCURVE_S1.);
#4978 = LINE('',#4979,#4980);
#4979 = CARTESIAN_POINT('',(6.25,-2.006767804453,137.76415680343));
#4980 = VECTOR('',#4981,1.);
#4981 = DIRECTION('',(0.,0.275637355817,0.961261695938));
#4982 = PCURVE('',#4477,#4983);
#4983 = DEFINITIONAL_REPRESENTATION('',(#4984),#4988);
#4984 = LINE('',#4985,#4986);
#4985 = CARTESIAN_POINT('',(0.,0.));
#4986 = VECTOR('',#4987,1.);
#4987 = DIRECTION('',(2.612296107887E-17,-1.));
#4988 = ( GEOMETRIC_REPRESENTATION_CONTEXT(2) 
PARAMETRIC_REPRESENTATION_CONTEXT() REPRESENTATION_CONTEXT('2D SPACE',''
  ) );
#4989 = PCURVE('',#4916,#4990);
#4990 = DEFINITIONAL_REPRESENTATION('',(#4991),#4995);
#4991 = LINE('',#4992,#4993);
#4992 = CARTESIAN_POINT('',(12.5,0.));
#4993 = VECTOR('',#4994,1.);
#4994 = DIRECTION('',(0.,1.));
#4995 = ( GEOMETRIC_REPRESENTATION_CONTEXT(2) 
PARAMETRIC_REPRESENTATION_CONTEXT() REPRESENTATION_CONTEXT('2D SPACE',''
  ) );
#4996 = ORIENTED_EDGE('',*,*,#4877,.T.);
#4997 = ORIENTED_EDGE('',*,*,#4463,.T.);
#4998 = ADVANCED_FACE('',(#4999),#4451,.T.);
#4999 = FACE_BOUND('',#5000,.T.);
#5000 = EDGE_LOOP('',(#5001,#5002,#5025,#5046));
#5001 = ORIENTED_EDGE('',*,*,#4953,.F.);
#5002 = ORIENTED_EDGE('',*,*,#5003,.F.);
#5003 = EDGE_CURVE('',#5004,#4954,#5006,.T.);
#5004 = VERTEX_POINT('',#5005);
#5005 = CARTESIAN_POINT('',(-6.25,-2.006767804453,137.76415680343));
#5006 = SURFACE_CURVE('',#5007,(#5011,#5018),.PCURVE_S1.);
#5007 = LINE('',#5008,#5009);
#5008 = CARTESIAN_POINT('',(-6.25,-2.006767804453,137.76415680343));
#5009 = VECTOR('',#5010,1.);
#5010 = DIRECTION('',(1.,0.,0.));
#5011 = PCURVE('',#4451,#5012);
#5012 = DEFINITIONAL_REPRESENTATION('',(#5013),#5017);
#5013 = LINE('',#5014,#5015);
#5014 = CARTESIAN_POINT('',(0.,0.));
#5015 = VECTOR('',#5016,1.);
#5016 = DIRECTION('',(0.,1.));
#5017 = ( GEOMETRIC_REPRESENTATION_CONTEXT(2) 
PARAMETRIC_REPRESENTATION_CONTEXT() REPRESENTATION_CONTEXT('2D SPACE',''
  ) );
#5018 = PCURVE('',#4916,#5019);
#5019 = DEFINITIONAL_REPRESENTATION('',(#5020),#5024);
#5020 = LINE('',#5021,#5022);
#5021 = CARTESIAN_POINT('',(0.,0.));
#5022 = VECTOR('',#5023,1.);
#5023 = DIRECTION('',(1.,0.));
#5024 = ( GEOMETRIC_REPRESENTATION_CONTEXT(2) 
PARAMETRIC_REPRESENTATION_CONTEXT() REPRESENTATION_CONTEXT('2D SPACE',''
  ) );
#5025 = ORIENTED_EDGE('',*,*,#5026,.T.);
#5026 = EDGE_CURVE('',#5004,#4408,#5027,.T.);
#5027 = SURFACE_CURVE('',#5028,(#5032,#5039),.PCURVE_S1.);
#5028 = LINE('',#5029,#5030);
#5029 = CARTESIAN_POINT('',(-6.25,-2.006767804453,137.76415680343));
#5030 = VECTOR('',#5031,1.);
#5031 = DIRECTION('',(0.,-0.961261695938,0.275637355817));
#5032 = PCURVE('',#4451,#5033);
#5033 = DEFINITIONAL_REPRESENTATION('',(#5034),#5038);
#5034 = LINE('',#5035,#5036);
#5035 = CARTESIAN_POINT('',(0.,0.));
#5036 = VECTOR('',#5037,1.);
#5037 = DIRECTION('',(1.,0.));
#5038 = ( GEOMETRIC_REPRESENTATION_CONTEXT(2) 
PARAMETRIC_REPRESENTATION_CONTEXT() REPRESENTATION_CONTEXT('2D SPACE',''
  ) );
#5039 = PCURVE('',#4423,#5040);
#5040 = DEFINITIONAL_REPRESENTATION('',(#5041),#5045);
#5041 = LINE('',#5042,#5043);
#5042 = CARTESIAN_POINT('',(0.,0.));
#5043 = VECTOR('',#5044,1.);
#5044 = DIRECTION('',(1.,-2.612296107887E-17));
#5045 = ( GEOMETRIC_REPRESENTATION_CONTEXT(2) 
PARAMETRIC_REPRESENTATION_CONTEXT() REPRESENTATION_CONTEXT('2D SPACE',''
  ) );
#5046 = ORIENTED_EDGE('',*,*,#4435,.T.);
#5047 = ADVANCED_FACE('',(#5048),#4423,.T.);
#5048 = FACE_BOUND('',#5049,.T.);
#5049 = EDGE_LOOP('',(#5050,#5051,#5072,#5073));
#5050 = ORIENTED_EDGE('',*,*,#5026,.F.);
#5051 = ORIENTED_EDGE('',*,*,#5052,.T.);
#5052 = EDGE_CURVE('',#5004,#4901,#5053,.T.);
#5053 = SURFACE_CURVE('',#5054,(#5058,#5065),.PCURVE_S1.);
#5054 = LINE('',#5055,#5056);
#5055 = CARTESIAN_POINT('',(-6.25,-2.006767804453,137.76415680343));
#5056 = VECTOR('',#5057,1.);
#5057 = DIRECTION('',(0.,0.275637355817,0.961261695938));
#5058 = PCURVE('',#4423,#5059);
#5059 = DEFINITIONAL_REPRESENTATION('',(#5060),#5064);
#5060 = LINE('',#5061,#5062);
#5061 = CARTESIAN_POINT('',(0.,0.));
#5062 = VECTOR('',#5063,1.);
#5063 = DIRECTION('',(2.612296107887E-17,-1.));
#5064 = ( GEOMETRIC_REPRESENTATION_CONTEXT(2) 
PARAMETRIC_REPRESENTATION_CONTEXT() REPRESENTATION_CONTEXT('2D SPACE',''
  ) );
#5065 = PCURVE('',#4916,#5066);
#5066 = DEFINITIONAL_REPRESENTATION('',(#5067),#5071);
#5067 = LINE('',#5068,#5069);
#5068 = CARTESIAN_POINT('',(0.,0.));
#5069 = VECTOR('',#5070,1.);
#5070 = DIRECTION('',(0.,1.));
#5071 = ( GEOMETRIC_REPRESENTATION_CONTEXT(2) 
PARAMETRIC_REPRESENTATION_CONTEXT() REPRESENTATION_CONTEXT('2D SPACE',''
  ) );
#5072 = ORIENTED_EDGE('',*,*,#4928,.T.);
#5073 = ORIENTED_EDGE('',*,*,#4407,.T.);
#5074 = ADVANCED_FACE('',(#5075),#4529,.T.);
#5075 = FACE_BOUND('',#5076,.T.);
#5076 = EDGE_LOOP('',(#5077,#5078,#5079,#5080,#5081,#5082,#5083,#5084));
#5077 = ORIENTED_EDGE('',*,*,#4513,.F.);
#5078 = ORIENTED_EDGE('',*,*,#4587,.T.);
#5079 = ORIENTED_EDGE('',*,*,#4683,.T.);
#5080 = ORIENTED_EDGE('',*,*,#4777,.T.);
#5081 = ORIENTED_EDGE('',*,*,#4851,.T.);
#5082 = ORIENTED_EDGE('',*,*,#4825,.T.);
#5083 = ORIENTED_EDGE('',*,*,#4728,.F.);
#5084 = ORIENTED_EDGE('',*,*,#4635,.T.);
#5085 = ADVANCED_FACE('',(#5086),#4916,.T.);
#5086 = FACE_BOUND('',#5087,.T.);
#5087 = EDGE_LOOP('',(#5088,#5089,#5090,#5091));
#5088 = ORIENTED_EDGE('',*,*,#5052,.F.);
#5089 = ORIENTED_EDGE('',*,*,#5003,.T.);
#5090 = ORIENTED_EDGE('',*,*,#4976,.T.);
#5091 = ORIENTED_EDGE('',*,*,#4900,.F.);
#5092 = ( GEOMETRIC_REPRESENTATION_CONTEXT(3) 
GLOBAL_UNCERTAINTY_ASSIGNED_CONTEXT((#5096)) 
GLOBAL_UNIT_ASSIGNED_CONTEXT((#5093,#5094,#5095)) REPRESENTATION_CONTEXT
('Context #1','3D Context with UNIT and UNCERTAINTY') );
#5093 = ( LENGTH_UNIT() NAMED_UNIT(*) SI_UNIT(.MILLI.,.METRE.) );
#5094 = ( NAMED_UNIT(*) PLANE_ANGLE_UNIT() SI_UNIT($,.RADIAN.) );
#5095 = ( NAMED_UNIT(*) SI_UNIT($,.STERADIAN.) SOLID_ANGLE_UNIT() );
#5096 = UNCERTAINTY_MEASURE_WITH_UNIT(LENGTH_MEASURE(2.E-06),#5093,
  'distance_accuracy_value','confusion accuracy');
#5097 = CONTEXT_DEPENDENT_SHAPE_REPRESENTATION(#5098,#5100);
#5098 = ( REPRESENTATION_RELATIONSHIP('','',#44,#10) 
REPRESENTATION_RELATIONSHIP_WITH_TRANSFORMATION(#5099) 
SHAPE_REPRESENTATION_RELATIONSHIP() );
#5099 = ITEM_DEFINED_TRANSFORMATION('','',#11,#15);
#5100 = PRODUCT_DEFINITION_SHAPE('Placement','Placement of an item',
  #5101);
#5101 = NEXT_ASSEMBLY_USAGE_OCCURRENCE('37','=>[0:1:1:2]','',#5,#39,$);
#5102 = PRODUCT_RELATED_PRODUCT_CATEGORY('part',$,(#41));
#5103 = SHAPE_DEFINITION_REPRESENTATION(#5104,#5110);
#5104 = PRODUCT_DEFINITION_SHAPE('','',#5105);
#5105 = PRODUCT_DEFINITION('design','',#5106,#5109);
#5106 = PRODUCT_DEFINITION_FORMATION('','',#5107);
#5107 = PRODUCT('body','body','',(#5108));
#5108 = PRODUCT_CONTEXT('',#2,'mechanical');
#5109 = PRODUCT_DEFINITION_CONTEXT('part definition',#2,'design');
#5110 = SHAPE_REPRESENTATION('',(#11,#5111),#5115);
#5111 = AXIS2_PLACEMENT_3D('',#5112,#5113,#5114);
#5112 = CARTESIAN_POINT('',(0.,0.,0.));
#5113 = DIRECTION('',(-0.,0.275637355817,0.961261695938));
#5114 = DIRECTION('',(1.,0.,0.));
#5115 = ( GEOMETRIC_REPRESENTATION_CONTEXT(3) 
GLOBAL_UNCERTAINTY_ASSIGNED_CONTEXT((#5119)) 
GLOBAL_UNIT_ASSIGNED_CONTEXT((#5116,#5117,#5118)) REPRESENTATION_CONTEXT
('Context #1','3D Context with UNIT and UNCERTAINTY') );
#5116 = ( LENGTH_UNIT() NAMED_UNIT(*) SI_UNIT(.MILLI.,.METRE.) );
#5117 = ( NAMED_UNIT(*) PLANE_ANGLE_UNIT() SI_UNIT($,.RADIAN.) );
#5118 = ( NAMED_UNIT(*) SI_UNIT($,.STERADIAN.) SOLID_ANGLE_UNIT() );
#5119 = UNCERTAINTY_MEASURE_WITH_UNIT(LENGTH_MEASURE(1.E-07),#5116,
  'distance_accuracy_value','confusion accuracy');
#5120 = CONTEXT_DEPENDENT_SHAPE_REPRESENTATION(#5121,#5123);
#5121 = ( REPRESENTATION_RELATIONSHIP('','',#5110,#10) 
REPRESENTATION_RELATIONSHIP_WITH_TRANSFORMATION(#5122) 
SHAPE_REPRESENTATION_RELATIONSHIP() );
#5122 = ITEM_DEFINED_TRANSFORMATION('','',#11,#19);
#5123 = PRODUCT_DEFINITION_SHAPE('Placement','Placement of an item',
  #5124);
#5124 = NEXT_ASSEMBLY_USAGE_OCCURRENCE('39','=>[0:1:1:3]','',#5,#5105,$
  );
#5125 = PRODUCT_RELATED_PRODUCT_CATEGORY('part',$,(#5107));
#5126 = SHAPE_DEFINITION_REPRESENTATION(#5127,#5133);
#5127 = PRODUCT_DEFINITION_SHAPE('','',#5128);
#5128 = PRODUCT_DEFINITION('design','',#5129,#5132);
#5129 = PRODUCT_DEFINITION_FORMATION('','',#5130);
#5130 = PRODUCT('Recessed_clock_body','Recessed_clock_body','',(#5131));
#5131 = PRODUCT_CONTEXT('',#2,'mechanical');
#5132 = PRODUCT_DEFINITION_CONTEXT('part definition',#2,'design');
#5133 = ADVANCED_BREP_SHAPE_REPRESENTATION('',(#11,#5134),#5988);
#5134 = MANIFOLD_SOLID_BREP('',#5135);
#5135 = CLOSED_SHELL('',(#5136,#5287,#5342,#5418,#5467,#5516,#5543,#5598
    ,#5605,#5660,#5695,#5750,#5785,#5840,#5875,#5929,#5984));
#5136 = ADVANCED_FACE('',(#5137,#5173),#5150,.F.);
#5137 = FACE_BOUND('',#5138,.T.);
#5138 = EDGE_LOOP('',(#5139));
#5139 = ORIENTED_EDGE('',*,*,#5140,.F.);
#5140 = EDGE_CURVE('',#5141,#5141,#5143,.T.);
#5141 = VERTEX_POINT('',#5142);
#5142 = CARTESIAN_POINT('',(113.,0.,0.));
#5143 = SURFACE_CURVE('',#5144,(#5149,#5161),.PCURVE_S1.);
#5144 = CIRCLE('',#5145,113.);
#5145 = AXIS2_PLACEMENT_3D('',#5146,#5147,#5148);
#5146 = CARTESIAN_POINT('',(0.,0.,0.));
#5147 = DIRECTION('',(0.,0.,1.));
#5148 = DIRECTION('',(1.,0.,-0.));
#5149 = PCURVE('',#5150,#5155);
#5150 = PLANE('',#5151);
#5151 = AXIS2_PLACEMENT_3D('',#5152,#5153,#5154);
#5152 = CARTESIAN_POINT('',(0.,0.,0.));
#5153 = DIRECTION('',(0.,0.,1.));
#5154 = DIRECTION('',(1.,0.,-0.));
#5155 = DEFINITIONAL_REPRESENTATION('',(#5156),#5160);
#5156 = CIRCLE('',#5157,113.);
#5157 = AXIS2_PLACEMENT_2D('',#5158,#5159);
#5158 = CARTESIAN_POINT('',(0.,0.));
#5159 = DIRECTION('',(1.,0.));
#5160 = ( GEOMETRIC_REPRESENTATION_CONTEXT(2) 
PARAMETRIC_REPRESENTATION_CONTEXT() REPRESENTATION_CONTEXT('2D SPACE',''
  ) );
#5161 = PCURVE('',#5162,#5167);
#5162 = CONICAL_SURFACE('',#5163,113.,0.785398163397);
#5163 = AXIS2_PLACEMENT_3D('',#5164,#5165,#5166);
#5164 = CARTESIAN_POINT('',(0.,0.,0.));
#5165 = DIRECTION('',(0.,0.,1.));
#5166 = DIRECTION('',(1.,0.,-0.));
#5167 = DEFINITIONAL_REPRESENTATION('',(#5168),#5172);
#5168 = LINE('',#5169,#5170);
#5169 = CARTESIAN_POINT('',(0.,0.));
#5170 = VECTOR('',#5171,1.);
#5171 = DIRECTION('',(1.,0.));
#5172 = ( GEOMETRIC_REPRESENTATION_CONTEXT(2) 
PARAMETRIC_REPRESENTATION_CONTEXT() REPRESENTATION_CONTEXT('2D SPACE',''
  ) );
#5173 = FACE_BOUND('',#5174,.T.);
#5174 = EDGE_LOOP('',(#5175,#5205,#5233,#5261));
#5175 = ORIENTED_EDGE('',*,*,#5176,.F.);
#5176 = EDGE_CURVE('',#5177,#5179,#5181,.T.);
#5177 = VERTEX_POINT('',#5178);
#5178 = CARTESIAN_POINT('',(-6.25,-17.75,0.));
#5179 = VERTEX_POINT('',#5180);
#5180 = CARTESIAN_POINT('',(6.25,-17.75,0.));
#5181 = SURFACE_CURVE('',#5182,(#5186,#5193),.PCURVE_S1.);
#5182 = LINE('',#5183,#5184);
#5183 = CARTESIAN_POINT('',(-3.125,-17.75,0.));
#5184 = VECTOR('',#5185,1.);
#5185 = DIRECTION('',(1.,0.,0.));
#5186 = PCURVE('',#5150,#5187);
#5187 = DEFINITIONAL_REPRESENTATION('',(#5188),#5192);
#5188 = LINE('',#5189,#5190);
#5189 = CARTESIAN_POINT('',(-3.125,-17.75));
#5190 = VECTOR('',#5191,1.);
#5191 = DIRECTION('',(1.,0.));
#5192 = ( GEOMETRIC_REPRESENTATION_CONTEXT(2) 
PARAMETRIC_REPRESENTATION_CONTEXT() REPRESENTATION_CONTEXT('2D SPACE',''
  ) );
#5193 = PCURVE('',#5194,#5199);
#5194 = PLANE('',#5195);
#5195 = AXIS2_PLACEMENT_3D('',#5196,#5197,#5198);
#5196 = CARTESIAN_POINT('',(-6.25,-17.75,-1.));
#5197 = DIRECTION('',(0.,1.,0.));
#5198 = DIRECTION('',(0.,-0.,1.));
#5199 = DEFINITIONAL_REPRESENTATION('',(#5200),#5204);
#5200 = LINE('',#5201,#5202);
#5201 = CARTESIAN_POINT('',(1.,3.125));
#5202 = VECTOR('',#5203,1.);
#5203 = DIRECTION('',(0.,1.));
#5204 = ( GEOMETRIC_REPRESENTATION_CONTEXT(2) 
PARAMETRIC_REPRESENTATION_CONTEXT() REPRESENTATION_CONTEXT('2D SPACE',''
  ) );
#5205 = ORIENTED_EDGE('',*,*,#5206,.T.);
#5206 = EDGE_CURVE('',#5177,#5207,#5209,.T.);
#5207 = VERTEX_POINT('',#5208);
#5208 = CARTESIAN_POINT('',(-6.25,-30.25,0.));
#5209 = SURFACE_CURVE('',#5210,(#5214,#5221),.PCURVE_S1.);
#5210 = LINE('',#5211,#5212);
#5211 = CARTESIAN_POINT('',(-6.25,-15.125,0.));
#5212 = VECTOR('',#5213,1.);
#5213 = DIRECTION('',(0.,-1.,0.));
#5214 = PCURVE('',#5150,#5215);
#5215 = DEFINITIONAL_REPRESENTATION('',(#5216),#5220);
#5216 = LINE('',#5217,#5218);
#5217 = CARTESIAN_POINT('',(-6.25,-15.125));
#5218 = VECTOR('',#5219,1.);
#5219 = DIRECTION('',(0.,-1.));
#5220 = ( GEOMETRIC_REPRESENTATION_CONTEXT(2) 
PARAMETRIC_REPRESENTATION_CONTEXT() REPRESENTATION_CONTEXT('2D SPACE',''
  ) );
#5221 = PCURVE('',#5222,#5227);
#5222 = PLANE('',#5223);
#5223 = AXIS2_PLACEMENT_3D('',#5224,#5225,#5226);
#5224 = CARTESIAN_POINT('',(-6.25,-30.25,-1.));
#5225 = DIRECTION('',(1.,0.,0.));
#5226 = DIRECTION('',(0.,0.,1.));
#5227 = DEFINITIONAL_REPRESENTATION('',(#5228),#5232);
#5228 = LINE('',#5229,#5230);
#5229 = CARTESIAN_POINT('',(1.,-15.125));
#5230 = VECTOR('',#5231,1.);
#5231 = DIRECTION('',(0.,1.));
#5232 = ( GEOMETRIC_REPRESENTATION_CONTEXT(2) 
PARAMETRIC_REPRESENTATION_CONTEXT() REPRESENTATION_CONTEXT('2D SPACE',''
  ) );
#5233 = ORIENTED_EDGE('',*,*,#5234,.T.);
#5234 = EDGE_CURVE('',#5207,#5235,#5237,.T.);
#5235 = VERTEX_POINT('',#5236);
#5236 = CARTESIAN_POINT('',(6.25,-30.25,0.));
#5237 = SURFACE_CURVE('',#5238,(#5242,#5249),.PCURVE_S1.);
#5238 = LINE('',#5239,#5240);
#5239 = CARTESIAN_POINT('',(-3.125,-30.25,0.));
#5240 = VECTOR('',#5241,1.);
#5241 = DIRECTION('',(1.,0.,0.));
#5242 = PCURVE('',#5150,#5243);
#5243 = DEFINITIONAL_REPRESENTATION('',(#5244),#5248);
#5244 = LINE('',#5245,#5246);
#5245 = CARTESIAN_POINT('',(-3.125,-30.25));
#5246 = VECTOR('',#5247,1.);
#5247 = DIRECTION('',(1.,0.));
#5248 = ( GEOMETRIC_REPRESENTATION_CONTEXT(2) 
PARAMETRIC_REPRESENTATION_CONTEXT() REPRESENTATION_CONTEXT('2D SPACE',''
  ) );
#5249 = PCURVE('',#5250,#5255);
#5250 = PLANE('',#5251);
#5251 = AXIS2_PLACEMENT_3D('',#5252,#5253,#5254);
#5252 = CARTESIAN_POINT('',(-6.25,-30.25,-1.));
#5253 = DIRECTION('',(0.,1.,0.));
#5254 = DIRECTION('',(0.,-0.,1.));
#5255 = DEFINITIONAL_REPRESENTATION('',(#5256),#5260);
#5256 = LINE('',#5257,#5258);
#5257 = CARTESIAN_POINT('',(1.,3.125));
#5258 = VECTOR('',#5259,1.);
#5259 = DIRECTION('',(0.,1.));
#5260 = ( GEOMETRIC_REPRESENTATION_CONTEXT(2) 
PARAMETRIC_REPRESENTATION_CONTEXT() REPRESENTATION_CONTEXT('2D SPACE',''
  ) );
#5261 = ORIENTED_EDGE('',*,*,#5262,.F.);
#5262 = EDGE_CURVE('',#5179,#5235,#5263,.T.);
#5263 = SURFACE_CURVE('',#5264,(#5268,#5275),.PCURVE_S1.);
#5264 = LINE('',#5265,#5266);
#5265 = CARTESIAN_POINT('',(6.25,-15.125,0.));
#5266 = VECTOR('',#5267,1.);
#5267 = DIRECTION('',(0.,-1.,0.));
#5268 = PCURVE('',#5150,#5269);
#5269 = DEFINITIONAL_REPRESENTATION('',(#5270),#5274);
#5270 = LINE('',#5271,#5272);
#5271 = CARTESIAN_POINT('',(6.25,-15.125));
#5272 = VECTOR('',#5273,1.);
#5273 = DIRECTION('',(0.,-1.));
#5274 = ( GEOMETRIC_REPRESENTATION_CONTEXT(2) 
PARAMETRIC_REPRESENTATION_CONTEXT() REPRESENTATION_CONTEXT('2D SPACE',''
  ) );
#5275 = PCURVE('',#5276,#5281);
#5276 = PLANE('',#5277);
#5277 = AXIS2_PLACEMENT_3D('',#5278,#5279,#5280);
#5278 = CARTESIAN_POINT('',(6.25,-30.25,-1.));
#5279 = DIRECTION('',(1.,0.,0.));
#5280 = DIRECTION('',(0.,0.,1.));
#5281 = DEFINITIONAL_REPRESENTATION('',(#5282),#5286);
#5282 = LINE('',#5283,#5284);
#5283 = CARTESIAN_POINT('',(1.,-15.125));
#5284 = VECTOR('',#5285,1.);
#5285 = DIRECTION('',(0.,1.));
#5286 = ( GEOMETRIC_REPRESENTATION_CONTEXT(2) 
PARAMETRIC_REPRESENTATION_CONTEXT() REPRESENTATION_CONTEXT('2D SPACE',''
  ) );
#5287 = ADVANCED_FACE('',(#5288),#5162,.T.);
#5288 = FACE_BOUND('',#5289,.T.);
#5289 = EDGE_LOOP('',(#5290,#5291,#5314,#5341));
#5290 = ORIENTED_EDGE('',*,*,#5140,.T.);
#5291 = ORIENTED_EDGE('',*,*,#5292,.T.);
#5292 = EDGE_CURVE('',#5141,#5293,#5295,.T.);
#5293 = VERTEX_POINT('',#5294);
#5294 = CARTESIAN_POINT('',(120.,0.,7.));
#5295 = SEAM_CURVE('',#5296,(#5300,#5307),.PCURVE_S1.);
#5296 = LINE('',#5297,#5298);
#5297 = CARTESIAN_POINT('',(113.,0.,0.));
#5298 = VECTOR('',#5299,1.);
#5299 = DIRECTION('',(0.707106781187,0.,0.707106781187));
#5300 = PCURVE('',#5162,#5301);
#5301 = DEFINITIONAL_REPRESENTATION('',(#5302),#5306);
#5302 = LINE('',#5303,#5304);
#5303 = CARTESIAN_POINT('',(6.28318530718,0.));
#5304 = VECTOR('',#5305,1.);
#5305 = DIRECTION('',(0.,1.));
#5306 = ( GEOMETRIC_REPRESENTATION_CONTEXT(2) 
PARAMETRIC_REPRESENTATION_CONTEXT() REPRESENTATION_CONTEXT('2D SPACE',''
  ) );
#5307 = PCURVE('',#5162,#5308);
#5308 = DEFINITIONAL_REPRESENTATION('',(#5309),#5313);
#5309 = LINE('',#5310,#5311);
#5310 = CARTESIAN_POINT('',(4.138911435803E-13,0.));
#5311 = VECTOR('',#5312,1.);
#5312 = DIRECTION('',(0.,1.));
#5313 = ( GEOMETRIC_REPRESENTATION_CONTEXT(2) 
PARAMETRIC_REPRESENTATION_CONTEXT() REPRESENTATION_CONTEXT('2D SPACE',''
  ) );
#5314 = ORIENTED_EDGE('',*,*,#5315,.F.);
#5315 = EDGE_CURVE('',#5293,#5293,#5316,.T.);
#5316 = SURFACE_CURVE('',#5317,(#5322,#5329),.PCURVE_S1.);
#5317 = CIRCLE('',#5318,120.);
#5318 = AXIS2_PLACEMENT_3D('',#5319,#5320,#5321);
#5319 = CARTESIAN_POINT('',(0.,0.,7.));
#5320 = DIRECTION('',(0.,0.,1.));
#5321 = DIRECTION('',(1.,0.,-0.));
#5322 = PCURVE('',#5162,#5323);
#5323 = DEFINITIONAL_REPRESENTATION('',(#5324),#5328);
#5324 = LINE('',#5325,#5326);
#5325 = CARTESIAN_POINT('',(0.,7.));
#5326 = VECTOR('',#5327,1.);
#5327 = DIRECTION('',(1.,0.));
#5328 = ( GEOMETRIC_REPRESENTATION_CONTEXT(2) 
PARAMETRIC_REPRESENTATION_CONTEXT() REPRESENTATION_CONTEXT('2D SPACE',''
  ) );
#5329 = PCURVE('',#5330,#5335);
#5330 = CYLINDRICAL_SURFACE('',#5331,120.);
#5331 = AXIS2_PLACEMENT_3D('',#5332,#5333,#5334);
#5332 = CARTESIAN_POINT('',(0.,0.,7.));
#5333 = DIRECTION('',(0.,0.,1.));
#5334 = DIRECTION('',(1.,0.,-0.));
#5335 = DEFINITIONAL_REPRESENTATION('',(#5336),#5340);
#5336 = LINE('',#5337,#5338);
#5337 = CARTESIAN_POINT('',(0.,0.));
#5338 = VECTOR('',#5339,1.);
#5339 = DIRECTION('',(1.,0.));
#5340 = ( GEOMETRIC_REPRESENTATION_CONTEXT(2) 
PARAMETRIC_REPRESENTATION_CONTEXT() REPRESENTATION_CONTEXT('2D SPACE',''
  ) );
#5341 = ORIENTED_EDGE('',*,*,#5292,.F.);
#5342 = ADVANCED_FACE('',(#5343),#5194,.F.);
#5343 = FACE_BOUND('',#5344,.F.);
#5344 = EDGE_LOOP('',(#5345,#5368,#5369,#5392));
#5345 = ORIENTED_EDGE('',*,*,#5346,.F.);
#5346 = EDGE_CURVE('',#5179,#5347,#5349,.T.);
#5347 = VERTEX_POINT('',#5348);
#5348 = CARTESIAN_POINT('',(6.25,-17.75,1.2));
#5349 = SURFACE_CURVE('',#5350,(#5354,#5361),.PCURVE_S1.);
#5350 = LINE('',#5351,#5352);
#5351 = CARTESIAN_POINT('',(6.25,-17.75,-1.));
#5352 = VECTOR('',#5353,1.);
#5353 = DIRECTION('',(0.,0.,1.));
#5354 = PCURVE('',#5194,#5355);
#5355 = DEFINITIONAL_REPRESENTATION('',(#5356),#5360);
#5356 = LINE('',#5357,#5358);
#5357 = CARTESIAN_POINT('',(0.,12.5));
#5358 = VECTOR('',#5359,1.);
#5359 = DIRECTION('',(1.,0.));
#5360 = ( GEOMETRIC_REPRESENTATION_CONTEXT(2) 
PARAMETRIC_REPRESENTATION_CONTEXT() REPRESENTATION_CONTEXT('2D SPACE',''
  ) );
#5361 = PCURVE('',#5276,#5362);
#5362 = DEFINITIONAL_REPRESENTATION('',(#5363),#5367);
#5363 = LINE('',#5364,#5365);
#5364 = CARTESIAN_POINT('',(0.,-12.5));
#5365 = VECTOR('',#5366,1.);
#5366 = DIRECTION('',(1.,0.));
#5367 = ( GEOMETRIC_REPRESENTATION_CONTEXT(2) 
PARAMETRIC_REPRESENTATION_CONTEXT() REPRESENTATION_CONTEXT('2D SPACE',''
  ) );
#5368 = ORIENTED_EDGE('',*,*,#5176,.F.);
#5369 = ORIENTED_EDGE('',*,*,#5370,.T.);
#5370 = EDGE_CURVE('',#5177,#5371,#5373,.T.);
#5371 = VERTEX_POINT('',#5372);
#5372 = CARTESIAN_POINT('',(-6.25,-17.75,1.2));
#5373 = SURFACE_CURVE('',#5374,(#5378,#5385),.PCURVE_S1.);
#5374 = LINE('',#5375,#5376);
#5375 = CARTESIAN_POINT('',(-6.25,-17.75,-1.));
#5376 = VECTOR('',#5377,1.);
#5377 = DIRECTION('',(0.,0.,1.));
#5378 = PCURVE('',#5194,#5379);
#5379 = DEFINITIONAL_REPRESENTATION('',(#5380),#5384);
#5380 = LINE('',#5381,#5382);
#5381 = CARTESIAN_POINT('',(0.,0.));
#5382 = VECTOR('',#5383,1.);
#5383 = DIRECTION('',(1.,0.));
#5384 = ( GEOMETRIC_REPRESENTATION_CONTEXT(2) 
PARAMETRIC_REPRESENTATION_CONTEXT() REPRESENTATION_CONTEXT('2D SPACE',''
  ) );
#5385 = PCURVE('',#5222,#5386);
#5386 = DEFINITIONAL_REPRESENTATION('',(#5387),#5391);
#5387 = LINE('',#5388,#5389);
#5388 = CARTESIAN_POINT('',(0.,-12.5));
#5389 = VECTOR('',#5390,1.);
#5390 = DIRECTION('',(1.,0.));
#5391 = ( GEOMETRIC_REPRESENTATION_CONTEXT(2) 
PARAMETRIC_REPRESENTATION_CONTEXT() REPRESENTATION_CONTEXT('2D SPACE',''
  ) );
#5392 = ORIENTED_EDGE('',*,*,#5393,.T.);
#5393 = EDGE_CURVE('',#5371,#5347,#5394,.T.);
#5394 = SURFACE_CURVE('',#5395,(#5399,#5406),.PCURVE_S1.);
#5395 = LINE('',#5396,#5397);
#5396 = CARTESIAN_POINT('',(-6.25,-17.75,1.2));
#5397 = VECTOR('',#5398,1.);
#5398 = DIRECTION('',(1.,0.,0.));
#5399 = PCURVE('',#5194,#5400);
#5400 = DEFINITIONAL_REPRESENTATION('',(#5401),#5405);
#5401 = LINE('',#5402,#5403);
#5402 = CARTESIAN_POINT('',(2.2,0.));
#5403 = VECTOR('',#5404,1.);
#5404 = DIRECTION('',(0.,1.));
#5405 = ( GEOMETRIC_REPRESENTATION_CONTEXT(2) 
PARAMETRIC_REPRESENTATION_CONTEXT() REPRESENTATION_CONTEXT('2D SPACE',''
  ) );
#5406 = PCURVE('',#5407,#5412);
#5407 = PLANE('',#5408);
#5408 = AXIS2_PLACEMENT_3D('',#5409,#5410,#5411);
#5409 = CARTESIAN_POINT('',(-6.25,-30.25,1.2));
#5410 = DIRECTION('',(0.,0.,1.));
#5411 = DIRECTION('',(1.,0.,-0.));
#5412 = DEFINITIONAL_REPRESENTATION('',(#5413),#5417);
#5413 = LINE('',#5414,#5415);
#5414 = CARTESIAN_POINT('',(0.,12.5));
#5415 = VECTOR('',#5416,1.);
#5416 = DIRECTION('',(1.,0.));
#5417 = ( GEOMETRIC_REPRESENTATION_CONTEXT(2) 
PARAMETRIC_REPRESENTATION_CONTEXT() REPRESENTATION_CONTEXT('2D SPACE',''
  ) );
#5418 = ADVANCED_FACE('',(#5419),#5276,.F.);
#5419 = FACE_BOUND('',#5420,.F.);
#5420 = EDGE_LOOP('',(#5421,#5444,#5445,#5446));
#5421 = ORIENTED_EDGE('',*,*,#5422,.F.);
#5422 = EDGE_CURVE('',#5235,#5423,#5425,.T.);
#5423 = VERTEX_POINT('',#5424);
#5424 = CARTESIAN_POINT('',(6.25,-30.25,1.2));
#5425 = SURFACE_CURVE('',#5426,(#5430,#5437),.PCURVE_S1.);
#5426 = LINE('',#5427,#5428);
#5427 = CARTESIAN_POINT('',(6.25,-30.25,-1.));
#5428 = VECTOR('',#5429,1.);
#5429 = DIRECTION('',(0.,0.,1.));
#5430 = PCURVE('',#5276,#5431);
#5431 = DEFINITIONAL_REPRESENTATION('',(#5432),#5436);
#5432 = LINE('',#5433,#5434);
#5433 = CARTESIAN_POINT('',(0.,0.));
#5434 = VECTOR('',#5435,1.);
#5435 = DIRECTION('',(1.,0.));
#5436 = ( GEOMETRIC_REPRESENTATION_CONTEXT(2) 
PARAMETRIC_REPRESENTATION_CONTEXT() REPRESENTATION_CONTEXT('2D SPACE',''
  ) );
#5437 = PCURVE('',#5250,#5438);
#5438 = DEFINITIONAL_REPRESENTATION('',(#5439),#5443);
#5439 = LINE('',#5440,#5441);
#5440 = CARTESIAN_POINT('',(0.,12.5));
#5441 = VECTOR('',#5442,1.);
#5442 = DIRECTION('',(1.,0.));
#5443 = ( GEOMETRIC_REPRESENTATION_CONTEXT(2) 
PARAMETRIC_REPRESENTATION_CONTEXT() REPRESENTATION_CONTEXT('2D SPACE',''
  ) );
#5444 = ORIENTED_EDGE('',*,*,#5262,.F.);
#5445 = ORIENTED_EDGE('',*,*,#5346,.T.);
#5446 = ORIENTED_EDGE('',*,*,#5447,.F.);
#5447 = EDGE_CURVE('',#5423,#5347,#5448,.T.);
#5448 = SURFACE_CURVE('',#5449,(#5453,#5460),.PCURVE_S1.);
#5449 = LINE('',#5450,#5451);
#5450 = CARTESIAN_POINT('',(6.25,-30.25,1.2));
#5451 = VECTOR('',#5452,1.);
#5452 = DIRECTION('',(0.,1.,0.));
#5453 = PCURVE('',#5276,#5454);
#5454 = DEFINITIONAL_REPRESENTATION('',(#5455),#5459);
#5455 = LINE('',#5456,#5457);
#5456 = CARTESIAN_POINT('',(2.2,0.));
#5457 = VECTOR('',#5458,1.);
#5458 = DIRECTION('',(0.,-1.));
#5459 = ( GEOMETRIC_REPRESENTATION_CONTEXT(2) 
PARAMETRIC_REPRESENTATION_CONTEXT() REPRESENTATION_CONTEXT('2D SPACE',''
  ) );
#5460 = PCURVE('',#5407,#5461);
#5461 = DEFINITIONAL_REPRESENTATION('',(#5462),#5466);
#5462 = LINE('',#5463,#5464);
#5463 = CARTESIAN_POINT('',(12.5,0.));
#5464 = VECTOR('',#5465,1.);
#5465 = DIRECTION('',(0.,1.));
#5466 = ( GEOMETRIC_REPRESENTATION_CONTEXT(2) 
PARAMETRIC_REPRESENTATION_CONTEXT() REPRESENTATION_CONTEXT('2D SPACE',''
  ) );
#5467 = ADVANCED_FACE('',(#5468),#5250,.T.);
#5468 = FACE_BOUND('',#5469,.T.);
#5469 = EDGE_LOOP('',(#5470,#5471,#5472,#5495));
#5470 = ORIENTED_EDGE('',*,*,#5422,.F.);
#5471 = ORIENTED_EDGE('',*,*,#5234,.F.);
#5472 = ORIENTED_EDGE('',*,*,#5473,.T.);
#5473 = EDGE_CURVE('',#5207,#5474,#5476,.T.);
#5474 = VERTEX_POINT('',#5475);
#5475 = CARTESIAN_POINT('',(-6.25,-30.25,1.2));
#5476 = SURFACE_CURVE('',#5477,(#5481,#5488),.PCURVE_S1.);
#5477 = LINE('',#5478,#5479);
#5478 = CARTESIAN_POINT('',(-6.25,-30.25,-1.));
#5479 = VECTOR('',#5480,1.);
#5480 = DIRECTION('',(0.,0.,1.));
#5481 = PCURVE('',#5250,#5482);
#5482 = DEFINITIONAL_REPRESENTATION('',(#5483),#5487);
#5483 = LINE('',#5484,#5485);
#5484 = CARTESIAN_POINT('',(0.,0.));
#5485 = VECTOR('',#5486,1.);
#5486 = DIRECTION('',(1.,0.));
#5487 = ( GEOMETRIC_REPRESENTATION_CONTEXT(2) 
PARAMETRIC_REPRESENTATION_CONTEXT() REPRESENTATION_CONTEXT('2D SPACE',''
  ) );
#5488 = PCURVE('',#5222,#5489);
#5489 = DEFINITIONAL_REPRESENTATION('',(#5490),#5494);
#5490 = LINE('',#5491,#5492);
#5491 = CARTESIAN_POINT('',(0.,0.));
#5492 = VECTOR('',#5493,1.);
#5493 = DIRECTION('',(1.,0.));
#5494 = ( GEOMETRIC_REPRESENTATION_CONTEXT(2) 
PARAMETRIC_REPRESENTATION_CONTEXT() REPRESENTATION_CONTEXT('2D SPACE',''
  ) );
#5495 = ORIENTED_EDGE('',*,*,#5496,.T.);
#5496 = EDGE_CURVE('',#5474,#5423,#5497,.T.);
#5497 = SURFACE_CURVE('',#5498,(#5502,#5509),.PCURVE_S1.);
#5498 = LINE('',#5499,#5500);
#5499 = CARTESIAN_POINT('',(-6.25,-30.25,1.2));
#5500 = VECTOR('',#5501,1.);
#5501 = DIRECTION('',(1.,0.,0.));
#5502 = PCURVE('',#5250,#5503);
#5503 = DEFINITIONAL_REPRESENTATION('',(#5504),#5508);
#5504 = LINE('',#5505,#5506);
#5505 = CARTESIAN_POINT('',(2.2,0.));
#5506 = VECTOR('',#5507,1.);
#5507 = DIRECTION('',(0.,1.));
#5508 = ( GEOMETRIC_REPRESENTATION_CONTEXT(2) 
PARAMETRIC_REPRESENTATION_CONTEXT() REPRESENTATION_CONTEXT('2D SPACE',''
  ) );
#5509 = PCURVE('',#5407,#5510);
#5510 = DEFINITIONAL_REPRESENTATION('',(#5511),#5515);
#5511 = LINE('',#5512,#5513);
#5512 = CARTESIAN_POINT('',(0.,0.));
#5513 = VECTOR('',#5514,1.);
#5514 = DIRECTION('',(1.,0.));
#5515 = ( GEOMETRIC_REPRESENTATION_CONTEXT(2) 
PARAMETRIC_REPRESENTATION_CONTEXT() REPRESENTATION_CONTEXT('2D SPACE',''
  ) );
#5516 = ADVANCED_FACE('',(#5517),#5222,.T.);
#5517 = FACE_BOUND('',#5518,.T.);
#5518 = EDGE_LOOP('',(#5519,#5520,#5521,#5522));
#5519 = ORIENTED_EDGE('',*,*,#5473,.F.);
#5520 = ORIENTED_EDGE('',*,*,#5206,.F.);
#5521 = ORIENTED_EDGE('',*,*,#5370,.T.);
#5522 = ORIENTED_EDGE('',*,*,#5523,.F.);
#5523 = EDGE_CURVE('',#5474,#5371,#5524,.T.);
#5524 = SURFACE_CURVE('',#5525,(#5529,#5536),.PCURVE_S1.);
#5525 = LINE('',#5526,#5527);
#5526 = CARTESIAN_POINT('',(-6.25,-30.25,1.2));
#5527 = VECTOR('',#5528,1.);
#5528 = DIRECTION('',(0.,1.,0.));
#5529 = PCURVE('',#5222,#5530);
#5530 = DEFINITIONAL_REPRESENTATION('',(#5531),#5535);
#5531 = LINE('',#5532,#5533);
#5532 = CARTESIAN_POINT('',(2.2,0.));
#5533 = VECTOR('',#5534,1.);
#5534 = DIRECTION('',(0.,-1.));
#5535 = ( GEOMETRIC_REPRESENTATION_CONTEXT(2) 
PARAMETRIC_REPRESENTATION_CONTEXT() REPRESENTATION_CONTEXT('2D SPACE',''
  ) );
#5536 = PCURVE('',#5407,#5537);
#5537 = DEFINITIONAL_REPRESENTATION('',(#5538),#5542);
#5538 = LINE('',#5539,#5540);
#5539 = CARTESIAN_POINT('',(0.,0.));
#5540 = VECTOR('',#5541,1.);
#5541 = DIRECTION('',(0.,1.));
#5542 = ( GEOMETRIC_REPRESENTATION_CONTEXT(2) 
PARAMETRIC_REPRESENTATION_CONTEXT() REPRESENTATION_CONTEXT('2D SPACE',''
  ) );
#5543 = ADVANCED_FACE('',(#5544),#5330,.T.);
#5544 = FACE_BOUND('',#5545,.T.);
#5545 = EDGE_LOOP('',(#5546,#5547,#5570,#5597));
#5546 = ORIENTED_EDGE('',*,*,#5315,.T.);
#5547 = ORIENTED_EDGE('',*,*,#5548,.T.);
#5548 = EDGE_CURVE('',#5293,#5549,#5551,.T.);
#5549 = VERTEX_POINT('',#5550);
#5550 = CARTESIAN_POINT('',(120.,0.,31.));
#5551 = SEAM_CURVE('',#5552,(#5556,#5563),.PCURVE_S1.);
#5552 = LINE('',#5553,#5554);
#5553 = CARTESIAN_POINT('',(120.,0.,7.));
#5554 = VECTOR('',#5555,1.);
#5555 = DIRECTION('',(0.,0.,1.));
#5556 = PCURVE('',#5330,#5557);
#5557 = DEFINITIONAL_REPRESENTATION('',(#5558),#5562);
#5558 = LINE('',#5559,#5560);
#5559 = CARTESIAN_POINT('',(6.28318530718,0.));
#5560 = VECTOR('',#5561,1.);
#5561 = DIRECTION('',(0.,1.));
#5562 = ( GEOMETRIC_REPRESENTATION_CONTEXT(2) 
PARAMETRIC_REPRESENTATION_CONTEXT() REPRESENTATION_CONTEXT('2D SPACE',''
  ) );
#5563 = PCURVE('',#5330,#5564);
#5564 = DEFINITIONAL_REPRESENTATION('',(#5565),#5569);
#5565 = LINE('',#5566,#5567);
#5566 = CARTESIAN_POINT('',(4.138911435803E-13,0.));
#5567 = VECTOR('',#5568,1.);
#5568 = DIRECTION('',(0.,1.));
#5569 = ( GEOMETRIC_REPRESENTATION_CONTEXT(2) 
PARAMETRIC_REPRESENTATION_CONTEXT() REPRESENTATION_CONTEXT('2D SPACE',''
  ) );
#5570 = ORIENTED_EDGE('',*,*,#5571,.F.);
#5571 = EDGE_CURVE('',#5549,#5549,#5572,.T.);
#5572 = SURFACE_CURVE('',#5573,(#5578,#5585),.PCURVE_S1.);
#5573 = CIRCLE('',#5574,120.);
#5574 = AXIS2_PLACEMENT_3D('',#5575,#5576,#5577);
#5575 = CARTESIAN_POINT('',(0.,0.,31.));
#5576 = DIRECTION('',(0.,0.,1.));
#5577 = DIRECTION('',(1.,0.,-0.));
#5578 = PCURVE('',#5330,#5579);
#5579 = DEFINITIONAL_REPRESENTATION('',(#5580),#5584);
#5580 = LINE('',#5581,#5582);
#5581 = CARTESIAN_POINT('',(0.,24.));
#5582 = VECTOR('',#5583,1.);
#5583 = DIRECTION('',(1.,0.));
#5584 = ( GEOMETRIC_REPRESENTATION_CONTEXT(2) 
PARAMETRIC_REPRESENTATION_CONTEXT() REPRESENTATION_CONTEXT('2D SPACE',''
  ) );
#5585 = PCURVE('',#5586,#5591);
#5586 = CONICAL_SURFACE('',#5587,120.,0.785398163397);
#5587 = AXIS2_PLACEMENT_3D('',#5588,#5589,#5590);
#5588 = CARTESIAN_POINT('',(0.,0.,31.));
#5589 = DIRECTION('',(-0.,-0.,-1.));
#5590 = DIRECTION('',(1.,0.,-0.));
#5591 = DEFINITIONAL_REPRESENTATION('',(#5592),#5596);
#5592 = LINE('',#5593,#5594);
#5593 = CARTESIAN_POINT('',(6.28318530718,0.));
#5594 = VECTOR('',#5595,1.);
#5595 = DIRECTION('',(-1.,0.));
#5596 = ( GEOMETRIC_REPRESENTATION_CONTEXT(2) 
PARAMETRIC_REPRESENTATION_CONTEXT() REPRESENTATION_CONTEXT('2D SPACE',''
  ) );
#5597 = ORIENTED_EDGE('',*,*,#5548,.F.);
#5598 = ADVANCED_FACE('',(#5599),#5407,.F.);
#5599 = FACE_BOUND('',#5600,.F.);
#5600 = EDGE_LOOP('',(#5601,#5602,#5603,#5604));
#5601 = ORIENTED_EDGE('',*,*,#5523,.F.);
#5602 = ORIENTED_EDGE('',*,*,#5496,.T.);
#5603 = ORIENTED_EDGE('',*,*,#5447,.T.);
#5604 = ORIENTED_EDGE('',*,*,#5393,.F.);
#5605 = ADVANCED_FACE('',(#5606),#5586,.T.);
#5606 = FACE_BOUND('',#5607,.T.);
#5607 = EDGE_LOOP('',(#5608,#5609,#5632,#5659));
#5608 = ORIENTED_EDGE('',*,*,#5571,.T.);
#5609 = ORIENTED_EDGE('',*,*,#5610,.T.);
#5610 = EDGE_CURVE('',#5549,#5611,#5613,.T.);
#5611 = VERTEX_POINT('',#5612);
#5612 = CARTESIAN_POINT('',(119.,0.,32.));
#5613 = SEAM_CURVE('',#5614,(#5618,#5625),.PCURVE_S1.);
#5614 = LINE('',#5615,#5616);
#5615 = CARTESIAN_POINT('',(120.,0.,31.));
#5616 = VECTOR('',#5617,1.);
#5617 = DIRECTION('',(-0.707106781187,0.,0.707106781187));
#5618 = PCURVE('',#5586,#5619);
#5619 = DEFINITIONAL_REPRESENTATION('',(#5620),#5624);
#5620 = LINE('',#5621,#5622);
#5621 = CARTESIAN_POINT('',(0.,0.));
#5622 = VECTOR('',#5623,1.);
#5623 = DIRECTION('',(-0.,-1.));
#5624 = ( GEOMETRIC_REPRESENTATION_CONTEXT(2) 
PARAMETRIC_REPRESENTATION_CONTEXT() REPRESENTATION_CONTEXT('2D SPACE',''
  ) );
#5625 = PCURVE('',#5586,#5626);
#5626 = DEFINITIONAL_REPRESENTATION('',(#5627),#5631);
#5627 = LINE('',#5628,#5629);
#5628 = CARTESIAN_POINT('',(6.283185307179,0.));
#5629 = VECTOR('',#5630,1.);
#5630 = DIRECTION('',(-0.,-1.));
#5631 = ( GEOMETRIC_REPRESENTATION_CONTEXT(2) 
PARAMETRIC_REPRESENTATION_CONTEXT() REPRESENTATION_CONTEXT('2D SPACE',''
  ) );
#5632 = ORIENTED_EDGE('',*,*,#5633,.F.);
#5633 = EDGE_CURVE('',#5611,#5611,#5634,.T.);
#5634 = SURFACE_CURVE('',#5635,(#5640,#5647),.PCURVE_S1.);
#5635 = CIRCLE('',#5636,119.);
#5636 = AXIS2_PLACEMENT_3D('',#5637,#5638,#5639);
#5637 = CARTESIAN_POINT('',(0.,0.,32.));
#5638 = DIRECTION('',(0.,0.,1.));
#5639 = DIRECTION('',(1.,0.,-0.));
#5640 = PCURVE('',#5586,#5641);
#5641 = DEFINITIONAL_REPRESENTATION('',(#5642),#5646);
#5642 = LINE('',#5643,#5644);
#5643 = CARTESIAN_POINT('',(6.28318530718,-1.));
#5644 = VECTOR('',#5645,1.);
#5645 = DIRECTION('',(-1.,0.));
#5646 = ( GEOMETRIC_REPRESENTATION_CONTEXT(2) 
PARAMETRIC_REPRESENTATION_CONTEXT() REPRESENTATION_CONTEXT('2D SPACE',''
  ) );
#5647 = PCURVE('',#5648,#5653);
#5648 = PLANE('',#5649);
#5649 = AXIS2_PLACEMENT_3D('',#5650,#5651,#5652);
#5650 = CARTESIAN_POINT('',(0.,0.,32.));
#5651 = DIRECTION('',(0.,0.,1.));
#5652 = DIRECTION('',(1.,0.,-0.));
#5653 = DEFINITIONAL_REPRESENTATION('',(#5654),#5658);
#5654 = CIRCLE('',#5655,119.);
#5655 = AXIS2_PLACEMENT_2D('',#5656,#5657);
#5656 = CARTESIAN_POINT('',(0.,0.));
#5657 = DIRECTION('',(1.,0.));
#5658 = ( GEOMETRIC_REPRESENTATION_CONTEXT(2) 
PARAMETRIC_REPRESENTATION_CONTEXT() REPRESENTATION_CONTEXT('2D SPACE',''
  ) );
#5659 = ORIENTED_EDGE('',*,*,#5610,.F.);
#5660 = ADVANCED_FACE('',(#5661,#5664),#5648,.T.);
#5661 = FACE_BOUND('',#5662,.T.);
#5662 = EDGE_LOOP('',(#5663));
#5663 = ORIENTED_EDGE('',*,*,#5633,.T.);
#5664 = FACE_BOUND('',#5665,.T.);
#5665 = EDGE_LOOP('',(#5666));
#5666 = ORIENTED_EDGE('',*,*,#5667,.F.);
#5667 = EDGE_CURVE('',#5668,#5668,#5670,.T.);
#5668 = VERTEX_POINT('',#5669);
#5669 = CARTESIAN_POINT('',(117.3,-2.8730213908E-14,32.));
#5670 = SURFACE_CURVE('',#5671,(#5676,#5683),.PCURVE_S1.);
#5671 = CIRCLE('',#5672,117.3);
#5672 = AXIS2_PLACEMENT_3D('',#5673,#5674,#5675);
#5673 = CARTESIAN_POINT('',(0.,0.,32.));
#5674 = DIRECTION('',(0.,0.,1.));
#5675 = DIRECTION('',(1.,0.,-0.));
#5676 = PCURVE('',#5648,#5677);
#5677 = DEFINITIONAL_REPRESENTATION('',(#5678),#5682);
#5678 = CIRCLE('',#5679,117.3);
#5679 = AXIS2_PLACEMENT_2D('',#5680,#5681);
#5680 = CARTESIAN_POINT('',(0.,0.));
#5681 = DIRECTION('',(1.,0.));
#5682 = ( GEOMETRIC_REPRESENTATION_CONTEXT(2) 
PARAMETRIC_REPRESENTATION_CONTEXT() REPRESENTATION_CONTEXT('2D SPACE',''
  ) );
#5683 = PCURVE('',#5684,#5689);
#5684 = CYLINDRICAL_SURFACE('',#5685,117.3);
#5685 = AXIS2_PLACEMENT_3D('',#5686,#5687,#5688);
#5686 = CARTESIAN_POINT('',(0.,0.,11.3));
#5687 = DIRECTION('',(0.,0.,1.));
#5688 = DIRECTION('',(1.,0.,-0.));
#5689 = DEFINITIONAL_REPRESENTATION('',(#5690),#5694);
#5690 = LINE('',#5691,#5692);
#5691 = CARTESIAN_POINT('',(0.,20.7));
#5692 = VECTOR('',#5693,1.);
#5693 = DIRECTION('',(1.,0.));
#5694 = ( GEOMETRIC_REPRESENTATION_CONTEXT(2) 
PARAMETRIC_REPRESENTATION_CONTEXT() REPRESENTATION_CONTEXT('2D SPACE',''
  ) );
#5695 = ADVANCED_FACE('',(#5696),#5684,.F.);
#5696 = FACE_BOUND('',#5697,.F.);
#5697 = EDGE_LOOP('',(#5698,#5721,#5722,#5723));
#5698 = ORIENTED_EDGE('',*,*,#5699,.T.);
#5699 = EDGE_CURVE('',#5700,#5668,#5702,.T.);
#5700 = VERTEX_POINT('',#5701);
#5701 = CARTESIAN_POINT('',(117.3,0.,25.8));
#5702 = SEAM_CURVE('',#5703,(#5707,#5714),.PCURVE_S1.);
#5703 = LINE('',#5704,#5705);
#5704 = CARTESIAN_POINT('',(117.3,-2.8730213908E-14,11.3));
#5705 = VECTOR('',#5706,1.);
#5706 = DIRECTION('',(0.,0.,1.));
#5707 = PCURVE('',#5684,#5708);
#5708 = DEFINITIONAL_REPRESENTATION('',(#5709),#5713);
#5709 = LINE('',#5710,#5711);
#5710 = CARTESIAN_POINT('',(6.28318530718,0.));
#5711 = VECTOR('',#5712,1.);
#5712 = DIRECTION('',(0.,1.));
#5713 = ( GEOMETRIC_REPRESENTATION_CONTEXT(2) 
PARAMETRIC_REPRESENTATION_CONTEXT() REPRESENTATION_CONTEXT('2D SPACE',''
  ) );
#5714 = PCURVE('',#5684,#5715);
#5715 = DEFINITIONAL_REPRESENTATION('',(#5716),#5720);
#5716 = LINE('',#5717,#5718);
#5717 = CARTESIAN_POINT('',(4.138911435803E-13,0.));
#5718 = VECTOR('',#5719,1.);
#5719 = DIRECTION('',(0.,1.));
#5720 = ( GEOMETRIC_REPRESENTATION_CONTEXT(2) 
PARAMETRIC_REPRESENTATION_CONTEXT() REPRESENTATION_CONTEXT('2D SPACE',''
  ) );
#5721 = ORIENTED_EDGE('',*,*,#5667,.F.);
#5722 = ORIENTED_EDGE('',*,*,#5699,.F.);
#5723 = ORIENTED_EDGE('',*,*,#5724,.T.);
#5724 = EDGE_CURVE('',#5700,#5700,#5725,.T.);
#5725 = SURFACE_CURVE('',#5726,(#5731,#5738),.PCURVE_S1.);
#5726 = CIRCLE('',#5727,117.3);
#5727 = AXIS2_PLACEMENT_3D('',#5728,#5729,#5730);
#5728 = CARTESIAN_POINT('',(0.,0.,25.8));
#5729 = DIRECTION('',(0.,0.,1.));
#5730 = DIRECTION('',(1.,0.,-0.));
#5731 = PCURVE('',#5684,#5732);
#5732 = DEFINITIONAL_REPRESENTATION('',(#5733),#5737);
#5733 = LINE('',#5734,#5735);
#5734 = CARTESIAN_POINT('',(0.,14.5));
#5735 = VECTOR('',#5736,1.);
#5736 = DIRECTION('',(1.,0.));
#5737 = ( GEOMETRIC_REPRESENTATION_CONTEXT(2) 
PARAMETRIC_REPRESENTATION_CONTEXT() REPRESENTATION_CONTEXT('2D SPACE',''
  ) );
#5738 = PCURVE('',#5739,#5744);
#5739 = PLANE('',#5740);
#5740 = AXIS2_PLACEMENT_3D('',#5741,#5742,#5743);
#5741 = CARTESIAN_POINT('',(-2.984353571442E-15,7.1490453011E-15,25.8));
#5742 = DIRECTION('',(0.,0.,1.));
#5743 = DIRECTION('',(1.,0.,-0.));
#5744 = DEFINITIONAL_REPRESENTATION('',(#5745),#5749);
#5745 = CIRCLE('',#5746,117.3);
#5746 = AXIS2_PLACEMENT_2D('',#5747,#5748);
#5747 = CARTESIAN_POINT('',(2.984353571442E-15,-7.1490453011E-15));
#5748 = DIRECTION('',(1.,0.));
#5749 = ( GEOMETRIC_REPRESENTATION_CONTEXT(2) 
PARAMETRIC_REPRESENTATION_CONTEXT() REPRESENTATION_CONTEXT('2D SPACE',''
  ) );
#5750 = ADVANCED_FACE('',(#5751,#5754),#5739,.T.);
#5751 = FACE_BOUND('',#5752,.T.);
#5752 = EDGE_LOOP('',(#5753));
#5753 = ORIENTED_EDGE('',*,*,#5724,.T.);
#5754 = FACE_BOUND('',#5755,.T.);
#5755 = EDGE_LOOP('',(#5756));
#5756 = ORIENTED_EDGE('',*,*,#5757,.F.);
#5757 = EDGE_CURVE('',#5758,#5758,#5760,.T.);
#5758 = VERTEX_POINT('',#5759);
#5759 = CARTESIAN_POINT('',(112.,0.,25.8));
#5760 = SURFACE_CURVE('',#5761,(#5766,#5773),.PCURVE_S1.);
#5761 = CIRCLE('',#5762,112.);
#5762 = AXIS2_PLACEMENT_3D('',#5763,#5764,#5765);
#5763 = CARTESIAN_POINT('',(0.,0.,25.8));
#5764 = DIRECTION('',(0.,0.,1.));
#5765 = DIRECTION('',(1.,0.,-0.));
#5766 = PCURVE('',#5739,#5767);
#5767 = DEFINITIONAL_REPRESENTATION('',(#5768),#5772);
#5768 = CIRCLE('',#5769,112.);
#5769 = AXIS2_PLACEMENT_2D('',#5770,#5771);
#5770 = CARTESIAN_POINT('',(2.984353571442E-15,-7.1490453011E-15));
#5771 = DIRECTION('',(1.,0.));
#5772 = ( GEOMETRIC_REPRESENTATION_CONTEXT(2) 
PARAMETRIC_REPRESENTATION_CONTEXT() REPRESENTATION_CONTEXT('2D SPACE',''
  ) );
#5773 = PCURVE('',#5774,#5779);
#5774 = CYLINDRICAL_SURFACE('',#5775,112.);
#5775 = AXIS2_PLACEMENT_3D('',#5776,#5777,#5778);
#5776 = CARTESIAN_POINT('',(0.,0.,23.));
#5777 = DIRECTION('',(-0.,-0.,-1.));
#5778 = DIRECTION('',(1.,0.,0.));
#5779 = DEFINITIONAL_REPRESENTATION('',(#5780),#5784);
#5780 = LINE('',#5781,#5782);
#5781 = CARTESIAN_POINT('',(6.28318530718,-2.8));
#5782 = VECTOR('',#5783,1.);
#5783 = DIRECTION('',(-1.,0.));
#5784 = ( GEOMETRIC_REPRESENTATION_CONTEXT(2) 
PARAMETRIC_REPRESENTATION_CONTEXT() REPRESENTATION_CONTEXT('2D SPACE',''
  ) );
#5785 = ADVANCED_FACE('',(#5786),#5774,.F.);
#5786 = FACE_BOUND('',#5787,.F.);
#5787 = EDGE_LOOP('',(#5788,#5817,#5838,#5839));
#5788 = ORIENTED_EDGE('',*,*,#5789,.T.);
#5789 = EDGE_CURVE('',#5790,#5790,#5792,.T.);
#5790 = VERTEX_POINT('',#5791);
#5791 = CARTESIAN_POINT('',(112.,0.,23.));
#5792 = SURFACE_CURVE('',#5793,(#5798,#5805),.PCURVE_S1.);
#5793 = CIRCLE('',#5794,112.);
#5794 = AXIS2_PLACEMENT_3D('',#5795,#5796,#5797);
#5795 = CARTESIAN_POINT('',(0.,0.,23.));
#5796 = DIRECTION('',(0.,0.,1.));
#5797 = DIRECTION('',(1.,0.,-0.));
#5798 = PCURVE('',#5774,#5799);
#5799 = DEFINITIONAL_REPRESENTATION('',(#5800),#5804);
#5800 = LINE('',#5801,#5802);
#5801 = CARTESIAN_POINT('',(6.28318530718,0.));
#5802 = VECTOR('',#5803,1.);
#5803 = DIRECTION('',(-1.,0.));
#5804 = ( GEOMETRIC_REPRESENTATION_CONTEXT(2) 
PARAMETRIC_REPRESENTATION_CONTEXT() REPRESENTATION_CONTEXT('2D SPACE',''
  ) );
#5805 = PCURVE('',#5806,#5811);
#5806 = PLANE('',#5807);
#5807 = AXIS2_PLACEMENT_3D('',#5808,#5809,#5810);
#5808 = CARTESIAN_POINT('',(-2.984353571442E-15,7.1490453011E-15,23.));
#5809 = DIRECTION('',(0.,0.,1.));
#5810 = DIRECTION('',(1.,0.,-0.));
#5811 = DEFINITIONAL_REPRESENTATION('',(#5812),#5816);
#5812 = CIRCLE('',#5813,112.);
#5813 = AXIS2_PLACEMENT_2D('',#5814,#5815);
#5814 = CARTESIAN_POINT('',(2.984353571442E-15,-7.1490453011E-15));
#5815 = DIRECTION('',(1.,0.));
#5816 = ( GEOMETRIC_REPRESENTATION_CONTEXT(2) 
PARAMETRIC_REPRESENTATION_CONTEXT() REPRESENTATION_CONTEXT('2D SPACE',''
  ) );
#5817 = ORIENTED_EDGE('',*,*,#5818,.T.);
#5818 = EDGE_CURVE('',#5790,#5758,#5819,.T.);
#5819 = SEAM_CURVE('',#5820,(#5824,#5831),.PCURVE_S1.);
#5820 = LINE('',#5821,#5822);
#5821 = CARTESIAN_POINT('',(112.,0.,23.));
#5822 = VECTOR('',#5823,1.);
#5823 = DIRECTION('',(0.,0.,1.));
#5824 = PCURVE('',#5774,#5825);
#5825 = DEFINITIONAL_REPRESENTATION('',(#5826),#5830);
#5826 = LINE('',#5827,#5828);
#5827 = CARTESIAN_POINT('',(-4.138911435803E-13,0.));
#5828 = VECTOR('',#5829,1.);
#5829 = DIRECTION('',(-0.,-1.));
#5830 = ( GEOMETRIC_REPRESENTATION_CONTEXT(2) 
PARAMETRIC_REPRESENTATION_CONTEXT() REPRESENTATION_CONTEXT('2D SPACE',''
  ) );
#5831 = PCURVE('',#5774,#5832);
#5832 = DEFINITIONAL_REPRESENTATION('',(#5833),#5837);
#5833 = LINE('',#5834,#5835);
#5834 = CARTESIAN_POINT('',(6.28318530718,0.));
#5835 = VECTOR('',#5836,1.);
#5836 = DIRECTION('',(-0.,-1.));
#5837 = ( GEOMETRIC_REPRESENTATION_CONTEXT(2) 
PARAMETRIC_REPRESENTATION_CONTEXT() REPRESENTATION_CONTEXT('2D SPACE',''
  ) );
#5838 = ORIENTED_EDGE('',*,*,#5757,.F.);
#5839 = ORIENTED_EDGE('',*,*,#5818,.F.);
#5840 = ADVANCED_FACE('',(#5841,#5872),#5806,.F.);
#5841 = FACE_BOUND('',#5842,.F.);
#5842 = EDGE_LOOP('',(#5843));
#5843 = ORIENTED_EDGE('',*,*,#5844,.T.);
#5844 = EDGE_CURVE('',#5845,#5845,#5847,.T.);
#5845 = VERTEX_POINT('',#5846);
#5846 = CARTESIAN_POINT('',(117.3,0.,23.));
#5847 = SURFACE_CURVE('',#5848,(#5853,#5860),.PCURVE_S1.);
#5848 = CIRCLE('',#5849,117.3);
#5849 = AXIS2_PLACEMENT_3D('',#5850,#5851,#5852);
#5850 = CARTESIAN_POINT('',(0.,0.,23.));
#5851 = DIRECTION('',(0.,0.,1.));
#5852 = DIRECTION('',(1.,0.,-0.));
#5853 = PCURVE('',#5806,#5854);
#5854 = DEFINITIONAL_REPRESENTATION('',(#5855),#5859);
#5855 = CIRCLE('',#5856,117.3);
#5856 = AXIS2_PLACEMENT_2D('',#5857,#5858);
#5857 = CARTESIAN_POINT('',(2.984353571442E-15,-7.1490453011E-15));
#5858 = DIRECTION('',(1.,0.));
#5859 = ( GEOMETRIC_REPRESENTATION_CONTEXT(2) 
PARAMETRIC_REPRESENTATION_CONTEXT() REPRESENTATION_CONTEXT('2D SPACE',''
  ) );
#5860 = PCURVE('',#5861,#5866);
#5861 = CYLINDRICAL_SURFACE('',#5862,117.3);
#5862 = AXIS2_PLACEMENT_3D('',#5863,#5864,#5865);
#5863 = CARTESIAN_POINT('',(0.,0.,11.3));
#5864 = DIRECTION('',(0.,0.,1.));
#5865 = DIRECTION('',(1.,0.,-0.));
#5866 = DEFINITIONAL_REPRESENTATION('',(#5867),#5871);
#5867 = LINE('',#5868,#5869);
#5868 = CARTESIAN_POINT('',(0.,11.7));
#5869 = VECTOR('',#5870,1.);
#5870 = DIRECTION('',(1.,0.));
#5871 = ( GEOMETRIC_REPRESENTATION_CONTEXT(2) 
PARAMETRIC_REPRESENTATION_CONTEXT() REPRESENTATION_CONTEXT('2D SPACE',''
  ) );
#5872 = FACE_BOUND('',#5873,.F.);
#5873 = EDGE_LOOP('',(#5874));
#5874 = ORIENTED_EDGE('',*,*,#5789,.F.);
#5875 = ADVANCED_FACE('',(#5876),#5861,.F.);
#5876 = FACE_BOUND('',#5877,.F.);
#5877 = EDGE_LOOP('',(#5878,#5879,#5902,#5928));
#5878 = ORIENTED_EDGE('',*,*,#5844,.F.);
#5879 = ORIENTED_EDGE('',*,*,#5880,.F.);
#5880 = EDGE_CURVE('',#5881,#5845,#5883,.T.);
#5881 = VERTEX_POINT('',#5882);
#5882 = CARTESIAN_POINT('',(117.3,-2.8730213908E-14,11.3));
#5883 = SEAM_CURVE('',#5884,(#5888,#5895),.PCURVE_S1.);
#5884 = LINE('',#5885,#5886);
#5885 = CARTESIAN_POINT('',(117.3,-2.8730213908E-14,11.3));
#5886 = VECTOR('',#5887,1.);
#5887 = DIRECTION('',(0.,0.,1.));
#5888 = PCURVE('',#5861,#5889);
#5889 = DEFINITIONAL_REPRESENTATION('',(#5890),#5894);
#5890 = LINE('',#5891,#5892);
#5891 = CARTESIAN_POINT('',(0.,-0.));
#5892 = VECTOR('',#5893,1.);
#5893 = DIRECTION('',(0.,1.));
#5894 = ( GEOMETRIC_REPRESENTATION_CONTEXT(2) 
PARAMETRIC_REPRESENTATION_CONTEXT() REPRESENTATION_CONTEXT('2D SPACE',''
  ) );
#5895 = PCURVE('',#5861,#5896);
#5896 = DEFINITIONAL_REPRESENTATION('',(#5897),#5901);
#5897 = LINE('',#5898,#5899);
#5898 = CARTESIAN_POINT('',(6.28318530718,-0.));
#5899 = VECTOR('',#5900,1.);
#5900 = DIRECTION('',(0.,1.));
#5901 = ( GEOMETRIC_REPRESENTATION_CONTEXT(2) 
PARAMETRIC_REPRESENTATION_CONTEXT() REPRESENTATION_CONTEXT('2D SPACE',''
  ) );
#5902 = ORIENTED_EDGE('',*,*,#5903,.T.);
#5903 = EDGE_CURVE('',#5881,#5881,#5904,.T.);
#5904 = SURFACE_CURVE('',#5905,(#5910,#5916),.PCURVE_S1.);
#5905 = CIRCLE('',#5906,117.3);
#5906 = AXIS2_PLACEMENT_3D('',#5907,#5908,#5909);
#5907 = CARTESIAN_POINT('',(0.,0.,11.3));
#5908 = DIRECTION('',(0.,0.,1.));
#5909 = DIRECTION('',(1.,0.,-0.));
#5910 = PCURVE('',#5861,#5911);
#5911 = DEFINITIONAL_REPRESENTATION('',(#5912),#5915);
#5912 = B_SPLINE_CURVE_WITH_KNOTS('',1,(#5913,#5914),.UNSPECIFIED.,.F.,
  .F.,(2,2),(0.,6.28318530718),.PIECEWISE_BEZIER_KNOTS.);
#5913 = CARTESIAN_POINT('',(0.,0.));
#5914 = CARTESIAN_POINT('',(6.28318530718,0.));
#5915 = ( GEOMETRIC_REPRESENTATION_CONTEXT(2) 
PARAMETRIC_REPRESENTATION_CONTEXT() REPRESENTATION_CONTEXT('2D SPACE',''
  ) );
#5916 = PCURVE('',#5917,#5922);
#5917 = CONICAL_SURFACE('',#5918,109.5,0.785398163397);
#5918 = AXIS2_PLACEMENT_3D('',#5919,#5920,#5921);
#5919 = CARTESIAN_POINT('',(0.,0.,3.5));
#5920 = DIRECTION('',(0.,0.,1.));
#5921 = DIRECTION('',(1.,0.,-0.));
#5922 = DEFINITIONAL_REPRESENTATION('',(#5923),#5927);
#5923 = LINE('',#5924,#5925);
#5924 = CARTESIAN_POINT('',(0.,7.8));
#5925 = VECTOR('',#5926,1.);
#5926 = DIRECTION('',(1.,0.));
#5927 = ( GEOMETRIC_REPRESENTATION_CONTEXT(2) 
PARAMETRIC_REPRESENTATION_CONTEXT() REPRESENTATION_CONTEXT('2D SPACE',''
  ) );
#5928 = ORIENTED_EDGE('',*,*,#5880,.T.);
#5929 = ADVANCED_FACE('',(#5930),#5917,.F.);
#5930 = FACE_BOUND('',#5931,.F.);
#5931 = EDGE_LOOP('',(#5932,#5933,#5956,#5983));
#5932 = ORIENTED_EDGE('',*,*,#5903,.F.);
#5933 = ORIENTED_EDGE('',*,*,#5934,.F.);
#5934 = EDGE_CURVE('',#5935,#5881,#5937,.T.);
#5935 = VERTEX_POINT('',#5936);
#5936 = CARTESIAN_POINT('',(109.5,-2.681976490133E-14,3.5));
#5937 = SEAM_CURVE('',#5938,(#5942,#5949),.PCURVE_S1.);
#5938 = LINE('',#5939,#5940);
#5939 = CARTESIAN_POINT('',(109.5,-2.681976490133E-14,3.5));
#5940 = VECTOR('',#5941,1.);
#5941 = DIRECTION('',(0.707106781187,-1.73191211247E-16,0.707106781187)
  );
#5942 = PCURVE('',#5917,#5943);
#5943 = DEFINITIONAL_REPRESENTATION('',(#5944),#5948);
#5944 = LINE('',#5945,#5946);
#5945 = CARTESIAN_POINT('',(0.,-0.));
#5946 = VECTOR('',#5947,1.);
#5947 = DIRECTION('',(0.,1.));
#5948 = ( GEOMETRIC_REPRESENTATION_CONTEXT(2) 
PARAMETRIC_REPRESENTATION_CONTEXT() REPRESENTATION_CONTEXT('2D SPACE',''
  ) );
#5949 = PCURVE('',#5917,#5950);
#5950 = DEFINITIONAL_REPRESENTATION('',(#5951),#5955);
#5951 = LINE('',#5952,#5953);
#5952 = CARTESIAN_POINT('',(6.28318530718,-0.));
#5953 = VECTOR('',#5954,1.);
#5954 = DIRECTION('',(0.,1.));
#5955 = ( GEOMETRIC_REPRESENTATION_CONTEXT(2) 
PARAMETRIC_REPRESENTATION_CONTEXT() REPRESENTATION_CONTEXT('2D SPACE',''
  ) );
#5956 = ORIENTED_EDGE('',*,*,#5957,.T.);
#5957 = EDGE_CURVE('',#5935,#5935,#5958,.T.);
#5958 = SURFACE_CURVE('',#5959,(#5964,#5971),.PCURVE_S1.);
#5959 = CIRCLE('',#5960,109.5);
#5960 = AXIS2_PLACEMENT_3D('',#5961,#5962,#5963);
#5961 = CARTESIAN_POINT('',(0.,0.,3.5));
#5962 = DIRECTION('',(0.,0.,1.));
#5963 = DIRECTION('',(1.,0.,-0.));
#5964 = PCURVE('',#5917,#5965);
#5965 = DEFINITIONAL_REPRESENTATION('',(#5966),#5970);
#5966 = LINE('',#5967,#5968);
#5967 = CARTESIAN_POINT('',(0.,0.));
#5968 = VECTOR('',#5969,1.);
#5969 = DIRECTION('',(1.,0.));
#5970 = ( GEOMETRIC_REPRESENTATION_CONTEXT(2) 
PARAMETRIC_REPRESENTATION_CONTEXT() REPRESENTATION_CONTEXT('2D SPACE',''
  ) );
#5971 = PCURVE('',#5972,#5977);
#5972 = PLANE('',#5973);
#5973 = AXIS2_PLACEMENT_3D('',#5974,#5975,#5976);
#5974 = CARTESIAN_POINT('',(0.,0.,3.5));
#5975 = DIRECTION('',(0.,0.,1.));
#5976 = DIRECTION('',(1.,0.,-0.));
#5977 = DEFINITIONAL_REPRESENTATION('',(#5978),#5982);
#5978 = CIRCLE('',#5979,109.5);
#5979 = AXIS2_PLACEMENT_2D('',#5980,#5981);
#5980 = CARTESIAN_POINT('',(0.,0.));
#5981 = DIRECTION('',(1.,0.));
#5982 = ( GEOMETRIC_REPRESENTATION_CONTEXT(2) 
PARAMETRIC_REPRESENTATION_CONTEXT() REPRESENTATION_CONTEXT('2D SPACE',''
  ) );
#5983 = ORIENTED_EDGE('',*,*,#5934,.T.);
#5984 = ADVANCED_FACE('',(#5985),#5972,.T.);
#5985 = FACE_BOUND('',#5986,.F.);
#5986 = EDGE_LOOP('',(#5987));
#5987 = ORIENTED_EDGE('',*,*,#5957,.F.);
#5988 = ( GEOMETRIC_REPRESENTATION_CONTEXT(3) 
GLOBAL_UNCERTAINTY_ASSIGNED_CONTEXT((#5992)) 
GLOBAL_UNIT_ASSIGNED_CONTEXT((#5989,#5990,#5991)) REPRESENTATION_CONTEXT
('Context #1','3D Context with UNIT and UNCERTAINTY') );
#5989 = ( LENGTH_UNIT() NAMED_UNIT(*) SI_UNIT(.MILLI.,.METRE.) );
#5990 = ( NAMED_UNIT(*) PLANE_ANGLE_UNIT() SI_UNIT($,.RADIAN.) );
#5991 = ( NAMED_UNIT(*) SI_UNIT($,.STERADIAN.) SOLID_ANGLE_UNIT() );
#5992 = UNCERTAINTY_MEASURE_WITH_UNIT(LENGTH_MEASURE(1.E-07),#5989,
  'distance_accuracy_value','confusion accuracy');
#5993 = CONTEXT_DEPENDENT_SHAPE_REPRESENTATION(#5994,#5996);
#5994 = ( REPRESENTATION_RELATIONSHIP('','',#5133,#5110) 
REPRESENTATION_RELATIONSHIP_WITH_TRANSFORMATION(#5995) 
SHAPE_REPRESENTATION_RELATIONSHIP() );
#5995 = ITEM_DEFINED_TRANSFORMATION('','',#11,#5111);
#5996 = PRODUCT_DEFINITION_SHAPE('Placement','Placement of an item',
  #5997);
#5997 = NEXT_ASSEMBLY_USAGE_OCCURRENCE('38','=>[0:1:1:4]','',#5105,#5128
  ,$);
#5998 = PRODUCT_RELATED_PRODUCT_CATEGORY('part',$,(#5130));
#5999 = SHAPE_DEFINITION_REPRESENTATION(#6000,#6006);
#6000 = PRODUCT_DEFINITION_SHAPE('','',#6001);
#6001 = PRODUCT_DEFINITION('design','',#6002,#6005);
#6002 = PRODUCT_DEFINITION_FORMATION('','',#6003);
#6003 = PRODUCT('dial','dial','',(#6004));
#6004 = PRODUCT_CONTEXT('',#2,'mechanical');
#6005 = PRODUCT_DEFINITION_CONTEXT('part definition',#2,'design');
#6006 = SHAPE_REPRESENTATION('',(#11,#6007),#6011);
#6007 = AXIS2_PLACEMENT_3D('',#6008,#6009,#6010);
#6008 = CARTESIAN_POINT('',(0.,-32.69884100832,175.16657125124));
#6009 = DIRECTION('',(0.,-0.961261695938,0.275637355817));
#6010 = DIRECTION('',(1.,0.,0.));
#6011 = ( GEOMETRIC_REPRESENTATION_CONTEXT(3) 
GLOBAL_UNCERTAINTY_ASSIGNED_CONTEXT((#6015)) 
GLOBAL_UNIT_ASSIGNED_CONTEXT((#6012,#6013,#6014)) REPRESENTATION_CONTEXT
('Context #1','3D Context with UNIT and UNCERTAINTY') );
#6012 = ( LENGTH_UNIT() NAMED_UNIT(*) SI_UNIT(.MILLI.,.METRE.) );
#6013 = ( NAMED_UNIT(*) PLANE_ANGLE_UNIT() SI_UNIT($,.RADIAN.) );
#6014 = ( NAMED_UNIT(*) SI_UNIT($,.STERADIAN.) SOLID_ANGLE_UNIT() );
#6015 = UNCERTAINTY_MEASURE_WITH_UNIT(LENGTH_MEASURE(1.E-07),#6012,
  'distance_accuracy_value','confusion accuracy');
#6016 = CONTEXT_DEPENDENT_SHAPE_REPRESENTATION(#6017,#6019);
#6017 = ( REPRESENTATION_RELATIONSHIP('','',#6006,#10) 
REPRESENTATION_RELATIONSHIP_WITH_TRANSFORMATION(#6018) 
SHAPE_REPRESENTATION_RELATIONSHIP() );
#6018 = ITEM_DEFINED_TRANSFORMATION('','',#11,#23);
#6019 = PRODUCT_DEFINITION_SHAPE('Placement','Placement of an item',
  #6020);
#6020 = NEXT_ASSEMBLY_USAGE_OCCURRENCE('41','=>[0:1:1:5]','',#5,#6001,$
  );
#6021 = PRODUCT_RELATED_PRODUCT_CATEGORY('part',$,(#6003));
#6022 = SHAPE_DEFINITION_REPRESENTATION(#6023,#6029);
#6023 = PRODUCT_DEFINITION_SHAPE('','',#6024);
#6024 = PRODUCT_DEFINITION('design','',#6025,#6028);
#6025 = PRODUCT_DEFINITION_FORMATION('','',#6026);
#6026 = PRODUCT('Nested_dial','Nested_dial','',(#6027));
#6027 = PRODUCT_CONTEXT('',#2,'mechanical');
#6028 = PRODUCT_DEFINITION_CONTEXT('part definition',#2,'design');
#6029 = ADVANCED_BREP_SHAPE_REPRESENTATION('',(#11,#6030),#6268);
#6030 = MANIFOLD_SOLID_BREP('',#6031);
#6031 = CLOSED_SHELL('',(#6032,#6120,#6176,#6211,#6261));
#6032 = ADVANCED_FACE('',(#6033),#6046,.T.);
#6033 = FACE_BOUND('',#6034,.T.);
#6034 = EDGE_LOOP('',(#6035,#6069,#6092,#6119));
#6035 = ORIENTED_EDGE('',*,*,#6036,.T.);
#6036 = EDGE_CURVE('',#6037,#6037,#6039,.T.);
#6037 = VERTEX_POINT('',#6038);
#6038 = CARTESIAN_POINT('',(117.,0.,0.));
#6039 = SURFACE_CURVE('',#6040,(#6045,#6057),.PCURVE_S1.);
#6040 = CIRCLE('',#6041,117.);
#6041 = AXIS2_PLACEMENT_3D('',#6042,#6043,#6044);
#6042 = CARTESIAN_POINT('',(0.,0.,0.));
#6043 = DIRECTION('',(0.,0.,1.));
#6044 = DIRECTION('',(1.,0.,-0.));
#6045 = PCURVE('',#6046,#6051);
#6046 = CYLINDRICAL_SURFACE('',#6047,117.);
#6047 = AXIS2_PLACEMENT_3D('',#6048,#6049,#6050);
#6048 = CARTESIAN_POINT('',(0.,0.,0.));
#6049 = DIRECTION('',(0.,0.,1.));
#6050 = DIRECTION('',(1.,0.,-0.));
#6051 = DEFINITIONAL_REPRESENTATION('',(#6052),#6056);
#6052 = LINE('',#6053,#6054);
#6053 = CARTESIAN_POINT('',(0.,0.));
#6054 = VECTOR('',#6055,1.);
#6055 = DIRECTION('',(1.,0.));
#6056 = ( GEOMETRIC_REPRESENTATION_CONTEXT(2) 
PARAMETRIC_REPRESENTATION_CONTEXT() REPRESENTATION_CONTEXT('2D SPACE',''
  ) );
#6057 = PCURVE('',#6058,#6063);
#6058 = PLANE('',#6059);
#6059 = AXIS2_PLACEMENT_3D('',#6060,#6061,#6062);
#6060 = CARTESIAN_POINT('',(0.,0.,0.));
#6061 = DIRECTION('',(0.,0.,1.));
#6062 = DIRECTION('',(1.,0.,-0.));
#6063 = DEFINITIONAL_REPRESENTATION('',(#6064),#6068);
#6064 = CIRCLE('',#6065,117.);
#6065 = AXIS2_PLACEMENT_2D('',#6066,#6067);
#6066 = CARTESIAN_POINT('',(0.,0.));
#6067 = DIRECTION('',(1.,0.));
#6068 = ( GEOMETRIC_REPRESENTATION_CONTEXT(2) 
PARAMETRIC_REPRESENTATION_CONTEXT() REPRESENTATION_CONTEXT('2D SPACE',''
  ) );
#6069 = ORIENTED_EDGE('',*,*,#6070,.T.);
#6070 = EDGE_CURVE('',#6037,#6071,#6073,.T.);
#6071 = VERTEX_POINT('',#6072);
#6072 = CARTESIAN_POINT('',(117.,0.,5.4));
#6073 = SEAM_CURVE('',#6074,(#6078,#6085),.PCURVE_S1.);
#6074 = LINE('',#6075,#6076);
#6075 = CARTESIAN_POINT('',(117.,0.,0.));
#6076 = VECTOR('',#6077,1.);
#6077 = DIRECTION('',(0.,0.,1.));
#6078 = PCURVE('',#6046,#6079);
#6079 = DEFINITIONAL_REPRESENTATION('',(#6080),#6084);
#6080 = LINE('',#6081,#6082);
#6081 = CARTESIAN_POINT('',(6.28318530718,0.));
#6082 = VECTOR('',#6083,1.);
#6083 = DIRECTION('',(0.,1.));
#6084 = ( GEOMETRIC_REPRESENTATION_CONTEXT(2) 
PARAMETRIC_REPRESENTATION_CONTEXT() REPRESENTATION_CONTEXT('2D SPACE',''
  ) );
#6085 = PCURVE('',#6046,#6086);
#6086 = DEFINITIONAL_REPRESENTATION('',(#6087),#6091);
#6087 = LINE('',#6088,#6089);
#6088 = CARTESIAN_POINT('',(4.138911435803E-13,0.));
#6089 = VECTOR('',#6090,1.);
#6090 = DIRECTION('',(0.,1.));
#6091 = ( GEOMETRIC_REPRESENTATION_CONTEXT(2) 
PARAMETRIC_REPRESENTATION_CONTEXT() REPRESENTATION_CONTEXT('2D SPACE',''
  ) );
#6092 = ORIENTED_EDGE('',*,*,#6093,.F.);
#6093 = EDGE_CURVE('',#6071,#6071,#6094,.T.);
#6094 = SURFACE_CURVE('',#6095,(#6100,#6107),.PCURVE_S1.);
#6095 = CIRCLE('',#6096,117.);
#6096 = AXIS2_PLACEMENT_3D('',#6097,#6098,#6099);
#6097 = CARTESIAN_POINT('',(0.,0.,5.4));
#6098 = DIRECTION('',(0.,0.,1.));
#6099 = DIRECTION('',(1.,0.,-0.));
#6100 = PCURVE('',#6046,#6101);
#6101 = DEFINITIONAL_REPRESENTATION('',(#6102),#6106);
#6102 = LINE('',#6103,#6104);
#6103 = CARTESIAN_POINT('',(0.,5.4));
#6104 = VECTOR('',#6105,1.);
#6105 = DIRECTION('',(1.,0.));
#6106 = ( GEOMETRIC_REPRESENTATION_CONTEXT(2) 
PARAMETRIC_REPRESENTATION_CONTEXT() REPRESENTATION_CONTEXT('2D SPACE',''
  ) );
#6107 = PCURVE('',#6108,#6113);
#6108 = TOROIDAL_SURFACE('',#6109,108.,15.);
#6109 = AXIS2_PLACEMENT_3D('',#6110,#6111,#6112);
#6110 = CARTESIAN_POINT('',(0.,0.,17.4));
#6111 = DIRECTION('',(-0.,-0.,-1.));
#6112 = DIRECTION('',(1.,0.,-0.));
#6113 = DEFINITIONAL_REPRESENTATION('',(#6114),#6118);
#6114 = LINE('',#6115,#6116);
#6115 = CARTESIAN_POINT('',(6.28318530718,0.927295218002));
#6116 = VECTOR('',#6117,1.);
#6117 = DIRECTION('',(-1.,0.));
#6118 = ( GEOMETRIC_REPRESENTATION_CONTEXT(2) 
PARAMETRIC_REPRESENTATION_CONTEXT() REPRESENTATION_CONTEXT('2D SPACE',''
  ) );
#6119 = ORIENTED_EDGE('',*,*,#6070,.F.);
#6120 = ADVANCED_FACE('',(#6121),#6108,.F.);
#6121 = FACE_BOUND('',#6122,.F.);
#6122 = EDGE_LOOP('',(#6123,#6147,#6174,#6175));
#6123 = ORIENTED_EDGE('',*,*,#6124,.T.);
#6124 = EDGE_CURVE('',#6071,#6125,#6127,.T.);
#6125 = VERTEX_POINT('',#6126);
#6126 = CARTESIAN_POINT('',(108.,0.,2.4));
#6127 = SEAM_CURVE('',#6128,(#6133,#6140),.PCURVE_S1.);
#6128 = CIRCLE('',#6129,15.);
#6129 = AXIS2_PLACEMENT_3D('',#6130,#6131,#6132);
#6130 = CARTESIAN_POINT('',(108.,0.,17.4));
#6131 = DIRECTION('',(0.,1.,0.));
#6132 = DIRECTION('',(0.6,0.,-0.8));
#6133 = PCURVE('',#6108,#6134);
#6134 = DEFINITIONAL_REPRESENTATION('',(#6135),#6139);
#6135 = LINE('',#6136,#6137);
#6136 = CARTESIAN_POINT('',(6.283185307179,0.927295218002));
#6137 = VECTOR('',#6138,1.);
#6138 = DIRECTION('',(-0.,1.));
#6139 = ( GEOMETRIC_REPRESENTATION_CONTEXT(2) 
PARAMETRIC_REPRESENTATION_CONTEXT() REPRESENTATION_CONTEXT('2D SPACE',''
  ) );
#6140 = PCURVE('',#6108,#6141);
#6141 = DEFINITIONAL_REPRESENTATION('',(#6142),#6146);
#6142 = LINE('',#6143,#6144);
#6143 = CARTESIAN_POINT('',(4.138911435803E-13,0.927295218002));
#6144 = VECTOR('',#6145,1.);
#6145 = DIRECTION('',(-0.,1.));
#6146 = ( GEOMETRIC_REPRESENTATION_CONTEXT(2) 
PARAMETRIC_REPRESENTATION_CONTEXT() REPRESENTATION_CONTEXT('2D SPACE',''
  ) );
#6147 = ORIENTED_EDGE('',*,*,#6148,.T.);
#6148 = EDGE_CURVE('',#6125,#6125,#6149,.T.);
#6149 = SURFACE_CURVE('',#6150,(#6155,#6162),.PCURVE_S1.);
#6150 = CIRCLE('',#6151,108.);
#6151 = AXIS2_PLACEMENT_3D('',#6152,#6153,#6154);
#6152 = CARTESIAN_POINT('',(0.,0.,2.4));
#6153 = DIRECTION('',(0.,0.,1.));
#6154 = DIRECTION('',(1.,0.,-0.));
#6155 = PCURVE('',#6108,#6156);
#6156 = DEFINITIONAL_REPRESENTATION('',(#6157),#6161);
#6157 = LINE('',#6158,#6159);
#6158 = CARTESIAN_POINT('',(6.28318530718,1.570796326795));
#6159 = VECTOR('',#6160,1.);
#6160 = DIRECTION('',(-1.,0.));
#6161 = ( GEOMETRIC_REPRESENTATION_CONTEXT(2) 
PARAMETRIC_REPRESENTATION_CONTEXT() REPRESENTATION_CONTEXT('2D SPACE',''
  ) );
#6162 = PCURVE('',#6163,#6168);
#6163 = PLANE('',#6164);
#6164 = AXIS2_PLACEMENT_3D('',#6165,#6166,#6167);
#6165 = CARTESIAN_POINT('',(0.,0.,2.4));
#6166 = DIRECTION('',(0.,0.,1.));
#6167 = DIRECTION('',(1.,0.,-0.));
#6168 = DEFINITIONAL_REPRESENTATION('',(#6169),#6173);
#6169 = CIRCLE('',#6170,108.);
#6170 = AXIS2_PLACEMENT_2D('',#6171,#6172);
#6171 = CARTESIAN_POINT('',(0.,0.));
#6172 = DIRECTION('',(1.,0.));
#6173 = ( GEOMETRIC_REPRESENTATION_CONTEXT(2) 
PARAMETRIC_REPRESENTATION_CONTEXT() REPRESENTATION_CONTEXT('2D SPACE',''
  ) );
#6174 = ORIENTED_EDGE('',*,*,#6124,.F.);
#6175 = ORIENTED_EDGE('',*,*,#6093,.F.);
#6176 = ADVANCED_FACE('',(#6177,#6180),#6163,.T.);
#6177 = FACE_BOUND('',#6178,.T.);
#6178 = EDGE_LOOP('',(#6179));
#6179 = ORIENTED_EDGE('',*,*,#6148,.T.);
#6180 = FACE_BOUND('',#6181,.T.);
#6181 = EDGE_LOOP('',(#6182));
#6182 = ORIENTED_EDGE('',*,*,#6183,.F.);
#6183 = EDGE_CURVE('',#6184,#6184,#6186,.T.);
#6184 = VERTEX_POINT('',#6185);
#6185 = CARTESIAN_POINT('',(5.,0.,2.4));
#6186 = SURFACE_CURVE('',#6187,(#6192,#6199),.PCURVE_S1.);
#6187 = CIRCLE('',#6188,5.);
#6188 = AXIS2_PLACEMENT_3D('',#6189,#6190,#6191);
#6189 = CARTESIAN_POINT('',(0.,0.,2.4));
#6190 = DIRECTION('',(0.,0.,1.));
#6191 = DIRECTION('',(1.,0.,-0.));
#6192 = PCURVE('',#6163,#6193);
#6193 = DEFINITIONAL_REPRESENTATION('',(#6194),#6198);
#6194 = CIRCLE('',#6195,5.);
#6195 = AXIS2_PLACEMENT_2D('',#6196,#6197);
#6196 = CARTESIAN_POINT('',(0.,0.));
#6197 = DIRECTION('',(1.,0.));
#6198 = ( GEOMETRIC_REPRESENTATION_CONTEXT(2) 
PARAMETRIC_REPRESENTATION_CONTEXT() REPRESENTATION_CONTEXT('2D SPACE',''
  ) );
#6199 = PCURVE('',#6200,#6205);
#6200 = CYLINDRICAL_SURFACE('',#6201,5.);
#6201 = AXIS2_PLACEMENT_3D('',#6202,#6203,#6204);
#6202 = CARTESIAN_POINT('',(0.,0.,2.4));
#6203 = DIRECTION('',(-0.,-0.,-1.));
#6204 = DIRECTION('',(1.,0.,0.));
#6205 = DEFINITIONAL_REPRESENTATION('',(#6206),#6210);
#6206 = LINE('',#6207,#6208);
#6207 = CARTESIAN_POINT('',(6.28318530718,0.));
#6208 = VECTOR('',#6209,1.);
#6209 = DIRECTION('',(-1.,0.));
#6210 = ( GEOMETRIC_REPRESENTATION_CONTEXT(2) 
PARAMETRIC_REPRESENTATION_CONTEXT() REPRESENTATION_CONTEXT('2D SPACE',''
  ) );
#6211 = ADVANCED_FACE('',(#6212),#6200,.F.);
#6212 = FACE_BOUND('',#6213,.F.);
#6213 = EDGE_LOOP('',(#6214,#6237,#6259,#6260));
#6214 = ORIENTED_EDGE('',*,*,#6215,.T.);
#6215 = EDGE_CURVE('',#6184,#6216,#6218,.T.);
#6216 = VERTEX_POINT('',#6217);
#6217 = CARTESIAN_POINT('',(5.,0.,0.));
#6218 = SEAM_CURVE('',#6219,(#6223,#6230),.PCURVE_S1.);
#6219 = LINE('',#6220,#6221);
#6220 = CARTESIAN_POINT('',(5.,0.,2.4));
#6221 = VECTOR('',#6222,1.);
#6222 = DIRECTION('',(0.,0.,-1.));
#6223 = PCURVE('',#6200,#6224);
#6224 = DEFINITIONAL_REPRESENTATION('',(#6225),#6229);
#6225 = LINE('',#6226,#6227);
#6226 = CARTESIAN_POINT('',(6.283185307179,0.));
#6227 = VECTOR('',#6228,1.);
#6228 = DIRECTION('',(-0.,1.));
#6229 = ( GEOMETRIC_REPRESENTATION_CONTEXT(2) 
PARAMETRIC_REPRESENTATION_CONTEXT() REPRESENTATION_CONTEXT('2D SPACE',''
  ) );
#6230 = PCURVE('',#6200,#6231);
#6231 = DEFINITIONAL_REPRESENTATION('',(#6232),#6236);
#6232 = LINE('',#6233,#6234);
#6233 = CARTESIAN_POINT('',(4.138911435803E-13,0.));
#6234 = VECTOR('',#6235,1.);
#6235 = DIRECTION('',(-0.,1.));
#6236 = ( GEOMETRIC_REPRESENTATION_CONTEXT(2) 
PARAMETRIC_REPRESENTATION_CONTEXT() REPRESENTATION_CONTEXT('2D SPACE',''
  ) );
#6237 = ORIENTED_EDGE('',*,*,#6238,.T.);
#6238 = EDGE_CURVE('',#6216,#6216,#6239,.T.);
#6239 = SURFACE_CURVE('',#6240,(#6245,#6252),.PCURVE_S1.);
#6240 = CIRCLE('',#6241,5.);
#6241 = AXIS2_PLACEMENT_3D('',#6242,#6243,#6244);
#6242 = CARTESIAN_POINT('',(0.,0.,0.));
#6243 = DIRECTION('',(0.,0.,1.));
#6244 = DIRECTION('',(1.,0.,-0.));
#6245 = PCURVE('',#6200,#6246);
#6246 = DEFINITIONAL_REPRESENTATION('',(#6247),#6251);
#6247 = LINE('',#6248,#6249);
#6248 = CARTESIAN_POINT('',(6.28318530718,2.4));
#6249 = VECTOR('',#6250,1.);
#6250 = DIRECTION('',(-1.,0.));
#6251 = ( GEOMETRIC_REPRESENTATION_CONTEXT(2) 
PARAMETRIC_REPRESENTATION_CONTEXT() REPRESENTATION_CONTEXT('2D SPACE',''
  ) );
#6252 = PCURVE('',#6058,#6253);
#6253 = DEFINITIONAL_REPRESENTATION('',(#6254),#6258);
#6254 = CIRCLE('',#6255,5.);
#6255 = AXIS2_PLACEMENT_2D('',#6256,#6257);
#6256 = CARTESIAN_POINT('',(0.,0.));
#6257 = DIRECTION('',(1.,0.));
#6258 = ( GEOMETRIC_REPRESENTATION_CONTEXT(2) 
PARAMETRIC_REPRESENTATION_CONTEXT() REPRESENTATION_CONTEXT('2D SPACE',''
  ) );
#6259 = ORIENTED_EDGE('',*,*,#6215,.F.);
#6260 = ORIENTED_EDGE('',*,*,#6183,.F.);
#6261 = ADVANCED_FACE('',(#6262,#6265),#6058,.F.);
#6262 = FACE_BOUND('',#6263,.T.);
#6263 = EDGE_LOOP('',(#6264));
#6264 = ORIENTED_EDGE('',*,*,#6238,.T.);
#6265 = FACE_BOUND('',#6266,.T.);
#6266 = EDGE_LOOP('',(#6267));
#6267 = ORIENTED_EDGE('',*,*,#6036,.F.);
#6268 = ( GEOMETRIC_REPRESENTATION_CONTEXT(3) 
GLOBAL_UNCERTAINTY_ASSIGNED_CONTEXT((#6272)) 
GLOBAL_UNIT_ASSIGNED_CONTEXT((#6269,#6270,#6271)) REPRESENTATION_CONTEXT
('Context #1','3D Context with UNIT and UNCERTAINTY') );
#6269 = ( LENGTH_UNIT() NAMED_UNIT(*) SI_UNIT(.MILLI.,.METRE.) );
#6270 = ( NAMED_UNIT(*) PLANE_ANGLE_UNIT() SI_UNIT($,.RADIAN.) );
#6271 = ( NAMED_UNIT(*) SI_UNIT($,.STERADIAN.) SOLID_ANGLE_UNIT() );
#6272 = UNCERTAINTY_MEASURE_WITH_UNIT(LENGTH_MEASURE(1.E-07),#6269,
  'distance_accuracy_value','confusion accuracy');
#6273 = CONTEXT_DEPENDENT_SHAPE_REPRESENTATION(#6274,#6276);
#6274 = ( REPRESENTATION_RELATIONSHIP('','',#6029,#6006) 
REPRESENTATION_RELATIONSHIP_WITH_TRANSFORMATION(#6275) 
SHAPE_REPRESENTATION_RELATIONSHIP() );
#6275 = ITEM_DEFINED_TRANSFORMATION('','',#11,#6007);
#6276 = PRODUCT_DEFINITION_SHAPE('Placement','Placement of an item',
  #6277);
#6277 = NEXT_ASSEMBLY_USAGE_OCCURRENCE('40','=>[0:1:1:6]','',#6001,#6024
  ,$);
#6278 = PRODUCT_RELATED_PRODUCT_CATEGORY('part',$,(#6026));
#6279 = SHAPE_DEFINITION_REPRESENTATION(#6280,#6286);
#6280 = PRODUCT_DEFINITION_SHAPE('','',#6281);
#6281 = PRODUCT_DEFINITION('design','',#6282,#6285);
#6282 = PRODUCT_DEFINITION_FORMATION('','',#6283);
#6283 = PRODUCT('locator','locator','',(#6284));
#6284 = PRODUCT_CONTEXT('',#2,'mechanical');
#6285 = PRODUCT_DEFINITION_CONTEXT('part definition',#2,'design');
#6286 = ADVANCED_BREP_SHAPE_REPRESENTATION('',(#11,#6287),#7601);
#6287 = MANIFOLD_SOLID_BREP('',#6288);
#6288 = CLOSED_SHELL('',(#6289,#6409,#6495,#6576,#6657,#6733,#6764,#6795
    ,#6871,#6952,#6978,#7059,#7085,#7161,#7193,#7225,#7301,#7333,#7402,
    #7434,#7503,#7570,#7576,#7582,#7589,#7595));
#6289 = ADVANCED_FACE('',(#6290),#6304,.F.);
#6290 = FACE_BOUND('',#6291,.F.);
#6291 = EDGE_LOOP('',(#6292,#6327,#6355,#6383));
#6292 = ORIENTED_EDGE('',*,*,#6293,.F.);
#6293 = EDGE_CURVE('',#6294,#6296,#6298,.T.);
#6294 = VERTEX_POINT('',#6295);
#6295 = CARTESIAN_POINT('',(-6.,-5.8,-2.3));
#6296 = VERTEX_POINT('',#6297);
#6297 = CARTESIAN_POINT('',(-6.,-5.8,2.3));
#6298 = SURFACE_CURVE('',#6299,(#6303,#6315),.PCURVE_S1.);
#6299 = LINE('',#6300,#6301);
#6300 = CARTESIAN_POINT('',(-6.,-5.8,-2.5));
#6301 = VECTOR('',#6302,1.);
#6302 = DIRECTION('',(0.,0.,1.));
#6303 = PCURVE('',#6304,#6309);
#6304 = PLANE('',#6305);
#6305 = AXIS2_PLACEMENT_3D('',#6306,#6307,#6308);
#6306 = CARTESIAN_POINT('',(-6.,-6.,-2.5));
#6307 = DIRECTION('',(1.,0.,0.));
#6308 = DIRECTION('',(0.,0.,1.));
#6309 = DEFINITIONAL_REPRESENTATION('',(#6310),#6314);
#6310 = LINE('',#6311,#6312);
#6311 = CARTESIAN_POINT('',(0.,-0.2));
#6312 = VECTOR('',#6313,1.);
#6313 = DIRECTION('',(1.,0.));
#6314 = ( GEOMETRIC_REPRESENTATION_CONTEXT(2) 
PARAMETRIC_REPRESENTATION_CONTEXT() REPRESENTATION_CONTEXT('2D SPACE',''
  ) );
#6315 = PCURVE('',#6316,#6321);
#6316 = PLANE('',#6317);
#6317 = AXIS2_PLACEMENT_3D('',#6318,#6319,#6320);
#6318 = CARTESIAN_POINT('',(-5.9,-5.9,-2.5));
#6319 = DIRECTION('',(-0.707106781187,-0.707106781187,1.508400545651E-19
    ));
#6320 = DIRECTION('',(-1.066600254575E-19,-1.066600254575E-19,-1.));
#6321 = DEFINITIONAL_REPRESENTATION('',(#6322),#6326);
#6322 = LINE('',#6323,#6324);
#6323 = CARTESIAN_POINT('',(9.415477238613E-35,-0.141421356237));
#6324 = VECTOR('',#6325,1.);
#6325 = DIRECTION('',(-1.,-1.071962344858E-35));
#6326 = ( GEOMETRIC_REPRESENTATION_CONTEXT(2) 
PARAMETRIC_REPRESENTATION_CONTEXT() REPRESENTATION_CONTEXT('2D SPACE',''
  ) );
#6327 = ORIENTED_EDGE('',*,*,#6328,.T.);
#6328 = EDGE_CURVE('',#6294,#6329,#6331,.T.);
#6329 = VERTEX_POINT('',#6330);
#6330 = CARTESIAN_POINT('',(-6.,5.8,-2.3));
#6331 = SURFACE_CURVE('',#6332,(#6336,#6343),.PCURVE_S1.);
#6332 = LINE('',#6333,#6334);
#6333 = CARTESIAN_POINT('',(-6.,-6.,-2.3));
#6334 = VECTOR('',#6335,1.);
#6335 = DIRECTION('',(0.,1.,0.));
#6336 = PCURVE('',#6304,#6337);
#6337 = DEFINITIONAL_REPRESENTATION('',(#6338),#6342);
#6338 = LINE('',#6339,#6340);
#6339 = CARTESIAN_POINT('',(0.2,0.));
#6340 = VECTOR('',#6341,1.);
#6341 = DIRECTION('',(0.,-1.));
#6342 = ( GEOMETRIC_REPRESENTATION_CONTEXT(2) 
PARAMETRIC_REPRESENTATION_CONTEXT() REPRESENTATION_CONTEXT('2D SPACE',''
  ) );
#6343 = PCURVE('',#6344,#6349);
#6344 = PLANE('',#6345);
#6345 = AXIS2_PLACEMENT_3D('',#6346,#6347,#6348);
#6346 = CARTESIAN_POINT('',(-5.9,-6.,-2.4));
#6347 = DIRECTION('',(-0.707106781187,-8.657438204268E-19,
    -0.707106781187));
#6348 = DIRECTION('',(-6.121733261942E-19,1.,-6.121733261942E-19));
#6349 = DEFINITIONAL_REPRESENTATION('',(#6350),#6354);
#6350 = LINE('',#6351,#6352);
#6351 = CARTESIAN_POINT('',(3.227948663603E-36,-0.141421356237));
#6352 = VECTOR('',#6353,1.);
#6353 = DIRECTION('',(1.,-1.556835520536E-35));
#6354 = ( GEOMETRIC_REPRESENTATION_CONTEXT(2) 
PARAMETRIC_REPRESENTATION_CONTEXT() REPRESENTATION_CONTEXT('2D SPACE',''
  ) );
#6355 = ORIENTED_EDGE('',*,*,#6356,.T.);
#6356 = EDGE_CURVE('',#6329,#6357,#6359,.T.);
#6357 = VERTEX_POINT('',#6358);
#6358 = CARTESIAN_POINT('',(-6.,5.8,2.3));
#6359 = SURFACE_CURVE('',#6360,(#6364,#6371),.PCURVE_S1.);
#6360 = LINE('',#6361,#6362);
#6361 = CARTESIAN_POINT('',(-6.,5.8,-2.5));
#6362 = VECTOR('',#6363,1.);
#6363 = DIRECTION('',(0.,0.,1.));
#6364 = PCURVE('',#6304,#6365);
#6365 = DEFINITIONAL_REPRESENTATION('',(#6366),#6370);
#6366 = LINE('',#6367,#6368);
#6367 = CARTESIAN_POINT('',(0.,-11.8));
#6368 = VECTOR('',#6369,1.);
#6369 = DIRECTION('',(1.,0.));
#6370 = ( GEOMETRIC_REPRESENTATION_CONTEXT(2) 
PARAMETRIC_REPRESENTATION_CONTEXT() REPRESENTATION_CONTEXT('2D SPACE',''
  ) );
#6371 = PCURVE('',#6372,#6377);
#6372 = PLANE('',#6373);
#6373 = AXIS2_PLACEMENT_3D('',#6374,#6375,#6376);
#6374 = CARTESIAN_POINT('',(-5.9,5.9,-2.5));
#6375 = DIRECTION('',(0.707106781187,-0.707106781187,-1.508400545651E-19
    ));
#6376 = DIRECTION('',(-1.066600254575E-19,1.066600254575E-19,-1.));
#6377 = DEFINITIONAL_REPRESENTATION('',(#6378),#6382);
#6378 = LINE('',#6379,#6380);
#6379 = CARTESIAN_POINT('',(9.415477238613E-35,-0.141421356237));
#6380 = VECTOR('',#6381,1.);
#6381 = DIRECTION('',(-1.,-1.071962344858E-35));
#6382 = ( GEOMETRIC_REPRESENTATION_CONTEXT(2) 
PARAMETRIC_REPRESENTATION_CONTEXT() REPRESENTATION_CONTEXT('2D SPACE',''
  ) );
#6383 = ORIENTED_EDGE('',*,*,#6384,.F.);
#6384 = EDGE_CURVE('',#6296,#6357,#6385,.T.);
#6385 = SURFACE_CURVE('',#6386,(#6390,#6397),.PCURVE_S1.);
#6386 = LINE('',#6387,#6388);
#6387 = CARTESIAN_POINT('',(-6.,-6.,2.3));
#6388 = VECTOR('',#6389,1.);
#6389 = DIRECTION('',(0.,1.,0.));
#6390 = PCURVE('',#6304,#6391);
#6391 = DEFINITIONAL_REPRESENTATION('',(#6392),#6396);
#6392 = LINE('',#6393,#6394);
#6393 = CARTESIAN_POINT('',(4.8,0.));
#6394 = VECTOR('',#6395,1.);
#6395 = DIRECTION('',(0.,-1.));
#6396 = ( GEOMETRIC_REPRESENTATION_CONTEXT(2) 
PARAMETRIC_REPRESENTATION_CONTEXT() REPRESENTATION_CONTEXT('2D SPACE',''
  ) );
#6397 = PCURVE('',#6398,#6403);
#6398 = PLANE('',#6399);
#6399 = AXIS2_PLACEMENT_3D('',#6400,#6401,#6402);
#6400 = CARTESIAN_POINT('',(-5.9,-6.,2.4));
#6401 = DIRECTION('',(0.707106781187,8.657438204268E-19,-0.707106781187)
  );
#6402 = DIRECTION('',(-6.121733261942E-19,1.,6.121733261942E-19));
#6403 = DEFINITIONAL_REPRESENTATION('',(#6404),#6408);
#6404 = LINE('',#6405,#6406);
#6405 = CARTESIAN_POINT('',(3.227948663603E-36,-0.141421356237));
#6406 = VECTOR('',#6407,1.);
#6407 = DIRECTION('',(1.,-1.556835520536E-35));
#6408 = ( GEOMETRIC_REPRESENTATION_CONTEXT(2) 
PARAMETRIC_REPRESENTATION_CONTEXT() REPRESENTATION_CONTEXT('2D SPACE',''
  ) );
#6409 = ADVANCED_FACE('',(#6410),#6316,.T.);
#6410 = FACE_BOUND('',#6411,.F.);
#6411 = EDGE_LOOP('',(#6412,#6413,#6441,#6469));
#6412 = ORIENTED_EDGE('',*,*,#6293,.T.);
#6413 = ORIENTED_EDGE('',*,*,#6414,.T.);
#6414 = EDGE_CURVE('',#6296,#6415,#6417,.T.);
#6415 = VERTEX_POINT('',#6416);
#6416 = CARTESIAN_POINT('',(-5.8,-6.,2.3));
#6417 = SURFACE_CURVE('',#6418,(#6422,#6429),.PCURVE_S1.);
#6418 = LINE('',#6419,#6420);
#6419 = CARTESIAN_POINT('',(-5.9,-5.9,2.3));
#6420 = VECTOR('',#6421,1.);
#6421 = DIRECTION('',(0.707106781187,-0.707106781187,3.233140042262E-17)
  );
#6422 = PCURVE('',#6316,#6423);
#6423 = DEFINITIONAL_REPRESENTATION('',(#6424),#6428);
#6424 = LINE('',#6425,#6426);
#6425 = CARTESIAN_POINT('',(-4.8,-2.572709627658E-35));
#6426 = VECTOR('',#6427,1.);
#6427 = DIRECTION('',(-3.233140042262E-17,1.));
#6428 = ( GEOMETRIC_REPRESENTATION_CONTEXT(2) 
PARAMETRIC_REPRESENTATION_CONTEXT() REPRESENTATION_CONTEXT('2D SPACE',''
  ) );
#6429 = PCURVE('',#6430,#6435);
#6430 = PLANE('',#6431);
#6431 = AXIS2_PLACEMENT_3D('',#6432,#6433,#6434);
#6432 = CARTESIAN_POINT('',(-5.8,-5.8,2.5));
#6433 = DIRECTION('',(0.57735026919,0.57735026919,-0.57735026919));
#6434 = DIRECTION('',(0.707106781187,-0.707106781187,1.10971635821E-17)
  );
#6435 = DEFINITIONAL_REPRESENTATION('',(#6436),#6440);
#6436 = LINE('',#6437,#6438);
#6437 = CARTESIAN_POINT('',(3.985320695153E-18,0.244948974278));
#6438 = VECTOR('',#6439,1.);
#6439 = DIRECTION('',(1.,4.664327062278E-18));
#6440 = ( GEOMETRIC_REPRESENTATION_CONTEXT(2) 
PARAMETRIC_REPRESENTATION_CONTEXT() REPRESENTATION_CONTEXT('2D SPACE',''
  ) );
#6441 = ORIENTED_EDGE('',*,*,#6442,.F.);
#6442 = EDGE_CURVE('',#6443,#6415,#6445,.T.);
#6443 = VERTEX_POINT('',#6444);
#6444 = CARTESIAN_POINT('',(-5.8,-6.,-2.3));
#6445 = SURFACE_CURVE('',#6446,(#6450,#6457),.PCURVE_S1.);
#6446 = LINE('',#6447,#6448);
#6447 = CARTESIAN_POINT('',(-5.8,-6.,-2.5));
#6448 = VECTOR('',#6449,1.);
#6449 = DIRECTION('',(0.,0.,1.));
#6450 = PCURVE('',#6316,#6451);
#6451 = DEFINITIONAL_REPRESENTATION('',(#6452),#6456);
#6452 = LINE('',#6453,#6454);
#6453 = CARTESIAN_POINT('',(9.537022492023E-35,0.141421356237));
#6454 = VECTOR('',#6455,1.);
#6455 = DIRECTION('',(-1.,-1.071962344858E-35));
#6456 = ( GEOMETRIC_REPRESENTATION_CONTEXT(2) 
PARAMETRIC_REPRESENTATION_CONTEXT() REPRESENTATION_CONTEXT('2D SPACE',''
  ) );
#6457 = PCURVE('',#6458,#6463);
#6458 = PLANE('',#6459);
#6459 = AXIS2_PLACEMENT_3D('',#6460,#6461,#6462);
#6460 = CARTESIAN_POINT('',(-6.,-6.,-2.5));
#6461 = DIRECTION('',(0.,1.,0.));
#6462 = DIRECTION('',(0.,-0.,1.));
#6463 = DEFINITIONAL_REPRESENTATION('',(#6464),#6468);
#6464 = LINE('',#6465,#6466);
#6465 = CARTESIAN_POINT('',(0.,0.2));
#6466 = VECTOR('',#6467,1.);
#6467 = DIRECTION('',(1.,0.));
#6468 = ( GEOMETRIC_REPRESENTATION_CONTEXT(2) 
PARAMETRIC_REPRESENTATION_CONTEXT() REPRESENTATION_CONTEXT('2D SPACE',''
  ) );
#6469 = ORIENTED_EDGE('',*,*,#6470,.F.);
#6470 = EDGE_CURVE('',#6294,#6443,#6471,.T.);
#6471 = SURFACE_CURVE('',#6472,(#6476,#6483),.PCURVE_S1.);
#6472 = LINE('',#6473,#6474);
#6473 = CARTESIAN_POINT('',(-5.9,-5.9,-2.3));
#6474 = VECTOR('',#6475,1.);
#6475 = DIRECTION('',(0.707106781187,-0.707106781187,-3.233140042262E-17
    ));
#6476 = PCURVE('',#6316,#6477);
#6477 = DEFINITIONAL_REPRESENTATION('',(#6478),#6482);
#6478 = LINE('',#6479,#6480);
#6479 = CARTESIAN_POINT('',(-0.2,-1.071962344858E-36));
#6480 = VECTOR('',#6481,1.);
#6481 = DIRECTION('',(3.233140042262E-17,1.));
#6482 = ( GEOMETRIC_REPRESENTATION_CONTEXT(2) 
PARAMETRIC_REPRESENTATION_CONTEXT() REPRESENTATION_CONTEXT('2D SPACE',''
  ) );
#6483 = PCURVE('',#6484,#6489);
#6484 = PLANE('',#6485);
#6485 = AXIS2_PLACEMENT_3D('',#6486,#6487,#6488);
#6486 = CARTESIAN_POINT('',(-5.8,-5.8,-2.5));
#6487 = DIRECTION('',(-0.57735026919,-0.57735026919,-0.57735026919));
#6488 = DIRECTION('',(0.707106781187,-0.707106781187,-1.10971635821E-17)
  );
#6489 = DEFINITIONAL_REPRESENTATION('',(#6490),#6494);
#6490 = LINE('',#6491,#6492);
#6491 = CARTESIAN_POINT('',(3.985320695153E-18,0.244948974278));
#6492 = VECTOR('',#6493,1.);
#6493 = DIRECTION('',(1.,4.664327062278E-18));
#6494 = ( GEOMETRIC_REPRESENTATION_CONTEXT(2) 
PARAMETRIC_REPRESENTATION_CONTEXT() REPRESENTATION_CONTEXT('2D SPACE',''
  ) );
#6495 = ADVANCED_FACE('',(#6496),#6344,.T.);
#6496 = FACE_BOUND('',#6497,.T.);
#6497 = EDGE_LOOP('',(#6498,#6521,#6522,#6550));
#6498 = ORIENTED_EDGE('',*,*,#6499,.T.);
#6499 = EDGE_CURVE('',#6500,#6294,#6502,.T.);
#6500 = VERTEX_POINT('',#6501);
#6501 = CARTESIAN_POINT('',(-5.8,-5.8,-2.5));
#6502 = SURFACE_CURVE('',#6503,(#6507,#6514),.PCURVE_S1.);
#6503 = LINE('',#6504,#6505);
#6504 = CARTESIAN_POINT('',(-5.85,-5.8,-2.45));
#6505 = VECTOR('',#6506,1.);
#6506 = DIRECTION('',(-0.707106781187,-1.363531112747E-15,0.707106781187
    ));
#6507 = PCURVE('',#6344,#6508);
#6508 = DEFINITIONAL_REPRESENTATION('',(#6509),#6513);
#6509 = LINE('',#6510,#6511);
#6510 = CARTESIAN_POINT('',(0.2,7.071067811866E-02));
#6511 = VECTOR('',#6512,1.);
#6512 = DIRECTION('',(-1.363531112747E-15,-1.));
#6513 = ( GEOMETRIC_REPRESENTATION_CONTEXT(2) 
PARAMETRIC_REPRESENTATION_CONTEXT() REPRESENTATION_CONTEXT('2D SPACE',''
  ) );
#6514 = PCURVE('',#6484,#6515);
#6515 = DEFINITIONAL_REPRESENTATION('',(#6516),#6520);
#6516 = LINE('',#6517,#6518);
#6517 = CARTESIAN_POINT('',(-3.535533905933E-02,6.123724356958E-02));
#6518 = VECTOR('',#6519,1.);
#6519 = DIRECTION('',(-0.5,0.866025403784));
#6520 = ( GEOMETRIC_REPRESENTATION_CONTEXT(2) 
PARAMETRIC_REPRESENTATION_CONTEXT() REPRESENTATION_CONTEXT('2D SPACE',''
  ) );
#6521 = ORIENTED_EDGE('',*,*,#6328,.T.);
#6522 = ORIENTED_EDGE('',*,*,#6523,.F.);
#6523 = EDGE_CURVE('',#6524,#6329,#6526,.T.);
#6524 = VERTEX_POINT('',#6525);
#6525 = CARTESIAN_POINT('',(-5.8,5.8,-2.5));
#6526 = SURFACE_CURVE('',#6527,(#6531,#6538),.PCURVE_S1.);
#6527 = LINE('',#6528,#6529);
#6528 = CARTESIAN_POINT('',(-5.85,5.8,-2.45));
#6529 = VECTOR('',#6530,1.);
#6530 = DIRECTION('',(-0.707106781187,1.585989868283E-15,0.707106781187)
  );
#6531 = PCURVE('',#6344,#6532);
#6532 = DEFINITIONAL_REPRESENTATION('',(#6533),#6537);
#6533 = LINE('',#6534,#6535);
#6534 = CARTESIAN_POINT('',(11.8,7.071067811866E-02));
#6535 = VECTOR('',#6536,1.);
#6536 = DIRECTION('',(1.585989868283E-15,-1.));
#6537 = ( GEOMETRIC_REPRESENTATION_CONTEXT(2) 
PARAMETRIC_REPRESENTATION_CONTEXT() REPRESENTATION_CONTEXT('2D SPACE',''
  ) );
#6538 = PCURVE('',#6539,#6544);
#6539 = PLANE('',#6540);
#6540 = AXIS2_PLACEMENT_3D('',#6541,#6542,#6543);
#6541 = CARTESIAN_POINT('',(-5.8,5.8,-2.5));
#6542 = DIRECTION('',(0.57735026919,-0.57735026919,0.57735026919));
#6543 = DIRECTION('',(0.707106781187,0.707106781187,-1.10971635821E-17)
  );
#6544 = DEFINITIONAL_REPRESENTATION('',(#6545),#6549);
#6545 = LINE('',#6546,#6547);
#6546 = CARTESIAN_POINT('',(-3.535533905933E-02,6.123724356958E-02));
#6547 = VECTOR('',#6548,1.);
#6548 = DIRECTION('',(-0.5,0.866025403784));
#6549 = ( GEOMETRIC_REPRESENTATION_CONTEXT(2) 
PARAMETRIC_REPRESENTATION_CONTEXT() REPRESENTATION_CONTEXT('2D SPACE',''
  ) );
#6550 = ORIENTED_EDGE('',*,*,#6551,.F.);
#6551 = EDGE_CURVE('',#6500,#6524,#6552,.T.);
#6552 = SURFACE_CURVE('',#6553,(#6557,#6564),.PCURVE_S1.);
#6553 = LINE('',#6554,#6555);
#6554 = CARTESIAN_POINT('',(-5.8,-6.,-2.5));
#6555 = VECTOR('',#6556,1.);
#6556 = DIRECTION('',(0.,1.,0.));
#6557 = PCURVE('',#6344,#6558);
#6558 = DEFINITIONAL_REPRESENTATION('',(#6559),#6563);
#6559 = LINE('',#6560,#6561);
#6560 = CARTESIAN_POINT('',(-1.176608080805E-36,0.141421356237));
#6561 = VECTOR('',#6562,1.);
#6562 = DIRECTION('',(1.,-1.556835520536E-35));
#6563 = ( GEOMETRIC_REPRESENTATION_CONTEXT(2) 
PARAMETRIC_REPRESENTATION_CONTEXT() REPRESENTATION_CONTEXT('2D SPACE',''
  ) );
#6564 = PCURVE('',#6565,#6570);
#6565 = PLANE('',#6566);
#6566 = AXIS2_PLACEMENT_3D('',#6567,#6568,#6569);
#6567 = CARTESIAN_POINT('',(-6.,-6.,-2.5));
#6568 = DIRECTION('',(0.,0.,1.));
#6569 = DIRECTION('',(1.,0.,-0.));
#6570 = DEFINITIONAL_REPRESENTATION('',(#6571),#6575);
#6571 = LINE('',#6572,#6573);
#6572 = CARTESIAN_POINT('',(0.2,0.));
#6573 = VECTOR('',#6574,1.);
#6574 = DIRECTION('',(0.,1.));
#6575 = ( GEOMETRIC_REPRESENTATION_CONTEXT(2) 
PARAMETRIC_REPRESENTATION_CONTEXT() REPRESENTATION_CONTEXT('2D SPACE',''
  ) );
#6576 = ADVANCED_FACE('',(#6577),#6398,.F.);
#6577 = FACE_BOUND('',#6578,.F.);
#6578 = EDGE_LOOP('',(#6579,#6602,#6603,#6631));
#6579 = ORIENTED_EDGE('',*,*,#6580,.T.);
#6580 = EDGE_CURVE('',#6581,#6296,#6583,.T.);
#6581 = VERTEX_POINT('',#6582);
#6582 = CARTESIAN_POINT('',(-5.8,-5.8,2.5));
#6583 = SURFACE_CURVE('',#6584,(#6588,#6595),.PCURVE_S1.);
#6584 = LINE('',#6585,#6586);
#6585 = CARTESIAN_POINT('',(-5.85,-5.8,2.45));
#6586 = VECTOR('',#6587,1.);
#6587 = DIRECTION('',(-0.707106781187,-1.363531112747E-15,
    -0.707106781187));
#6588 = PCURVE('',#6398,#6589);
#6589 = DEFINITIONAL_REPRESENTATION('',(#6590),#6594);
#6590 = LINE('',#6591,#6592);
#6591 = CARTESIAN_POINT('',(0.2,7.071067811866E-02));
#6592 = VECTOR('',#6593,1.);
#6593 = DIRECTION('',(-1.363531112747E-15,-1.));
#6594 = ( GEOMETRIC_REPRESENTATION_CONTEXT(2) 
PARAMETRIC_REPRESENTATION_CONTEXT() REPRESENTATION_CONTEXT('2D SPACE',''
  ) );
#6595 = PCURVE('',#6430,#6596);
#6596 = DEFINITIONAL_REPRESENTATION('',(#6597),#6601);
#6597 = LINE('',#6598,#6599);
#6598 = CARTESIAN_POINT('',(-3.535533905933E-02,6.123724356958E-02));
#6599 = VECTOR('',#6600,1.);
#6600 = DIRECTION('',(-0.5,0.866025403784));
#6601 = ( GEOMETRIC_REPRESENTATION_CONTEXT(2) 
PARAMETRIC_REPRESENTATION_CONTEXT() REPRESENTATION_CONTEXT('2D SPACE',''
  ) );
#6602 = ORIENTED_EDGE('',*,*,#6384,.T.);
#6603 = ORIENTED_EDGE('',*,*,#6604,.T.);
#6604 = EDGE_CURVE('',#6357,#6605,#6607,.T.);
#6605 = VERTEX_POINT('',#6606);
#6606 = CARTESIAN_POINT('',(-5.8,5.8,2.5));
#6607 = SURFACE_CURVE('',#6608,(#6612,#6619),.PCURVE_S1.);
#6608 = LINE('',#6609,#6610);
#6609 = CARTESIAN_POINT('',(-5.9,5.8,2.4));
#6610 = VECTOR('',#6611,1.);
#6611 = DIRECTION('',(0.707106781187,-1.585989868283E-15,0.707106781187)
  );
#6612 = PCURVE('',#6398,#6613);
#6613 = DEFINITIONAL_REPRESENTATION('',(#6614),#6618);
#6614 = LINE('',#6615,#6616);
#6615 = CARTESIAN_POINT('',(11.8,-1.837065914233E-34));
#6616 = VECTOR('',#6617,1.);
#6617 = DIRECTION('',(-1.585989868283E-15,1.));
#6618 = ( GEOMETRIC_REPRESENTATION_CONTEXT(2) 
PARAMETRIC_REPRESENTATION_CONTEXT() REPRESENTATION_CONTEXT('2D SPACE',''
  ) );
#6619 = PCURVE('',#6620,#6625);
#6620 = PLANE('',#6621);
#6621 = AXIS2_PLACEMENT_3D('',#6622,#6623,#6624);
#6622 = CARTESIAN_POINT('',(-5.8,6.,2.3));
#6623 = DIRECTION('',(0.57735026919,-0.57735026919,-0.57735026919));
#6624 = DIRECTION('',(0.707106781187,-1.10971635821E-17,0.707106781187)
  );
#6625 = DEFINITIONAL_REPRESENTATION('',(#6626),#6630);
#6626 = LINE('',#6627,#6628);
#6627 = CARTESIAN_POINT('',(-3.063454573405E-16,0.244948974278));
#6628 = VECTOR('',#6629,1.);
#6629 = DIRECTION('',(1.,1.302145596643E-15));
#6630 = ( GEOMETRIC_REPRESENTATION_CONTEXT(2) 
PARAMETRIC_REPRESENTATION_CONTEXT() REPRESENTATION_CONTEXT('2D SPACE',''
  ) );
#6631 = ORIENTED_EDGE('',*,*,#6632,.F.);
#6632 = EDGE_CURVE('',#6581,#6605,#6633,.T.);
#6633 = SURFACE_CURVE('',#6634,(#6638,#6645),.PCURVE_S1.);
#6634 = LINE('',#6635,#6636);
#6635 = CARTESIAN_POINT('',(-5.8,-6.,2.5));
#6636 = VECTOR('',#6637,1.);
#6637 = DIRECTION('',(0.,1.,0.));
#6638 = PCURVE('',#6398,#6639);
#6639 = DEFINITIONAL_REPRESENTATION('',(#6640),#6644);
#6640 = LINE('',#6641,#6642);
#6641 = CARTESIAN_POINT('',(-1.176608080805E-36,0.141421356237));
#6642 = VECTOR('',#6643,1.);
#6643 = DIRECTION('',(1.,-1.556835520536E-35));
#6644 = ( GEOMETRIC_REPRESENTATION_CONTEXT(2) 
PARAMETRIC_REPRESENTATION_CONTEXT() REPRESENTATION_CONTEXT('2D SPACE',''
  ) );
#6645 = PCURVE('',#6646,#6651);
#6646 = PLANE('',#6647);
#6647 = AXIS2_PLACEMENT_3D('',#6648,#6649,#6650);
#6648 = CARTESIAN_POINT('',(-6.,-6.,2.5));
#6649 = DIRECTION('',(0.,0.,1.));
#6650 = DIRECTION('',(1.,0.,-0.));
#6651 = DEFINITIONAL_REPRESENTATION('',(#6652),#6656);
#6652 = LINE('',#6653,#6654);
#6653 = CARTESIAN_POINT('',(0.2,0.));
#6654 = VECTOR('',#6655,1.);
#6655 = DIRECTION('',(0.,1.));
#6656 = ( GEOMETRIC_REPRESENTATION_CONTEXT(2) 
PARAMETRIC_REPRESENTATION_CONTEXT() REPRESENTATION_CONTEXT('2D SPACE',''
  ) );
#6657 = ADVANCED_FACE('',(#6658),#6372,.F.);
#6658 = FACE_BOUND('',#6659,.T.);
#6659 = EDGE_LOOP('',(#6660,#6661,#6684,#6712));
#6660 = ORIENTED_EDGE('',*,*,#6356,.T.);
#6661 = ORIENTED_EDGE('',*,*,#6662,.F.);
#6662 = EDGE_CURVE('',#6663,#6357,#6665,.T.);
#6663 = VERTEX_POINT('',#6664);
#6664 = CARTESIAN_POINT('',(-5.8,6.,2.3));
#6665 = SURFACE_CURVE('',#6666,(#6670,#6677),.PCURVE_S1.);
#6666 = LINE('',#6667,#6668);
#6667 = CARTESIAN_POINT('',(-5.85,5.95,2.3));
#6668 = VECTOR('',#6669,1.);
#6669 = DIRECTION('',(-0.707106781187,-0.707106781187,3.161056144671E-15
    ));
#6670 = PCURVE('',#6372,#6671);
#6671 = DEFINITIONAL_REPRESENTATION('',(#6672),#6676);
#6672 = LINE('',#6673,#6674);
#6673 = CARTESIAN_POINT('',(-4.8,7.071067811866E-02));
#6674 = VECTOR('',#6675,1.);
#6675 = DIRECTION('',(-3.161056144671E-15,-1.));
#6676 = ( GEOMETRIC_REPRESENTATION_CONTEXT(2) 
PARAMETRIC_REPRESENTATION_CONTEXT() REPRESENTATION_CONTEXT('2D SPACE',''
  ) );
#6677 = PCURVE('',#6620,#6678);
#6678 = DEFINITIONAL_REPRESENTATION('',(#6679),#6683);
#6679 = LINE('',#6680,#6681);
#6680 = CARTESIAN_POINT('',(-3.535533905933E-02,6.123724356958E-02));
#6681 = VECTOR('',#6682,1.);
#6682 = DIRECTION('',(-0.5,0.866025403784));
#6683 = ( GEOMETRIC_REPRESENTATION_CONTEXT(2) 
PARAMETRIC_REPRESENTATION_CONTEXT() REPRESENTATION_CONTEXT('2D SPACE',''
  ) );
#6684 = ORIENTED_EDGE('',*,*,#6685,.F.);
#6685 = EDGE_CURVE('',#6686,#6663,#6688,.T.);
#6686 = VERTEX_POINT('',#6687);
#6687 = CARTESIAN_POINT('',(-5.8,6.,-2.3));
#6688 = SURFACE_CURVE('',#6689,(#6693,#6700),.PCURVE_S1.);
#6689 = LINE('',#6690,#6691);
#6690 = CARTESIAN_POINT('',(-5.8,6.,-2.5));
#6691 = VECTOR('',#6692,1.);
#6692 = DIRECTION('',(0.,0.,1.));
#6693 = PCURVE('',#6372,#6694);
#6694 = DEFINITIONAL_REPRESENTATION('',(#6695),#6699);
#6695 = LINE('',#6696,#6697);
#6696 = CARTESIAN_POINT('',(9.537022492023E-35,0.141421356237));
#6697 = VECTOR('',#6698,1.);
#6698 = DIRECTION('',(-1.,-1.071962344858E-35));
#6699 = ( GEOMETRIC_REPRESENTATION_CONTEXT(2) 
PARAMETRIC_REPRESENTATION_CONTEXT() REPRESENTATION_CONTEXT('2D SPACE',''
  ) );
#6700 = PCURVE('',#6701,#6706);
#6701 = PLANE('',#6702);
#6702 = AXIS2_PLACEMENT_3D('',#6703,#6704,#6705);
#6703 = CARTESIAN_POINT('',(-6.,6.,-2.5));
#6704 = DIRECTION('',(0.,1.,0.));
#6705 = DIRECTION('',(0.,-0.,1.));
#6706 = DEFINITIONAL_REPRESENTATION('',(#6707),#6711);
#6707 = LINE('',#6708,#6709);
#6708 = CARTESIAN_POINT('',(0.,0.2));
#6709 = VECTOR('',#6710,1.);
#6710 = DIRECTION('',(1.,0.));
#6711 = ( GEOMETRIC_REPRESENTATION_CONTEXT(2) 
PARAMETRIC_REPRESENTATION_CONTEXT() REPRESENTATION_CONTEXT('2D SPACE',''
  ) );
#6712 = ORIENTED_EDGE('',*,*,#6713,.F.);
#6713 = EDGE_CURVE('',#6329,#6686,#6714,.T.);
#6714 = SURFACE_CURVE('',#6715,(#6719,#6726),.PCURVE_S1.);
#6715 = LINE('',#6716,#6717);
#6716 = CARTESIAN_POINT('',(-5.9,5.9,-2.3));
#6717 = VECTOR('',#6718,1.);
#6718 = DIRECTION('',(0.707106781187,0.707106781187,3.161056144671E-15)
  );
#6719 = PCURVE('',#6372,#6720);
#6720 = DEFINITIONAL_REPRESENTATION('',(#6721),#6725);
#6721 = LINE('',#6722,#6723);
#6722 = CARTESIAN_POINT('',(-0.2,-1.071962344858E-36));
#6723 = VECTOR('',#6724,1.);
#6724 = DIRECTION('',(-3.161056144671E-15,1.));
#6725 = ( GEOMETRIC_REPRESENTATION_CONTEXT(2) 
PARAMETRIC_REPRESENTATION_CONTEXT() REPRESENTATION_CONTEXT('2D SPACE',''
  ) );
#6726 = PCURVE('',#6539,#6727);
#6727 = DEFINITIONAL_REPRESENTATION('',(#6728),#6732);
#6728 = LINE('',#6729,#6730);
#6729 = CARTESIAN_POINT('',(3.985320695153E-18,0.244948974278));
#6730 = VECTOR('',#6731,1.);
#6731 = DIRECTION('',(1.,2.640260196847E-15));
#6732 = ( GEOMETRIC_REPRESENTATION_CONTEXT(2) 
PARAMETRIC_REPRESENTATION_CONTEXT() REPRESENTATION_CONTEXT('2D SPACE',''
  ) );
#6733 = ADVANCED_FACE('',(#6734),#6484,.T.);
#6734 = FACE_BOUND('',#6735,.T.);
#6735 = EDGE_LOOP('',(#6736,#6737,#6763));
#6736 = ORIENTED_EDGE('',*,*,#6499,.F.);
#6737 = ORIENTED_EDGE('',*,*,#6738,.T.);
#6738 = EDGE_CURVE('',#6500,#6443,#6739,.T.);
#6739 = SURFACE_CURVE('',#6740,(#6744,#6751),.PCURVE_S1.);
#6740 = LINE('',#6741,#6742);
#6741 = CARTESIAN_POINT('',(-5.8,-5.85,-2.45));
#6742 = VECTOR('',#6743,1.);
#6743 = DIRECTION('',(-1.34228272323E-15,-0.707106781187,0.707106781187)
  );
#6744 = PCURVE('',#6484,#6745);
#6745 = DEFINITIONAL_REPRESENTATION('',(#6746),#6750);
#6746 = LINE('',#6747,#6748);
#6747 = CARTESIAN_POINT('',(3.535533905933E-02,6.123724356958E-02));
#6748 = VECTOR('',#6749,1.);
#6749 = DIRECTION('',(0.5,0.866025403784));
#6750 = ( GEOMETRIC_REPRESENTATION_CONTEXT(2) 
PARAMETRIC_REPRESENTATION_CONTEXT() REPRESENTATION_CONTEXT('2D SPACE',''
  ) );
#6751 = PCURVE('',#6752,#6757);
#6752 = PLANE('',#6753);
#6753 = AXIS2_PLACEMENT_3D('',#6754,#6755,#6756);
#6754 = CARTESIAN_POINT('',(-6.,-5.9,-2.4));
#6755 = DIRECTION('',(-8.657438204268E-19,-0.707106781187,
    -0.707106781187));
#6756 = DIRECTION('',(-1.,6.121733261942E-19,6.121733261942E-19));
#6757 = DEFINITIONAL_REPRESENTATION('',(#6758),#6762);
#6758 = LINE('',#6759,#6760);
#6759 = CARTESIAN_POINT('',(-0.2,7.071067811866E-02));
#6760 = VECTOR('',#6761,1.);
#6761 = DIRECTION('',(1.34228272323E-15,-1.));
#6762 = ( GEOMETRIC_REPRESENTATION_CONTEXT(2) 
PARAMETRIC_REPRESENTATION_CONTEXT() REPRESENTATION_CONTEXT('2D SPACE',''
  ) );
#6763 = ORIENTED_EDGE('',*,*,#6470,.F.);
#6764 = ADVANCED_FACE('',(#6765),#6430,.F.);
#6765 = FACE_BOUND('',#6766,.F.);
#6766 = EDGE_LOOP('',(#6767,#6768,#6794));
#6767 = ORIENTED_EDGE('',*,*,#6580,.F.);
#6768 = ORIENTED_EDGE('',*,*,#6769,.T.);
#6769 = EDGE_CURVE('',#6581,#6415,#6770,.T.);
#6770 = SURFACE_CURVE('',#6771,(#6775,#6782),.PCURVE_S1.);
#6771 = LINE('',#6772,#6773);
#6772 = CARTESIAN_POINT('',(-5.8,-5.85,2.45));
#6773 = VECTOR('',#6774,1.);
#6774 = DIRECTION('',(-1.34228272323E-15,-0.707106781187,-0.707106781187
    ));
#6775 = PCURVE('',#6430,#6776);
#6776 = DEFINITIONAL_REPRESENTATION('',(#6777),#6781);
#6777 = LINE('',#6778,#6779);
#6778 = CARTESIAN_POINT('',(3.535533905933E-02,6.123724356958E-02));
#6779 = VECTOR('',#6780,1.);
#6780 = DIRECTION('',(0.5,0.866025403784));
#6781 = ( GEOMETRIC_REPRESENTATION_CONTEXT(2) 
PARAMETRIC_REPRESENTATION_CONTEXT() REPRESENTATION_CONTEXT('2D SPACE',''
  ) );
#6782 = PCURVE('',#6783,#6788);
#6783 = PLANE('',#6784);
#6784 = AXIS2_PLACEMENT_3D('',#6785,#6786,#6787);
#6785 = CARTESIAN_POINT('',(-6.,-5.9,2.4));
#6786 = DIRECTION('',(8.657438204268E-19,0.707106781187,-0.707106781187)
  );
#6787 = DIRECTION('',(-1.,6.121733261942E-19,-6.121733261942E-19));
#6788 = DEFINITIONAL_REPRESENTATION('',(#6789),#6793);
#6789 = LINE('',#6790,#6791);
#6790 = CARTESIAN_POINT('',(-0.2,7.071067811866E-02));
#6791 = VECTOR('',#6792,1.);
#6792 = DIRECTION('',(1.34228272323E-15,-1.));
#6793 = ( GEOMETRIC_REPRESENTATION_CONTEXT(2) 
PARAMETRIC_REPRESENTATION_CONTEXT() REPRESENTATION_CONTEXT('2D SPACE',''
  ) );
#6794 = ORIENTED_EDGE('',*,*,#6414,.F.);
#6795 = ADVANCED_FACE('',(#6796),#6458,.F.);
#6796 = FACE_BOUND('',#6797,.F.);
#6797 = EDGE_LOOP('',(#6798,#6799,#6822,#6850));
#6798 = ORIENTED_EDGE('',*,*,#6442,.T.);
#6799 = ORIENTED_EDGE('',*,*,#6800,.T.);
#6800 = EDGE_CURVE('',#6415,#6801,#6803,.T.);
#6801 = VERTEX_POINT('',#6802);
#6802 = CARTESIAN_POINT('',(5.8,-6.,2.3));
#6803 = SURFACE_CURVE('',#6804,(#6808,#6815),.PCURVE_S1.);
#6804 = LINE('',#6805,#6806);
#6805 = CARTESIAN_POINT('',(-6.,-6.,2.3));
#6806 = VECTOR('',#6807,1.);
#6807 = DIRECTION('',(1.,0.,0.));
#6808 = PCURVE('',#6458,#6809);
#6809 = DEFINITIONAL_REPRESENTATION('',(#6810),#6814);
#6810 = LINE('',#6811,#6812);
#6811 = CARTESIAN_POINT('',(4.8,0.));
#6812 = VECTOR('',#6813,1.);
#6813 = DIRECTION('',(0.,1.));
#6814 = ( GEOMETRIC_REPRESENTATION_CONTEXT(2) 
PARAMETRIC_REPRESENTATION_CONTEXT() REPRESENTATION_CONTEXT('2D SPACE',''
  ) );
#6815 = PCURVE('',#6783,#6816);
#6816 = DEFINITIONAL_REPRESENTATION('',(#6817),#6821);
#6817 = LINE('',#6818,#6819);
#6818 = CARTESIAN_POINT('',(-3.227948663603E-36,-0.141421356237));
#6819 = VECTOR('',#6820,1.);
#6820 = DIRECTION('',(-1.,-1.556835520536E-35));
#6821 = ( GEOMETRIC_REPRESENTATION_CONTEXT(2) 
PARAMETRIC_REPRESENTATION_CONTEXT() REPRESENTATION_CONTEXT('2D SPACE',''
  ) );
#6822 = ORIENTED_EDGE('',*,*,#6823,.F.);
#6823 = EDGE_CURVE('',#6824,#6801,#6826,.T.);
#6824 = VERTEX_POINT('',#6825);
#6825 = CARTESIAN_POINT('',(5.8,-6.,-2.3));
#6826 = SURFACE_CURVE('',#6827,(#6831,#6838),.PCURVE_S1.);
#6827 = LINE('',#6828,#6829);
#6828 = CARTESIAN_POINT('',(5.8,-6.,-2.5));
#6829 = VECTOR('',#6830,1.);
#6830 = DIRECTION('',(0.,0.,1.));
#6831 = PCURVE('',#6458,#6832);
#6832 = DEFINITIONAL_REPRESENTATION('',(#6833),#6837);
#6833 = LINE('',#6834,#6835);
#6834 = CARTESIAN_POINT('',(0.,11.8));
#6835 = VECTOR('',#6836,1.);
#6836 = DIRECTION('',(1.,0.));
#6837 = ( GEOMETRIC_REPRESENTATION_CONTEXT(2) 
PARAMETRIC_REPRESENTATION_CONTEXT() REPRESENTATION_CONTEXT('2D SPACE',''
  ) );
#6838 = PCURVE('',#6839,#6844);
#6839 = PLANE('',#6840);
#6840 = AXIS2_PLACEMENT_3D('',#6841,#6842,#6843);
#6841 = CARTESIAN_POINT('',(5.9,-5.9,-2.5));
#6842 = DIRECTION('',(-0.707106781187,0.707106781187,-1.508400545651E-19
    ));
#6843 = DIRECTION('',(1.066600254575E-19,-1.066600254575E-19,-1.));
#6844 = DEFINITIONAL_REPRESENTATION('',(#6845),#6849);
#6845 = LINE('',#6846,#6847);
#6846 = CARTESIAN_POINT('',(9.537022492023E-35,0.141421356237));
#6847 = VECTOR('',#6848,1.);
#6848 = DIRECTION('',(-1.,-1.071962344858E-35));
#6849 = ( GEOMETRIC_REPRESENTATION_CONTEXT(2) 
PARAMETRIC_REPRESENTATION_CONTEXT() REPRESENTATION_CONTEXT('2D SPACE',''
  ) );
#6850 = ORIENTED_EDGE('',*,*,#6851,.F.);
#6851 = EDGE_CURVE('',#6443,#6824,#6852,.T.);
#6852 = SURFACE_CURVE('',#6853,(#6857,#6864),.PCURVE_S1.);
#6853 = LINE('',#6854,#6855);
#6854 = CARTESIAN_POINT('',(-6.,-6.,-2.3));
#6855 = VECTOR('',#6856,1.);
#6856 = DIRECTION('',(1.,0.,0.));
#6857 = PCURVE('',#6458,#6858);
#6858 = DEFINITIONAL_REPRESENTATION('',(#6859),#6863);
#6859 = LINE('',#6860,#6861);
#6860 = CARTESIAN_POINT('',(0.2,0.));
#6861 = VECTOR('',#6862,1.);
#6862 = DIRECTION('',(0.,1.));
#6863 = ( GEOMETRIC_REPRESENTATION_CONTEXT(2) 
PARAMETRIC_REPRESENTATION_CONTEXT() REPRESENTATION_CONTEXT('2D SPACE',''
  ) );
#6864 = PCURVE('',#6752,#6865);
#6865 = DEFINITIONAL_REPRESENTATION('',(#6866),#6870);
#6866 = LINE('',#6867,#6868);
#6867 = CARTESIAN_POINT('',(-3.227948663603E-36,-0.141421356237));
#6868 = VECTOR('',#6869,1.);
#6869 = DIRECTION('',(-1.,-1.556835520536E-35));
#6870 = ( GEOMETRIC_REPRESENTATION_CONTEXT(2) 
PARAMETRIC_REPRESENTATION_CONTEXT() REPRESENTATION_CONTEXT('2D SPACE',''
  ) );
#6871 = ADVANCED_FACE('',(#6872),#6565,.F.);
#6872 = FACE_BOUND('',#6873,.F.);
#6873 = EDGE_LOOP('',(#6874,#6875,#6898,#6926));
#6874 = ORIENTED_EDGE('',*,*,#6551,.F.);
#6875 = ORIENTED_EDGE('',*,*,#6876,.T.);
#6876 = EDGE_CURVE('',#6500,#6877,#6879,.T.);
#6877 = VERTEX_POINT('',#6878);
#6878 = CARTESIAN_POINT('',(5.8,-5.8,-2.5));
#6879 = SURFACE_CURVE('',#6880,(#6884,#6891),.PCURVE_S1.);
#6880 = LINE('',#6881,#6882);
#6881 = CARTESIAN_POINT('',(-6.,-5.8,-2.5));
#6882 = VECTOR('',#6883,1.);
#6883 = DIRECTION('',(1.,0.,0.));
#6884 = PCURVE('',#6565,#6885);
#6885 = DEFINITIONAL_REPRESENTATION('',(#6886),#6890);
#6886 = LINE('',#6887,#6888);
#6887 = CARTESIAN_POINT('',(0.,0.2));
#6888 = VECTOR('',#6889,1.);
#6889 = DIRECTION('',(1.,0.));
#6890 = ( GEOMETRIC_REPRESENTATION_CONTEXT(2) 
PARAMETRIC_REPRESENTATION_CONTEXT() REPRESENTATION_CONTEXT('2D SPACE',''
  ) );
#6891 = PCURVE('',#6752,#6892);
#6892 = DEFINITIONAL_REPRESENTATION('',(#6893),#6897);
#6893 = LINE('',#6894,#6895);
#6894 = CARTESIAN_POINT('',(1.176608080805E-36,0.141421356237));
#6895 = VECTOR('',#6896,1.);
#6896 = DIRECTION('',(-1.,-1.556835520536E-35));
#6897 = ( GEOMETRIC_REPRESENTATION_CONTEXT(2) 
PARAMETRIC_REPRESENTATION_CONTEXT() REPRESENTATION_CONTEXT('2D SPACE',''
  ) );
#6898 = ORIENTED_EDGE('',*,*,#6899,.T.);
#6899 = EDGE_CURVE('',#6877,#6900,#6902,.T.);
#6900 = VERTEX_POINT('',#6901);
#6901 = CARTESIAN_POINT('',(5.8,5.8,-2.5));
#6902 = SURFACE_CURVE('',#6903,(#6907,#6914),.PCURVE_S1.);
#6903 = LINE('',#6904,#6905);
#6904 = CARTESIAN_POINT('',(5.8,-6.,-2.5));
#6905 = VECTOR('',#6906,1.);
#6906 = DIRECTION('',(0.,1.,0.));
#6907 = PCURVE('',#6565,#6908);
#6908 = DEFINITIONAL_REPRESENTATION('',(#6909),#6913);
#6909 = LINE('',#6910,#6911);
#6910 = CARTESIAN_POINT('',(11.8,0.));
#6911 = VECTOR('',#6912,1.);
#6912 = DIRECTION('',(0.,1.));
#6913 = ( GEOMETRIC_REPRESENTATION_CONTEXT(2) 
PARAMETRIC_REPRESENTATION_CONTEXT() REPRESENTATION_CONTEXT('2D SPACE',''
  ) );
#6914 = PCURVE('',#6915,#6920);
#6915 = PLANE('',#6916);
#6916 = AXIS2_PLACEMENT_3D('',#6917,#6918,#6919);
#6917 = CARTESIAN_POINT('',(5.9,-6.,-2.4));
#6918 = DIRECTION('',(-0.707106781187,8.657438204268E-19,0.707106781187)
  );
#6919 = DIRECTION('',(6.121733261942E-19,1.,-6.121733261942E-19));
#6920 = DEFINITIONAL_REPRESENTATION('',(#6921),#6925);
#6921 = LINE('',#6922,#6923);
#6922 = CARTESIAN_POINT('',(-1.176608080805E-36,0.141421356237));
#6923 = VECTOR('',#6924,1.);
#6924 = DIRECTION('',(1.,-1.556835520536E-35));
#6925 = ( GEOMETRIC_REPRESENTATION_CONTEXT(2) 
PARAMETRIC_REPRESENTATION_CONTEXT() REPRESENTATION_CONTEXT('2D SPACE',''
  ) );
#6926 = ORIENTED_EDGE('',*,*,#6927,.F.);
#6927 = EDGE_CURVE('',#6524,#6900,#6928,.T.);
#6928 = SURFACE_CURVE('',#6929,(#6933,#6940),.PCURVE_S1.);
#6929 = LINE('',#6930,#6931);
#6930 = CARTESIAN_POINT('',(-6.,5.8,-2.5));
#6931 = VECTOR('',#6932,1.);
#6932 = DIRECTION('',(1.,0.,0.));
#6933 = PCURVE('',#6565,#6934);
#6934 = DEFINITIONAL_REPRESENTATION('',(#6935),#6939);
#6935 = LINE('',#6936,#6937);
#6936 = CARTESIAN_POINT('',(0.,11.8));
#6937 = VECTOR('',#6938,1.);
#6938 = DIRECTION('',(1.,0.));
#6939 = ( GEOMETRIC_REPRESENTATION_CONTEXT(2) 
PARAMETRIC_REPRESENTATION_CONTEXT() REPRESENTATION_CONTEXT('2D SPACE',''
  ) );
#6940 = PCURVE('',#6941,#6946);
#6941 = PLANE('',#6942);
#6942 = AXIS2_PLACEMENT_3D('',#6943,#6944,#6945);
#6943 = CARTESIAN_POINT('',(-6.,5.9,-2.4));
#6944 = DIRECTION('',(8.657438204268E-19,-0.707106781187,0.707106781187)
  );
#6945 = DIRECTION('',(-1.,-6.121733261942E-19,6.121733261942E-19));
#6946 = DEFINITIONAL_REPRESENTATION('',(#6947),#6951);
#6947 = LINE('',#6948,#6949);
#6948 = CARTESIAN_POINT('',(1.176608080805E-36,0.141421356237));
#6949 = VECTOR('',#6950,1.);
#6950 = DIRECTION('',(-1.,-1.556835520536E-35));
#6951 = ( GEOMETRIC_REPRESENTATION_CONTEXT(2) 
PARAMETRIC_REPRESENTATION_CONTEXT() REPRESENTATION_CONTEXT('2D SPACE',''
  ) );
#6952 = ADVANCED_FACE('',(#6953),#6539,.F.);
#6953 = FACE_BOUND('',#6954,.F.);
#6954 = EDGE_LOOP('',(#6955,#6956,#6977));
#6955 = ORIENTED_EDGE('',*,*,#6523,.F.);
#6956 = ORIENTED_EDGE('',*,*,#6957,.T.);
#6957 = EDGE_CURVE('',#6524,#6686,#6958,.T.);
#6958 = SURFACE_CURVE('',#6959,(#6963,#6970),.PCURVE_S1.);
#6959 = LINE('',#6960,#6961);
#6960 = CARTESIAN_POINT('',(-5.8,5.85,-2.45));
#6961 = VECTOR('',#6962,1.);
#6962 = DIRECTION('',(1.492672070777E-15,0.707106781187,0.707106781187)
  );
#6963 = PCURVE('',#6539,#6964);
#6964 = DEFINITIONAL_REPRESENTATION('',(#6965),#6969);
#6965 = LINE('',#6966,#6967);
#6966 = CARTESIAN_POINT('',(3.535533905933E-02,6.123724356958E-02));
#6967 = VECTOR('',#6968,1.);
#6968 = DIRECTION('',(0.5,0.866025403784));
#6969 = ( GEOMETRIC_REPRESENTATION_CONTEXT(2) 
PARAMETRIC_REPRESENTATION_CONTEXT() REPRESENTATION_CONTEXT('2D SPACE',''
  ) );
#6970 = PCURVE('',#6941,#6971);
#6971 = DEFINITIONAL_REPRESENTATION('',(#6972),#6976);
#6972 = LINE('',#6973,#6974);
#6973 = CARTESIAN_POINT('',(-0.2,7.071067811866E-02));
#6974 = VECTOR('',#6975,1.);
#6975 = DIRECTION('',(-1.492672070777E-15,-1.));
#6976 = ( GEOMETRIC_REPRESENTATION_CONTEXT(2) 
PARAMETRIC_REPRESENTATION_CONTEXT() REPRESENTATION_CONTEXT('2D SPACE',''
  ) );
#6977 = ORIENTED_EDGE('',*,*,#6713,.F.);
#6978 = ADVANCED_FACE('',(#6979),#6646,.T.);
#6979 = FACE_BOUND('',#6980,.T.);
#6980 = EDGE_LOOP('',(#6981,#6982,#7005,#7033));
#6981 = ORIENTED_EDGE('',*,*,#6632,.F.);
#6982 = ORIENTED_EDGE('',*,*,#6983,.T.);
#6983 = EDGE_CURVE('',#6581,#6984,#6986,.T.);
#6984 = VERTEX_POINT('',#6985);
#6985 = CARTESIAN_POINT('',(5.8,-5.8,2.5));
#6986 = SURFACE_CURVE('',#6987,(#6991,#6998),.PCURVE_S1.);
#6987 = LINE('',#6988,#6989);
#6988 = CARTESIAN_POINT('',(-6.,-5.8,2.5));
#6989 = VECTOR('',#6990,1.);
#6990 = DIRECTION('',(1.,0.,0.));
#6991 = PCURVE('',#6646,#6992);
#6992 = DEFINITIONAL_REPRESENTATION('',(#6993),#6997);
#6993 = LINE('',#6994,#6995);
#6994 = CARTESIAN_POINT('',(0.,0.2));
#6995 = VECTOR('',#6996,1.);
#6996 = DIRECTION('',(1.,0.));
#6997 = ( GEOMETRIC_REPRESENTATION_CONTEXT(2) 
PARAMETRIC_REPRESENTATION_CONTEXT() REPRESENTATION_CONTEXT('2D SPACE',''
  ) );
#6998 = PCURVE('',#6783,#6999);
#6999 = DEFINITIONAL_REPRESENTATION('',(#7000),#7004);
#7000 = LINE('',#7001,#7002);
#7001 = CARTESIAN_POINT('',(1.176608080805E-36,0.141421356237));
#7002 = VECTOR('',#7003,1.);
#7003 = DIRECTION('',(-1.,-1.556835520536E-35));
#7004 = ( GEOMETRIC_REPRESENTATION_CONTEXT(2) 
PARAMETRIC_REPRESENTATION_CONTEXT() REPRESENTATION_CONTEXT('2D SPACE',''
  ) );
#7005 = ORIENTED_EDGE('',*,*,#7006,.T.);
#7006 = EDGE_CURVE('',#6984,#7007,#7009,.T.);
#7007 = VERTEX_POINT('',#7008);
#7008 = CARTESIAN_POINT('',(5.8,5.8,2.5));
#7009 = SURFACE_CURVE('',#7010,(#7014,#7021),.PCURVE_S1.);
#7010 = LINE('',#7011,#7012);
#7011 = CARTESIAN_POINT('',(5.8,-6.,2.5));
#7012 = VECTOR('',#7013,1.);
#7013 = DIRECTION('',(0.,1.,0.));
#7014 = PCURVE('',#6646,#7015);
#7015 = DEFINITIONAL_REPRESENTATION('',(#7016),#7020);
#7016 = LINE('',#7017,#7018);
#7017 = CARTESIAN_POINT('',(11.8,0.));
#7018 = VECTOR('',#7019,1.);
#7019 = DIRECTION('',(0.,1.));
#7020 = ( GEOMETRIC_REPRESENTATION_CONTEXT(2) 
PARAMETRIC_REPRESENTATION_CONTEXT() REPRESENTATION_CONTEXT('2D SPACE',''
  ) );
#7021 = PCURVE('',#7022,#7027);
#7022 = PLANE('',#7023);
#7023 = AXIS2_PLACEMENT_3D('',#7024,#7025,#7026);
#7024 = CARTESIAN_POINT('',(5.9,-6.,2.4));
#7025 = DIRECTION('',(0.707106781187,-8.657438204268E-19,0.707106781187)
  );
#7026 = DIRECTION('',(6.121733261942E-19,1.,6.121733261942E-19));
#7027 = DEFINITIONAL_REPRESENTATION('',(#7028),#7032);
#7028 = LINE('',#7029,#7030);
#7029 = CARTESIAN_POINT('',(-1.176608080805E-36,0.141421356237));
#7030 = VECTOR('',#7031,1.);
#7031 = DIRECTION('',(1.,-1.556835520536E-35));
#7032 = ( GEOMETRIC_REPRESENTATION_CONTEXT(2) 
PARAMETRIC_REPRESENTATION_CONTEXT() REPRESENTATION_CONTEXT('2D SPACE',''
  ) );
#7033 = ORIENTED_EDGE('',*,*,#7034,.F.);
#7034 = EDGE_CURVE('',#6605,#7007,#7035,.T.);
#7035 = SURFACE_CURVE('',#7036,(#7040,#7047),.PCURVE_S1.);
#7036 = LINE('',#7037,#7038);
#7037 = CARTESIAN_POINT('',(-6.,5.8,2.5));
#7038 = VECTOR('',#7039,1.);
#7039 = DIRECTION('',(1.,0.,0.));
#7040 = PCURVE('',#6646,#7041);
#7041 = DEFINITIONAL_REPRESENTATION('',(#7042),#7046);
#7042 = LINE('',#7043,#7044);
#7043 = CARTESIAN_POINT('',(0.,11.8));
#7044 = VECTOR('',#7045,1.);
#7045 = DIRECTION('',(1.,0.));
#7046 = ( GEOMETRIC_REPRESENTATION_CONTEXT(2) 
PARAMETRIC_REPRESENTATION_CONTEXT() REPRESENTATION_CONTEXT('2D SPACE',''
  ) );
#7047 = PCURVE('',#7048,#7053);
#7048 = PLANE('',#7049);
#7049 = AXIS2_PLACEMENT_3D('',#7050,#7051,#7052);
#7050 = CARTESIAN_POINT('',(-6.,5.9,2.4));
#7051 = DIRECTION('',(-8.657438204268E-19,0.707106781187,0.707106781187)
  );
#7052 = DIRECTION('',(-1.,-6.121733261942E-19,-6.121733261942E-19));
#7053 = DEFINITIONAL_REPRESENTATION('',(#7054),#7058);
#7054 = LINE('',#7055,#7056);
#7055 = CARTESIAN_POINT('',(1.176608080805E-36,0.141421356237));
#7056 = VECTOR('',#7057,1.);
#7057 = DIRECTION('',(-1.,-1.556835520536E-35));
#7058 = ( GEOMETRIC_REPRESENTATION_CONTEXT(2) 
PARAMETRIC_REPRESENTATION_CONTEXT() REPRESENTATION_CONTEXT('2D SPACE',''
  ) );
#7059 = ADVANCED_FACE('',(#7060),#6620,.F.);
#7060 = FACE_BOUND('',#7061,.F.);
#7061 = EDGE_LOOP('',(#7062,#7063,#7084));
#7062 = ORIENTED_EDGE('',*,*,#6662,.F.);
#7063 = ORIENTED_EDGE('',*,*,#7064,.T.);
#7064 = EDGE_CURVE('',#6663,#6605,#7065,.T.);
#7065 = SURFACE_CURVE('',#7066,(#7070,#7077),.PCURVE_S1.);
#7066 = LINE('',#7067,#7068);
#7067 = CARTESIAN_POINT('',(-5.8,5.95,2.35));
#7068 = VECTOR('',#7069,1.);
#7069 = DIRECTION('',(-1.492672070777E-15,-0.707106781187,0.707106781187
    ));
#7070 = PCURVE('',#6620,#7071);
#7071 = DEFINITIONAL_REPRESENTATION('',(#7072),#7076);
#7072 = LINE('',#7073,#7074);
#7073 = CARTESIAN_POINT('',(3.535533905933E-02,6.123724356958E-02));
#7074 = VECTOR('',#7075,1.);
#7075 = DIRECTION('',(0.5,0.866025403784));
#7076 = ( GEOMETRIC_REPRESENTATION_CONTEXT(2) 
PARAMETRIC_REPRESENTATION_CONTEXT() REPRESENTATION_CONTEXT('2D SPACE',''
  ) );
#7077 = PCURVE('',#7048,#7078);
#7078 = DEFINITIONAL_REPRESENTATION('',(#7079),#7083);
#7079 = LINE('',#7080,#7081);
#7080 = CARTESIAN_POINT('',(-0.2,-7.071067811865E-02));
#7081 = VECTOR('',#7082,1.);
#7082 = DIRECTION('',(1.492672070777E-15,1.));
#7083 = ( GEOMETRIC_REPRESENTATION_CONTEXT(2) 
PARAMETRIC_REPRESENTATION_CONTEXT() REPRESENTATION_CONTEXT('2D SPACE',''
  ) );
#7084 = ORIENTED_EDGE('',*,*,#6604,.F.);
#7085 = ADVANCED_FACE('',(#7086),#6701,.T.);
#7086 = FACE_BOUND('',#7087,.T.);
#7087 = EDGE_LOOP('',(#7088,#7089,#7112,#7140));
#7088 = ORIENTED_EDGE('',*,*,#6685,.T.);
#7089 = ORIENTED_EDGE('',*,*,#7090,.T.);
#7090 = EDGE_CURVE('',#6663,#7091,#7093,.T.);
#7091 = VERTEX_POINT('',#7092);
#7092 = CARTESIAN_POINT('',(5.8,6.,2.3));
#7093 = SURFACE_CURVE('',#7094,(#7098,#7105),.PCURVE_S1.);
#7094 = LINE('',#7095,#7096);
#7095 = CARTESIAN_POINT('',(-6.,6.,2.3));
#7096 = VECTOR('',#7097,1.);
#7097 = DIRECTION('',(1.,0.,0.));
#7098 = PCURVE('',#6701,#7099);
#7099 = DEFINITIONAL_REPRESENTATION('',(#7100),#7104);
#7100 = LINE('',#7101,#7102);
#7101 = CARTESIAN_POINT('',(4.8,0.));
#7102 = VECTOR('',#7103,1.);
#7103 = DIRECTION('',(0.,1.));
#7104 = ( GEOMETRIC_REPRESENTATION_CONTEXT(2) 
PARAMETRIC_REPRESENTATION_CONTEXT() REPRESENTATION_CONTEXT('2D SPACE',''
  ) );
#7105 = PCURVE('',#7048,#7106);
#7106 = DEFINITIONAL_REPRESENTATION('',(#7107),#7111);
#7107 = LINE('',#7108,#7109);
#7108 = CARTESIAN_POINT('',(-3.227948663603E-36,-0.141421356237));
#7109 = VECTOR('',#7110,1.);
#7110 = DIRECTION('',(-1.,-1.556835520536E-35));
#7111 = ( GEOMETRIC_REPRESENTATION_CONTEXT(2) 
PARAMETRIC_REPRESENTATION_CONTEXT() REPRESENTATION_CONTEXT('2D SPACE',''
  ) );
#7112 = ORIENTED_EDGE('',*,*,#7113,.F.);
#7113 = EDGE_CURVE('',#7114,#7091,#7116,.T.);
#7114 = VERTEX_POINT('',#7115);
#7115 = CARTESIAN_POINT('',(5.8,6.,-2.3));
#7116 = SURFACE_CURVE('',#7117,(#7121,#7128),.PCURVE_S1.);
#7117 = LINE('',#7118,#7119);
#7118 = CARTESIAN_POINT('',(5.8,6.,-2.5));
#7119 = VECTOR('',#7120,1.);
#7120 = DIRECTION('',(0.,0.,1.));
#7121 = PCURVE('',#6701,#7122);
#7122 = DEFINITIONAL_REPRESENTATION('',(#7123),#7127);
#7123 = LINE('',#7124,#7125);
#7124 = CARTESIAN_POINT('',(0.,11.8));
#7125 = VECTOR('',#7126,1.);
#7126 = DIRECTION('',(1.,0.));
#7127 = ( GEOMETRIC_REPRESENTATION_CONTEXT(2) 
PARAMETRIC_REPRESENTATION_CONTEXT() REPRESENTATION_CONTEXT('2D SPACE',''
  ) );
#7128 = PCURVE('',#7129,#7134);
#7129 = PLANE('',#7130);
#7130 = AXIS2_PLACEMENT_3D('',#7131,#7132,#7133);
#7131 = CARTESIAN_POINT('',(5.9,5.9,-2.5));
#7132 = DIRECTION('',(0.707106781187,0.707106781187,1.508400545651E-19)
  );
#7133 = DIRECTION('',(1.066600254575E-19,1.066600254575E-19,-1.));
#7134 = DEFINITIONAL_REPRESENTATION('',(#7135),#7139);
#7135 = LINE('',#7136,#7137);
#7136 = CARTESIAN_POINT('',(9.537022492023E-35,0.141421356237));
#7137 = VECTOR('',#7138,1.);
#7138 = DIRECTION('',(-1.,-1.071962344858E-35));
#7139 = ( GEOMETRIC_REPRESENTATION_CONTEXT(2) 
PARAMETRIC_REPRESENTATION_CONTEXT() REPRESENTATION_CONTEXT('2D SPACE',''
  ) );
#7140 = ORIENTED_EDGE('',*,*,#7141,.F.);
#7141 = EDGE_CURVE('',#6686,#7114,#7142,.T.);
#7142 = SURFACE_CURVE('',#7143,(#7147,#7154),.PCURVE_S1.);
#7143 = LINE('',#7144,#7145);
#7144 = CARTESIAN_POINT('',(-6.,6.,-2.3));
#7145 = VECTOR('',#7146,1.);
#7146 = DIRECTION('',(1.,0.,0.));
#7147 = PCURVE('',#6701,#7148);
#7148 = DEFINITIONAL_REPRESENTATION('',(#7149),#7153);
#7149 = LINE('',#7150,#7151);
#7150 = CARTESIAN_POINT('',(0.2,0.));
#7151 = VECTOR('',#7152,1.);
#7152 = DIRECTION('',(0.,1.));
#7153 = ( GEOMETRIC_REPRESENTATION_CONTEXT(2) 
PARAMETRIC_REPRESENTATION_CONTEXT() REPRESENTATION_CONTEXT('2D SPACE',''
  ) );
#7154 = PCURVE('',#6941,#7155);
#7155 = DEFINITIONAL_REPRESENTATION('',(#7156),#7160);
#7156 = LINE('',#7157,#7158);
#7157 = CARTESIAN_POINT('',(-3.227948663603E-36,-0.141421356237));
#7158 = VECTOR('',#7159,1.);
#7159 = DIRECTION('',(-1.,-1.556835520536E-35));
#7160 = ( GEOMETRIC_REPRESENTATION_CONTEXT(2) 
PARAMETRIC_REPRESENTATION_CONTEXT() REPRESENTATION_CONTEXT('2D SPACE',''
  ) );
#7161 = ADVANCED_FACE('',(#7162),#6752,.T.);
#7162 = FACE_BOUND('',#7163,.F.);
#7163 = EDGE_LOOP('',(#7164,#7165,#7166,#7192));
#7164 = ORIENTED_EDGE('',*,*,#6738,.T.);
#7165 = ORIENTED_EDGE('',*,*,#6851,.T.);
#7166 = ORIENTED_EDGE('',*,*,#7167,.F.);
#7167 = EDGE_CURVE('',#6877,#6824,#7168,.T.);
#7168 = SURFACE_CURVE('',#7169,(#7173,#7180),.PCURVE_S1.);
#7169 = LINE('',#7170,#7171);
#7170 = CARTESIAN_POINT('',(5.8,-5.85,-2.45));
#7171 = VECTOR('',#7172,1.);
#7172 = DIRECTION('',(1.584068227435E-15,-0.707106781187,0.707106781187)
  );
#7173 = PCURVE('',#6752,#7174);
#7174 = DEFINITIONAL_REPRESENTATION('',(#7175),#7179);
#7175 = LINE('',#7176,#7177);
#7176 = CARTESIAN_POINT('',(-11.8,7.071067811866E-02));
#7177 = VECTOR('',#7178,1.);
#7178 = DIRECTION('',(-1.584068227435E-15,-1.));
#7179 = ( GEOMETRIC_REPRESENTATION_CONTEXT(2) 
PARAMETRIC_REPRESENTATION_CONTEXT() REPRESENTATION_CONTEXT('2D SPACE',''
  ) );
#7180 = PCURVE('',#7181,#7186);
#7181 = PLANE('',#7182);
#7182 = AXIS2_PLACEMENT_3D('',#7183,#7184,#7185);
#7183 = CARTESIAN_POINT('',(5.8,-5.8,-2.5));
#7184 = DIRECTION('',(-0.57735026919,0.57735026919,0.57735026919));
#7185 = DIRECTION('',(-0.707106781187,-0.707106781187,4.441398764916E-17
    ));
#7186 = DEFINITIONAL_REPRESENTATION('',(#7187),#7191);
#7187 = LINE('',#7188,#7189);
#7188 = CARTESIAN_POINT('',(3.535533905933E-02,6.123724356958E-02));
#7189 = VECTOR('',#7190,1.);
#7190 = DIRECTION('',(0.5,0.866025403784));
#7191 = ( GEOMETRIC_REPRESENTATION_CONTEXT(2) 
PARAMETRIC_REPRESENTATION_CONTEXT() REPRESENTATION_CONTEXT('2D SPACE',''
  ) );
#7192 = ORIENTED_EDGE('',*,*,#6876,.F.);
#7193 = ADVANCED_FACE('',(#7194),#6783,.F.);
#7194 = FACE_BOUND('',#7195,.T.);
#7195 = EDGE_LOOP('',(#7196,#7197,#7198,#7224));
#7196 = ORIENTED_EDGE('',*,*,#6769,.T.);
#7197 = ORIENTED_EDGE('',*,*,#6800,.T.);
#7198 = ORIENTED_EDGE('',*,*,#7199,.F.);
#7199 = EDGE_CURVE('',#6984,#6801,#7200,.T.);
#7200 = SURFACE_CURVE('',#7201,(#7205,#7212),.PCURVE_S1.);
#7201 = LINE('',#7202,#7203);
#7202 = CARTESIAN_POINT('',(5.8,-5.85,2.45));
#7203 = VECTOR('',#7204,1.);
#7204 = DIRECTION('',(1.584068227435E-15,-0.707106781187,-0.707106781187
    ));
#7205 = PCURVE('',#6783,#7206);
#7206 = DEFINITIONAL_REPRESENTATION('',(#7207),#7211);
#7207 = LINE('',#7208,#7209);
#7208 = CARTESIAN_POINT('',(-11.8,7.071067811866E-02));
#7209 = VECTOR('',#7210,1.);
#7210 = DIRECTION('',(-1.584068227435E-15,-1.));
#7211 = ( GEOMETRIC_REPRESENTATION_CONTEXT(2) 
PARAMETRIC_REPRESENTATION_CONTEXT() REPRESENTATION_CONTEXT('2D SPACE',''
  ) );
#7212 = PCURVE('',#7213,#7218);
#7213 = PLANE('',#7214);
#7214 = AXIS2_PLACEMENT_3D('',#7215,#7216,#7217);
#7215 = CARTESIAN_POINT('',(5.8,-5.8,2.5));
#7216 = DIRECTION('',(0.57735026919,-0.57735026919,0.57735026919));
#7217 = DIRECTION('',(-0.707106781187,-0.707106781187,
    -4.441398764916E-17));
#7218 = DEFINITIONAL_REPRESENTATION('',(#7219),#7223);
#7219 = LINE('',#7220,#7221);
#7220 = CARTESIAN_POINT('',(3.535533905933E-02,6.123724356958E-02));
#7221 = VECTOR('',#7222,1.);
#7222 = DIRECTION('',(0.5,0.866025403784));
#7223 = ( GEOMETRIC_REPRESENTATION_CONTEXT(2) 
PARAMETRIC_REPRESENTATION_CONTEXT() REPRESENTATION_CONTEXT('2D SPACE',''
  ) );
#7224 = ORIENTED_EDGE('',*,*,#6983,.F.);
#7225 = ADVANCED_FACE('',(#7226),#6839,.F.);
#7226 = FACE_BOUND('',#7227,.T.);
#7227 = EDGE_LOOP('',(#7228,#7258,#7279,#7280));
#7228 = ORIENTED_EDGE('',*,*,#7229,.T.);
#7229 = EDGE_CURVE('',#7230,#7232,#7234,.T.);
#7230 = VERTEX_POINT('',#7231);
#7231 = CARTESIAN_POINT('',(6.,-5.8,-2.3));
#7232 = VERTEX_POINT('',#7233);
#7233 = CARTESIAN_POINT('',(6.,-5.8,2.3));
#7234 = SURFACE_CURVE('',#7235,(#7239,#7246),.PCURVE_S1.);
#7235 = LINE('',#7236,#7237);
#7236 = CARTESIAN_POINT('',(6.,-5.8,-2.5));
#7237 = VECTOR('',#7238,1.);
#7238 = DIRECTION('',(0.,0.,1.));
#7239 = PCURVE('',#6839,#7240);
#7240 = DEFINITIONAL_REPRESENTATION('',(#7241),#7245);
#7241 = LINE('',#7242,#7243);
#7242 = CARTESIAN_POINT('',(9.415477238613E-35,-0.141421356237));
#7243 = VECTOR('',#7244,1.);
#7244 = DIRECTION('',(-1.,-1.071962344858E-35));
#7245 = ( GEOMETRIC_REPRESENTATION_CONTEXT(2) 
PARAMETRIC_REPRESENTATION_CONTEXT() REPRESENTATION_CONTEXT('2D SPACE',''
  ) );
#7246 = PCURVE('',#7247,#7252);
#7247 = PLANE('',#7248);
#7248 = AXIS2_PLACEMENT_3D('',#7249,#7250,#7251);
#7249 = CARTESIAN_POINT('',(6.,-6.,-2.5));
#7250 = DIRECTION('',(1.,0.,0.));
#7251 = DIRECTION('',(0.,0.,1.));
#7252 = DEFINITIONAL_REPRESENTATION('',(#7253),#7257);
#7253 = LINE('',#7254,#7255);
#7254 = CARTESIAN_POINT('',(0.,-0.2));
#7255 = VECTOR('',#7256,1.);
#7256 = DIRECTION('',(1.,0.));
#7257 = ( GEOMETRIC_REPRESENTATION_CONTEXT(2) 
PARAMETRIC_REPRESENTATION_CONTEXT() REPRESENTATION_CONTEXT('2D SPACE',''
  ) );
#7258 = ORIENTED_EDGE('',*,*,#7259,.T.);
#7259 = EDGE_CURVE('',#7232,#6801,#7260,.T.);
#7260 = SURFACE_CURVE('',#7261,(#7265,#7272),.PCURVE_S1.);
#7261 = LINE('',#7262,#7263);
#7262 = CARTESIAN_POINT('',(5.9,-5.9,2.3));
#7263 = VECTOR('',#7264,1.);
#7264 = DIRECTION('',(-0.707106781187,-0.707106781187,3.139234185532E-15
    ));
#7265 = PCURVE('',#6839,#7266);
#7266 = DEFINITIONAL_REPRESENTATION('',(#7267),#7271);
#7267 = LINE('',#7268,#7269);
#7268 = CARTESIAN_POINT('',(-4.8,-2.572709627658E-35));
#7269 = VECTOR('',#7270,1.);
#7270 = DIRECTION('',(-3.139234185532E-15,1.));
#7271 = ( GEOMETRIC_REPRESENTATION_CONTEXT(2) 
PARAMETRIC_REPRESENTATION_CONTEXT() REPRESENTATION_CONTEXT('2D SPACE',''
  ) );
#7272 = PCURVE('',#7213,#7273);
#7273 = DEFINITIONAL_REPRESENTATION('',(#7274),#7278);
#7274 = LINE('',#7275,#7276);
#7275 = CARTESIAN_POINT('',(1.50875509414E-17,0.244948974278));
#7276 = VECTOR('',#7277,1.);
#7277 = DIRECTION('',(1.,-2.538530536985E-15));
#7278 = ( GEOMETRIC_REPRESENTATION_CONTEXT(2) 
PARAMETRIC_REPRESENTATION_CONTEXT() REPRESENTATION_CONTEXT('2D SPACE',''
  ) );
#7279 = ORIENTED_EDGE('',*,*,#6823,.F.);
#7280 = ORIENTED_EDGE('',*,*,#7281,.F.);
#7281 = EDGE_CURVE('',#7230,#6824,#7282,.T.);
#7282 = SURFACE_CURVE('',#7283,(#7287,#7294),.PCURVE_S1.);
#7283 = LINE('',#7284,#7285);
#7284 = CARTESIAN_POINT('',(5.9,-5.9,-2.3));
#7285 = VECTOR('',#7286,1.);
#7286 = DIRECTION('',(-0.707106781187,-0.707106781187,
    -3.139234185532E-15));
#7287 = PCURVE('',#6839,#7288);
#7288 = DEFINITIONAL_REPRESENTATION('',(#7289),#7293);
#7289 = LINE('',#7290,#7291);
#7290 = CARTESIAN_POINT('',(-0.2,-1.071962344858E-36));
#7291 = VECTOR('',#7292,1.);
#7292 = DIRECTION('',(3.139234185532E-15,1.));
#7293 = ( GEOMETRIC_REPRESENTATION_CONTEXT(2) 
PARAMETRIC_REPRESENTATION_CONTEXT() REPRESENTATION_CONTEXT('2D SPACE',''
  ) );
#7294 = PCURVE('',#7181,#7295);
#7295 = DEFINITIONAL_REPRESENTATION('',(#7296),#7300);
#7296 = LINE('',#7297,#7298);
#7297 = CARTESIAN_POINT('',(1.50875509414E-17,0.244948974278));
#7298 = VECTOR('',#7299,1.);
#7299 = DIRECTION('',(1.,-2.538530536985E-15));
#7300 = ( GEOMETRIC_REPRESENTATION_CONTEXT(2) 
PARAMETRIC_REPRESENTATION_CONTEXT() REPRESENTATION_CONTEXT('2D SPACE',''
  ) );
#7301 = ADVANCED_FACE('',(#7302),#6941,.F.);
#7302 = FACE_BOUND('',#7303,.T.);
#7303 = EDGE_LOOP('',(#7304,#7305,#7306,#7332));
#7304 = ORIENTED_EDGE('',*,*,#6957,.T.);
#7305 = ORIENTED_EDGE('',*,*,#7141,.T.);
#7306 = ORIENTED_EDGE('',*,*,#7307,.F.);
#7307 = EDGE_CURVE('',#6900,#7114,#7308,.T.);
#7308 = SURFACE_CURVE('',#7309,(#7313,#7320),.PCURVE_S1.);
#7309 = LINE('',#7310,#7311);
#7310 = CARTESIAN_POINT('',(5.8,5.85,-2.45));
#7311 = VECTOR('',#7312,1.);
#7312 = DIRECTION('',(-1.522834557674E-15,0.707106781187,0.707106781187)
  );
#7313 = PCURVE('',#6941,#7314);
#7314 = DEFINITIONAL_REPRESENTATION('',(#7315),#7319);
#7315 = LINE('',#7316,#7317);
#7316 = CARTESIAN_POINT('',(-11.8,7.071067811866E-02));
#7317 = VECTOR('',#7318,1.);
#7318 = DIRECTION('',(1.522834557674E-15,-1.));
#7319 = ( GEOMETRIC_REPRESENTATION_CONTEXT(2) 
PARAMETRIC_REPRESENTATION_CONTEXT() REPRESENTATION_CONTEXT('2D SPACE',''
  ) );
#7320 = PCURVE('',#7321,#7326);
#7321 = PLANE('',#7322);
#7322 = AXIS2_PLACEMENT_3D('',#7323,#7324,#7325);
#7323 = CARTESIAN_POINT('',(5.8,5.8,-2.5));
#7324 = DIRECTION('',(0.57735026919,0.57735026919,-0.57735026919));
#7325 = DIRECTION('',(-0.707106781187,0.707106781187,-1.10971635821E-17)
  );
#7326 = DEFINITIONAL_REPRESENTATION('',(#7327),#7331);
#7327 = LINE('',#7328,#7329);
#7328 = CARTESIAN_POINT('',(3.535533905933E-02,6.123724356958E-02));
#7329 = VECTOR('',#7330,1.);
#7330 = DIRECTION('',(0.5,0.866025403784));
#7331 = ( GEOMETRIC_REPRESENTATION_CONTEXT(2) 
PARAMETRIC_REPRESENTATION_CONTEXT() REPRESENTATION_CONTEXT('2D SPACE',''
  ) );
#7332 = ORIENTED_EDGE('',*,*,#6927,.F.);
#7333 = ADVANCED_FACE('',(#7334),#6915,.F.);
#7334 = FACE_BOUND('',#7335,.F.);
#7335 = EDGE_LOOP('',(#7336,#7357,#7380,#7401));
#7336 = ORIENTED_EDGE('',*,*,#7337,.T.);
#7337 = EDGE_CURVE('',#6877,#7230,#7338,.T.);
#7338 = SURFACE_CURVE('',#7339,(#7343,#7350),.PCURVE_S1.);
#7339 = LINE('',#7340,#7341);
#7340 = CARTESIAN_POINT('',(5.85,-5.8,-2.45));
#7341 = VECTOR('',#7342,1.);
#7342 = DIRECTION('',(0.707106781187,1.54141202939E-15,0.707106781187));
#7343 = PCURVE('',#6915,#7344);
#7344 = DEFINITIONAL_REPRESENTATION('',(#7345),#7349);
#7345 = LINE('',#7346,#7347);
#7346 = CARTESIAN_POINT('',(0.2,7.071067811866E-02));
#7347 = VECTOR('',#7348,1.);
#7348 = DIRECTION('',(1.54141202939E-15,-1.));
#7349 = ( GEOMETRIC_REPRESENTATION_CONTEXT(2) 
PARAMETRIC_REPRESENTATION_CONTEXT() REPRESENTATION_CONTEXT('2D SPACE',''
  ) );
#7350 = PCURVE('',#7181,#7351);
#7351 = DEFINITIONAL_REPRESENTATION('',(#7352),#7356);
#7352 = LINE('',#7353,#7354);
#7353 = CARTESIAN_POINT('',(-3.535533905933E-02,6.123724356958E-02));
#7354 = VECTOR('',#7355,1.);
#7355 = DIRECTION('',(-0.5,0.866025403784));
#7356 = ( GEOMETRIC_REPRESENTATION_CONTEXT(2) 
PARAMETRIC_REPRESENTATION_CONTEXT() REPRESENTATION_CONTEXT('2D SPACE',''
  ) );
#7357 = ORIENTED_EDGE('',*,*,#7358,.T.);
#7358 = EDGE_CURVE('',#7230,#7359,#7361,.T.);
#7359 = VERTEX_POINT('',#7360);
#7360 = CARTESIAN_POINT('',(6.,5.8,-2.3));
#7361 = SURFACE_CURVE('',#7362,(#7366,#7373),.PCURVE_S1.);
#7362 = LINE('',#7363,#7364);
#7363 = CARTESIAN_POINT('',(6.,-6.,-2.3));
#7364 = VECTOR('',#7365,1.);
#7365 = DIRECTION('',(0.,1.,0.));
#7366 = PCURVE('',#6915,#7367);
#7367 = DEFINITIONAL_REPRESENTATION('',(#7368),#7372);
#7368 = LINE('',#7369,#7370);
#7369 = CARTESIAN_POINT('',(3.227948663603E-36,-0.141421356237));
#7370 = VECTOR('',#7371,1.);
#7371 = DIRECTION('',(1.,-1.556835520536E-35));
#7372 = ( GEOMETRIC_REPRESENTATION_CONTEXT(2) 
PARAMETRIC_REPRESENTATION_CONTEXT() REPRESENTATION_CONTEXT('2D SPACE',''
  ) );
#7373 = PCURVE('',#7247,#7374);
#7374 = DEFINITIONAL_REPRESENTATION('',(#7375),#7379);
#7375 = LINE('',#7376,#7377);
#7376 = CARTESIAN_POINT('',(0.2,0.));
#7377 = VECTOR('',#7378,1.);
#7378 = DIRECTION('',(0.,-1.));
#7379 = ( GEOMETRIC_REPRESENTATION_CONTEXT(2) 
PARAMETRIC_REPRESENTATION_CONTEXT() REPRESENTATION_CONTEXT('2D SPACE',''
  ) );
#7380 = ORIENTED_EDGE('',*,*,#7381,.F.);
#7381 = EDGE_CURVE('',#6900,#7359,#7382,.T.);
#7382 = SURFACE_CURVE('',#7383,(#7387,#7394),.PCURVE_S1.);
#7383 = LINE('',#7384,#7385);
#7384 = CARTESIAN_POINT('',(5.85,5.8,-2.45));
#7385 = VECTOR('',#7386,1.);
#7386 = DIRECTION('',(0.707106781187,-1.511249542492E-15,0.707106781187)
  );
#7387 = PCURVE('',#6915,#7388);
#7388 = DEFINITIONAL_REPRESENTATION('',(#7389),#7393);
#7389 = LINE('',#7390,#7391);
#7390 = CARTESIAN_POINT('',(11.8,7.071067811866E-02));
#7391 = VECTOR('',#7392,1.);
#7392 = DIRECTION('',(-1.511249542492E-15,-1.));
#7393 = ( GEOMETRIC_REPRESENTATION_CONTEXT(2) 
PARAMETRIC_REPRESENTATION_CONTEXT() REPRESENTATION_CONTEXT('2D SPACE',''
  ) );
#7394 = PCURVE('',#7321,#7395);
#7395 = DEFINITIONAL_REPRESENTATION('',(#7396),#7400);
#7396 = LINE('',#7397,#7398);
#7397 = CARTESIAN_POINT('',(-3.535533905933E-02,6.123724356958E-02));
#7398 = VECTOR('',#7399,1.);
#7399 = DIRECTION('',(-0.5,0.866025403784));
#7400 = ( GEOMETRIC_REPRESENTATION_CONTEXT(2) 
PARAMETRIC_REPRESENTATION_CONTEXT() REPRESENTATION_CONTEXT('2D SPACE',''
  ) );
#7401 = ORIENTED_EDGE('',*,*,#6899,.F.);
#7402 = ADVANCED_FACE('',(#7403),#7048,.T.);
#7403 = FACE_BOUND('',#7404,.F.);
#7404 = EDGE_LOOP('',(#7405,#7406,#7407,#7433));
#7405 = ORIENTED_EDGE('',*,*,#7064,.F.);
#7406 = ORIENTED_EDGE('',*,*,#7090,.T.);
#7407 = ORIENTED_EDGE('',*,*,#7408,.T.);
#7408 = EDGE_CURVE('',#7091,#7007,#7409,.T.);
#7409 = SURFACE_CURVE('',#7410,(#7414,#7421),.PCURVE_S1.);
#7410 = LINE('',#7411,#7412);
#7411 = CARTESIAN_POINT('',(5.8,5.95,2.35));
#7412 = VECTOR('',#7413,1.);
#7413 = DIRECTION('',(1.522834557674E-15,-0.707106781187,0.707106781187)
  );
#7414 = PCURVE('',#7048,#7415);
#7415 = DEFINITIONAL_REPRESENTATION('',(#7416),#7420);
#7416 = LINE('',#7417,#7418);
#7417 = CARTESIAN_POINT('',(-11.8,-7.071067811865E-02));
#7418 = VECTOR('',#7419,1.);
#7419 = DIRECTION('',(-1.522834557674E-15,1.));
#7420 = ( GEOMETRIC_REPRESENTATION_CONTEXT(2) 
PARAMETRIC_REPRESENTATION_CONTEXT() REPRESENTATION_CONTEXT('2D SPACE',''
  ) );
#7421 = PCURVE('',#7422,#7427);
#7422 = PLANE('',#7423);
#7423 = AXIS2_PLACEMENT_3D('',#7424,#7425,#7426);
#7424 = CARTESIAN_POINT('',(5.8,6.,2.3));
#7425 = DIRECTION('',(0.57735026919,0.57735026919,0.57735026919));
#7426 = DIRECTION('',(-0.707106781187,-1.10971635821E-17,0.707106781187)
  );
#7427 = DEFINITIONAL_REPRESENTATION('',(#7428),#7432);
#7428 = LINE('',#7429,#7430);
#7429 = CARTESIAN_POINT('',(3.535533905933E-02,6.123724356958E-02));
#7430 = VECTOR('',#7431,1.);
#7431 = DIRECTION('',(0.5,0.866025403784));
#7432 = ( GEOMETRIC_REPRESENTATION_CONTEXT(2) 
PARAMETRIC_REPRESENTATION_CONTEXT() REPRESENTATION_CONTEXT('2D SPACE',''
  ) );
#7433 = ORIENTED_EDGE('',*,*,#7034,.F.);
#7434 = ADVANCED_FACE('',(#7435),#7022,.T.);
#7435 = FACE_BOUND('',#7436,.T.);
#7436 = EDGE_LOOP('',(#7437,#7458,#7481,#7502));
#7437 = ORIENTED_EDGE('',*,*,#7438,.T.);
#7438 = EDGE_CURVE('',#6984,#7232,#7439,.T.);
#7439 = SURFACE_CURVE('',#7440,(#7444,#7451),.PCURVE_S1.);
#7440 = LINE('',#7441,#7442);
#7441 = CARTESIAN_POINT('',(5.85,-5.8,2.45));
#7442 = VECTOR('',#7443,1.);
#7443 = DIRECTION('',(0.707106781187,1.54141202939E-15,-0.707106781187)
  );
#7444 = PCURVE('',#7022,#7445);
#7445 = DEFINITIONAL_REPRESENTATION('',(#7446),#7450);
#7446 = LINE('',#7447,#7448);
#7447 = CARTESIAN_POINT('',(0.2,7.071067811866E-02));
#7448 = VECTOR('',#7449,1.);
#7449 = DIRECTION('',(1.54141202939E-15,-1.));
#7450 = ( GEOMETRIC_REPRESENTATION_CONTEXT(2) 
PARAMETRIC_REPRESENTATION_CONTEXT() REPRESENTATION_CONTEXT('2D SPACE',''
  ) );
#7451 = PCURVE('',#7213,#7452);
#7452 = DEFINITIONAL_REPRESENTATION('',(#7453),#7457);
#7453 = LINE('',#7454,#7455);
#7454 = CARTESIAN_POINT('',(-3.535533905933E-02,6.123724356958E-02));
#7455 = VECTOR('',#7456,1.);
#7456 = DIRECTION('',(-0.5,0.866025403784));
#7457 = ( GEOMETRIC_REPRESENTATION_CONTEXT(2) 
PARAMETRIC_REPRESENTATION_CONTEXT() REPRESENTATION_CONTEXT('2D SPACE',''
  ) );
#7458 = ORIENTED_EDGE('',*,*,#7459,.T.);
#7459 = EDGE_CURVE('',#7232,#7460,#7462,.T.);
#7460 = VERTEX_POINT('',#7461);
#7461 = CARTESIAN_POINT('',(6.,5.8,2.3));
#7462 = SURFACE_CURVE('',#7463,(#7467,#7474),.PCURVE_S1.);
#7463 = LINE('',#7464,#7465);
#7464 = CARTESIAN_POINT('',(6.,-6.,2.3));
#7465 = VECTOR('',#7466,1.);
#7466 = DIRECTION('',(0.,1.,0.));
#7467 = PCURVE('',#7022,#7468);
#7468 = DEFINITIONAL_REPRESENTATION('',(#7469),#7473);
#7469 = LINE('',#7470,#7471);
#7470 = CARTESIAN_POINT('',(3.227948663603E-36,-0.141421356237));
#7471 = VECTOR('',#7472,1.);
#7472 = DIRECTION('',(1.,-1.556835520536E-35));
#7473 = ( GEOMETRIC_REPRESENTATION_CONTEXT(2) 
PARAMETRIC_REPRESENTATION_CONTEXT() REPRESENTATION_CONTEXT('2D SPACE',''
  ) );
#7474 = PCURVE('',#7247,#7475);
#7475 = DEFINITIONAL_REPRESENTATION('',(#7476),#7480);
#7476 = LINE('',#7477,#7478);
#7477 = CARTESIAN_POINT('',(4.8,0.));
#7478 = VECTOR('',#7479,1.);
#7479 = DIRECTION('',(0.,-1.));
#7480 = ( GEOMETRIC_REPRESENTATION_CONTEXT(2) 
PARAMETRIC_REPRESENTATION_CONTEXT() REPRESENTATION_CONTEXT('2D SPACE',''
  ) );
#7481 = ORIENTED_EDGE('',*,*,#7482,.T.);
#7482 = EDGE_CURVE('',#7460,#7007,#7483,.T.);
#7483 = SURFACE_CURVE('',#7484,(#7488,#7495),.PCURVE_S1.);
#7484 = LINE('',#7485,#7486);
#7485 = CARTESIAN_POINT('',(5.9,5.8,2.4));
#7486 = VECTOR('',#7487,1.);
#7487 = DIRECTION('',(-0.707106781187,1.511249542492E-15,0.707106781187)
  );
#7488 = PCURVE('',#7022,#7489);
#7489 = DEFINITIONAL_REPRESENTATION('',(#7490),#7494);
#7490 = LINE('',#7491,#7492);
#7491 = CARTESIAN_POINT('',(11.8,-1.837065914233E-34));
#7492 = VECTOR('',#7493,1.);
#7493 = DIRECTION('',(1.511249542492E-15,1.));
#7494 = ( GEOMETRIC_REPRESENTATION_CONTEXT(2) 
PARAMETRIC_REPRESENTATION_CONTEXT() REPRESENTATION_CONTEXT('2D SPACE',''
  ) );
#7495 = PCURVE('',#7422,#7496);
#7496 = DEFINITIONAL_REPRESENTATION('',(#7497),#7501);
#7497 = LINE('',#7498,#7499);
#7498 = CARTESIAN_POINT('',(-3.063454573405E-16,0.244948974278));
#7499 = VECTOR('',#7500,1.);
#7500 = DIRECTION('',(1.,-1.215200136798E-15));
#7501 = ( GEOMETRIC_REPRESENTATION_CONTEXT(2) 
PARAMETRIC_REPRESENTATION_CONTEXT() REPRESENTATION_CONTEXT('2D SPACE',''
  ) );
#7502 = ORIENTED_EDGE('',*,*,#7006,.F.);
#7503 = ADVANCED_FACE('',(#7504),#7129,.T.);
#7504 = FACE_BOUND('',#7505,.F.);
#7505 = EDGE_LOOP('',(#7506,#7527,#7548,#7549));
#7506 = ORIENTED_EDGE('',*,*,#7507,.T.);
#7507 = EDGE_CURVE('',#7359,#7460,#7508,.T.);
#7508 = SURFACE_CURVE('',#7509,(#7513,#7520),.PCURVE_S1.);
#7509 = LINE('',#7510,#7511);
#7510 = CARTESIAN_POINT('',(6.,5.8,-2.5));
#7511 = VECTOR('',#7512,1.);
#7512 = DIRECTION('',(0.,0.,1.));
#7513 = PCURVE('',#7129,#7514);
#7514 = DEFINITIONAL_REPRESENTATION('',(#7515),#7519);
#7515 = LINE('',#7516,#7517);
#7516 = CARTESIAN_POINT('',(9.415477238613E-35,-0.141421356237));
#7517 = VECTOR('',#7518,1.);
#7518 = DIRECTION('',(-1.,-1.071962344858E-35));
#7519 = ( GEOMETRIC_REPRESENTATION_CONTEXT(2) 
PARAMETRIC_REPRESENTATION_CONTEXT() REPRESENTATION_CONTEXT('2D SPACE',''
  ) );
#7520 = PCURVE('',#7247,#7521);
#7521 = DEFINITIONAL_REPRESENTATION('',(#7522),#7526);
#7522 = LINE('',#7523,#7524);
#7523 = CARTESIAN_POINT('',(0.,-11.8));
#7524 = VECTOR('',#7525,1.);
#7525 = DIRECTION('',(1.,0.));
#7526 = ( GEOMETRIC_REPRESENTATION_CONTEXT(2) 
PARAMETRIC_REPRESENTATION_CONTEXT() REPRESENTATION_CONTEXT('2D SPACE',''
  ) );
#7527 = ORIENTED_EDGE('',*,*,#7528,.F.);
#7528 = EDGE_CURVE('',#7091,#7460,#7529,.T.);
#7529 = SURFACE_CURVE('',#7530,(#7534,#7541),.PCURVE_S1.);
#7530 = LINE('',#7531,#7532);
#7531 = CARTESIAN_POINT('',(5.85,5.95,2.3));
#7532 = VECTOR('',#7533,1.);
#7533 = DIRECTION('',(0.707106781187,-0.707106781187,-4.199477475703E-17
    ));
#7534 = PCURVE('',#7129,#7535);
#7535 = DEFINITIONAL_REPRESENTATION('',(#7536),#7540);
#7536 = LINE('',#7537,#7538);
#7537 = CARTESIAN_POINT('',(-4.8,7.071067811866E-02));
#7538 = VECTOR('',#7539,1.);
#7539 = DIRECTION('',(4.199477475703E-17,-1.));
#7540 = ( GEOMETRIC_REPRESENTATION_CONTEXT(2) 
PARAMETRIC_REPRESENTATION_CONTEXT() REPRESENTATION_CONTEXT('2D SPACE',''
  ) );
#7541 = PCURVE('',#7422,#7542);
#7542 = DEFINITIONAL_REPRESENTATION('',(#7543),#7547);
#7543 = LINE('',#7544,#7545);
#7544 = CARTESIAN_POINT('',(-3.535533905933E-02,6.123724356958E-02));
#7545 = VECTOR('',#7546,1.);
#7546 = DIRECTION('',(-0.5,0.866025403784));
#7547 = ( GEOMETRIC_REPRESENTATION_CONTEXT(2) 
PARAMETRIC_REPRESENTATION_CONTEXT() REPRESENTATION_CONTEXT('2D SPACE',''
  ) );
#7548 = ORIENTED_EDGE('',*,*,#7113,.F.);
#7549 = ORIENTED_EDGE('',*,*,#7550,.F.);
#7550 = EDGE_CURVE('',#7359,#7114,#7551,.T.);
#7551 = SURFACE_CURVE('',#7552,(#7556,#7563),.PCURVE_S1.);
#7552 = LINE('',#7553,#7554);
#7553 = CARTESIAN_POINT('',(5.9,5.9,-2.3));
#7554 = VECTOR('',#7555,1.);
#7555 = DIRECTION('',(-0.707106781187,0.707106781187,-4.199477475703E-17
    ));
#7556 = PCURVE('',#7129,#7557);
#7557 = DEFINITIONAL_REPRESENTATION('',(#7558),#7562);
#7558 = LINE('',#7559,#7560);
#7559 = CARTESIAN_POINT('',(-0.2,-1.071962344858E-36));
#7560 = VECTOR('',#7561,1.);
#7561 = DIRECTION('',(4.199477475703E-17,1.));
#7562 = ( GEOMETRIC_REPRESENTATION_CONTEXT(2) 
PARAMETRIC_REPRESENTATION_CONTEXT() REPRESENTATION_CONTEXT('2D SPACE',''
  ) );
#7563 = PCURVE('',#7321,#7564);
#7564 = DEFINITIONAL_REPRESENTATION('',(#7565),#7569);
#7565 = LINE('',#7566,#7567);
#7566 = CARTESIAN_POINT('',(3.985320695153E-18,0.244948974278));
#7567 = VECTOR('',#7568,1.);
#7568 = DIRECTION('',(1.,-5.957476739045E-19));
#7569 = ( GEOMETRIC_REPRESENTATION_CONTEXT(2) 
PARAMETRIC_REPRESENTATION_CONTEXT() REPRESENTATION_CONTEXT('2D SPACE',''
  ) );
#7570 = ADVANCED_FACE('',(#7571),#7181,.F.);
#7571 = FACE_BOUND('',#7572,.F.);
#7572 = EDGE_LOOP('',(#7573,#7574,#7575));
#7573 = ORIENTED_EDGE('',*,*,#7337,.F.);
#7574 = ORIENTED_EDGE('',*,*,#7167,.T.);
#7575 = ORIENTED_EDGE('',*,*,#7281,.F.);
#7576 = ADVANCED_FACE('',(#7577),#7213,.T.);
#7577 = FACE_BOUND('',#7578,.T.);
#7578 = EDGE_LOOP('',(#7579,#7580,#7581));
#7579 = ORIENTED_EDGE('',*,*,#7438,.F.);
#7580 = ORIENTED_EDGE('',*,*,#7199,.T.);
#7581 = ORIENTED_EDGE('',*,*,#7259,.F.);
#7582 = ADVANCED_FACE('',(#7583),#7247,.T.);
#7583 = FACE_BOUND('',#7584,.T.);
#7584 = EDGE_LOOP('',(#7585,#7586,#7587,#7588));
#7585 = ORIENTED_EDGE('',*,*,#7229,.F.);
#7586 = ORIENTED_EDGE('',*,*,#7358,.T.);
#7587 = ORIENTED_EDGE('',*,*,#7507,.T.);
#7588 = ORIENTED_EDGE('',*,*,#7459,.F.);
#7589 = ADVANCED_FACE('',(#7590),#7321,.T.);
#7590 = FACE_BOUND('',#7591,.T.);
#7591 = EDGE_LOOP('',(#7592,#7593,#7594));
#7592 = ORIENTED_EDGE('',*,*,#7381,.F.);
#7593 = ORIENTED_EDGE('',*,*,#7307,.T.);
#7594 = ORIENTED_EDGE('',*,*,#7550,.F.);
#7595 = ADVANCED_FACE('',(#7596),#7422,.T.);
#7596 = FACE_BOUND('',#7597,.T.);
#7597 = EDGE_LOOP('',(#7598,#7599,#7600));
#7598 = ORIENTED_EDGE('',*,*,#7528,.F.);
#7599 = ORIENTED_EDGE('',*,*,#7408,.T.);
#7600 = ORIENTED_EDGE('',*,*,#7482,.F.);
#7601 = ( GEOMETRIC_REPRESENTATION_CONTEXT(3) 
GLOBAL_UNCERTAINTY_ASSIGNED_CONTEXT((#7605)) 
GLOBAL_UNIT_ASSIGNED_CONTEXT((#7602,#7603,#7604)) REPRESENTATION_CONTEXT
('Context #1','3D Context with UNIT and UNCERTAINTY') );
#7602 = ( LENGTH_UNIT() NAMED_UNIT(*) SI_UNIT(.MILLI.,.METRE.) );
#7603 = ( NAMED_UNIT(*) PLANE_ANGLE_UNIT() SI_UNIT($,.RADIAN.) );
#7604 = ( NAMED_UNIT(*) SI_UNIT($,.STERADIAN.) SOLID_ANGLE_UNIT() );
#7605 = UNCERTAINTY_MEASURE_WITH_UNIT(LENGTH_MEASURE(1.E-07),#7602,
  'distance_accuracy_value','confusion accuracy');
#7606 = CONTEXT_DEPENDENT_SHAPE_REPRESENTATION(#7607,#7609);
#7607 = ( REPRESENTATION_RELATIONSHIP('','',#6286,#10) 
REPRESENTATION_RELATIONSHIP_WITH_TRANSFORMATION(#7608) 
SHAPE_REPRESENTATION_RELATIONSHIP() );
#7608 = ITEM_DEFINED_TRANSFORMATION('','',#11,#27);
#7609 = PRODUCT_DEFINITION_SHAPE('Placement','Placement of an item',
  #7610);
#7610 = NEXT_ASSEMBLY_USAGE_OCCURRENCE('42','=>[0:1:1:7]','',#5,#6281,$
  );
#7611 = PRODUCT_RELATED_PRODUCT_CATEGORY('part',$,(#6283));
#7612 = MECHANICAL_DESIGN_GEOMETRIC_PRESENTATION_REPRESENTATION('',(
    #7613),#6268);
#7613 = STYLED_ITEM('color',(#7614),#6030);
#7614 = PRESENTATION_STYLE_ASSIGNMENT((#7615));
#7615 = SURFACE_STYLE_USAGE(.BOTH.,#7616);
#7616 = SURFACE_SIDE_STYLE('',(#7617));
#7617 = SURFACE_STYLE_FILL_AREA(#7618);
#7618 = FILL_AREA_STYLE('',(#7619));
#7619 = FILL_AREA_STYLE_COLOUR('',#7620);
#7620 = COLOUR_RGB('',1.,0.843389171228,0.234795084186);
#7621 = MECHANICAL_DESIGN_GEOMETRIC_PRESENTATION_REPRESENTATION('',(
    #7622),#5092);
#7622 = STYLED_ITEM('color',(#7623),#45);
#7623 = PRESENTATION_STYLE_ASSIGNMENT((#7624));
#7624 = SURFACE_STYLE_USAGE(.BOTH.,#7625);
#7625 = SURFACE_SIDE_STYLE('',(#7626));
#7626 = SURFACE_STYLE_FILL_AREA(#7627);
#7627 = FILL_AREA_STYLE('',(#7628));
#7628 = FILL_AREA_STYLE_COLOUR('',#7629);
#7629 = COLOUR_RGB('',0.982207072223,0.785776927019,0.205984157713);
#7630 = MECHANICAL_DESIGN_GEOMETRIC_PRESENTATION_REPRESENTATION('',(
    #7631),#5988);
#7631 = STYLED_ITEM('color',(#7632),#5134);
#7632 = PRESENTATION_STYLE_ASSIGNMENT((#7633));
#7633 = SURFACE_STYLE_USAGE(.BOTH.,#7634);
#7634 = SURFACE_SIDE_STYLE('',(#7635));
#7635 = SURFACE_STYLE_FILL_AREA(#7636);
#7636 = FILL_AREA_STYLE('',(#7637));
#7637 = FILL_AREA_STYLE_COLOUR('',#7638);
#7638 = COLOUR_RGB('',0.973148228365,0.754780651117,0.171844088395);
#7639 = MECHANICAL_DESIGN_GEOMETRIC_PRESENTATION_REPRESENTATION('',(
    #7640),#7601);
#7640 = STYLED_ITEM('color',(#7641),#6287);
#7641 = PRESENTATION_STYLE_ASSIGNMENT((#7642));
#7642 = SURFACE_STYLE_USAGE(.BOTH.,#7643);
#7643 = SURFACE_SIDE_STYLE('',(#7644));
#7644 = SURFACE_STYLE_FILL_AREA(#7645);
#7645 = FILL_AREA_STYLE('',(#7646));
#7646 = FILL_AREA_STYLE_COLOUR('',#7647);
#7647 = COLOUR_RGB('',0.982207072223,0.826657050643,0.271699755848);
ENDSEC;
END-ISO-10303-21;
