ISO-10303-21;
HEADER;
FILE_DESCRIPTION(('Open CASCADE Model'),'2;1');
FILE_NAME('workbench','2026-09-26T01:28:20',('Author'),('Open CASCADE'),
  'Open CASCADE STEP processor 7.8','build123d','Unknown');
FILE_SCHEMA(('AUTOMOTIVE_DESIGN { 1 0 10303 214 1 1 1 1 }'));
ENDSEC;
DATA;
#1 = APPLICATION_PROTOCOL_DEFINITION('international standard',
  'automotive_design',2000,#2);
#2 = APPLICATION_CONTEXT(
  'core data for automotive mechanical design processes');
#3 = SHAPE_DEFINITION_REPRESENTATION(#4,#10);
#4 = PRODUCT_DEFINITION_SHAPE('','',#5);
#5 = PRODUCT_DEFINITION('design','',#6,#9);
#6 = PRODUCT_DEFINITION_FORMATION('','',#7);
#7 = PRODUCT('workbench','workbench','',(#8));
#8 = PRODUCT_CONTEXT('',#2,'mechanical');
#9 = PRODUCT_DEFINITION_CONTEXT('part definition',#2,'design');
#10 = SHAPE_REPRESENTATION('',(#11,#15,#19,#23),#27);
#11 = AXIS2_PLACEMENT_3D('',#12,#13,#14);
#12 = CARTESIAN_POINT('',(0.,0.,0.));
#13 = DIRECTION('',(0.,0.,1.));
#14 = DIRECTION('',(1.,0.,-0.));
#15 = AXIS2_PLACEMENT_3D('',#16,#17,#18);
#16 = CARTESIAN_POINT('',(0.,-10.,0.));
#17 = DIRECTION('',(0.,0.,1.));
#18 = DIRECTION('',(1.,0.,0.));
#19 = AXIS2_PLACEMENT_3D('',#20,#21,#22);
#20 = CARTESIAN_POINT('',(0.,-7.70603691393,168.));
#21 = DIRECTION('',(0.,-1.,2.22044604925E-16));
#22 = DIRECTION('',(1.,0.,0.));
#23 = AXIS2_PLACEMENT_3D('',#24,#25,#26);
#24 = CARTESIAN_POINT('',(0.,-32.69884100832,175.16657125124));
#25 = DIRECTION('',(0.,-0.961261695938,0.275637355817));
#26 = DIRECTION('',(1.,0.,0.));
#27 = ( GEOMETRIC_REPRESENTATION_CONTEXT(3) 
GLOBAL_UNCERTAINTY_ASSIGNED_CONTEXT((#31)) GLOBAL_UNIT_ASSIGNED_CONTEXT(
(#28,#29,#30)) REPRESENTATION_CONTEXT('Context #1',
  '3D Context with UNIT and UNCERTAINTY') );
#28 = ( LENGTH_UNIT() NAMED_UNIT(*) SI_UNIT(.MILLI.,.METRE.) );
#29 = ( NAMED_UNIT(*) PLANE_ANGLE_UNIT() SI_UNIT($,.RADIAN.) );
#30 = ( NAMED_UNIT(*) SI_UNIT($,.STERADIAN.) SOLID_ANGLE_UNIT() );
#31 = UNCERTAINTY_MEASURE_WITH_UNIT(LENGTH_MEASURE(2.E-07),#28,
  'distance_accuracy_value','confusion accuracy');
#32 = PRODUCT_RELATED_PRODUCT_CATEGORY('part',$,(#7));
#33 = SHAPE_DEFINITION_REPRESENTATION(#34,#40);
#34 = PRODUCT_DEFINITION_SHAPE('','',#35);
#35 = PRODUCT_DEFINITION('design','',#36,#39);
#36 = PRODUCT_DEFINITION_FORMATION('','',#37);
#37 = PRODUCT('base','base','',(#38));
#38 = PRODUCT_CONTEXT('',#2,'mechanical');
#39 = PRODUCT_DEFINITION_CONTEXT('part definition',#2,'design');
#40 = ADVANCED_BREP_SHAPE_REPRESENTATION('',(#11,#41),#3572);
#41 = MANIFOLD_SOLID_BREP('',#42);
#42 = CLOSED_SHELL('',(#43,#314,#434,#536,#635,#714,#1018,#1047,#1264,
    #1334,#1867,#1893,#1921,#1998,#2054,#2146,#2178,#2218,#2250,#2356,
    #2405,#2504,#2535,#2561,#2608,#2657,#2664,#2691,#2765,#2819,#2873,
    #2926,#2979,#3033,#3087,#3119,#3126,#3153,#3229,#3279,#3329,#3378,
    #3427,#3477,#3527,#3554,#3561));
#43 = ADVANCED_FACE('',(#44),#57,.T.);
#44 = FACE_BOUND('',#45,.T.);
#45 = EDGE_LOOP('',(#46,#93,#121,#146,#208,#254));
#46 = ORIENTED_EDGE('',*,*,#47,.T.);
#47 = EDGE_CURVE('',#48,#50,#52,.T.);
#48 = VERTEX_POINT('',#49);
#49 = CARTESIAN_POINT('',(-42.,9.397638427236,130.));
#50 = VERTEX_POINT('',#51);
#51 = CARTESIAN_POINT('',(-42.,17.770603691393,159.2));
#52 = SURFACE_CURVE('',#53,(#56,#67),.PCURVE_S1.);
#53 = B_SPLINE_CURVE_WITH_KNOTS('',1,(#54,#55),.UNSPECIFIED.,.F.,.F.,(2,
    2),(0.,1.),.PIECEWISE_BEZIER_KNOTS.);
#54 = CARTESIAN_POINT('',(-42.,9.397638427236,130.));
#55 = CARTESIAN_POINT('',(-42.,18.,160.));
#56 = PCURVE('',#57,#62);
#57 = PLANE('',#58);
#58 = AXIS2_PLACEMENT_3D('',#59,#60,#61);
#59 = CARTESIAN_POINT('',(-42.,43.950296263615,65.065198450495));
#60 = DIRECTION('',(-1.,-1.52225651499E-18,1.483769832596E-17));
#61 = DIRECTION('',(6.956356230741E-19,-0.998455771506,
    -5.555242881489E-02));
#62 = DEFINITIONAL_REPRESENTATION('',(#63),#66);
#63 = B_SPLINE_CURVE_WITH_KNOTS('',1,(#64,#65),.UNSPECIFIED.,.F.,.F.,(2,
    2),(0.,1.),.PIECEWISE_BEZIER_KNOTS.);
#64 = CARTESIAN_POINT('',(30.892014696902,66.754011443492));
#65 = CARTESIAN_POINT('',(20.636364271551,96.229802509748));
#66 = ( GEOMETRIC_REPRESENTATION_CONTEXT(2) 
PARAMETRIC_REPRESENTATION_CONTEXT() REPRESENTATION_CONTEXT('2D SPACE',''
  ) );
#67 = PCURVE('',#68,#87);
#68 = B_SPLINE_SURFACE_WITH_KNOTS('',8,1,(
    (#69,#70)
    ,(#71,#72)
    ,(#73,#74)
    ,(#75,#76)
    ,(#77,#78)
    ,(#79,#80)
    ,(#81,#82)
    ,(#83,#84)
    ,(#85,#86
    )),.UNSPECIFIED.,.F.,.F.,.F.,(9,9),(2,2),(3.14159265359,
    4.712388980385),(0.,1.),.PIECEWISE_BEZIER_KNOTS.);
#69 = CARTESIAN_POINT('',(-42.,9.397638427236,130.));
#70 = CARTESIAN_POINT('',(-42.,18.,160.));
#71 = CARTESIAN_POINT('',(-41.99999999999,5.863346691947,129.99999999999
    ));
#72 = CARTESIAN_POINT('',(-41.99999999999,14.465708264711,
    159.99999999999));
#73 = CARTESIAN_POINT('',(-41.2069057987,2.32905384416,130.));
#74 = CARTESIAN_POINT('',(-41.2069057987,10.931415416924,160.));
#75 = CARTESIAN_POINT('',(-39.62072518568,-0.997599790796,
    129.99999999999));
#76 = CARTESIAN_POINT('',(-39.62072518568,7.604761781968,159.99999999999
    ));
#77 = CARTESIAN_POINT('',(-37.30665760404,-3.909019176802,
    130.00000000001));
#78 = CARTESIAN_POINT('',(-37.30665760404,4.693342395962,160.00000000001
    ));
#79 = CARTESIAN_POINT('',(-34.39523821802,-6.22308675845,129.99999999999
    ));
#80 = CARTESIAN_POINT('',(-34.39523821802,2.379274814314,159.99999999999
    ));
#81 = CARTESIAN_POINT('',(-31.06858458307,-7.809267371463,130.));
#82 = CARTESIAN_POINT('',(-31.06858458307,0.793094201302,160.));
#83 = CARTESIAN_POINT('',(-27.53429173528,-8.602361572764,
    129.99999999999));
#84 = CARTESIAN_POINT('',(-27.53429173528,-3.688143180845E-14,
    159.99999999999));
#85 = CARTESIAN_POINT('',(-24.,-8.602361572764,130.));
#86 = CARTESIAN_POINT('',(-24.,-3.640666217402E-16,160.));
#87 = DEFINITIONAL_REPRESENTATION('',(#88),#92);
#88 = LINE('',#89,#90);
#89 = CARTESIAN_POINT('',(3.14159265359,0.));
#90 = VECTOR('',#91,1.);
#91 = DIRECTION('',(0.,1.));
#92 = ( GEOMETRIC_REPRESENTATION_CONTEXT(2) 
PARAMETRIC_REPRESENTATION_CONTEXT() REPRESENTATION_CONTEXT('2D SPACE',''
  ) );
#93 = ORIENTED_EDGE('',*,*,#94,.T.);
#94 = EDGE_CURVE('',#50,#95,#97,.T.);
#95 = VERTEX_POINT('',#96);
#96 = CARTESIAN_POINT('',(-42.,72.,159.2));
#97 = SURFACE_CURVE('',#98,(#102,#109),.PCURVE_S1.);
#98 = LINE('',#99,#100);
#99 = CARTESIAN_POINT('',(-42.,18.,159.2));
#100 = VECTOR('',#101,1.);
#101 = DIRECTION('',(0.,1.,0.));
#102 = PCURVE('',#57,#103);
#103 = DEFINITIONAL_REPRESENTATION('',(#104),#108);
#104 = LINE('',#105,#106);
#105 = CARTESIAN_POINT('',(20.680806214603,95.431037892544));
#106 = VECTOR('',#107,1.);
#107 = DIRECTION('',(-0.998455771506,-5.555242881489E-02));
#108 = ( GEOMETRIC_REPRESENTATION_CONTEXT(2) 
PARAMETRIC_REPRESENTATION_CONTEXT() REPRESENTATION_CONTEXT('2D SPACE',''
  ) );
#109 = PCURVE('',#110,#115);
#110 = CYLINDRICAL_SURFACE('',#111,0.8);
#111 = AXIS2_PLACEMENT_3D('',#112,#113,#114);
#112 = CARTESIAN_POINT('',(-41.2,18.,159.2));
#113 = DIRECTION('',(0.,1.,0.));
#114 = DIRECTION('',(-1.,0.,1.483769832596E-17));
#115 = DEFINITIONAL_REPRESENTATION('',(#116),#120);
#116 = LINE('',#117,#118);
#117 = CARTESIAN_POINT('',(0.,0.));
#118 = VECTOR('',#119,1.);
#119 = DIRECTION('',(0.,1.));
#120 = ( GEOMETRIC_REPRESENTATION_CONTEXT(2) 
PARAMETRIC_REPRESENTATION_CONTEXT() REPRESENTATION_CONTEXT('2D SPACE',''
  ) );
#121 = ORIENTED_EDGE('',*,*,#122,.F.);
#122 = EDGE_CURVE('',#123,#95,#125,.T.);
#123 = VERTEX_POINT('',#124);
#124 = CARTESIAN_POINT('',(-42.,72.,130.));
#125 = SURFACE_CURVE('',#126,(#129,#135),.PCURVE_S1.);
#126 = B_SPLINE_CURVE_WITH_KNOTS('',1,(#127,#128),.UNSPECIFIED.,.F.,.F.,
  (2,2),(0.,1.),.PIECEWISE_BEZIER_KNOTS.);
#127 = CARTESIAN_POINT('',(-42.,72.,130.));
#128 = CARTESIAN_POINT('',(-42.,72.,160.));
#129 = PCURVE('',#57,#130);
#130 = DEFINITIONAL_REPRESENTATION('',(#131),#134);
#131 = B_SPLINE_CURVE_WITH_KNOTS('',1,(#132,#133),.UNSPECIFIED.,.F.,.F.,
  (2,2),(0.,1.),.PIECEWISE_BEZIER_KNOTS.);
#132 = CARTESIAN_POINT('',(-31.6136745253,63.276298208577));
#133 = CARTESIAN_POINT('',(-33.28024738974,93.229971353744));
#134 = ( GEOMETRIC_REPRESENTATION_CONTEXT(2) 
PARAMETRIC_REPRESENTATION_CONTEXT() REPRESENTATION_CONTEXT('2D SPACE',''
  ) );
#135 = PCURVE('',#136,#141);
#136 = CYLINDRICAL_SURFACE('',#137,18.);
#137 = AXIS2_PLACEMENT_3D('',#138,#139,#140);
#138 = CARTESIAN_POINT('',(-24.,72.,130.));
#139 = DIRECTION('',(0.,0.,1.));
#140 = DIRECTION('',(1.,0.,-0.));
#141 = DEFINITIONAL_REPRESENTATION('',(#142),#145);
#142 = B_SPLINE_CURVE_WITH_KNOTS('',1,(#143,#144),.UNSPECIFIED.,.F.,.F.,
  (2,2),(0.,1.),.PIECEWISE_BEZIER_KNOTS.);
#143 = CARTESIAN_POINT('',(3.14159265359,0.));
#144 = CARTESIAN_POINT('',(3.14159265359,30.));
#145 = ( GEOMETRIC_REPRESENTATION_CONTEXT(2) 
PARAMETRIC_REPRESENTATION_CONTEXT() REPRESENTATION_CONTEXT('2D SPACE',''
  ) );
#146 = ORIENTED_EDGE('',*,*,#147,.F.);
#147 = EDGE_CURVE('',#148,#123,#150,.T.);
#148 = VERTEX_POINT('',#149);
#149 = CARTESIAN_POINT('',(-42.,72.,0.));
#150 = SURFACE_CURVE('',#151,(#156,#164),.PCURVE_S1.);
#151 = B_SPLINE_CURVE_WITH_KNOTS('',3,(#152,#153,#154,#155),
  .UNSPECIFIED.,.F.,.F.,(4,4),(0.,1.),.PIECEWISE_BEZIER_KNOTS.);
#152 = CARTESIAN_POINT('',(-42.,72.,0.));
#153 = CARTESIAN_POINT('',(-42.,72.,43.780981386154));
#154 = CARTESIAN_POINT('',(-42.,72.,86.508789504936));
#155 = CARTESIAN_POINT('',(-42.,72.,130.));
#156 = PCURVE('',#57,#157);
#157 = DEFINITIONAL_REPRESENTATION('',(#158),#163);
#158 = B_SPLINE_CURVE_WITH_KNOTS('',3,(#159,#160,#161,#162),
  .UNSPECIFIED.,.F.,.F.,(4,4),(0.,1.),.PIECEWISE_BEZIER_KNOTS.);
#159 = CARTESIAN_POINT('',(-24.39185877936,-66.52295208714));
#160 = CARTESIAN_POINT('',(-26.82399863126,-22.80957853996));
#161 = CARTESIAN_POINT('',(-29.1976321502,19.852248080018));
#162 = CARTESIAN_POINT('',(-31.6136745253,63.276298208577));
#163 = ( GEOMETRIC_REPRESENTATION_CONTEXT(2) 
PARAMETRIC_REPRESENTATION_CONTEXT() REPRESENTATION_CONTEXT('2D SPACE',''
  ) );
#164 = PCURVE('',#165,#202);
#165 = B_SPLINE_SURFACE_WITH_KNOTS('',8,3,(
    (#166,#167,#168,#169)
    ,(#170,#171,#172,#173)
    ,(#174,#175,#176,#177)
    ,(#178,#179,#180,#181)
    ,(#182,#183,#184,#185)
    ,(#186,#187,#188,#189)
    ,(#190,#191,#192,#193)
    ,(#194,#195,#196,#197)
    ,(#198,#199,#200,#201
    )),.UNSPECIFIED.,.F.,.F.,.F.,(9,9),(4,4),(7.,8.),(0.,1.),
  .PIECEWISE_BEZIER_KNOTS.);
#166 = CARTESIAN_POINT('',(-24.,90.,0.));
#167 = CARTESIAN_POINT('',(-24.,90.,43.780981386154));
#168 = CARTESIAN_POINT('',(-24.,90.,86.508789504936));
#169 = CARTESIAN_POINT('',(-24.,90.,130.));
#170 = CARTESIAN_POINT('',(-27.53429173528,90.,0.));
#171 = CARTESIAN_POINT('',(-27.53429173528,90.,43.780981386154));
#172 = CARTESIAN_POINT('',(-27.53429173528,90.,86.508789504936));
#173 = CARTESIAN_POINT('',(-27.53429173528,90.,130.));
#174 = CARTESIAN_POINT('',(-31.06858458307,89.206905798698,0.));
#175 = CARTESIAN_POINT('',(-31.06858458307,89.206905798698,
    43.780981386154));
#176 = CARTESIAN_POINT('',(-31.06858458307,89.206905798699,
    86.508789504936));
#177 = CARTESIAN_POINT('',(-31.06858458307,89.206905798699,130.));
#178 = CARTESIAN_POINT('',(-34.39523821803,87.620725185686,0.));
#179 = CARTESIAN_POINT('',(-34.39523821803,87.620725185686,
    43.780981386154));
#180 = CARTESIAN_POINT('',(-34.39523821803,87.620725185685,
    86.508789504936));
#181 = CARTESIAN_POINT('',(-34.39523821803,87.620725185684,130.));
#182 = CARTESIAN_POINT('',(-37.30665760403,85.306657604038,0.));
#183 = CARTESIAN_POINT('',(-37.30665760403,85.306657604038,
    43.780981386154));
#184 = CARTESIAN_POINT('',(-37.30665760403,85.306657604038,
    86.508789504936));
#185 = CARTESIAN_POINT('',(-37.30665760403,85.306657604039,130.));
#186 = CARTESIAN_POINT('',(-39.62072518568,82.395238218031,0.));
#187 = CARTESIAN_POINT('',(-39.62072518568,82.39523821803,
    43.780981386154));
#188 = CARTESIAN_POINT('',(-39.62072518568,82.395238218032,
    86.508789504936));
#189 = CARTESIAN_POINT('',(-39.62072518568,82.39523821803,130.));
#190 = CARTESIAN_POINT('',(-41.20690579869,79.068584583076,0.));
#191 = CARTESIAN_POINT('',(-41.20690579869,79.068584583077,
    43.780981386154));
#192 = CARTESIAN_POINT('',(-41.20690579869,79.068584583075,
    86.508789504936));
#193 = CARTESIAN_POINT('',(-41.20690579869,79.068584583076,130.));
#194 = CARTESIAN_POINT('',(-42.,75.534291735288,0.));
#195 = CARTESIAN_POINT('',(-42.,75.534291735288,43.780981386154));
#196 = CARTESIAN_POINT('',(-42.,75.534291735289,86.508789504936));
#197 = CARTESIAN_POINT('',(-42.,75.534291735288,130.));
#198 = CARTESIAN_POINT('',(-42.,72.,0.));
#199 = CARTESIAN_POINT('',(-42.,72.,43.780981386154));
#200 = CARTESIAN_POINT('',(-42.,72.,86.508789504936));
#201 = CARTESIAN_POINT('',(-42.,72.,130.));
#202 = DEFINITIONAL_REPRESENTATION('',(#203),#207);
#203 = LINE('',#204,#205);
#204 = CARTESIAN_POINT('',(8.,0.));
#205 = VECTOR('',#206,1.);
#206 = DIRECTION('',(0.,1.));
#207 = ( GEOMETRIC_REPRESENTATION_CONTEXT(2) 
PARAMETRIC_REPRESENTATION_CONTEXT() REPRESENTATION_CONTEXT('2D SPACE',''
  ) );
#208 = ORIENTED_EDGE('',*,*,#209,.T.);
#209 = EDGE_CURVE('',#148,#210,#212,.T.);
#210 = VERTEX_POINT('',#211);
#211 = CARTESIAN_POINT('',(-42.,18.,0.));
#212 = SURFACE_CURVE('',#213,(#223,#236),.PCURVE_S1.);
#213 = B_SPLINE_CURVE_WITH_KNOTS('',8,(#214,#215,#216,#217,#218,#219,
    #220,#221,#222),.UNSPECIFIED.,.F.,.F.,(9,9),(0.,1.),
  .PIECEWISE_BEZIER_KNOTS.);
#214 = CARTESIAN_POINT('',(-42.,72.,0.));
#215 = CARTESIAN_POINT('',(-42.,65.25,0.));
#216 = CARTESIAN_POINT('',(-42.,58.5,0.));
#217 = CARTESIAN_POINT('',(-42.,51.75,0.));
#218 = CARTESIAN_POINT('',(-42.,45.,0.));
#219 = CARTESIAN_POINT('',(-42.,38.25,0.));
#220 = CARTESIAN_POINT('',(-42.,31.5,0.));
#221 = CARTESIAN_POINT('',(-42.,24.75,0.));
#222 = CARTESIAN_POINT('',(-42.,18.,0.));
#223 = PCURVE('',#57,#224);
#224 = DEFINITIONAL_REPRESENTATION('',(#225),#235);
#225 = B_SPLINE_CURVE_WITH_KNOTS('',8,(#226,#227,#228,#229,#230,#231,
    #232,#233,#234),.UNSPECIFIED.,.F.,.F.,(9,9),(0.,1.),
  .PIECEWISE_BEZIER_KNOTS.);
#226 = CARTESIAN_POINT('',(-24.39185877936,-66.52295208714));
#227 = CARTESIAN_POINT('',(-17.6522823217,-66.14797319264));
#228 = CARTESIAN_POINT('',(-10.91270586404,-65.77299429814));
#229 = CARTESIAN_POINT('',(-4.17312940638,-65.39801540364));
#230 = CARTESIAN_POINT('',(2.566447051283,-65.02303650914));
#231 = CARTESIAN_POINT('',(9.306023508946,-64.64805761464));
#232 = CARTESIAN_POINT('',(16.045599966608,-64.27307872014));
#233 = CARTESIAN_POINT('',(22.785176424271,-63.89809982564));
#234 = CARTESIAN_POINT('',(29.524752881933,-63.52312093114));
#235 = ( GEOMETRIC_REPRESENTATION_CONTEXT(2) 
PARAMETRIC_REPRESENTATION_CONTEXT() REPRESENTATION_CONTEXT('2D SPACE',''
  ) );
#236 = PCURVE('',#237,#242);
#237 = PLANE('',#238);
#238 = AXIS2_PLACEMENT_3D('',#239,#240,#241);
#239 = CARTESIAN_POINT('',(-42.,72.,0.));
#240 = DIRECTION('',(-0.,0.,1.));
#241 = DIRECTION('',(0.784508552939,-0.62011799713,0.));
#242 = DEFINITIONAL_REPRESENTATION('',(#243),#253);
#243 = B_SPLINE_CURVE_WITH_KNOTS('',8,(#244,#245,#246,#247,#248,#249,
    #250,#251,#252),.UNSPECIFIED.,.F.,.F.,(9,9),(0.,1.),
  .PIECEWISE_BEZIER_KNOTS.);
#244 = CARTESIAN_POINT('',(0.,0.));
#245 = CARTESIAN_POINT('',(4.18579648063,-5.295432732341));
#246 = CARTESIAN_POINT('',(8.371592961259,-10.59086546468));
#247 = CARTESIAN_POINT('',(12.557389441889,-15.88629819702));
#248 = CARTESIAN_POINT('',(16.743185922519,-21.18173092936));
#249 = CARTESIAN_POINT('',(20.928982403148,-26.4771636617));
#250 = CARTESIAN_POINT('',(25.114778883778,-31.77259639404));
#251 = CARTESIAN_POINT('',(29.300575364408,-37.06802912638));
#252 = CARTESIAN_POINT('',(33.486371845037,-42.36346185872));
#253 = ( GEOMETRIC_REPRESENTATION_CONTEXT(2) 
PARAMETRIC_REPRESENTATION_CONTEXT() REPRESENTATION_CONTEXT('2D SPACE',''
  ) );
#254 = ORIENTED_EDGE('',*,*,#255,.T.);
#255 = EDGE_CURVE('',#210,#48,#256,.T.);
#256 = SURFACE_CURVE('',#257,(#262,#270),.PCURVE_S1.);
#257 = B_SPLINE_CURVE_WITH_KNOTS('',3,(#258,#259,#260,#261),
  .UNSPECIFIED.,.F.,.F.,(4,4),(0.,1.),.PIECEWISE_BEZIER_KNOTS.);
#258 = CARTESIAN_POINT('',(-42.,18.,0.));
#259 = CARTESIAN_POINT('',(-42.,27.308837293095,43.780981386154));
#260 = CARTESIAN_POINT('',(-42.,9.87446030575,86.508789504936));
#261 = CARTESIAN_POINT('',(-42.,9.397638427236,130.));
#262 = PCURVE('',#57,#263);
#263 = DEFINITIONAL_REPRESENTATION('',(#264),#269);
#264 = B_SPLINE_CURVE_WITH_KNOTS('',3,(#265,#266,#267,#268),
  .UNSPECIFIED.,.F.,.F.,(4,4),(0.,1.),.PIECEWISE_BEZIER_KNOTS.);
#265 = CARTESIAN_POINT('',(29.524752881933,-63.52312093114));
#266 = CARTESIAN_POINT('',(17.798150708736,-20.32687590503));
#267 = CARTESIAN_POINT('',(32.83197151542,23.303472701469));
#268 = CARTESIAN_POINT('',(30.892014696902,66.754011443492));
#269 = ( GEOMETRIC_REPRESENTATION_CONTEXT(2) 
PARAMETRIC_REPRESENTATION_CONTEXT() REPRESENTATION_CONTEXT('2D SPACE',''
  ) );
#270 = PCURVE('',#271,#308);
#271 = B_SPLINE_SURFACE_WITH_KNOTS('',8,3,(
    (#272,#273,#274,#275)
    ,(#276,#277,#278,#279)
    ,(#280,#281,#282,#283)
    ,(#284,#285,#286,#287)
    ,(#288,#289,#290,#291)
    ,(#292,#293,#294,#295)
    ,(#296,#297,#298,#299)
    ,(#300,#301,#302,#303)
    ,(#304,#305,#306,#307
    )),.UNSPECIFIED.,.F.,.F.,.F.,(9,9),(4,4),(1.,2.),(0.,1.),
  .PIECEWISE_BEZIER_KNOTS.);
#272 = CARTESIAN_POINT('',(-42.,18.,0.));
#273 = CARTESIAN_POINT('',(-42.,27.308837293095,43.780981386154));
#274 = CARTESIAN_POINT('',(-42.,9.87446030575,86.508789504936));
#275 = CARTESIAN_POINT('',(-42.,9.397638427236,130.));
#276 = CARTESIAN_POINT('',(-41.99999999999,14.465708264712,0.));
#277 = CARTESIAN_POINT('',(-41.99999999999,23.774545557807,
    43.780981386154));
#278 = CARTESIAN_POINT('',(-41.99999999999,6.340168570462,
    86.508789504936));
#279 = CARTESIAN_POINT('',(-41.99999999999,5.863346691948,130.));
#280 = CARTESIAN_POINT('',(-41.2069057987,10.931415416923,0.));
#281 = CARTESIAN_POINT('',(-41.2069057987,20.240252710017,
    43.780981386154));
#282 = CARTESIAN_POINT('',(-41.2069057987,2.805875722673,86.508789504936
    ));
#283 = CARTESIAN_POINT('',(-41.2069057987,2.329053844159,130.));
#284 = CARTESIAN_POINT('',(-39.62072518568,7.604761781972,0.));
#285 = CARTESIAN_POINT('',(-39.62072518568,16.913599075067,
    43.780981386154));
#286 = CARTESIAN_POINT('',(-39.62072518568,-0.520777912278,
    86.508789504936));
#287 = CARTESIAN_POINT('',(-39.62072518568,-0.997599790793,130.));
#288 = CARTESIAN_POINT('',(-37.30665760404,4.693342395959,0.));
#289 = CARTESIAN_POINT('',(-37.30665760404,14.002179689053,
    43.780981386154));
#290 = CARTESIAN_POINT('',(-37.30665760404,-3.432197298291,
    86.508789504936));
#291 = CARTESIAN_POINT('',(-37.30665760404,-3.909019176804,130.));
#292 = CARTESIAN_POINT('',(-34.39523821802,2.379274814317,0.));
#293 = CARTESIAN_POINT('',(-34.39523821802,11.688112107413,
    43.780981386154));
#294 = CARTESIAN_POINT('',(-34.39523821802,-5.746264879934,
    86.508789504936));
#295 = CARTESIAN_POINT('',(-34.39523821802,-6.223086758449,130.));
#296 = CARTESIAN_POINT('',(-31.06858458307,0.7930942013,0.));
#297 = CARTESIAN_POINT('',(-31.06858458307,10.101931494394,
    43.780981386154));
#298 = CARTESIAN_POINT('',(-31.06858458307,-7.332445492949,
    86.508789504936));
#299 = CARTESIAN_POINT('',(-31.06858458307,-7.809267371463,130.));
#300 = CARTESIAN_POINT('',(-27.53429173528,4.689582056017E-13,0.));
#301 = CARTESIAN_POINT('',(-27.53429173528,9.308837293096,
    43.780981386154));
#302 = CARTESIAN_POINT('',(-27.53429173528,-8.12553969425,
    86.508789504936));
#303 = CARTESIAN_POINT('',(-27.53429173528,-8.602361572764,130.));
#304 = CARTESIAN_POINT('',(-24.,0.,0.));
#305 = CARTESIAN_POINT('',(-24.,9.308837293095,43.780981386154));
#306 = CARTESIAN_POINT('',(-24.,-8.12553969425,86.508789504936));
#307 = CARTESIAN_POINT('',(-24.,-8.602361572764,130.));
#308 = DEFINITIONAL_REPRESENTATION('',(#309),#313);
#309 = LINE('',#310,#311);
#310 = CARTESIAN_POINT('',(1.,0.));
#311 = VECTOR('',#312,1.);
#312 = DIRECTION('',(0.,1.));
#313 = ( GEOMETRIC_REPRESENTATION_CONTEXT(2) 
PARAMETRIC_REPRESENTATION_CONTEXT() REPRESENTATION_CONTEXT('2D SPACE',''
  ) );
#314 = ADVANCED_FACE('',(#315),#68,.T.);
#315 = FACE_BOUND('',#316,.T.);
#316 = EDGE_LOOP('',(#317,#345,#407,#408));
#317 = ORIENTED_EDGE('',*,*,#318,.T.);
#318 = EDGE_CURVE('',#319,#321,#323,.T.);
#319 = VERTEX_POINT('',#320);
#320 = CARTESIAN_POINT('',(-24.,-8.602361572764,130.));
#321 = VERTEX_POINT('',#322);
#322 = CARTESIAN_POINT('',(-24.,-0.166166116668,159.42050988465));
#323 = SURFACE_CURVE('',#324,(#327,#334),.PCURVE_S1.);
#324 = B_SPLINE_CURVE_WITH_KNOTS('',1,(#325,#326),.UNSPECIFIED.,.F.,.F.,
  (2,2),(0.,1.),.PIECEWISE_BEZIER_KNOTS.);
#325 = CARTESIAN_POINT('',(-24.,-8.602361572764,130.));
#326 = CARTESIAN_POINT('',(-24.,-3.640666217402E-16,160.));
#327 = PCURVE('',#68,#328);
#328 = DEFINITIONAL_REPRESENTATION('',(#329),#333);
#329 = LINE('',#330,#331);
#330 = CARTESIAN_POINT('',(4.712388980385,0.));
#331 = VECTOR('',#332,1.);
#332 = DIRECTION('',(0.,1.));
#333 = ( GEOMETRIC_REPRESENTATION_CONTEXT(2) 
PARAMETRIC_REPRESENTATION_CONTEXT() REPRESENTATION_CONTEXT('2D SPACE',''
  ) );
#334 = PCURVE('',#335,#340);
#335 = PLANE('',#336);
#336 = AXIS2_PLACEMENT_3D('',#337,#338,#339);
#337 = CARTESIAN_POINT('',(0.,0.,160.));
#338 = DIRECTION('',(0.,-0.961261695938,0.275637355817));
#339 = DIRECTION('',(1.,0.,0.));
#340 = DEFINITIONAL_REPRESENTATION('',(#341),#344);
#341 = B_SPLINE_CURVE_WITH_KNOTS('',1,(#342,#343),.UNSPECIFIED.,.F.,.F.,
  (2,2),(0.,1.),.PIECEWISE_BEZIER_KNOTS.);
#342 = CARTESIAN_POINT('',(-24.,-31.20898307584));
#343 = CARTESIAN_POINT('',(-24.,0.));
#344 = ( GEOMETRIC_REPRESENTATION_CONTEXT(2) 
PARAMETRIC_REPRESENTATION_CONTEXT() REPRESENTATION_CONTEXT('2D SPACE',''
  ) );
#345 = ORIENTED_EDGE('',*,*,#346,.T.);
#346 = EDGE_CURVE('',#321,#50,#347,.T.);
#347 = SURFACE_CURVE('',#348,(#358,#372),.PCURVE_S1.);
#348 = B_SPLINE_CURVE_WITH_KNOTS('',8,(#349,#350,#351,#352,#353,#354,
    #355,#356,#357),.UNSPECIFIED.,.F.,.F.,(9,9),(605.92033717615,
    633.96526853981),.PIECEWISE_BEZIER_KNOTS.);
#349 = CARTESIAN_POINT('',(-24.,-0.166166116668,159.42050988465));
#350 = CARTESIAN_POINT('',(-27.53796291837,-0.166166116668,
    159.42050988465));
#351 = CARTESIAN_POINT('',(-31.08827479341,0.626112806774,
    159.41151749322));
#352 = CARTESIAN_POINT('',(-34.43708952824,2.219414891938,
    159.39340057141));
#353 = CARTESIAN_POINT('',(-37.35902138856,4.554801232789,
    159.36646417571));
#354 = CARTESIAN_POINT('',(-39.64968933995,7.471630579745,
    159.33111065538));
#355 = CARTESIAN_POINT('',(-41.21413876486,10.769318160865,
    159.28954958296));
#356 = CARTESIAN_POINT('',(-41.99999999999,14.265287015125,
    159.24483650063));
#357 = CARTESIAN_POINT('',(-42.,17.770603691393,159.2));
#358 = PCURVE('',#68,#359);
#359 = DEFINITIONAL_REPRESENTATION('',(#360),#371);
#360 = B_SPLINE_CURVE_WITH_KNOTS('',9,(#361,#362,#363,#364,#365,#366,
    #367,#368,#369,#370),.UNSPECIFIED.,.F.,.F.,(10,10),(605.92033717615,
    633.96526853981),.PIECEWISE_BEZIER_KNOTS.);
#361 = CARTESIAN_POINT('',(4.712388980385,0.980683662822));
#362 = CARTESIAN_POINT('',(4.537674762194,0.980683662822));
#363 = CARTESIAN_POINT('',(4.36242532009,0.980450514268));
#364 = CARTESIAN_POINT('',(4.186857887412,0.979981375292));
#365 = CARTESIAN_POINT('',(4.011315289882,0.9792810783));
#366 = CARTESIAN_POINT('',(3.836373996707,0.978358519503));
#367 = CARTESIAN_POINT('',(3.662147600339,0.977241812441));
#368 = CARTESIAN_POINT('',(3.488660025773,0.975987136219));
#369 = CARTESIAN_POINT('',(3.315329608451,0.974661822241));
#370 = CARTESIAN_POINT('',(3.14159265359,0.973333333333));
#371 = ( GEOMETRIC_REPRESENTATION_CONTEXT(2) 
PARAMETRIC_REPRESENTATION_CONTEXT() REPRESENTATION_CONTEXT('2D SPACE',''
  ) );
#372 = PCURVE('',#373,#401);
#373 = ( BOUNDED_SURFACE() B_SPLINE_SURFACE(2,8,(
    (#374,#375,#376,#377,#378,#379,#380,#381,#382)
    ,(#383,#384,#385,#386,#387,#388,#389,#390,#391)
    ,(#392,#393,#394,#395,#396,#397,#398,#399,#400
)),.UNSPECIFIED.,.F.,.F.,.F.) B_SPLINE_SURFACE_WITH_KNOTS((3,3),(9,9),(
    0.,28.044931363656),(605.92033717615,633.96526853981),
.PIECEWISE_BEZIER_KNOTS.) GEOMETRIC_REPRESENTATION_ITEM() 
RATIONAL_B_SPLINE_SURFACE((
    (1.,1.,1.,1.,1.,1.,1.,1.,1.)
    ,(0.798635510047,0.798635510047,0.795116671362,0.788028902931
      ,0.777397535835,0.763223322387,0.746047957693,0.726921902215
      ,0.707106781187)
,(1.,1.,1.,1.,1.,1.,1.,1.,1.))) REPRESENTATION_ITEM('') SURFACE() );
#374 = CARTESIAN_POINT('',(-24.,-0.166166116668,159.42050988465));
#375 = CARTESIAN_POINT('',(-27.53796291837,-0.166166116668,
    159.42050988465));
#376 = CARTESIAN_POINT('',(-31.08827479341,0.626112806774,
    159.41151749322));
#377 = CARTESIAN_POINT('',(-34.43708952824,2.219414891938,
    159.39340057141));
#378 = CARTESIAN_POINT('',(-37.35902138856,4.554801232789,
    159.36646417571));
#379 = CARTESIAN_POINT('',(-39.64968933995,7.471630579745,
    159.33111065538));
#380 = CARTESIAN_POINT('',(-41.21413876486,10.769318160865,
    159.28954958296));
#381 = CARTESIAN_POINT('',(-41.99999999999,14.265287015125,
    159.24483650063));
#382 = CARTESIAN_POINT('',(-42.,17.770603691393,159.2));
#383 = CARTESIAN_POINT('',(-24.,-8.881784197001E-15,160.));
#384 = CARTESIAN_POINT('',(-27.50560113354,2.771116669464E-13,160.));
#385 = CARTESIAN_POINT('',(-31.05492973948,0.783839702476,160.));
#386 = CARTESIAN_POINT('',(-34.42240937035,2.381152376634,160.));
#387 = CARTESIAN_POINT('',(-37.35960682315,4.739865528429,
    159.99999999999));
#388 = CARTESIAN_POINT('',(-39.63523457986,7.673837311761,160.));
#389 = CARTESIAN_POINT('',(-41.17299159719,10.941387450269,160.));
#390 = CARTESIAN_POINT('',(-41.95638569634,14.360849563467,160.));
#391 = CARTESIAN_POINT('',(-42.,17.770603691393,160.));
#392 = CARTESIAN_POINT('',(-24.,0.602843240082,160.));
#393 = CARTESIAN_POINT('',(-27.38819402544,0.602843240083,160.));
#394 = CARTESIAN_POINT('',(-30.78981225317,1.36438371825,160.));
#395 = CARTESIAN_POINT('',(-33.99686518843,2.896938996531,160.));
#396 = CARTESIAN_POINT('',(-36.78935428152,5.142717646493,160.));
#397 = CARTESIAN_POINT('',(-38.96868460289,7.939519672471,160.));
#398 = CARTESIAN_POINT('',(-40.45394562269,11.090392215698,160.));
#399 = CARTESIAN_POINT('',(-41.20004174649,14.426107412354,160.));
#400 = CARTESIAN_POINT('',(-41.20000002698,17.770811493289,160.));
#401 = DEFINITIONAL_REPRESENTATION('',(#402),#406);
#402 = LINE('',#403,#404);
#403 = CARTESIAN_POINT('',(0.,0.));
#404 = VECTOR('',#405,1.);
#405 = DIRECTION('',(0.,1.));
#406 = ( GEOMETRIC_REPRESENTATION_CONTEXT(2) 
PARAMETRIC_REPRESENTATION_CONTEXT() REPRESENTATION_CONTEXT('2D SPACE',''
  ) );
#407 = ORIENTED_EDGE('',*,*,#47,.F.);
#408 = ORIENTED_EDGE('',*,*,#409,.T.);
#409 = EDGE_CURVE('',#48,#319,#410,.T.);
#410 = SURFACE_CURVE('',#411,(#421,#427),.PCURVE_S1.);
#411 = B_SPLINE_CURVE_WITH_KNOTS('',8,(#412,#413,#414,#415,#416,#417,
    #418,#419,#420),.UNSPECIFIED.,.F.,.F.,(9,9),(1.,2.),
  .PIECEWISE_BEZIER_KNOTS.);
#412 = CARTESIAN_POINT('',(-42.,9.397638427236,130.));
#413 = CARTESIAN_POINT('',(-41.99999999999,5.863346691948,130.));
#414 = CARTESIAN_POINT('',(-41.2069057987,2.329053844159,130.));
#415 = CARTESIAN_POINT('',(-39.62072518568,-0.997599790793,130.));
#416 = CARTESIAN_POINT('',(-37.30665760404,-3.909019176804,130.));
#417 = CARTESIAN_POINT('',(-34.39523821802,-6.223086758449,130.));
#418 = CARTESIAN_POINT('',(-31.06858458307,-7.809267371463,130.));
#419 = CARTESIAN_POINT('',(-27.53429173528,-8.602361572764,130.));
#420 = CARTESIAN_POINT('',(-24.,-8.602361572764,130.));
#421 = PCURVE('',#68,#422);
#422 = DEFINITIONAL_REPRESENTATION('',(#423),#426);
#423 = B_SPLINE_CURVE_WITH_KNOTS('',1,(#424,#425),.UNSPECIFIED.,.F.,.F.,
  (2,2),(1.,2.),.PIECEWISE_BEZIER_KNOTS.);
#424 = CARTESIAN_POINT('',(3.14159265359,0.));
#425 = CARTESIAN_POINT('',(4.712388980385,0.));
#426 = ( GEOMETRIC_REPRESENTATION_CONTEXT(2) 
PARAMETRIC_REPRESENTATION_CONTEXT() REPRESENTATION_CONTEXT('2D SPACE',''
  ) );
#427 = PCURVE('',#271,#428);
#428 = DEFINITIONAL_REPRESENTATION('',(#429),#433);
#429 = LINE('',#430,#431);
#430 = CARTESIAN_POINT('',(0.,1.));
#431 = VECTOR('',#432,1.);
#432 = DIRECTION('',(1.,0.));
#433 = ( GEOMETRIC_REPRESENTATION_CONTEXT(2) 
PARAMETRIC_REPRESENTATION_CONTEXT() REPRESENTATION_CONTEXT('2D SPACE',''
  ) );
#434 = ADVANCED_FACE('',(#435),#110,.T.);
#435 = FACE_BOUND('',#436,.T.);
#436 = EDGE_LOOP('',(#437,#482,#510,#535));
#437 = ORIENTED_EDGE('',*,*,#438,.T.);
#438 = EDGE_CURVE('',#50,#439,#441,.T.);
#439 = VERTEX_POINT('',#440);
#440 = CARTESIAN_POINT('',(-41.2,17.770603691393,160.));
#441 = SURFACE_CURVE('',#442,(#447,#453),.PCURVE_S1.);
#442 = CIRCLE('',#443,0.8);
#443 = AXIS2_PLACEMENT_3D('',#444,#445,#446);
#444 = CARTESIAN_POINT('',(-41.2,17.770603691393,159.2));
#445 = DIRECTION('',(0.,1.,0.));
#446 = DIRECTION('',(-1.,0.,1.483769832596E-17));
#447 = PCURVE('',#110,#448);
#448 = DEFINITIONAL_REPRESENTATION('',(#449),#452);
#449 = B_SPLINE_CURVE_WITH_KNOTS('',1,(#450,#451),.UNSPECIFIED.,.F.,.F.,
  (2,2),(0.,1.570796326795),.PIECEWISE_BEZIER_KNOTS.);
#450 = CARTESIAN_POINT('',(0.,-0.229396308607));
#451 = CARTESIAN_POINT('',(1.570796326795,-0.229396308607));
#452 = ( GEOMETRIC_REPRESENTATION_CONTEXT(2) 
PARAMETRIC_REPRESENTATION_CONTEXT() REPRESENTATION_CONTEXT('2D SPACE',''
  ) );
#453 = PCURVE('',#373,#454);
#454 = DEFINITIONAL_REPRESENTATION('',(#455),#481);
#455 = B_SPLINE_CURVE_WITH_KNOTS('',3,(#456,#457,#458,#459,#460,#461,
    #462,#463,#464,#465,#466,#467,#468,#469,#470,#471,#472,#473,#474,
    #475,#476,#477,#478,#479,#480),.UNSPECIFIED.,.F.,.F.,(4,1,1,1,1,1,1,
    1,1,1,1,1,1,1,1,1,1,1,1,1,1,1,4),(0.,7.139983303613E-02,
    0.142799666072,0.214199499108,0.285599332145,0.356999165181,
    0.428398998217,0.499798831253,0.571198664289,0.642598497325,
    0.713998330361,0.785398163397,0.856797996434,0.92819782947,
    0.999597662506,1.070997495542,1.142397328578,1.213797161614,
    1.28519699465,1.356596827687,1.427996660723,1.499396493759,
    1.570796326795),.QUASI_UNIFORM_KNOTS.);
#456 = CARTESIAN_POINT('',(0.,633.96526853981));
#457 = CARTESIAN_POINT('',(0.471934533098,633.96526854013));
#458 = CARTESIAN_POINT('',(1.401985722519,633.96526818639));
#459 = CARTESIAN_POINT('',(2.760336567134,633.96526659888));
#460 = CARTESIAN_POINT('',(4.086843981611,633.96526395918));
#461 = CARTESIAN_POINT('',(5.385848610358,633.9652602774));
#462 = CARTESIAN_POINT('',(6.661417750529,633.9652555672));
#463 = CARTESIAN_POINT('',(7.917344466511,633.96524984631));
#464 = CARTESIAN_POINT('',(9.157210270532,633.96524313638));
#465 = CARTESIAN_POINT('',(10.384423929309,633.96523546306));
#466 = CARTESIAN_POINT('',(11.602261315529,633.96522685603));
#467 = CARTESIAN_POINT('',(12.813900897766,633.96521734897));
#468 = CARTESIAN_POINT('',(14.02245742593,633.9652069796));
#469 = CARTESIAN_POINT('',(15.231014120863,633.96519578968));
#470 = CARTESIAN_POINT('',(16.44265420111,633.96518382499));
#471 = CARTESIAN_POINT('',(17.660492409603,633.96517113531));
#472 = CARTESIAN_POINT('',(18.887707203318,633.96515777439));
#473 = CARTESIAN_POINT('',(20.127574437943,633.96514379987));
#474 = CARTESIAN_POINT('',(21.383502859691,633.96512927323));
#475 = CARTESIAN_POINT('',(22.659073948427,633.96511425962));
#476 = CARTESIAN_POINT('',(23.958080753725,633.96509882776));
#477 = CARTESIAN_POINT('',(25.284590463409,633.96508304979));
#478 = CARTESIAN_POINT('',(26.642943933581,633.96506700078));
#479 = CARTESIAN_POINT('',(27.572996412537,633.96505617337));
#480 = CARTESIAN_POINT('',(28.044931363656,633.96505074063));
#481 = ( GEOMETRIC_REPRESENTATION_CONTEXT(2) 
PARAMETRIC_REPRESENTATION_CONTEXT() REPRESENTATION_CONTEXT('2D SPACE',''
  ) );
#482 = ORIENTED_EDGE('',*,*,#483,.T.);
#483 = EDGE_CURVE('',#439,#484,#486,.T.);
#484 = VERTEX_POINT('',#485);
#485 = CARTESIAN_POINT('',(-41.2,72.,160.));
#486 = SURFACE_CURVE('',#487,(#491,#498),.PCURVE_S1.);
#487 = LINE('',#488,#489);
#488 = CARTESIAN_POINT('',(-41.2,18.,160.));
#489 = VECTOR('',#490,1.);
#490 = DIRECTION('',(0.,1.,0.));
#491 = PCURVE('',#110,#492);
#492 = DEFINITIONAL_REPRESENTATION('',(#493),#497);
#493 = LINE('',#494,#495);
#494 = CARTESIAN_POINT('',(1.570796326795,0.));
#495 = VECTOR('',#496,1.);
#496 = DIRECTION('',(0.,1.));
#497 = ( GEOMETRIC_REPRESENTATION_CONTEXT(2) 
PARAMETRIC_REPRESENTATION_CONTEXT() REPRESENTATION_CONTEXT('2D SPACE',''
  ) );
#498 = PCURVE('',#499,#504);
#499 = PLANE('',#500);
#500 = AXIS2_PLACEMENT_3D('',#501,#502,#503);
#501 = CARTESIAN_POINT('',(-24.,18.,160.));
#502 = DIRECTION('',(0.,0.,1.));
#503 = DIRECTION('',(1.,0.,-0.));
#504 = DEFINITIONAL_REPRESENTATION('',(#505),#509);
#505 = LINE('',#506,#507);
#506 = CARTESIAN_POINT('',(-17.2,0.));
#507 = VECTOR('',#508,1.);
#508 = DIRECTION('',(0.,1.));
#509 = ( GEOMETRIC_REPRESENTATION_CONTEXT(2) 
PARAMETRIC_REPRESENTATION_CONTEXT() REPRESENTATION_CONTEXT('2D SPACE',''
  ) );
#510 = ORIENTED_EDGE('',*,*,#511,.F.);
#511 = EDGE_CURVE('',#95,#484,#512,.T.);
#512 = SURFACE_CURVE('',#513,(#518,#524),.PCURVE_S1.);
#513 = CIRCLE('',#514,0.8);
#514 = AXIS2_PLACEMENT_3D('',#515,#516,#517);
#515 = CARTESIAN_POINT('',(-41.2,72.,159.2));
#516 = DIRECTION('',(0.,1.,0.));
#517 = DIRECTION('',(-1.,0.,1.483769832596E-17));
#518 = PCURVE('',#110,#519);
#519 = DEFINITIONAL_REPRESENTATION('',(#520),#523);
#520 = B_SPLINE_CURVE_WITH_KNOTS('',1,(#521,#522),.UNSPECIFIED.,.F.,.F.,
  (2,2),(0.,1.570796326795),.PIECEWISE_BEZIER_KNOTS.);
#521 = CARTESIAN_POINT('',(0.,54.));
#522 = CARTESIAN_POINT('',(1.570796326795,54.));
#523 = ( GEOMETRIC_REPRESENTATION_CONTEXT(2) 
PARAMETRIC_REPRESENTATION_CONTEXT() REPRESENTATION_CONTEXT('2D SPACE',''
  ) );
#524 = PCURVE('',#525,#530);
#525 = TOROIDAL_SURFACE('',#526,17.2,0.8);
#526 = AXIS2_PLACEMENT_3D('',#527,#528,#529);
#527 = CARTESIAN_POINT('',(-24.,72.,159.2));
#528 = DIRECTION('',(0.,0.,1.));
#529 = DIRECTION('',(-1.,0.,0.));
#530 = DEFINITIONAL_REPRESENTATION('',(#531),#534);
#531 = B_SPLINE_CURVE_WITH_KNOTS('',1,(#532,#533),.UNSPECIFIED.,.F.,.F.,
  (2,2),(0.,1.570796326795),.PIECEWISE_BEZIER_KNOTS.);
#532 = CARTESIAN_POINT('',(6.28318530718,0.));
#533 = CARTESIAN_POINT('',(6.28318530718,1.570796326795));
#534 = ( GEOMETRIC_REPRESENTATION_CONTEXT(2) 
PARAMETRIC_REPRESENTATION_CONTEXT() REPRESENTATION_CONTEXT('2D SPACE',''
  ) );
#535 = ORIENTED_EDGE('',*,*,#94,.F.);
#536 = ADVANCED_FACE('',(#537),#271,.T.);
#537 = FACE_BOUND('',#538,.T.);
#538 = EDGE_LOOP('',(#539,#574,#633,#634));
#539 = ORIENTED_EDGE('',*,*,#540,.T.);
#540 = EDGE_CURVE('',#210,#541,#543,.T.);
#541 = VERTEX_POINT('',#542);
#542 = CARTESIAN_POINT('',(-24.,0.,0.));
#543 = SURFACE_CURVE('',#544,(#554,#561),.PCURVE_S1.);
#544 = B_SPLINE_CURVE_WITH_KNOTS('',8,(#545,#546,#547,#548,#549,#550,
    #551,#552,#553),.UNSPECIFIED.,.F.,.F.,(9,9),(1.,2.),
  .PIECEWISE_BEZIER_KNOTS.);
#545 = CARTESIAN_POINT('',(-42.,18.,0.));
#546 = CARTESIAN_POINT('',(-41.99999999999,14.465708264712,0.));
#547 = CARTESIAN_POINT('',(-41.2069057987,10.931415416923,0.));
#548 = CARTESIAN_POINT('',(-39.62072518568,7.604761781972,0.));
#549 = CARTESIAN_POINT('',(-37.30665760404,4.693342395959,0.));
#550 = CARTESIAN_POINT('',(-34.39523821802,2.379274814317,0.));
#551 = CARTESIAN_POINT('',(-31.06858458307,0.7930942013,0.));
#552 = CARTESIAN_POINT('',(-27.53429173528,4.689582056017E-13,0.));
#553 = CARTESIAN_POINT('',(-24.,0.,0.));
#554 = PCURVE('',#271,#555);
#555 = DEFINITIONAL_REPRESENTATION('',(#556),#560);
#556 = LINE('',#557,#558);
#557 = CARTESIAN_POINT('',(0.,0.));
#558 = VECTOR('',#559,1.);
#559 = DIRECTION('',(1.,0.));
#560 = ( GEOMETRIC_REPRESENTATION_CONTEXT(2) 
PARAMETRIC_REPRESENTATION_CONTEXT() REPRESENTATION_CONTEXT('2D SPACE',''
  ) );
#561 = PCURVE('',#237,#562);
#562 = DEFINITIONAL_REPRESENTATION('',(#563),#573);
#563 = B_SPLINE_CURVE_WITH_KNOTS('',8,(#564,#565,#566,#567,#568,#569,
    #570,#571,#572),.UNSPECIFIED.,.F.,.F.,(9,9),(1.,2.),
  .PIECEWISE_BEZIER_KNOTS.);
#564 = CARTESIAN_POINT('',(33.486371845037,-42.36346185872));
#565 = CARTESIAN_POINT('',(35.678049757206,-45.13614395363));
#566 = CARTESIAN_POINT('',(38.491917543448,-47.41701493368));
#567 = CARTESIAN_POINT('',(41.799207590121,-49.04318401813));
#568 = CARTESIAN_POINT('',(45.420036958458,-49.8922224737));
#569 = CARTESIAN_POINT('',(49.139065321936,-49.90220472511));
#570 = CARTESIAN_POINT('',(52.732472696053,-49.08365919328));
#571 = CARTESIAN_POINT('',(55.996967651382,-47.51416977544));
#572 = CARTESIAN_POINT('',(58.769649746292,-45.32249186329));
#573 = ( GEOMETRIC_REPRESENTATION_CONTEXT(2) 
PARAMETRIC_REPRESENTATION_CONTEXT() REPRESENTATION_CONTEXT('2D SPACE',''
  ) );
#574 = ORIENTED_EDGE('',*,*,#575,.T.);
#575 = EDGE_CURVE('',#541,#319,#576,.T.);
#576 = SURFACE_CURVE('',#577,(#582,#589),.PCURVE_S1.);
#577 = B_SPLINE_CURVE_WITH_KNOTS('',3,(#578,#579,#580,#581),
  .UNSPECIFIED.,.F.,.F.,(4,4),(0.,1.),.PIECEWISE_BEZIER_KNOTS.);
#578 = CARTESIAN_POINT('',(-24.,0.,0.));
#579 = CARTESIAN_POINT('',(-24.,9.308837293095,43.780981386154));
#580 = CARTESIAN_POINT('',(-24.,-8.12553969425,86.508789504936));
#581 = CARTESIAN_POINT('',(-24.,-8.602361572764,130.));
#582 = PCURVE('',#271,#583);
#583 = DEFINITIONAL_REPRESENTATION('',(#584),#588);
#584 = LINE('',#585,#586);
#585 = CARTESIAN_POINT('',(2.,0.));
#586 = VECTOR('',#587,1.);
#587 = DIRECTION('',(0.,1.));
#588 = ( GEOMETRIC_REPRESENTATION_CONTEXT(2) 
PARAMETRIC_REPRESENTATION_CONTEXT() REPRESENTATION_CONTEXT('2D SPACE',''
  ) );
#589 = PCURVE('',#590,#627);
#590 = B_SPLINE_SURFACE_WITH_KNOTS('',8,3,(
    (#591,#592,#593,#594)
    ,(#595,#596,#597,#598)
    ,(#599,#600,#601,#602)
    ,(#603,#604,#605,#606)
    ,(#607,#608,#609,#610)
    ,(#611,#612,#613,#614)
    ,(#615,#616,#617,#618)
    ,(#619,#620,#621,#622)
    ,(#623,#624,#625,#626
    )),.UNSPECIFIED.,.F.,.F.,.F.,(9,9),(4,4),(2.,3.),(0.,1.),
  .PIECEWISE_BEZIER_KNOTS.);
#591 = CARTESIAN_POINT('',(-24.,0.,0.));
#592 = CARTESIAN_POINT('',(-24.,9.308837293095,43.780981386154));
#593 = CARTESIAN_POINT('',(-24.,-8.12553969425,86.508789504936));
#594 = CARTESIAN_POINT('',(-24.,-8.602361572764,130.));
#595 = CARTESIAN_POINT('',(-18.,0.,0.));
#596 = CARTESIAN_POINT('',(-18.,9.308837293095,43.780981386154));
#597 = CARTESIAN_POINT('',(-18.,-8.12553969425,86.508789504936));
#598 = CARTESIAN_POINT('',(-18.,-8.602361572764,130.));
#599 = CARTESIAN_POINT('',(-12.,0.,0.));
#600 = CARTESIAN_POINT('',(-12.,9.308837293095,43.780981386154));
#601 = CARTESIAN_POINT('',(-12.,-8.12553969425,86.508789504936));
#602 = CARTESIAN_POINT('',(-12.,-8.602361572764,130.));
#603 = CARTESIAN_POINT('',(-6.,0.,0.));
#604 = CARTESIAN_POINT('',(-6.,9.308837293095,43.780981386154));
#605 = CARTESIAN_POINT('',(-6.,-8.12553969425,86.508789504936));
#606 = CARTESIAN_POINT('',(-6.,-8.602361572764,130.));
#607 = CARTESIAN_POINT('',(3.330669073875E-16,0.,0.));
#608 = CARTESIAN_POINT('',(3.330669073875E-16,9.308837293095,
    43.780981386154));
#609 = CARTESIAN_POINT('',(3.330669073875E-16,-8.12553969425,
    86.508789504936));
#610 = CARTESIAN_POINT('',(3.330669073875E-16,-8.602361572764,130.));
#611 = CARTESIAN_POINT('',(6.,0.,0.));
#612 = CARTESIAN_POINT('',(6.,9.308837293095,43.780981386154));
#613 = CARTESIAN_POINT('',(6.,-8.12553969425,86.508789504936));
#614 = CARTESIAN_POINT('',(6.,-8.602361572764,130.));
#615 = CARTESIAN_POINT('',(12.,0.,0.));
#616 = CARTESIAN_POINT('',(12.,9.308837293095,43.780981386154));
#617 = CARTESIAN_POINT('',(12.,-8.12553969425,86.508789504936));
#618 = CARTESIAN_POINT('',(12.,-8.602361572764,130.));
#619 = CARTESIAN_POINT('',(18.,0.,0.));
#620 = CARTESIAN_POINT('',(18.,9.308837293095,43.780981386154));
#621 = CARTESIAN_POINT('',(18.,-8.12553969425,86.508789504936));
#622 = CARTESIAN_POINT('',(18.,-8.602361572764,130.));
#623 = CARTESIAN_POINT('',(24.,2.84217094304E-14,0.));
#624 = CARTESIAN_POINT('',(24.,9.308837293095,43.780981386154));
#625 = CARTESIAN_POINT('',(24.,-8.12553969425,86.508789504936));
#626 = CARTESIAN_POINT('',(24.,-8.602361572764,130.));
#627 = DEFINITIONAL_REPRESENTATION('',(#628),#632);
#628 = LINE('',#629,#630);
#629 = CARTESIAN_POINT('',(2.,0.));
#630 = VECTOR('',#631,1.);
#631 = DIRECTION('',(0.,1.));
#632 = ( GEOMETRIC_REPRESENTATION_CONTEXT(2) 
PARAMETRIC_REPRESENTATION_CONTEXT() REPRESENTATION_CONTEXT('2D SPACE',''
  ) );
#633 = ORIENTED_EDGE('',*,*,#409,.F.);
#634 = ORIENTED_EDGE('',*,*,#255,.F.);
#635 = ADVANCED_FACE('',(#636),#136,.T.);
#636 = FACE_BOUND('',#637,.T.);
#637 = EDGE_LOOP('',(#638,#639,#663,#688));
#638 = ORIENTED_EDGE('',*,*,#122,.T.);
#639 = ORIENTED_EDGE('',*,*,#640,.T.);
#640 = EDGE_CURVE('',#95,#641,#643,.T.);
#641 = VERTEX_POINT('',#642);
#642 = CARTESIAN_POINT('',(-24.,90.,159.2));
#643 = SURFACE_CURVE('',#644,(#649,#656),.PCURVE_S1.);
#644 = CIRCLE('',#645,18.);
#645 = AXIS2_PLACEMENT_3D('',#646,#647,#648);
#646 = CARTESIAN_POINT('',(-24.,72.,159.2));
#647 = DIRECTION('',(0.,0.,-1.));
#648 = DIRECTION('',(-1.,0.,0.));
#649 = PCURVE('',#136,#650);
#650 = DEFINITIONAL_REPRESENTATION('',(#651),#655);
#651 = LINE('',#652,#653);
#652 = CARTESIAN_POINT('',(3.14159265359,29.2));
#653 = VECTOR('',#654,1.);
#654 = DIRECTION('',(-1.,-0.));
#655 = ( GEOMETRIC_REPRESENTATION_CONTEXT(2) 
PARAMETRIC_REPRESENTATION_CONTEXT() REPRESENTATION_CONTEXT('2D SPACE',''
  ) );
#656 = PCURVE('',#525,#657);
#657 = DEFINITIONAL_REPRESENTATION('',(#658),#662);
#658 = LINE('',#659,#660);
#659 = CARTESIAN_POINT('',(6.28318530718,0.));
#660 = VECTOR('',#661,1.);
#661 = DIRECTION('',(-1.,0.));
#662 = ( GEOMETRIC_REPRESENTATION_CONTEXT(2) 
PARAMETRIC_REPRESENTATION_CONTEXT() REPRESENTATION_CONTEXT('2D SPACE',''
  ) );
#663 = ORIENTED_EDGE('',*,*,#664,.F.);
#664 = EDGE_CURVE('',#665,#641,#667,.T.);
#665 = VERTEX_POINT('',#666);
#666 = CARTESIAN_POINT('',(-24.,90.,130.));
#667 = SURFACE_CURVE('',#668,(#671,#677),.PCURVE_S1.);
#668 = B_SPLINE_CURVE_WITH_KNOTS('',1,(#669,#670),.UNSPECIFIED.,.F.,.F.,
  (2,2),(0.,1.),.PIECEWISE_BEZIER_KNOTS.);
#669 = CARTESIAN_POINT('',(-24.,90.,130.));
#670 = CARTESIAN_POINT('',(-24.,90.,160.));
#671 = PCURVE('',#136,#672);
#672 = DEFINITIONAL_REPRESENTATION('',(#673),#676);
#673 = B_SPLINE_CURVE_WITH_KNOTS('',1,(#674,#675),.UNSPECIFIED.,.F.,.F.,
  (2,2),(0.,1.),.PIECEWISE_BEZIER_KNOTS.);
#674 = CARTESIAN_POINT('',(1.570796326795,0.));
#675 = CARTESIAN_POINT('',(1.570796326795,30.));
#676 = ( GEOMETRIC_REPRESENTATION_CONTEXT(2) 
PARAMETRIC_REPRESENTATION_CONTEXT() REPRESENTATION_CONTEXT('2D SPACE',''
  ) );
#677 = PCURVE('',#678,#683);
#678 = PLANE('',#679);
#679 = AXIS2_PLACEMENT_3D('',#680,#681,#682);
#680 = CARTESIAN_POINT('',(1.9378438248E-15,90.,65.065198450495));
#681 = DIRECTION('',(-3.425481508485E-17,1.,-1.788727250935E-16));
#682 = DIRECTION('',(-1.,-3.425481508485E-17,-7.097332633451E-18));
#683 = DEFINITIONAL_REPRESENTATION('',(#684),#687);
#684 = B_SPLINE_CURVE_WITH_KNOTS('',1,(#685,#686),.UNSPECIFIED.,.F.,.F.,
  (2,2),(0.,1.),.PIECEWISE_BEZIER_KNOTS.);
#685 = CARTESIAN_POINT('',(24.,64.934801549505));
#686 = CARTESIAN_POINT('',(24.,94.934801549505));
#687 = ( GEOMETRIC_REPRESENTATION_CONTEXT(2) 
PARAMETRIC_REPRESENTATION_CONTEXT() REPRESENTATION_CONTEXT('2D SPACE',''
  ) );
#688 = ORIENTED_EDGE('',*,*,#689,.T.);
#689 = EDGE_CURVE('',#665,#123,#690,.T.);
#690 = SURFACE_CURVE('',#691,(#701,#707),.PCURVE_S1.);
#691 = B_SPLINE_CURVE_WITH_KNOTS('',8,(#692,#693,#694,#695,#696,#697,
    #698,#699,#700),.UNSPECIFIED.,.F.,.F.,(9,9),(7.,8.),
  .PIECEWISE_BEZIER_KNOTS.);
#692 = CARTESIAN_POINT('',(-24.,90.,130.));
#693 = CARTESIAN_POINT('',(-27.53429173528,90.,130.));
#694 = CARTESIAN_POINT('',(-31.06858458307,89.206905798699,130.));
#695 = CARTESIAN_POINT('',(-34.39523821803,87.620725185684,130.));
#696 = CARTESIAN_POINT('',(-37.30665760403,85.306657604039,130.));
#697 = CARTESIAN_POINT('',(-39.62072518568,82.39523821803,130.));
#698 = CARTESIAN_POINT('',(-41.20690579869,79.068584583076,130.));
#699 = CARTESIAN_POINT('',(-42.,75.534291735288,130.));
#700 = CARTESIAN_POINT('',(-42.,72.,130.));
#701 = PCURVE('',#136,#702);
#702 = DEFINITIONAL_REPRESENTATION('',(#703),#706);
#703 = B_SPLINE_CURVE_WITH_KNOTS('',1,(#704,#705),.UNSPECIFIED.,.F.,.F.,
  (2,2),(7.,8.),.PIECEWISE_BEZIER_KNOTS.);
#704 = CARTESIAN_POINT('',(1.570796326795,0.));
#705 = CARTESIAN_POINT('',(3.14159265359,0.));
#706 = ( GEOMETRIC_REPRESENTATION_CONTEXT(2) 
PARAMETRIC_REPRESENTATION_CONTEXT() REPRESENTATION_CONTEXT('2D SPACE',''
  ) );
#707 = PCURVE('',#165,#708);
#708 = DEFINITIONAL_REPRESENTATION('',(#709),#713);
#709 = LINE('',#710,#711);
#710 = CARTESIAN_POINT('',(0.,1.));
#711 = VECTOR('',#712,1.);
#712 = DIRECTION('',(1.,0.));
#713 = ( GEOMETRIC_REPRESENTATION_CONTEXT(2) 
PARAMETRIC_REPRESENTATION_CONTEXT() REPRESENTATION_CONTEXT('2D SPACE',''
  ) );
#714 = ADVANCED_FACE('',(#715),#237,.F.);
#715 = FACE_BOUND('',#716,.T.);
#716 = EDGE_LOOP('',(#717,#718,#753,#794,#866,#912,#984,#1017));
#717 = ORIENTED_EDGE('',*,*,#209,.F.);
#718 = ORIENTED_EDGE('',*,*,#719,.F.);
#719 = EDGE_CURVE('',#720,#148,#722,.T.);
#720 = VERTEX_POINT('',#721);
#721 = CARTESIAN_POINT('',(-24.,90.,0.));
#722 = SURFACE_CURVE('',#723,(#733,#746),.PCURVE_S1.);
#723 = B_SPLINE_CURVE_WITH_KNOTS('',8,(#724,#725,#726,#727,#728,#729,
    #730,#731,#732),.UNSPECIFIED.,.F.,.F.,(9,9),(7.,8.),
  .PIECEWISE_BEZIER_KNOTS.);
#724 = CARTESIAN_POINT('',(-24.,90.,0.));
#725 = CARTESIAN_POINT('',(-27.53429173528,90.,0.));
#726 = CARTESIAN_POINT('',(-31.06858458307,89.206905798698,0.));
#727 = CARTESIAN_POINT('',(-34.39523821803,87.620725185686,0.));
#728 = CARTESIAN_POINT('',(-37.30665760403,85.306657604038,0.));
#729 = CARTESIAN_POINT('',(-39.62072518568,82.395238218031,0.));
#730 = CARTESIAN_POINT('',(-41.20690579869,79.068584583076,0.));
#731 = CARTESIAN_POINT('',(-42.,75.534291735288,0.));
#732 = CARTESIAN_POINT('',(-42.,72.,0.));
#733 = PCURVE('',#237,#734);
#734 = DEFINITIONAL_REPRESENTATION('',(#735),#745);
#735 = B_SPLINE_CURVE_WITH_KNOTS('',8,(#736,#737,#738,#739,#740,#741,
    #742,#743,#744),.UNSPECIFIED.,.F.,.F.,(9,9),(7.,8.),
  .PIECEWISE_BEZIER_KNOTS.);
#736 = CARTESIAN_POINT('',(2.959030004564,25.283277901255));
#737 = CARTESIAN_POINT('',(0.186347909653,23.091599989099));
#738 = CARTESIAN_POINT('',(-2.094523070383,20.277732202847));
#739 = CARTESIAN_POINT('',(-3.720692154849,16.970442156175));
#740 = CARTESIAN_POINT('',(-4.569730610403,13.34961278784));
#741 = CARTESIAN_POINT('',(-4.579712861831,9.630584424367));
#742 = CARTESIAN_POINT('',(-3.761167329989,6.037177050251));
#743 = CARTESIAN_POINT('',(-2.191677912161,2.772682094916));
#744 = CARTESIAN_POINT('',(0.,0.));
#745 = ( GEOMETRIC_REPRESENTATION_CONTEXT(2) 
PARAMETRIC_REPRESENTATION_CONTEXT() REPRESENTATION_CONTEXT('2D SPACE',''
  ) );
#746 = PCURVE('',#165,#747);
#747 = DEFINITIONAL_REPRESENTATION('',(#748),#752);
#748 = LINE('',#749,#750);
#749 = CARTESIAN_POINT('',(0.,0.));
#750 = VECTOR('',#751,1.);
#751 = DIRECTION('',(1.,0.));
#752 = ( GEOMETRIC_REPRESENTATION_CONTEXT(2) 
PARAMETRIC_REPRESENTATION_CONTEXT() REPRESENTATION_CONTEXT('2D SPACE',''
  ) );
#753 = ORIENTED_EDGE('',*,*,#754,.F.);
#754 = EDGE_CURVE('',#755,#720,#757,.T.);
#755 = VERTEX_POINT('',#756);
#756 = CARTESIAN_POINT('',(24.,90.,0.));
#757 = SURFACE_CURVE('',#758,(#768,#781),.PCURVE_S1.);
#758 = B_SPLINE_CURVE_WITH_KNOTS('',8,(#759,#760,#761,#762,#763,#764,
    #765,#766,#767),.UNSPECIFIED.,.F.,.F.,(9,9),(6.,7.),
  .PIECEWISE_BEZIER_KNOTS.);
#759 = CARTESIAN_POINT('',(24.,90.,0.));
#760 = CARTESIAN_POINT('',(18.,90.,0.));
#761 = CARTESIAN_POINT('',(12.,90.,0.));
#762 = CARTESIAN_POINT('',(6.,90.,0.));
#763 = CARTESIAN_POINT('',(-3.330669073875E-16,90.,0.));
#764 = CARTESIAN_POINT('',(-6.,90.,0.));
#765 = CARTESIAN_POINT('',(-12.,90.,0.));
#766 = CARTESIAN_POINT('',(-18.,90.,0.));
#767 = CARTESIAN_POINT('',(-24.,90.,0.));
#768 = PCURVE('',#237,#769);
#769 = DEFINITIONAL_REPRESENTATION('',(#770),#780);
#770 = B_SPLINE_CURVE_WITH_KNOTS('',8,(#771,#772,#773,#774,#775,#776,
    #777,#778,#779),.UNSPECIFIED.,.F.,.F.,(9,9),(6.,7.),
  .PIECEWISE_BEZIER_KNOTS.);
#771 = CARTESIAN_POINT('',(40.615440545655,55.04894176351));
#772 = CARTESIAN_POINT('',(35.908389228019,51.328233780729));
#773 = CARTESIAN_POINT('',(31.201337910382,47.607525797947));
#774 = CARTESIAN_POINT('',(26.494286592746,43.886817815165));
#775 = CARTESIAN_POINT('',(21.787235275109,40.166109832383));
#776 = CARTESIAN_POINT('',(17.080183957473,36.445401849601));
#777 = CARTESIAN_POINT('',(12.373132639836,32.724693866819));
#778 = CARTESIAN_POINT('',(7.6660813222,29.003985884037));
#779 = CARTESIAN_POINT('',(2.959030004564,25.283277901255));
#780 = ( GEOMETRIC_REPRESENTATION_CONTEXT(2) 
PARAMETRIC_REPRESENTATION_CONTEXT() REPRESENTATION_CONTEXT('2D SPACE',''
  ) );
#781 = PCURVE('',#678,#782);
#782 = DEFINITIONAL_REPRESENTATION('',(#783),#793);
#783 = B_SPLINE_CURVE_WITH_KNOTS('',8,(#784,#785,#786,#787,#788,#789,
    #790,#791,#792),.UNSPECIFIED.,.F.,.F.,(9,9),(6.,7.),
  .PIECEWISE_BEZIER_KNOTS.);
#784 = CARTESIAN_POINT('',(-24.,-65.06519845049));
#785 = CARTESIAN_POINT('',(-18.,-65.06519845049));
#786 = CARTESIAN_POINT('',(-12.,-65.06519845049));
#787 = CARTESIAN_POINT('',(-6.,-65.06519845049));
#788 = CARTESIAN_POINT('',(2.732700088452E-15,-65.06519845049));
#789 = CARTESIAN_POINT('',(6.,-65.06519845049));
#790 = CARTESIAN_POINT('',(12.,-65.06519845049));
#791 = CARTESIAN_POINT('',(18.,-65.06519845049));
#792 = CARTESIAN_POINT('',(24.,-65.06519845049));
#793 = ( GEOMETRIC_REPRESENTATION_CONTEXT(2) 
PARAMETRIC_REPRESENTATION_CONTEXT() REPRESENTATION_CONTEXT('2D SPACE',''
  ) );
#794 = ORIENTED_EDGE('',*,*,#795,.F.);
#795 = EDGE_CURVE('',#796,#755,#798,.T.);
#796 = VERTEX_POINT('',#797);
#797 = CARTESIAN_POINT('',(42.,72.,0.));
#798 = SURFACE_CURVE('',#799,(#809,#822),.PCURVE_S1.);
#799 = B_SPLINE_CURVE_WITH_KNOTS('',8,(#800,#801,#802,#803,#804,#805,
    #806,#807,#808),.UNSPECIFIED.,.F.,.F.,(9,9),(5.,6.),
  .PIECEWISE_BEZIER_KNOTS.);
#800 = CARTESIAN_POINT('',(42.,72.,0.));
#801 = CARTESIAN_POINT('',(42.,75.534291735289,0.));
#802 = CARTESIAN_POINT('',(41.206905798698,79.068584583075,0.));
#803 = CARTESIAN_POINT('',(39.620725185686,82.395238218033,0.));
#804 = CARTESIAN_POINT('',(37.306657604038,85.306657604036,0.));
#805 = CARTESIAN_POINT('',(34.395238218031,87.620725185687,0.));
#806 = CARTESIAN_POINT('',(31.068584583076,89.206905798697,0.));
#807 = CARTESIAN_POINT('',(27.534291735289,90.,0.));
#808 = CARTESIAN_POINT('',(24.,90.,0.));
#809 = PCURVE('',#237,#810);
#810 = DEFINITIONAL_REPRESENTATION('',(#811),#821);
#811 = B_SPLINE_CURVE_WITH_KNOTS('',8,(#812,#813,#814,#815,#816,#817,
    #818,#819,#820),.UNSPECIFIED.,.F.,.F.,(9,9),(5.,6.),
  .PIECEWISE_BEZIER_KNOTS.);
#812 = CARTESIAN_POINT('',(65.89871844691,52.089911758947));
#813 = CARTESIAN_POINT('',(63.707040534748,54.862593853864));
#814 = CARTESIAN_POINT('',(60.893172748499,57.143464833898));
#815 = CARTESIAN_POINT('',(57.585882701828,58.769633918361));
#816 = CARTESIAN_POINT('',(53.965053333491,59.618672373919));
#817 = CARTESIAN_POINT('',(50.246024970017,59.628654625347));
#818 = CARTESIAN_POINT('',(46.652617595901,58.810109093505));
#819 = CARTESIAN_POINT('',(43.388122640572,57.240619675672));
#820 = CARTESIAN_POINT('',(40.615440545655,55.04894176351));
#821 = ( GEOMETRIC_REPRESENTATION_CONTEXT(2) 
PARAMETRIC_REPRESENTATION_CONTEXT() REPRESENTATION_CONTEXT('2D SPACE',''
  ) );
#822 = PCURVE('',#823,#860);
#823 = B_SPLINE_SURFACE_WITH_KNOTS('',8,3,(
    (#824,#825,#826,#827)
    ,(#828,#829,#830,#831)
    ,(#832,#833,#834,#835)
    ,(#836,#837,#838,#839)
    ,(#840,#841,#842,#843)
    ,(#844,#845,#846,#847)
    ,(#848,#849,#850,#851)
    ,(#852,#853,#854,#855)
    ,(#856,#857,#858,#859
    )),.UNSPECIFIED.,.F.,.F.,.F.,(9,9),(4,4),(5.,6.),(0.,1.),
  .PIECEWISE_BEZIER_KNOTS.);
#824 = CARTESIAN_POINT('',(42.,72.,0.));
#825 = CARTESIAN_POINT('',(42.,72.,43.780981386154));
#826 = CARTESIAN_POINT('',(42.,72.,86.508789504936));
#827 = CARTESIAN_POINT('',(42.,72.,130.));
#828 = CARTESIAN_POINT('',(42.,75.534291735289,0.));
#829 = CARTESIAN_POINT('',(42.,75.534291735289,43.780981386154));
#830 = CARTESIAN_POINT('',(42.,75.534291735289,86.508789504936));
#831 = CARTESIAN_POINT('',(42.,75.534291735288,130.));
#832 = CARTESIAN_POINT('',(41.206905798698,79.068584583075,0.));
#833 = CARTESIAN_POINT('',(41.206905798698,79.068584583075,
    43.780981386154));
#834 = CARTESIAN_POINT('',(41.206905798698,79.068584583075,
    86.508789504936));
#835 = CARTESIAN_POINT('',(41.206905798698,79.068584583076,130.));
#836 = CARTESIAN_POINT('',(39.620725185686,82.395238218033,0.));
#837 = CARTESIAN_POINT('',(39.620725185686,82.395238218032,
    43.780981386154));
#838 = CARTESIAN_POINT('',(39.620725185686,82.395238218033,
    86.508789504936));
#839 = CARTESIAN_POINT('',(39.620725185686,82.395238218031,130.));
#840 = CARTESIAN_POINT('',(37.306657604038,85.306657604036,0.));
#841 = CARTESIAN_POINT('',(37.306657604038,85.306657604036,
    43.780981386154));
#842 = CARTESIAN_POINT('',(37.306657604038,85.306657604036,
    86.508789504936));
#843 = CARTESIAN_POINT('',(37.306657604038,85.306657604038,130.));
#844 = CARTESIAN_POINT('',(34.395238218031,87.620725185687,0.));
#845 = CARTESIAN_POINT('',(34.395238218031,87.620725185688,
    43.780981386154));
#846 = CARTESIAN_POINT('',(34.395238218031,87.620725185687,
    86.508789504936));
#847 = CARTESIAN_POINT('',(34.395238218031,87.620725185686,130.));
#848 = CARTESIAN_POINT('',(31.068584583076,89.206905798697,0.));
#849 = CARTESIAN_POINT('',(31.068584583076,89.206905798697,
    43.780981386154));
#850 = CARTESIAN_POINT('',(31.068584583076,89.206905798698,
    86.508789504936));
#851 = CARTESIAN_POINT('',(31.068584583076,89.206905798698,130.));
#852 = CARTESIAN_POINT('',(27.534291735289,90.,0.));
#853 = CARTESIAN_POINT('',(27.534291735289,90.,43.780981386154));
#854 = CARTESIAN_POINT('',(27.534291735289,90.,86.508789504936));
#855 = CARTESIAN_POINT('',(27.534291735289,90.,130.));
#856 = CARTESIAN_POINT('',(24.,90.,0.));
#857 = CARTESIAN_POINT('',(24.,90.,43.780981386154));
#858 = CARTESIAN_POINT('',(24.,90.,86.508789504936));
#859 = CARTESIAN_POINT('',(24.,90.,130.));
#860 = DEFINITIONAL_REPRESENTATION('',(#861),#865);
#861 = LINE('',#862,#863);
#862 = CARTESIAN_POINT('',(0.,0.));
#863 = VECTOR('',#864,1.);
#864 = DIRECTION('',(1.,0.));
#865 = ( GEOMETRIC_REPRESENTATION_CONTEXT(2) 
PARAMETRIC_REPRESENTATION_CONTEXT() REPRESENTATION_CONTEXT('2D SPACE',''
  ) );
#866 = ORIENTED_EDGE('',*,*,#867,.F.);
#867 = EDGE_CURVE('',#868,#796,#870,.T.);
#868 = VERTEX_POINT('',#869);
#869 = CARTESIAN_POINT('',(42.,18.,0.));
#870 = SURFACE_CURVE('',#871,(#881,#894),.PCURVE_S1.);
#871 = B_SPLINE_CURVE_WITH_KNOTS('',8,(#872,#873,#874,#875,#876,#877,
    #878,#879,#880),.UNSPECIFIED.,.F.,.F.,(9,9),(4.,5.),
  .PIECEWISE_BEZIER_KNOTS.);
#872 = CARTESIAN_POINT('',(42.,18.,0.));
#873 = CARTESIAN_POINT('',(42.,24.75,0.));
#874 = CARTESIAN_POINT('',(42.,31.5,0.));
#875 = CARTESIAN_POINT('',(42.,38.25,0.));
#876 = CARTESIAN_POINT('',(42.,45.,0.));
#877 = CARTESIAN_POINT('',(42.,51.75,0.));
#878 = CARTESIAN_POINT('',(42.,58.5,0.));
#879 = CARTESIAN_POINT('',(42.,65.25,0.));
#880 = CARTESIAN_POINT('',(42.,72.,0.));
#881 = PCURVE('',#237,#882);
#882 = DEFINITIONAL_REPRESENTATION('',(#883),#893);
#883 = B_SPLINE_CURVE_WITH_KNOTS('',8,(#884,#885,#886,#887,#888,#889,
    #890,#891,#892),.UNSPECIFIED.,.F.,.F.,(9,9),(4.,5.),
  .PIECEWISE_BEZIER_KNOTS.);
#884 = CARTESIAN_POINT('',(99.385090291947,9.726449900219));
#885 = CARTESIAN_POINT('',(95.199293811318,15.02188263256));
#886 = CARTESIAN_POINT('',(91.013497330688,20.317315364901));
#887 = CARTESIAN_POINT('',(86.827700850058,25.612748097242));
#888 = CARTESIAN_POINT('',(82.641904369429,30.908180829583));
#889 = CARTESIAN_POINT('',(78.456107888799,36.203613561924));
#890 = CARTESIAN_POINT('',(74.270311408169,41.499046294265));
#891 = CARTESIAN_POINT('',(70.08451492754,46.794479026606));
#892 = CARTESIAN_POINT('',(65.89871844691,52.089911758947));
#893 = ( GEOMETRIC_REPRESENTATION_CONTEXT(2) 
PARAMETRIC_REPRESENTATION_CONTEXT() REPRESENTATION_CONTEXT('2D SPACE',''
  ) );
#894 = PCURVE('',#895,#900);
#895 = PLANE('',#896);
#896 = AXIS2_PLACEMENT_3D('',#897,#898,#899);
#897 = CARTESIAN_POINT('',(42.,43.950296263615,65.065198450495));
#898 = DIRECTION('',(1.,-1.52225651499E-18,1.483769832596E-17));
#899 = DIRECTION('',(6.956356230741E-19,0.998455771506,
    5.555242881489E-02));
#900 = DEFINITIONAL_REPRESENTATION('',(#901),#911);
#901 = B_SPLINE_CURVE_WITH_KNOTS('',8,(#902,#903,#904,#905,#906,#907,
    #908,#909,#910),.UNSPECIFIED.,.F.,.F.,(9,9),(4.,5.),
  .PIECEWISE_BEZIER_KNOTS.);
#902 = CARTESIAN_POINT('',(-29.52475288193,-63.52312093114));
#903 = CARTESIAN_POINT('',(-22.78517642427,-63.89809982564));
#904 = CARTESIAN_POINT('',(-16.0455999666,-64.27307872014));
#905 = CARTESIAN_POINT('',(-9.306023508946,-64.64805761464));
#906 = CARTESIAN_POINT('',(-2.566447051283,-65.02303650914));
#907 = CARTESIAN_POINT('',(4.17312940638,-65.39801540364));
#908 = CARTESIAN_POINT('',(10.912705864042,-65.77299429814));
#909 = CARTESIAN_POINT('',(17.652282321705,-66.14797319264));
#910 = CARTESIAN_POINT('',(24.391858779367,-66.52295208714));
#911 = ( GEOMETRIC_REPRESENTATION_CONTEXT(2) 
PARAMETRIC_REPRESENTATION_CONTEXT() REPRESENTATION_CONTEXT('2D SPACE',''
  ) );
#912 = ORIENTED_EDGE('',*,*,#913,.F.);
#913 = EDGE_CURVE('',#914,#868,#916,.T.);
#914 = VERTEX_POINT('',#915);
#915 = CARTESIAN_POINT('',(24.,0.,0.));
#916 = SURFACE_CURVE('',#917,(#927,#940),.PCURVE_S1.);
#917 = B_SPLINE_CURVE_WITH_KNOTS('',8,(#918,#919,#920,#921,#922,#923,
    #924,#925,#926),.UNSPECIFIED.,.F.,.F.,(9,9),(3.,4.),
  .PIECEWISE_BEZIER_KNOTS.);
#918 = CARTESIAN_POINT('',(24.,2.84217094304E-14,0.));
#919 = CARTESIAN_POINT('',(27.534291735288,5.329070518201E-13,0.));
#920 = CARTESIAN_POINT('',(31.068584583078,0.7930942013,0.));
#921 = CARTESIAN_POINT('',(34.395238218028,2.379274814317,0.));
#922 = CARTESIAN_POINT('',(37.306657604041,4.693342395959,0.));
#923 = CARTESIAN_POINT('',(39.620725185683,7.604761781971,0.));
#924 = CARTESIAN_POINT('',(41.2069057987,10.931415416923,0.));
#925 = CARTESIAN_POINT('',(42.,14.465708264712,0.));
#926 = CARTESIAN_POINT('',(42.,18.,0.));
#927 = PCURVE('',#237,#928);
#928 = DEFINITIONAL_REPRESENTATION('',(#929),#939);
#929 = B_SPLINE_CURVE_WITH_KNOTS('',8,(#930,#931,#932,#933,#934,#935,
    #936,#937,#938),.UNSPECIFIED.,.F.,.F.,(9,9),(3.,4.),
  .PIECEWISE_BEZIER_KNOTS.);
#930 = CARTESIAN_POINT('',(96.426060287384,-15.55682800103));
#931 = CARTESIAN_POINT('',(99.1987423823,-13.36515008887));
#932 = CARTESIAN_POINT('',(101.47961336233,-10.55128230262));
#933 = CARTESIAN_POINT('',(103.10578244679,-7.243992255955));
#934 = CARTESIAN_POINT('',(103.95482090236,-3.623162887616));
#935 = CARTESIAN_POINT('',(103.96480315377,9.586547585582E-02));
#936 = CARTESIAN_POINT('',(103.14625762194,3.689272849974));
#937 = CARTESIAN_POINT('',(101.5767682041,6.953767805303));
#938 = CARTESIAN_POINT('',(99.385090291947,9.726449900219));
#939 = ( GEOMETRIC_REPRESENTATION_CONTEXT(2) 
PARAMETRIC_REPRESENTATION_CONTEXT() REPRESENTATION_CONTEXT('2D SPACE',''
  ) );
#940 = PCURVE('',#941,#978);
#941 = B_SPLINE_SURFACE_WITH_KNOTS('',8,3,(
    (#942,#943,#944,#945)
    ,(#946,#947,#948,#949)
    ,(#950,#951,#952,#953)
    ,(#954,#955,#956,#957)
    ,(#958,#959,#960,#961)
    ,(#962,#963,#964,#965)
    ,(#966,#967,#968,#969)
    ,(#970,#971,#972,#973)
    ,(#974,#975,#976,#977
    )),.UNSPECIFIED.,.F.,.F.,.F.,(9,9),(4,4),(3.,4.),(0.,1.),
  .PIECEWISE_BEZIER_KNOTS.);
#942 = CARTESIAN_POINT('',(24.,2.84217094304E-14,0.));
#943 = CARTESIAN_POINT('',(24.,9.308837293095,43.780981386154));
#944 = CARTESIAN_POINT('',(24.,-8.12553969425,86.508789504936));
#945 = CARTESIAN_POINT('',(24.,-8.602361572764,130.));
#946 = CARTESIAN_POINT('',(27.534291735288,5.329070518201E-13,0.));
#947 = CARTESIAN_POINT('',(27.534291735288,9.308837293095,
    43.780981386154));
#948 = CARTESIAN_POINT('',(27.534291735288,-8.125539694249,
    86.508789504936));
#949 = CARTESIAN_POINT('',(27.534291735288,-8.602361572764,130.));
#950 = CARTESIAN_POINT('',(31.068584583078,0.7930942013,0.));
#951 = CARTESIAN_POINT('',(31.068584583078,10.101931494395,
    43.780981386154));
#952 = CARTESIAN_POINT('',(31.068584583078,-7.33244549295,
    86.508789504936));
#953 = CARTESIAN_POINT('',(31.068584583078,-7.809267371464,130.));
#954 = CARTESIAN_POINT('',(34.395238218028,2.379274814317,0.));
#955 = CARTESIAN_POINT('',(34.395238218028,11.688112107412,
    43.780981386154));
#956 = CARTESIAN_POINT('',(34.395238218028,-5.746264879932,
    86.508789504936));
#957 = CARTESIAN_POINT('',(34.395238218028,-6.223086758447,130.));
#958 = CARTESIAN_POINT('',(37.306657604041,4.693342395959,0.));
#959 = CARTESIAN_POINT('',(37.306657604041,14.002179689054,
    43.780981386154));
#960 = CARTESIAN_POINT('',(37.306657604041,-3.432197298292,
    86.508789504936));
#961 = CARTESIAN_POINT('',(37.306657604041,-3.909019176805,130.));
#962 = CARTESIAN_POINT('',(39.620725185683,7.604761781971,0.));
#963 = CARTESIAN_POINT('',(39.620725185683,16.913599075065,
    43.780981386154));
#964 = CARTESIAN_POINT('',(39.620725185683,-0.520777912277,
    86.508789504936));
#965 = CARTESIAN_POINT('',(39.620725185683,-0.997599790793,130.));
#966 = CARTESIAN_POINT('',(41.2069057987,10.931415416923,0.));
#967 = CARTESIAN_POINT('',(41.2069057987,20.240252710018,43.780981386154
    ));
#968 = CARTESIAN_POINT('',(41.2069057987,2.805875722672,86.508789504936)
  );
#969 = CARTESIAN_POINT('',(41.2069057987,2.329053844159,130.));
#970 = CARTESIAN_POINT('',(42.,14.465708264712,0.));
#971 = CARTESIAN_POINT('',(42.,23.774545557806,43.780981386154));
#972 = CARTESIAN_POINT('',(42.,6.340168570462,86.508789504936));
#973 = CARTESIAN_POINT('',(42.,5.863346691947,130.));
#974 = CARTESIAN_POINT('',(42.,18.,0.));
#975 = CARTESIAN_POINT('',(42.,27.308837293095,43.780981386154));
#976 = CARTESIAN_POINT('',(42.,9.87446030575,86.508789504936));
#977 = CARTESIAN_POINT('',(42.,9.397638427236,130.));
#978 = DEFINITIONAL_REPRESENTATION('',(#979),#983);
#979 = LINE('',#980,#981);
#980 = CARTESIAN_POINT('',(0.,0.));
#981 = VECTOR('',#982,1.);
#982 = DIRECTION('',(1.,0.));
#983 = ( GEOMETRIC_REPRESENTATION_CONTEXT(2) 
PARAMETRIC_REPRESENTATION_CONTEXT() REPRESENTATION_CONTEXT('2D SPACE',''
  ) );
#984 = ORIENTED_EDGE('',*,*,#985,.F.);
#985 = EDGE_CURVE('',#541,#914,#986,.T.);
#986 = SURFACE_CURVE('',#987,(#997,#1010),.PCURVE_S1.);
#987 = B_SPLINE_CURVE_WITH_KNOTS('',8,(#988,#989,#990,#991,#992,#993,
    #994,#995,#996),.UNSPECIFIED.,.F.,.F.,(9,9),(2.,3.),
  .PIECEWISE_BEZIER_KNOTS.);
#988 = CARTESIAN_POINT('',(-24.,0.,0.));
#989 = CARTESIAN_POINT('',(-18.,0.,0.));
#990 = CARTESIAN_POINT('',(-12.,0.,0.));
#991 = CARTESIAN_POINT('',(-6.,0.,0.));
#992 = CARTESIAN_POINT('',(3.330669073875E-16,0.,0.));
#993 = CARTESIAN_POINT('',(6.,0.,0.));
#994 = CARTESIAN_POINT('',(12.,0.,0.));
#995 = CARTESIAN_POINT('',(18.,0.,0.));
#996 = CARTESIAN_POINT('',(24.,2.84217094304E-14,0.));
#997 = PCURVE('',#237,#998);
#998 = DEFINITIONAL_REPRESENTATION('',(#999),#1009);
#999 = B_SPLINE_CURVE_WITH_KNOTS('',8,(#1000,#1001,#1002,#1003,#1004,
    #1005,#1006,#1007,#1008),.UNSPECIFIED.,.F.,.F.,(9,9),(2.,3.),
  .PIECEWISE_BEZIER_KNOTS.);
#1000 = CARTESIAN_POINT('',(58.769649746292,-45.32249186329));
#1001 = CARTESIAN_POINT('',(63.476701063929,-41.60178388051));
#1002 = CARTESIAN_POINT('',(68.183752381565,-37.88107589772));
#1003 = CARTESIAN_POINT('',(72.890803699202,-34.16036791494));
#1004 = CARTESIAN_POINT('',(77.597855016838,-30.43965993216));
#1005 = CARTESIAN_POINT('',(82.304906334475,-26.71895194938));
#1006 = CARTESIAN_POINT('',(87.011957652111,-22.9982439666));
#1007 = CARTESIAN_POINT('',(91.719008969747,-19.27753598381));
#1008 = CARTESIAN_POINT('',(96.426060287384,-15.55682800103));
#1009 = ( GEOMETRIC_REPRESENTATION_CONTEXT(2) 
PARAMETRIC_REPRESENTATION_CONTEXT() REPRESENTATION_CONTEXT('2D SPACE',''
  ) );
#1010 = PCURVE('',#590,#1011);
#1011 = DEFINITIONAL_REPRESENTATION('',(#1012),#1016);
#1012 = LINE('',#1013,#1014);
#1013 = CARTESIAN_POINT('',(0.,0.));
#1014 = VECTOR('',#1015,1.);
#1015 = DIRECTION('',(1.,0.));
#1016 = ( GEOMETRIC_REPRESENTATION_CONTEXT(2) 
PARAMETRIC_REPRESENTATION_CONTEXT() REPRESENTATION_CONTEXT('2D SPACE',''
  ) );
#1017 = ORIENTED_EDGE('',*,*,#540,.F.);
#1018 = ADVANCED_FACE('',(#1019),#165,.T.);
#1019 = FACE_BOUND('',#1020,.T.);
#1020 = EDGE_LOOP('',(#1021,#1022,#1023,#1024));
#1021 = ORIENTED_EDGE('',*,*,#719,.T.);
#1022 = ORIENTED_EDGE('',*,*,#147,.T.);
#1023 = ORIENTED_EDGE('',*,*,#689,.F.);
#1024 = ORIENTED_EDGE('',*,*,#1025,.F.);
#1025 = EDGE_CURVE('',#720,#665,#1026,.T.);
#1026 = SURFACE_CURVE('',#1027,(#1032,#1039),.PCURVE_S1.);
#1027 = B_SPLINE_CURVE_WITH_KNOTS('',3,(#1028,#1029,#1030,#1031),
  .UNSPECIFIED.,.F.,.F.,(4,4),(0.,1.),.PIECEWISE_BEZIER_KNOTS.);
#1028 = CARTESIAN_POINT('',(-24.,90.,0.));
#1029 = CARTESIAN_POINT('',(-24.,90.,43.780981386154));
#1030 = CARTESIAN_POINT('',(-24.,90.,86.508789504936));
#1031 = CARTESIAN_POINT('',(-24.,90.,130.));
#1032 = PCURVE('',#165,#1033);
#1033 = DEFINITIONAL_REPRESENTATION('',(#1034),#1038);
#1034 = LINE('',#1035,#1036);
#1035 = CARTESIAN_POINT('',(7.,0.));
#1036 = VECTOR('',#1037,1.);
#1037 = DIRECTION('',(0.,1.));
#1038 = ( GEOMETRIC_REPRESENTATION_CONTEXT(2) 
PARAMETRIC_REPRESENTATION_CONTEXT() REPRESENTATION_CONTEXT('2D SPACE',''
  ) );
#1039 = PCURVE('',#678,#1040);
#1040 = DEFINITIONAL_REPRESENTATION('',(#1041),#1046);
#1041 = B_SPLINE_CURVE_WITH_KNOTS('',3,(#1042,#1043,#1044,#1045),
  .UNSPECIFIED.,.F.,.F.,(4,4),(0.,1.),.PIECEWISE_BEZIER_KNOTS.);
#1042 = CARTESIAN_POINT('',(24.,-65.06519845049));
#1043 = CARTESIAN_POINT('',(24.,-21.28421706434));
#1044 = CARTESIAN_POINT('',(24.,21.443591054441));
#1045 = CARTESIAN_POINT('',(24.,64.934801549505));
#1046 = ( GEOMETRIC_REPRESENTATION_CONTEXT(2) 
PARAMETRIC_REPRESENTATION_CONTEXT() REPRESENTATION_CONTEXT('2D SPACE',''
  ) );
#1047 = ADVANCED_FACE('',(#1048),#335,.T.);
#1048 = FACE_BOUND('',#1049,.T.);
#1049 = EDGE_LOOP('',(#1050,#1092,#1120,#1148,#1176,#1204,#1230,#1231));
#1050 = ORIENTED_EDGE('',*,*,#1051,.T.);
#1051 = EDGE_CURVE('',#1052,#1054,#1056,.T.);
#1052 = VERTEX_POINT('',#1053);
#1053 = CARTESIAN_POINT('',(24.,-8.602361572764,130.));
#1054 = VERTEX_POINT('',#1055);
#1055 = CARTESIAN_POINT('',(24.,-0.166166116668,159.42050988465));
#1056 = SURFACE_CURVE('',#1057,(#1060,#1066),.PCURVE_S1.);
#1057 = B_SPLINE_CURVE_WITH_KNOTS('',1,(#1058,#1059),.UNSPECIFIED.,.F.,
  .F.,(2,2),(0.,1.),.PIECEWISE_BEZIER_KNOTS.);
#1058 = CARTESIAN_POINT('',(24.,-8.602361572764,130.));
#1059 = CARTESIAN_POINT('',(24.,0.,160.));
#1060 = PCURVE('',#335,#1061);
#1061 = DEFINITIONAL_REPRESENTATION('',(#1062),#1065);
#1062 = B_SPLINE_CURVE_WITH_KNOTS('',1,(#1063,#1064),.UNSPECIFIED.,.F.,
  .F.,(2,2),(0.,1.),.PIECEWISE_BEZIER_KNOTS.);
#1063 = CARTESIAN_POINT('',(24.,-31.20898307584));
#1064 = CARTESIAN_POINT('',(24.,0.));
#1065 = ( GEOMETRIC_REPRESENTATION_CONTEXT(2) 
PARAMETRIC_REPRESENTATION_CONTEXT() REPRESENTATION_CONTEXT('2D SPACE',''
  ) );
#1066 = PCURVE('',#1067,#1086);
#1067 = B_SPLINE_SURFACE_WITH_KNOTS('',8,1,(
    (#1068,#1069)
    ,(#1070,#1071)
    ,(#1072,#1073)
    ,(#1074,#1075)
    ,(#1076,#1077)
    ,(#1078,#1079)
    ,(#1080,#1081)
    ,(#1082,#1083)
    ,(#1084,#1085
    )),.UNSPECIFIED.,.F.,.F.,.F.,(9,9),(2,2),(4.712388980385,
    6.28318530718),(0.,1.),.PIECEWISE_BEZIER_KNOTS.);
#1068 = CARTESIAN_POINT('',(24.,-8.602361572764,130.));
#1069 = CARTESIAN_POINT('',(24.,-8.06569841492E-16,160.));
#1070 = CARTESIAN_POINT('',(27.534291735288,-8.602361572764,
    129.99999999999));
#1071 = CARTESIAN_POINT('',(27.534291735288,-4.264170017268E-14,
    159.99999999999));
#1072 = CARTESIAN_POINT('',(31.068584583078,-7.809267371463,130.));
#1073 = CARTESIAN_POINT('',(31.068584583078,0.793094201302,160.));
#1074 = CARTESIAN_POINT('',(34.395238218028,-6.22308675845,
    129.99999999999));
#1075 = CARTESIAN_POINT('',(34.395238218028,2.379274814314,
    159.99999999998));
#1076 = CARTESIAN_POINT('',(37.306657604041,-3.909019176803,130.));
#1077 = CARTESIAN_POINT('',(37.306657604041,4.693342395962,
    160.00000000001));
#1078 = CARTESIAN_POINT('',(39.620725185683,-0.997599790795,
    129.99999999999));
#1079 = CARTESIAN_POINT('',(39.620725185683,7.604761781969,
    159.99999999998));
#1080 = CARTESIAN_POINT('',(41.2069057987,2.32905384416,130.));
#1081 = CARTESIAN_POINT('',(41.2069057987,10.931415416924,160.));
#1082 = CARTESIAN_POINT('',(42.,5.863346691947,129.99999999999));
#1083 = CARTESIAN_POINT('',(42.,14.465708264711,159.99999999999));
#1084 = CARTESIAN_POINT('',(42.,9.397638427236,130.));
#1085 = CARTESIAN_POINT('',(42.,18.,160.));
#1086 = DEFINITIONAL_REPRESENTATION('',(#1087),#1091);
#1087 = LINE('',#1088,#1089);
#1088 = CARTESIAN_POINT('',(4.712388980385,0.));
#1089 = VECTOR('',#1090,1.);
#1090 = DIRECTION('',(0.,1.));
#1091 = ( GEOMETRIC_REPRESENTATION_CONTEXT(2) 
PARAMETRIC_REPRESENTATION_CONTEXT() REPRESENTATION_CONTEXT('2D SPACE',''
  ) );
#1092 = ORIENTED_EDGE('',*,*,#1093,.T.);
#1093 = EDGE_CURVE('',#1054,#1094,#1096,.T.);
#1094 = VERTEX_POINT('',#1095);
#1095 = CARTESIAN_POINT('',(10.25,-0.166166116668,159.42050988465));
#1096 = SURFACE_CURVE('',#1097,(#1101,#1108),.PCURVE_S1.);
#1097 = LINE('',#1098,#1099);
#1098 = CARTESIAN_POINT('',(24.,-0.166166116668,159.42050988465));
#1099 = VECTOR('',#1100,1.);
#1100 = DIRECTION('',(-1.,-0.,-0.));
#1101 = PCURVE('',#335,#1102);
#1102 = DEFINITIONAL_REPRESENTATION('',(#1103),#1107);
#1103 = LINE('',#1104,#1105);
#1104 = CARTESIAN_POINT('',(24.,-0.602843240086));
#1105 = VECTOR('',#1106,1.);
#1106 = DIRECTION('',(-1.,0.));
#1107 = ( GEOMETRIC_REPRESENTATION_CONTEXT(2) 
PARAMETRIC_REPRESENTATION_CONTEXT() REPRESENTATION_CONTEXT('2D SPACE',''
  ) );
#1108 = PCURVE('',#1109,#1114);
#1109 = CYLINDRICAL_SURFACE('',#1110,0.8);
#1110 = AXIS2_PLACEMENT_3D('',#1111,#1112,#1113);
#1111 = CARTESIAN_POINT('',(24.,0.602843240082,159.2));
#1112 = DIRECTION('',(-1.,-0.,-0.));
#1113 = DIRECTION('',(0.,-0.961261695938,0.275637355817));
#1114 = DEFINITIONAL_REPRESENTATION('',(#1115),#1119);
#1115 = LINE('',#1116,#1117);
#1116 = CARTESIAN_POINT('',(0.,0.));
#1117 = VECTOR('',#1118,1.);
#1118 = DIRECTION('',(0.,1.));
#1119 = ( GEOMETRIC_REPRESENTATION_CONTEXT(2) 
PARAMETRIC_REPRESENTATION_CONTEXT() REPRESENTATION_CONTEXT('2D SPACE',''
  ) );
#1120 = ORIENTED_EDGE('',*,*,#1121,.F.);
#1121 = EDGE_CURVE('',#1122,#1094,#1124,.T.);
#1122 = VERTEX_POINT('',#1123);
#1123 = CARTESIAN_POINT('',(10.25,-4.372867132822,144.75));
#1124 = SURFACE_CURVE('',#1125,(#1129,#1136),.PCURVE_S1.);
#1125 = LINE('',#1126,#1127);
#1126 = CARTESIAN_POINT('',(10.25,-2.461067427405,151.4172379064));
#1127 = VECTOR('',#1128,1.);
#1128 = DIRECTION('',(-0.,0.275637355817,0.961261695938));
#1129 = PCURVE('',#335,#1130);
#1130 = DEFINITIONAL_REPRESENTATION('',(#1131),#1135);
#1131 = LINE('',#1132,#1133);
#1132 = CARTESIAN_POINT('',(10.25,-8.928642564106));
#1133 = VECTOR('',#1134,1.);
#1134 = DIRECTION('',(0.,1.));
#1135 = ( GEOMETRIC_REPRESENTATION_CONTEXT(2) 
PARAMETRIC_REPRESENTATION_CONTEXT() REPRESENTATION_CONTEXT('2D SPACE',''
  ) );
#1136 = PCURVE('',#1137,#1142);
#1137 = PLANE('',#1138);
#1138 = AXIS2_PLACEMENT_3D('',#1139,#1140,#1141);
#1139 = CARTESIAN_POINT('',(10.25,-11.60236157276,144.75));
#1140 = DIRECTION('',(1.,0.,0.));
#1141 = DIRECTION('',(0.,0.,1.));
#1142 = DEFINITIONAL_REPRESENTATION('',(#1143),#1147);
#1143 = LINE('',#1144,#1145);
#1144 = CARTESIAN_POINT('',(6.6672379064,-9.141294145355));
#1145 = VECTOR('',#1146,1.);
#1146 = DIRECTION('',(0.961261695938,-0.275637355817));
#1147 = ( GEOMETRIC_REPRESENTATION_CONTEXT(2) 
PARAMETRIC_REPRESENTATION_CONTEXT() REPRESENTATION_CONTEXT('2D SPACE',''
  ) );
#1148 = ORIENTED_EDGE('',*,*,#1149,.T.);
#1149 = EDGE_CURVE('',#1122,#1150,#1152,.T.);
#1150 = VERTEX_POINT('',#1151);
#1151 = CARTESIAN_POINT('',(-10.25,-4.372867132822,144.75));
#1152 = SURFACE_CURVE('',#1153,(#1157,#1164),.PCURVE_S1.);
#1153 = LINE('',#1154,#1155);
#1154 = CARTESIAN_POINT('',(-5.125,-4.372867132822,144.75));
#1155 = VECTOR('',#1156,1.);
#1156 = DIRECTION('',(-1.,0.,0.));
#1157 = PCURVE('',#335,#1158);
#1158 = DEFINITIONAL_REPRESENTATION('',(#1159),#1163);
#1159 = LINE('',#1160,#1161);
#1160 = CARTESIAN_POINT('',(-5.125,-15.86456639688));
#1161 = VECTOR('',#1162,1.);
#1162 = DIRECTION('',(-1.,0.));
#1163 = ( GEOMETRIC_REPRESENTATION_CONTEXT(2) 
PARAMETRIC_REPRESENTATION_CONTEXT() REPRESENTATION_CONTEXT('2D SPACE',''
  ) );
#1164 = PCURVE('',#1165,#1170);
#1165 = PLANE('',#1166);
#1166 = AXIS2_PLACEMENT_3D('',#1167,#1168,#1169);
#1167 = CARTESIAN_POINT('',(-10.25,-11.60236157276,144.75));
#1168 = DIRECTION('',(0.,0.,1.));
#1169 = DIRECTION('',(1.,0.,-0.));
#1170 = DEFINITIONAL_REPRESENTATION('',(#1171),#1175);
#1171 = LINE('',#1172,#1173);
#1172 = CARTESIAN_POINT('',(5.125,7.229494439938));
#1173 = VECTOR('',#1174,1.);
#1174 = DIRECTION('',(-1.,0.));
#1175 = ( GEOMETRIC_REPRESENTATION_CONTEXT(2) 
PARAMETRIC_REPRESENTATION_CONTEXT() REPRESENTATION_CONTEXT('2D SPACE',''
  ) );
#1176 = ORIENTED_EDGE('',*,*,#1177,.T.);
#1177 = EDGE_CURVE('',#1150,#1178,#1180,.T.);
#1178 = VERTEX_POINT('',#1179);
#1179 = CARTESIAN_POINT('',(-10.25,-0.166166116668,159.42050988465));
#1180 = SURFACE_CURVE('',#1181,(#1185,#1192),.PCURVE_S1.);
#1181 = LINE('',#1182,#1183);
#1182 = CARTESIAN_POINT('',(-10.25,-2.461067427405,151.4172379064));
#1183 = VECTOR('',#1184,1.);
#1184 = DIRECTION('',(-0.,0.275637355817,0.961261695938));
#1185 = PCURVE('',#335,#1186);
#1186 = DEFINITIONAL_REPRESENTATION('',(#1187),#1191);
#1187 = LINE('',#1188,#1189);
#1188 = CARTESIAN_POINT('',(-10.25,-8.928642564106));
#1189 = VECTOR('',#1190,1.);
#1190 = DIRECTION('',(0.,1.));
#1191 = ( GEOMETRIC_REPRESENTATION_CONTEXT(2) 
PARAMETRIC_REPRESENTATION_CONTEXT() REPRESENTATION_CONTEXT('2D SPACE',''
  ) );
#1192 = PCURVE('',#1193,#1198);
#1193 = PLANE('',#1194);
#1194 = AXIS2_PLACEMENT_3D('',#1195,#1196,#1197);
#1195 = CARTESIAN_POINT('',(-10.25,-11.60236157276,144.75));
#1196 = DIRECTION('',(1.,0.,0.));
#1197 = DIRECTION('',(0.,0.,1.));
#1198 = DEFINITIONAL_REPRESENTATION('',(#1199),#1203);
#1199 = LINE('',#1200,#1201);
#1200 = CARTESIAN_POINT('',(6.6672379064,-9.141294145355));
#1201 = VECTOR('',#1202,1.);
#1202 = DIRECTION('',(0.961261695938,-0.275637355817));
#1203 = ( GEOMETRIC_REPRESENTATION_CONTEXT(2) 
PARAMETRIC_REPRESENTATION_CONTEXT() REPRESENTATION_CONTEXT('2D SPACE',''
  ) );
#1204 = ORIENTED_EDGE('',*,*,#1205,.T.);
#1205 = EDGE_CURVE('',#1178,#321,#1206,.T.);
#1206 = SURFACE_CURVE('',#1207,(#1211,#1218),.PCURVE_S1.);
#1207 = LINE('',#1208,#1209);
#1208 = CARTESIAN_POINT('',(24.,-0.166166116668,159.42050988465));
#1209 = VECTOR('',#1210,1.);
#1210 = DIRECTION('',(-1.,-0.,-0.));
#1211 = PCURVE('',#335,#1212);
#1212 = DEFINITIONAL_REPRESENTATION('',(#1213),#1217);
#1213 = LINE('',#1214,#1215);
#1214 = CARTESIAN_POINT('',(24.,-0.602843240086));
#1215 = VECTOR('',#1216,1.);
#1216 = DIRECTION('',(-1.,0.));
#1217 = ( GEOMETRIC_REPRESENTATION_CONTEXT(2) 
PARAMETRIC_REPRESENTATION_CONTEXT() REPRESENTATION_CONTEXT('2D SPACE',''
  ) );
#1218 = PCURVE('',#1219,#1224);
#1219 = CYLINDRICAL_SURFACE('',#1220,0.8);
#1220 = AXIS2_PLACEMENT_3D('',#1221,#1222,#1223);
#1221 = CARTESIAN_POINT('',(24.,0.602843240082,159.2));
#1222 = DIRECTION('',(-1.,-0.,-0.));
#1223 = DIRECTION('',(0.,-0.961261695938,0.275637355817));
#1224 = DEFINITIONAL_REPRESENTATION('',(#1225),#1229);
#1225 = LINE('',#1226,#1227);
#1226 = CARTESIAN_POINT('',(0.,0.));
#1227 = VECTOR('',#1228,1.);
#1228 = DIRECTION('',(0.,1.));
#1229 = ( GEOMETRIC_REPRESENTATION_CONTEXT(2) 
PARAMETRIC_REPRESENTATION_CONTEXT() REPRESENTATION_CONTEXT('2D SPACE',''
  ) );
#1230 = ORIENTED_EDGE('',*,*,#318,.F.);
#1231 = ORIENTED_EDGE('',*,*,#1232,.T.);
#1232 = EDGE_CURVE('',#319,#1052,#1233,.T.);
#1233 = SURFACE_CURVE('',#1234,(#1244,#1257),.PCURVE_S1.);
#1234 = B_SPLINE_CURVE_WITH_KNOTS('',8,(#1235,#1236,#1237,#1238,#1239,
    #1240,#1241,#1242,#1243),.UNSPECIFIED.,.F.,.F.,(9,9),(2.,3.),
  .PIECEWISE_BEZIER_KNOTS.);
#1235 = CARTESIAN_POINT('',(-24.,-8.602361572764,130.));
#1236 = CARTESIAN_POINT('',(-18.,-8.602361572764,130.));
#1237 = CARTESIAN_POINT('',(-12.,-8.602361572764,130.));
#1238 = CARTESIAN_POINT('',(-6.,-8.602361572764,130.));
#1239 = CARTESIAN_POINT('',(3.330669073875E-16,-8.602361572764,130.));
#1240 = CARTESIAN_POINT('',(6.,-8.602361572764,130.));
#1241 = CARTESIAN_POINT('',(12.,-8.602361572764,130.));
#1242 = CARTESIAN_POINT('',(18.,-8.602361572764,130.));
#1243 = CARTESIAN_POINT('',(24.,-8.602361572764,130.));
#1244 = PCURVE('',#335,#1245);
#1245 = DEFINITIONAL_REPRESENTATION('',(#1246),#1256);
#1246 = B_SPLINE_CURVE_WITH_KNOTS('',8,(#1247,#1248,#1249,#1250,#1251,
    #1252,#1253,#1254,#1255),.UNSPECIFIED.,.F.,.F.,(9,9),(2.,3.),
  .PIECEWISE_BEZIER_KNOTS.);
#1247 = CARTESIAN_POINT('',(-24.,-31.20898307584));
#1248 = CARTESIAN_POINT('',(-18.,-31.20898307584));
#1249 = CARTESIAN_POINT('',(-12.,-31.20898307584));
#1250 = CARTESIAN_POINT('',(-6.,-31.20898307584));
#1251 = CARTESIAN_POINT('',(3.330669073875E-16,-31.20898307584));
#1252 = CARTESIAN_POINT('',(6.,-31.20898307584));
#1253 = CARTESIAN_POINT('',(12.,-31.20898307584));
#1254 = CARTESIAN_POINT('',(18.,-31.20898307584));
#1255 = CARTESIAN_POINT('',(24.,-31.20898307584));
#1256 = ( GEOMETRIC_REPRESENTATION_CONTEXT(2) 
PARAMETRIC_REPRESENTATION_CONTEXT() REPRESENTATION_CONTEXT('2D SPACE',''
  ) );
#1257 = PCURVE('',#590,#1258);
#1258 = DEFINITIONAL_REPRESENTATION('',(#1259),#1263);
#1259 = LINE('',#1260,#1261);
#1260 = CARTESIAN_POINT('',(0.,1.));
#1261 = VECTOR('',#1262,1.);
#1262 = DIRECTION('',(1.,0.));
#1263 = ( GEOMETRIC_REPRESENTATION_CONTEXT(2) 
PARAMETRIC_REPRESENTATION_CONTEXT() REPRESENTATION_CONTEXT('2D SPACE',''
  ) );
#1264 = ADVANCED_FACE('',(#1265),#373,.T.);
#1265 = FACE_BOUND('',#1266,.T.);
#1266 = EDGE_LOOP('',(#1267,#1299,#1332,#1333));
#1267 = ORIENTED_EDGE('',*,*,#1268,.T.);
#1268 = EDGE_CURVE('',#321,#1269,#1271,.T.);
#1269 = VERTEX_POINT('',#1270);
#1270 = CARTESIAN_POINT('',(-24.,0.602843240082,160.));
#1271 = SURFACE_CURVE('',#1272,(#1277,#1293),.PCURVE_S1.);
#1272 = CIRCLE('',#1273,0.8);
#1273 = AXIS2_PLACEMENT_3D('',#1274,#1275,#1276);
#1274 = CARTESIAN_POINT('',(-24.,0.602843240082,159.2));
#1275 = DIRECTION('',(-1.,0.,0.));
#1276 = DIRECTION('',(0.,-0.961261695938,0.275637355817));
#1277 = PCURVE('',#373,#1278);
#1278 = DEFINITIONAL_REPRESENTATION('',(#1279),#1292);
#1279 = B_SPLINE_CURVE_WITH_KNOTS('',11,(#1280,#1281,#1282,#1283,#1284,
    #1285,#1286,#1287,#1288,#1289,#1290,#1291),.UNSPECIFIED.,.F.,.F.,(12
    ,12),(0.,1.291543646476),.PIECEWISE_BEZIER_KNOTS.);
#1280 = CARTESIAN_POINT('',(0.,605.92033717615));
#1281 = CARTESIAN_POINT('',(2.735758536875,605.92033717612));
#1282 = CARTESIAN_POINT('',(5.353293414578,605.92033717628));
#1283 = CARTESIAN_POINT('',(7.886467980617,605.92033717586));
#1284 = CARTESIAN_POINT('',(10.362766224417,605.92033717659));
#1285 = CARTESIAN_POINT('',(12.806149617587,605.92033717565));
#1286 = CARTESIAN_POINT('',(15.238781746047,605.9203371766));
#1287 = CARTESIAN_POINT('',(17.682165139288,605.92033717584));
#1288 = CARTESIAN_POINT('',(20.158463383002,605.92033717632));
#1289 = CARTESIAN_POINT('',(22.691637949092,605.92033717608));
#1290 = CARTESIAN_POINT('',(25.309172826781,605.92033717617));
#1291 = CARTESIAN_POINT('',(28.044931363656,605.92033717615));
#1292 = ( GEOMETRIC_REPRESENTATION_CONTEXT(2) 
PARAMETRIC_REPRESENTATION_CONTEXT() REPRESENTATION_CONTEXT('2D SPACE',''
  ) );
#1293 = PCURVE('',#1219,#1294);
#1294 = DEFINITIONAL_REPRESENTATION('',(#1295),#1298);
#1295 = B_SPLINE_CURVE_WITH_KNOTS('',1,(#1296,#1297),.UNSPECIFIED.,.F.,
  .F.,(2,2),(0.,1.291543646476),.PIECEWISE_BEZIER_KNOTS.);
#1296 = CARTESIAN_POINT('',(0.,48.));
#1297 = CARTESIAN_POINT('',(1.291543646476,48.));
#1298 = ( GEOMETRIC_REPRESENTATION_CONTEXT(2) 
PARAMETRIC_REPRESENTATION_CONTEXT() REPRESENTATION_CONTEXT('2D SPACE',''
  ) );
#1299 = ORIENTED_EDGE('',*,*,#1300,.T.);
#1300 = EDGE_CURVE('',#1269,#439,#1301,.T.);
#1301 = SURFACE_CURVE('',#1302,(#1312,#1319),.PCURVE_S1.);
#1302 = B_SPLINE_CURVE_WITH_KNOTS('',8,(#1303,#1304,#1305,#1306,#1307,
    #1308,#1309,#1310,#1311),.UNSPECIFIED.,.F.,.F.,(9,9),(
    605.92033717615,633.96526853981),.PIECEWISE_BEZIER_KNOTS.);
#1303 = CARTESIAN_POINT('',(-24.,0.602843240082,160.));
#1304 = CARTESIAN_POINT('',(-27.38819402544,0.602843240083,160.));
#1305 = CARTESIAN_POINT('',(-30.78981225317,1.36438371825,160.));
#1306 = CARTESIAN_POINT('',(-33.99686518843,2.896938996531,160.));
#1307 = CARTESIAN_POINT('',(-36.78935428152,5.142717646493,160.));
#1308 = CARTESIAN_POINT('',(-38.96868460289,7.939519672471,160.));
#1309 = CARTESIAN_POINT('',(-40.45394562269,11.090392215698,160.));
#1310 = CARTESIAN_POINT('',(-41.20004174649,14.426107412354,160.));
#1311 = CARTESIAN_POINT('',(-41.20000002698,17.770811493289,160.));
#1312 = PCURVE('',#373,#1313);
#1313 = DEFINITIONAL_REPRESENTATION('',(#1314),#1318);
#1314 = LINE('',#1315,#1316);
#1315 = CARTESIAN_POINT('',(28.044931363672,0.));
#1316 = VECTOR('',#1317,1.);
#1317 = DIRECTION('',(-2.710959145706E-14,1.));
#1318 = ( GEOMETRIC_REPRESENTATION_CONTEXT(2) 
PARAMETRIC_REPRESENTATION_CONTEXT() REPRESENTATION_CONTEXT('2D SPACE',''
  ) );
#1319 = PCURVE('',#499,#1320);
#1320 = DEFINITIONAL_REPRESENTATION('',(#1321),#1331);
#1321 = B_SPLINE_CURVE_WITH_KNOTS('',8,(#1322,#1323,#1324,#1325,#1326,
    #1327,#1328,#1329,#1330),.UNSPECIFIED.,.F.,.F.,(9,9),(
    605.92033717615,633.96526853981),.PIECEWISE_BEZIER_KNOTS.);
#1322 = CARTESIAN_POINT('',(0.,-17.39715675991));
#1323 = CARTESIAN_POINT('',(-3.38819402544,-17.39715675991));
#1324 = CARTESIAN_POINT('',(-6.78981225317,-16.63561628175));
#1325 = CARTESIAN_POINT('',(-9.99686518843,-15.10306100346));
#1326 = CARTESIAN_POINT('',(-12.78935428152,-12.8572823535));
#1327 = CARTESIAN_POINT('',(-14.96868460289,-10.06048032752));
#1328 = CARTESIAN_POINT('',(-16.45394562269,-6.909607784302));
#1329 = CARTESIAN_POINT('',(-17.20004174649,-3.573892587646));
#1330 = CARTESIAN_POINT('',(-17.20000002698,-0.229188506711));
#1331 = ( GEOMETRIC_REPRESENTATION_CONTEXT(2) 
PARAMETRIC_REPRESENTATION_CONTEXT() REPRESENTATION_CONTEXT('2D SPACE',''
  ) );
#1332 = ORIENTED_EDGE('',*,*,#438,.F.);
#1333 = ORIENTED_EDGE('',*,*,#346,.F.);
#1334 = ADVANCED_FACE('',(#1335,#1637),#499,.T.);
#1335 = FACE_BOUND('',#1336,.T.);
#1336 = EDGE_LOOP('',(#1337,#1338,#1339,#1362,#1385,#1413,#1436,#1459,
    #1522,#1550,#1583,#1611));
#1337 = ORIENTED_EDGE('',*,*,#483,.F.);
#1338 = ORIENTED_EDGE('',*,*,#1300,.F.);
#1339 = ORIENTED_EDGE('',*,*,#1340,.F.);
#1340 = EDGE_CURVE('',#1341,#1269,#1343,.T.);
#1341 = VERTEX_POINT('',#1342);
#1342 = CARTESIAN_POINT('',(-10.25,0.602843240082,160.));
#1343 = SURFACE_CURVE('',#1344,(#1348,#1355),.PCURVE_S1.);
#1344 = LINE('',#1345,#1346);
#1345 = CARTESIAN_POINT('',(24.,0.602843240082,160.));
#1346 = VECTOR('',#1347,1.);
#1347 = DIRECTION('',(-1.,-0.,-0.));
#1348 = PCURVE('',#499,#1349);
#1349 = DEFINITIONAL_REPRESENTATION('',(#1350),#1354);
#1350 = LINE('',#1351,#1352);
#1351 = CARTESIAN_POINT('',(48.,-17.39715675991));
#1352 = VECTOR('',#1353,1.);
#1353 = DIRECTION('',(-1.,0.));
#1354 = ( GEOMETRIC_REPRESENTATION_CONTEXT(2) 
PARAMETRIC_REPRESENTATION_CONTEXT() REPRESENTATION_CONTEXT('2D SPACE',''
  ) );
#1355 = PCURVE('',#1219,#1356);
#1356 = DEFINITIONAL_REPRESENTATION('',(#1357),#1361);
#1357 = LINE('',#1358,#1359);
#1358 = CARTESIAN_POINT('',(1.291543646476,0.));
#1359 = VECTOR('',#1360,1.);
#1360 = DIRECTION('',(0.,1.));
#1361 = ( GEOMETRIC_REPRESENTATION_CONTEXT(2) 
PARAMETRIC_REPRESENTATION_CONTEXT() REPRESENTATION_CONTEXT('2D SPACE',''
  ) );
#1362 = ORIENTED_EDGE('',*,*,#1363,.T.);
#1363 = EDGE_CURVE('',#1341,#1364,#1366,.T.);
#1364 = VERTEX_POINT('',#1365);
#1365 = CARTESIAN_POINT('',(-10.25,30.54396308607,160.));
#1366 = SURFACE_CURVE('',#1367,(#1371,#1378),.PCURVE_S1.);
#1367 = LINE('',#1368,#1369);
#1368 = CARTESIAN_POINT('',(-10.25,0.602843240082,160.));
#1369 = VECTOR('',#1370,1.);
#1370 = DIRECTION('',(0.,1.,0.));
#1371 = PCURVE('',#499,#1372);
#1372 = DEFINITIONAL_REPRESENTATION('',(#1373),#1377);
#1373 = LINE('',#1374,#1375);
#1374 = CARTESIAN_POINT('',(13.75,-17.39715675991));
#1375 = VECTOR('',#1376,1.);
#1376 = DIRECTION('',(0.,1.));
#1377 = ( GEOMETRIC_REPRESENTATION_CONTEXT(2) 
PARAMETRIC_REPRESENTATION_CONTEXT() REPRESENTATION_CONTEXT('2D SPACE',''
  ) );
#1378 = PCURVE('',#1193,#1379);
#1379 = DEFINITIONAL_REPRESENTATION('',(#1380),#1384);
#1380 = LINE('',#1381,#1382);
#1381 = CARTESIAN_POINT('',(15.25,-12.20520481284));
#1382 = VECTOR('',#1383,1.);
#1383 = DIRECTION('',(0.,-1.));
#1384 = ( GEOMETRIC_REPRESENTATION_CONTEXT(2) 
PARAMETRIC_REPRESENTATION_CONTEXT() REPRESENTATION_CONTEXT('2D SPACE',''
  ) );
#1385 = ORIENTED_EDGE('',*,*,#1386,.F.);
#1386 = EDGE_CURVE('',#1387,#1364,#1389,.T.);
#1387 = VERTEX_POINT('',#1388);
#1388 = CARTESIAN_POINT('',(10.25,30.54396308607,160.));
#1389 = SURFACE_CURVE('',#1390,(#1394,#1401),.PCURVE_S1.);
#1390 = LINE('',#1391,#1392);
#1391 = CARTESIAN_POINT('',(-17.125,30.54396308607,160.));
#1392 = VECTOR('',#1393,1.);
#1393 = DIRECTION('',(-1.,0.,0.));
#1394 = PCURVE('',#499,#1395);
#1395 = DEFINITIONAL_REPRESENTATION('',(#1396),#1400);
#1396 = LINE('',#1397,#1398);
#1397 = CARTESIAN_POINT('',(6.875,12.54396308607));
#1398 = VECTOR('',#1399,1.);
#1399 = DIRECTION('',(-1.,0.));
#1400 = ( GEOMETRIC_REPRESENTATION_CONTEXT(2) 
PARAMETRIC_REPRESENTATION_CONTEXT() REPRESENTATION_CONTEXT('2D SPACE',''
  ) );
#1401 = PCURVE('',#1402,#1407);
#1402 = PLANE('',#1403);
#1403 = AXIS2_PLACEMENT_3D('',#1404,#1405,#1406);
#1404 = CARTESIAN_POINT('',(-10.25,30.54396308607,134.5));
#1405 = DIRECTION('',(0.,1.,0.));
#1406 = DIRECTION('',(0.,-0.,1.));
#1407 = DEFINITIONAL_REPRESENTATION('',(#1408),#1412);
#1408 = LINE('',#1409,#1410);
#1409 = CARTESIAN_POINT('',(25.5,-6.875));
#1410 = VECTOR('',#1411,1.);
#1411 = DIRECTION('',(0.,-1.));
#1412 = ( GEOMETRIC_REPRESENTATION_CONTEXT(2) 
PARAMETRIC_REPRESENTATION_CONTEXT() REPRESENTATION_CONTEXT('2D SPACE',''
  ) );
#1413 = ORIENTED_EDGE('',*,*,#1414,.T.);
#1414 = EDGE_CURVE('',#1387,#1415,#1417,.T.);
#1415 = VERTEX_POINT('',#1416);
#1416 = CARTESIAN_POINT('',(10.25,0.602843240082,160.));
#1417 = SURFACE_CURVE('',#1418,(#1422,#1429),.PCURVE_S1.);
#1418 = LINE('',#1419,#1420);
#1419 = CARTESIAN_POINT('',(10.25,30.54396308607,160.));
#1420 = VECTOR('',#1421,1.);
#1421 = DIRECTION('',(0.,-1.,0.));
#1422 = PCURVE('',#499,#1423);
#1423 = DEFINITIONAL_REPRESENTATION('',(#1424),#1428);
#1424 = LINE('',#1425,#1426);
#1425 = CARTESIAN_POINT('',(34.25,12.54396308607));
#1426 = VECTOR('',#1427,1.);
#1427 = DIRECTION('',(0.,-1.));
#1428 = ( GEOMETRIC_REPRESENTATION_CONTEXT(2) 
PARAMETRIC_REPRESENTATION_CONTEXT() REPRESENTATION_CONTEXT('2D SPACE',''
  ) );
#1429 = PCURVE('',#1137,#1430);
#1430 = DEFINITIONAL_REPRESENTATION('',(#1431),#1435);
#1431 = LINE('',#1432,#1433);
#1432 = CARTESIAN_POINT('',(15.25,-42.14632465883));
#1433 = VECTOR('',#1434,1.);
#1434 = DIRECTION('',(0.,1.));
#1435 = ( GEOMETRIC_REPRESENTATION_CONTEXT(2) 
PARAMETRIC_REPRESENTATION_CONTEXT() REPRESENTATION_CONTEXT('2D SPACE',''
  ) );
#1436 = ORIENTED_EDGE('',*,*,#1437,.F.);
#1437 = EDGE_CURVE('',#1438,#1415,#1440,.T.);
#1438 = VERTEX_POINT('',#1439);
#1439 = CARTESIAN_POINT('',(24.,0.602843240082,160.));
#1440 = SURFACE_CURVE('',#1441,(#1445,#1452),.PCURVE_S1.);
#1441 = LINE('',#1442,#1443);
#1442 = CARTESIAN_POINT('',(24.,0.602843240082,160.));
#1443 = VECTOR('',#1444,1.);
#1444 = DIRECTION('',(-1.,-0.,-0.));
#1445 = PCURVE('',#499,#1446);
#1446 = DEFINITIONAL_REPRESENTATION('',(#1447),#1451);
#1447 = LINE('',#1448,#1449);
#1448 = CARTESIAN_POINT('',(48.,-17.39715675991));
#1449 = VECTOR('',#1450,1.);
#1450 = DIRECTION('',(-1.,0.));
#1451 = ( GEOMETRIC_REPRESENTATION_CONTEXT(2) 
PARAMETRIC_REPRESENTATION_CONTEXT() REPRESENTATION_CONTEXT('2D SPACE',''
  ) );
#1452 = PCURVE('',#1109,#1453);
#1453 = DEFINITIONAL_REPRESENTATION('',(#1454),#1458);
#1454 = LINE('',#1455,#1456);
#1455 = CARTESIAN_POINT('',(1.291543646476,0.));
#1456 = VECTOR('',#1457,1.);
#1457 = DIRECTION('',(0.,1.));
#1458 = ( GEOMETRIC_REPRESENTATION_CONTEXT(2) 
PARAMETRIC_REPRESENTATION_CONTEXT() REPRESENTATION_CONTEXT('2D SPACE',''
  ) );
#1459 = ORIENTED_EDGE('',*,*,#1460,.F.);
#1460 = EDGE_CURVE('',#1461,#1438,#1463,.T.);
#1461 = VERTEX_POINT('',#1462);
#1462 = CARTESIAN_POINT('',(41.2,17.770603691393,160.));
#1463 = SURFACE_CURVE('',#1464,(#1474,#1487),.PCURVE_S1.);
#1464 = B_SPLINE_CURVE_WITH_KNOTS('',8,(#1465,#1466,#1467,#1468,#1469,
    #1470,#1471,#1472,#1473),.UNSPECIFIED.,.F.,.F.,(9,9),(529.8754058125
    ,557.92033717615),.PIECEWISE_BEZIER_KNOTS.);
#1465 = CARTESIAN_POINT('',(41.200000026989,17.770811493289,160.));
#1466 = CARTESIAN_POINT('',(41.200041746492,14.426107412354,160.));
#1467 = CARTESIAN_POINT('',(40.453945622689,11.090392215698,160.));
#1468 = CARTESIAN_POINT('',(38.968684602896,7.939519672472,160.));
#1469 = CARTESIAN_POINT('',(36.789354281522,5.14271764649,160.));
#1470 = CARTESIAN_POINT('',(33.996865188433,2.896938996533,160.));
#1471 = CARTESIAN_POINT('',(30.789812253179,1.364383718248,160.));
#1472 = CARTESIAN_POINT('',(27.388194025442,0.602843240083,160.));
#1473 = CARTESIAN_POINT('',(24.,0.602843240082,160.));
#1474 = PCURVE('',#499,#1475);
#1475 = DEFINITIONAL_REPRESENTATION('',(#1476),#1486);
#1476 = B_SPLINE_CURVE_WITH_KNOTS('',8,(#1477,#1478,#1479,#1480,#1481,
    #1482,#1483,#1484,#1485),.UNSPECIFIED.,.F.,.F.,(9,9),(529.8754058125
    ,557.92033717615),.PIECEWISE_BEZIER_KNOTS.);
#1477 = CARTESIAN_POINT('',(65.200000026989,-0.229188506711));
#1478 = CARTESIAN_POINT('',(65.200041746492,-3.573892587646));
#1479 = CARTESIAN_POINT('',(64.453945622689,-6.909607784302));
#1480 = CARTESIAN_POINT('',(62.968684602896,-10.06048032752));
#1481 = CARTESIAN_POINT('',(60.789354281522,-12.85728235351));
#1482 = CARTESIAN_POINT('',(57.996865188433,-15.10306100346));
#1483 = CARTESIAN_POINT('',(54.789812253179,-16.63561628175));
#1484 = CARTESIAN_POINT('',(51.388194025442,-17.39715675991));
#1485 = CARTESIAN_POINT('',(48.,-17.39715675991));
#1486 = ( GEOMETRIC_REPRESENTATION_CONTEXT(2) 
PARAMETRIC_REPRESENTATION_CONTEXT() REPRESENTATION_CONTEXT('2D SPACE',''
  ) );
#1487 = PCURVE('',#1488,#1516);
#1488 = ( BOUNDED_SURFACE() B_SPLINE_SURFACE(2,8,(
    (#1489,#1490,#1491,#1492,#1493,#1494,#1495,#1496,#1497)
    ,(#1498,#1499,#1500,#1501,#1502,#1503,#1504,#1505,#1506)
    ,(#1507,#1508,#1509,#1510,#1511,#1512,#1513,#1514,#1515
)),.UNSPECIFIED.,.F.,.F.,.F.) B_SPLINE_SURFACE_WITH_KNOTS((3,3),(9,9),(
    0.,28.044931363656),(529.8754058125,557.92033717615),
.PIECEWISE_BEZIER_KNOTS.) GEOMETRIC_REPRESENTATION_ITEM() 
RATIONAL_B_SPLINE_SURFACE((
    (1.,1.,1.,1.,1.,1.,1.,1.,1.)
    ,(0.707106781187,0.726921902215,0.746047957693,0.763223322387
      ,0.777397535836,0.788028902931,0.795116671362,0.798635510047
      ,0.798635510047)
,(1.,1.,1.,1.,1.,1.,1.,1.,1.))) REPRESENTATION_ITEM('') SURFACE() );
#1489 = CARTESIAN_POINT('',(42.,17.770603691393,159.2));
#1490 = CARTESIAN_POINT('',(42.,14.265287015125,159.24483650063));
#1491 = CARTESIAN_POINT('',(41.214138764865,10.769318160865,
    159.28954958295));
#1492 = CARTESIAN_POINT('',(39.649689339953,7.471630579746,
    159.33111065538));
#1493 = CARTESIAN_POINT('',(37.359021388562,4.554801232787,
    159.36646417571));
#1494 = CARTESIAN_POINT('',(34.437089528247,2.21941489194,
    159.39340057141));
#1495 = CARTESIAN_POINT('',(31.088274793413,0.626112806772,
    159.41151749322));
#1496 = CARTESIAN_POINT('',(27.537962918371,-0.166166116668,
    159.42050988465));
#1497 = CARTESIAN_POINT('',(24.,-0.166166116668,159.42050988465));
#1498 = CARTESIAN_POINT('',(42.,17.770603691393,160.));
#1499 = CARTESIAN_POINT('',(41.956385696346,14.360849563468,160.));
#1500 = CARTESIAN_POINT('',(41.172991597189,10.941387450268,160.));
#1501 = CARTESIAN_POINT('',(39.635234579871,7.673837311763,160.));
#1502 = CARTESIAN_POINT('',(37.359606823149,4.739865528426,
    159.99999999999));
#1503 = CARTESIAN_POINT('',(34.422409370352,2.381152376636,160.));
#1504 = CARTESIAN_POINT('',(31.054929739489,0.783839702474,160.));
#1505 = CARTESIAN_POINT('',(27.505601133541,5.844214001627E-13,160.));
#1506 = CARTESIAN_POINT('',(24.,4.263256414561E-14,160.));
#1507 = CARTESIAN_POINT('',(41.200000026989,17.770811493289,160.));
#1508 = CARTESIAN_POINT('',(41.200041746492,14.426107412354,160.));
#1509 = CARTESIAN_POINT('',(40.453945622689,11.090392215698,160.));
#1510 = CARTESIAN_POINT('',(38.968684602896,7.939519672472,160.));
#1511 = CARTESIAN_POINT('',(36.789354281522,5.14271764649,160.));
#1512 = CARTESIAN_POINT('',(33.996865188433,2.896938996533,160.));
#1513 = CARTESIAN_POINT('',(30.789812253179,1.364383718248,160.));
#1514 = CARTESIAN_POINT('',(27.388194025442,0.602843240083,160.));
#1515 = CARTESIAN_POINT('',(24.,0.602843240082,160.));
#1516 = DEFINITIONAL_REPRESENTATION('',(#1517),#1521);
#1517 = LINE('',#1518,#1519);
#1518 = CARTESIAN_POINT('',(28.044931363656,0.));
#1519 = VECTOR('',#1520,1.);
#1520 = DIRECTION('',(7.600820034691E-16,1.));
#1521 = ( GEOMETRIC_REPRESENTATION_CONTEXT(2) 
PARAMETRIC_REPRESENTATION_CONTEXT() REPRESENTATION_CONTEXT('2D SPACE',''
  ) );
#1522 = ORIENTED_EDGE('',*,*,#1523,.F.);
#1523 = EDGE_CURVE('',#1524,#1461,#1526,.T.);
#1524 = VERTEX_POINT('',#1525);
#1525 = CARTESIAN_POINT('',(41.2,72.,160.));
#1526 = SURFACE_CURVE('',#1527,(#1531,#1538),.PCURVE_S1.);
#1527 = LINE('',#1528,#1529);
#1528 = CARTESIAN_POINT('',(41.2,72.,160.));
#1529 = VECTOR('',#1530,1.);
#1530 = DIRECTION('',(-0.,-1.,-0.));
#1531 = PCURVE('',#499,#1532);
#1532 = DEFINITIONAL_REPRESENTATION('',(#1533),#1537);
#1533 = LINE('',#1534,#1535);
#1534 = CARTESIAN_POINT('',(65.2,54.));
#1535 = VECTOR('',#1536,1.);
#1536 = DIRECTION('',(0.,-1.));
#1537 = ( GEOMETRIC_REPRESENTATION_CONTEXT(2) 
PARAMETRIC_REPRESENTATION_CONTEXT() REPRESENTATION_CONTEXT('2D SPACE',''
  ) );
#1538 = PCURVE('',#1539,#1544);
#1539 = CYLINDRICAL_SURFACE('',#1540,0.8);
#1540 = AXIS2_PLACEMENT_3D('',#1541,#1542,#1543);
#1541 = CARTESIAN_POINT('',(41.2,72.,159.2));
#1542 = DIRECTION('',(-0.,-1.,-0.));
#1543 = DIRECTION('',(1.,-0.,1.483769832596E-17));
#1544 = DEFINITIONAL_REPRESENTATION('',(#1545),#1549);
#1545 = LINE('',#1546,#1547);
#1546 = CARTESIAN_POINT('',(1.570796326795,0.));
#1547 = VECTOR('',#1548,1.);
#1548 = DIRECTION('',(0.,1.));
#1549 = ( GEOMETRIC_REPRESENTATION_CONTEXT(2) 
PARAMETRIC_REPRESENTATION_CONTEXT() REPRESENTATION_CONTEXT('2D SPACE',''
  ) );
#1550 = ORIENTED_EDGE('',*,*,#1551,.F.);
#1551 = EDGE_CURVE('',#1552,#1524,#1554,.T.);
#1552 = VERTEX_POINT('',#1553);
#1553 = CARTESIAN_POINT('',(24.,89.2,160.));
#1554 = SURFACE_CURVE('',#1555,(#1560,#1571),.PCURVE_S1.);
#1555 = CIRCLE('',#1556,17.2);
#1556 = AXIS2_PLACEMENT_3D('',#1557,#1558,#1559);
#1557 = CARTESIAN_POINT('',(24.,72.,160.));
#1558 = DIRECTION('',(0.,0.,-1.));
#1559 = DIRECTION('',(0.,1.,0.));
#1560 = PCURVE('',#499,#1561);
#1561 = DEFINITIONAL_REPRESENTATION('',(#1562),#1570);
#1562 = ( BOUNDED_CURVE() B_SPLINE_CURVE(2,(#1563,#1564,#1565,#1566,
#1567,#1568,#1569),.UNSPECIFIED.,.T.,.F.) B_SPLINE_CURVE_WITH_KNOTS((1,2
    ,2,2,2,1),(-2.094395102393,0.,2.094395102393,4.188790204786,
6.28318530718,8.377580409573),.UNSPECIFIED.) CURVE() 
GEOMETRIC_REPRESENTATION_ITEM() RATIONAL_B_SPLINE_CURVE((1.,0.5,1.,0.5,
1.,0.5,1.)) REPRESENTATION_ITEM('') );
#1563 = CARTESIAN_POINT('',(48.,71.2));
#1564 = CARTESIAN_POINT('',(77.791273890185,71.2));
#1565 = CARTESIAN_POINT('',(62.895636945092,45.4));
#1566 = CARTESIAN_POINT('',(48.,19.6));
#1567 = CARTESIAN_POINT('',(33.104363054908,45.4));
#1568 = CARTESIAN_POINT('',(18.208726109815,71.2));
#1569 = CARTESIAN_POINT('',(48.,71.2));
#1570 = ( GEOMETRIC_REPRESENTATION_CONTEXT(2) 
PARAMETRIC_REPRESENTATION_CONTEXT() REPRESENTATION_CONTEXT('2D SPACE',''
  ) );
#1571 = PCURVE('',#1572,#1577);
#1572 = TOROIDAL_SURFACE('',#1573,17.2,0.8);
#1573 = AXIS2_PLACEMENT_3D('',#1574,#1575,#1576);
#1574 = CARTESIAN_POINT('',(24.,72.,159.2));
#1575 = DIRECTION('',(0.,0.,1.));
#1576 = DIRECTION('',(0.,1.,-0.));
#1577 = DEFINITIONAL_REPRESENTATION('',(#1578),#1582);
#1578 = LINE('',#1579,#1580);
#1579 = CARTESIAN_POINT('',(6.28318530718,1.570796326795));
#1580 = VECTOR('',#1581,1.);
#1581 = DIRECTION('',(-1.,0.));
#1582 = ( GEOMETRIC_REPRESENTATION_CONTEXT(2) 
PARAMETRIC_REPRESENTATION_CONTEXT() REPRESENTATION_CONTEXT('2D SPACE',''
  ) );
#1583 = ORIENTED_EDGE('',*,*,#1584,.F.);
#1584 = EDGE_CURVE('',#1585,#1552,#1587,.T.);
#1585 = VERTEX_POINT('',#1586);
#1586 = CARTESIAN_POINT('',(-24.,89.2,160.));
#1587 = SURFACE_CURVE('',#1588,(#1592,#1599),.PCURVE_S1.);
#1588 = LINE('',#1589,#1590);
#1589 = CARTESIAN_POINT('',(-24.,89.2,160.));
#1590 = VECTOR('',#1591,1.);
#1591 = DIRECTION('',(1.,0.,0.));
#1592 = PCURVE('',#499,#1593);
#1593 = DEFINITIONAL_REPRESENTATION('',(#1594),#1598);
#1594 = LINE('',#1595,#1596);
#1595 = CARTESIAN_POINT('',(0.,71.2));
#1596 = VECTOR('',#1597,1.);
#1597 = DIRECTION('',(1.,0.));
#1598 = ( GEOMETRIC_REPRESENTATION_CONTEXT(2) 
PARAMETRIC_REPRESENTATION_CONTEXT() REPRESENTATION_CONTEXT('2D SPACE',''
  ) );
#1599 = PCURVE('',#1600,#1605);
#1600 = CYLINDRICAL_SURFACE('',#1601,0.8);
#1601 = AXIS2_PLACEMENT_3D('',#1602,#1603,#1604);
#1602 = CARTESIAN_POINT('',(-24.,89.2,159.2));
#1603 = DIRECTION('',(1.,0.,0.));
#1604 = DIRECTION('',(0.,1.,-1.788727250935E-16));
#1605 = DEFINITIONAL_REPRESENTATION('',(#1606),#1610);
#1606 = LINE('',#1607,#1608);
#1607 = CARTESIAN_POINT('',(1.570796326795,0.));
#1608 = VECTOR('',#1609,1.);
#1609 = DIRECTION('',(0.,1.));
#1610 = ( GEOMETRIC_REPRESENTATION_CONTEXT(2) 
PARAMETRIC_REPRESENTATION_CONTEXT() REPRESENTATION_CONTEXT('2D SPACE',''
  ) );
#1611 = ORIENTED_EDGE('',*,*,#1612,.F.);
#1612 = EDGE_CURVE('',#484,#1585,#1613,.T.);
#1613 = SURFACE_CURVE('',#1614,(#1619,#1630),.PCURVE_S1.);
#1614 = CIRCLE('',#1615,17.2);
#1615 = AXIS2_PLACEMENT_3D('',#1616,#1617,#1618);
#1616 = CARTESIAN_POINT('',(-24.,72.,160.));
#1617 = DIRECTION('',(0.,0.,-1.));
#1618 = DIRECTION('',(-1.,0.,0.));
#1619 = PCURVE('',#499,#1620);
#1620 = DEFINITIONAL_REPRESENTATION('',(#1621),#1629);
#1621 = ( BOUNDED_CURVE() B_SPLINE_CURVE(2,(#1622,#1623,#1624,#1625,
#1626,#1627,#1628),.UNSPECIFIED.,.T.,.F.) B_SPLINE_CURVE_WITH_KNOTS((1,2
    ,2,2,2,1),(-2.094395102393,0.,2.094395102393,4.188790204786,
6.28318530718,8.377580409573),.UNSPECIFIED.) CURVE() 
GEOMETRIC_REPRESENTATION_ITEM() RATIONAL_B_SPLINE_CURVE((1.,0.5,1.,0.5,
1.,0.5,1.)) REPRESENTATION_ITEM('') );
#1622 = CARTESIAN_POINT('',(-17.2,54.));
#1623 = CARTESIAN_POINT('',(-17.2,83.791273890185));
#1624 = CARTESIAN_POINT('',(8.6,68.895636945092));
#1625 = CARTESIAN_POINT('',(34.4,54.));
#1626 = CARTESIAN_POINT('',(8.6,39.104363054908));
#1627 = CARTESIAN_POINT('',(-17.2,24.208726109815));
#1628 = CARTESIAN_POINT('',(-17.2,54.));
#1629 = ( GEOMETRIC_REPRESENTATION_CONTEXT(2) 
PARAMETRIC_REPRESENTATION_CONTEXT() REPRESENTATION_CONTEXT('2D SPACE',''
  ) );
#1630 = PCURVE('',#525,#1631);
#1631 = DEFINITIONAL_REPRESENTATION('',(#1632),#1636);
#1632 = LINE('',#1633,#1634);
#1633 = CARTESIAN_POINT('',(6.28318530718,1.570796326795));
#1634 = VECTOR('',#1635,1.);
#1635 = DIRECTION('',(-1.,0.));
#1636 = ( GEOMETRIC_REPRESENTATION_CONTEXT(2) 
PARAMETRIC_REPRESENTATION_CONTEXT() REPRESENTATION_CONTEXT('2D SPACE',''
  ) );
#1637 = FACE_BOUND('',#1638,.T.);
#1638 = EDGE_LOOP('',(#1639,#1669,#1698,#1726,#1755,#1783,#1812,#1840));
#1639 = ORIENTED_EDGE('',*,*,#1640,.F.);
#1640 = EDGE_CURVE('',#1641,#1643,#1645,.T.);
#1641 = VERTEX_POINT('',#1642);
#1642 = CARTESIAN_POINT('',(-39.8,72.,160.));
#1643 = VERTEX_POINT('',#1644);
#1644 = CARTESIAN_POINT('',(-39.8,53.,160.));
#1645 = SURFACE_CURVE('',#1646,(#1650,#1657),.PCURVE_S1.);
#1646 = LINE('',#1647,#1648);
#1647 = CARTESIAN_POINT('',(-39.8,72.,160.));
#1648 = VECTOR('',#1649,1.);
#1649 = DIRECTION('',(0.,-1.,0.));
#1650 = PCURVE('',#499,#1651);
#1651 = DEFINITIONAL_REPRESENTATION('',(#1652),#1656);
#1652 = LINE('',#1653,#1654);
#1653 = CARTESIAN_POINT('',(-15.8,54.));
#1654 = VECTOR('',#1655,1.);
#1655 = DIRECTION('',(0.,-1.));
#1656 = ( GEOMETRIC_REPRESENTATION_CONTEXT(2) 
PARAMETRIC_REPRESENTATION_CONTEXT() REPRESENTATION_CONTEXT('2D SPACE',''
  ) );
#1657 = PCURVE('',#1658,#1663);
#1658 = CYLINDRICAL_SURFACE('',#1659,0.8);
#1659 = AXIS2_PLACEMENT_3D('',#1660,#1661,#1662);
#1660 = CARTESIAN_POINT('',(-39.8,72.,159.2));
#1661 = DIRECTION('',(0.,-1.,0.));
#1662 = DIRECTION('',(0.,0.,1.));
#1663 = DEFINITIONAL_REPRESENTATION('',(#1664),#1668);
#1664 = LINE('',#1665,#1666);
#1665 = CARTESIAN_POINT('',(6.28318530718,0.));
#1666 = VECTOR('',#1667,1.);
#1667 = DIRECTION('',(-0.,1.));
#1668 = ( GEOMETRIC_REPRESENTATION_CONTEXT(2) 
PARAMETRIC_REPRESENTATION_CONTEXT() REPRESENTATION_CONTEXT('2D SPACE',''
  ) );
#1669 = ORIENTED_EDGE('',*,*,#1670,.F.);
#1670 = EDGE_CURVE('',#1671,#1641,#1673,.T.);
#1671 = VERTEX_POINT('',#1672);
#1672 = CARTESIAN_POINT('',(-24.,87.8,160.));
#1673 = SURFACE_CURVE('',#1674,(#1679,#1686),.PCURVE_S1.);
#1674 = CIRCLE('',#1675,15.8);
#1675 = AXIS2_PLACEMENT_3D('',#1676,#1677,#1678);
#1676 = CARTESIAN_POINT('',(-24.,72.,160.));
#1677 = DIRECTION('',(0.,0.,1.));
#1678 = DIRECTION('',(-2.368475785867E-16,1.,0.));
#1679 = PCURVE('',#499,#1680);
#1680 = DEFINITIONAL_REPRESENTATION('',(#1681),#1685);
#1681 = CIRCLE('',#1682,15.8);
#1682 = AXIS2_PLACEMENT_2D('',#1683,#1684);
#1683 = CARTESIAN_POINT('',(0.,54.));
#1684 = DIRECTION('',(-2.368475785867E-16,1.));
#1685 = ( GEOMETRIC_REPRESENTATION_CONTEXT(2) 
PARAMETRIC_REPRESENTATION_CONTEXT() REPRESENTATION_CONTEXT('2D SPACE',''
  ) );
#1686 = PCURVE('',#1687,#1692);
#1687 = TOROIDAL_SURFACE('',#1688,15.8,0.8);
#1688 = AXIS2_PLACEMENT_3D('',#1689,#1690,#1691);
#1689 = CARTESIAN_POINT('',(-24.,72.,159.2));
#1690 = DIRECTION('',(0.,0.,1.));
#1691 = DIRECTION('',(-2.368475785867E-16,1.,0.));
#1692 = DEFINITIONAL_REPRESENTATION('',(#1693),#1697);
#1693 = LINE('',#1694,#1695);
#1694 = CARTESIAN_POINT('',(0.,1.570796326795));
#1695 = VECTOR('',#1696,1.);
#1696 = DIRECTION('',(1.,0.));
#1697 = ( GEOMETRIC_REPRESENTATION_CONTEXT(2) 
PARAMETRIC_REPRESENTATION_CONTEXT() REPRESENTATION_CONTEXT('2D SPACE',''
  ) );
#1698 = ORIENTED_EDGE('',*,*,#1699,.F.);
#1699 = EDGE_CURVE('',#1700,#1671,#1702,.T.);
#1700 = VERTEX_POINT('',#1701);
#1701 = CARTESIAN_POINT('',(24.,87.8,160.));
#1702 = SURFACE_CURVE('',#1703,(#1707,#1714),.PCURVE_S1.);
#1703 = LINE('',#1704,#1705);
#1704 = CARTESIAN_POINT('',(24.,87.8,160.));
#1705 = VECTOR('',#1706,1.);
#1706 = DIRECTION('',(-1.,0.,0.));
#1707 = PCURVE('',#499,#1708);
#1708 = DEFINITIONAL_REPRESENTATION('',(#1709),#1713);
#1709 = LINE('',#1710,#1711);
#1710 = CARTESIAN_POINT('',(48.,69.8));
#1711 = VECTOR('',#1712,1.);
#1712 = DIRECTION('',(-1.,0.));
#1713 = ( GEOMETRIC_REPRESENTATION_CONTEXT(2) 
PARAMETRIC_REPRESENTATION_CONTEXT() REPRESENTATION_CONTEXT('2D SPACE',''
  ) );
#1714 = PCURVE('',#1715,#1720);
#1715 = CYLINDRICAL_SURFACE('',#1716,0.8);
#1716 = AXIS2_PLACEMENT_3D('',#1717,#1718,#1719);
#1717 = CARTESIAN_POINT('',(24.,87.8,159.2));
#1718 = DIRECTION('',(-1.,0.,0.));
#1719 = DIRECTION('',(0.,0.,1.));
#1720 = DEFINITIONAL_REPRESENTATION('',(#1721),#1725);
#1721 = LINE('',#1722,#1723);
#1722 = CARTESIAN_POINT('',(6.28318530718,0.));
#1723 = VECTOR('',#1724,1.);
#1724 = DIRECTION('',(-0.,1.));
#1725 = ( GEOMETRIC_REPRESENTATION_CONTEXT(2) 
PARAMETRIC_REPRESENTATION_CONTEXT() REPRESENTATION_CONTEXT('2D SPACE',''
  ) );
#1726 = ORIENTED_EDGE('',*,*,#1727,.F.);
#1727 = EDGE_CURVE('',#1728,#1700,#1730,.T.);
#1728 = VERTEX_POINT('',#1729);
#1729 = CARTESIAN_POINT('',(39.8,72.,160.));
#1730 = SURFACE_CURVE('',#1731,(#1736,#1743),.PCURVE_S1.);
#1731 = CIRCLE('',#1732,15.8);
#1732 = AXIS2_PLACEMENT_3D('',#1733,#1734,#1735);
#1733 = CARTESIAN_POINT('',(24.,72.,160.));
#1734 = DIRECTION('',(0.,0.,1.));
#1735 = DIRECTION('',(1.,0.,-0.));
#1736 = PCURVE('',#499,#1737);
#1737 = DEFINITIONAL_REPRESENTATION('',(#1738),#1742);
#1738 = CIRCLE('',#1739,15.8);
#1739 = AXIS2_PLACEMENT_2D('',#1740,#1741);
#1740 = CARTESIAN_POINT('',(48.,54.));
#1741 = DIRECTION('',(1.,0.));
#1742 = ( GEOMETRIC_REPRESENTATION_CONTEXT(2) 
PARAMETRIC_REPRESENTATION_CONTEXT() REPRESENTATION_CONTEXT('2D SPACE',''
  ) );
#1743 = PCURVE('',#1744,#1749);
#1744 = TOROIDAL_SURFACE('',#1745,15.8,0.8);
#1745 = AXIS2_PLACEMENT_3D('',#1746,#1747,#1748);
#1746 = CARTESIAN_POINT('',(24.,72.,159.2));
#1747 = DIRECTION('',(0.,0.,1.));
#1748 = DIRECTION('',(1.,0.,-0.));
#1749 = DEFINITIONAL_REPRESENTATION('',(#1750),#1754);
#1750 = LINE('',#1751,#1752);
#1751 = CARTESIAN_POINT('',(0.,1.570796326795));
#1752 = VECTOR('',#1753,1.);
#1753 = DIRECTION('',(1.,0.));
#1754 = ( GEOMETRIC_REPRESENTATION_CONTEXT(2) 
PARAMETRIC_REPRESENTATION_CONTEXT() REPRESENTATION_CONTEXT('2D SPACE',''
  ) );
#1755 = ORIENTED_EDGE('',*,*,#1756,.F.);
#1756 = EDGE_CURVE('',#1757,#1728,#1759,.T.);
#1757 = VERTEX_POINT('',#1758);
#1758 = CARTESIAN_POINT('',(39.8,53.,160.));
#1759 = SURFACE_CURVE('',#1760,(#1764,#1771),.PCURVE_S1.);
#1760 = LINE('',#1761,#1762);
#1761 = CARTESIAN_POINT('',(39.8,53.,160.));
#1762 = VECTOR('',#1763,1.);
#1763 = DIRECTION('',(-0.,1.,-0.));
#1764 = PCURVE('',#499,#1765);
#1765 = DEFINITIONAL_REPRESENTATION('',(#1766),#1770);
#1766 = LINE('',#1767,#1768);
#1767 = CARTESIAN_POINT('',(63.8,35.));
#1768 = VECTOR('',#1769,1.);
#1769 = DIRECTION('',(0.,1.));
#1770 = ( GEOMETRIC_REPRESENTATION_CONTEXT(2) 
PARAMETRIC_REPRESENTATION_CONTEXT() REPRESENTATION_CONTEXT('2D SPACE',''
  ) );
#1771 = PCURVE('',#1772,#1777);
#1772 = CYLINDRICAL_SURFACE('',#1773,0.8);
#1773 = AXIS2_PLACEMENT_3D('',#1774,#1775,#1776);
#1774 = CARTESIAN_POINT('',(39.8,53.,159.2));
#1775 = DIRECTION('',(-0.,1.,-0.));
#1776 = DIRECTION('',(0.,0.,1.));
#1777 = DEFINITIONAL_REPRESENTATION('',(#1778),#1782);
#1778 = LINE('',#1779,#1780);
#1779 = CARTESIAN_POINT('',(6.28318530718,0.));
#1780 = VECTOR('',#1781,1.);
#1781 = DIRECTION('',(-0.,1.));
#1782 = ( GEOMETRIC_REPRESENTATION_CONTEXT(2) 
PARAMETRIC_REPRESENTATION_CONTEXT() REPRESENTATION_CONTEXT('2D SPACE',''
  ) );
#1783 = ORIENTED_EDGE('',*,*,#1784,.F.);
#1784 = EDGE_CURVE('',#1785,#1757,#1787,.T.);
#1785 = VERTEX_POINT('',#1786);
#1786 = CARTESIAN_POINT('',(24.,37.2,160.));
#1787 = SURFACE_CURVE('',#1788,(#1793,#1800),.PCURVE_S1.);
#1788 = CIRCLE('',#1789,15.8);
#1789 = AXIS2_PLACEMENT_3D('',#1790,#1791,#1792);
#1790 = CARTESIAN_POINT('',(24.,53.,160.));
#1791 = DIRECTION('',(0.,0.,1.));
#1792 = DIRECTION('',(-2.368475785867E-16,-1.,0.));
#1793 = PCURVE('',#499,#1794);
#1794 = DEFINITIONAL_REPRESENTATION('',(#1795),#1799);
#1795 = CIRCLE('',#1796,15.8);
#1796 = AXIS2_PLACEMENT_2D('',#1797,#1798);
#1797 = CARTESIAN_POINT('',(48.,35.));
#1798 = DIRECTION('',(-2.368475785867E-16,-1.));
#1799 = ( GEOMETRIC_REPRESENTATION_CONTEXT(2) 
PARAMETRIC_REPRESENTATION_CONTEXT() REPRESENTATION_CONTEXT('2D SPACE',''
  ) );
#1800 = PCURVE('',#1801,#1806);
#1801 = TOROIDAL_SURFACE('',#1802,15.8,0.8);
#1802 = AXIS2_PLACEMENT_3D('',#1803,#1804,#1805);
#1803 = CARTESIAN_POINT('',(24.,53.,159.2));
#1804 = DIRECTION('',(0.,0.,1.));
#1805 = DIRECTION('',(-2.368475785867E-16,-1.,0.));
#1806 = DEFINITIONAL_REPRESENTATION('',(#1807),#1811);
#1807 = LINE('',#1808,#1809);
#1808 = CARTESIAN_POINT('',(0.,1.570796326795));
#1809 = VECTOR('',#1810,1.);
#1810 = DIRECTION('',(1.,0.));
#1811 = ( GEOMETRIC_REPRESENTATION_CONTEXT(2) 
PARAMETRIC_REPRESENTATION_CONTEXT() REPRESENTATION_CONTEXT('2D SPACE',''
  ) );
#1812 = ORIENTED_EDGE('',*,*,#1813,.F.);
#1813 = EDGE_CURVE('',#1814,#1785,#1816,.T.);
#1814 = VERTEX_POINT('',#1815);
#1815 = CARTESIAN_POINT('',(-24.,37.2,160.));
#1816 = SURFACE_CURVE('',#1817,(#1821,#1828),.PCURVE_S1.);
#1817 = LINE('',#1818,#1819);
#1818 = CARTESIAN_POINT('',(-24.,37.2,160.));
#1819 = VECTOR('',#1820,1.);
#1820 = DIRECTION('',(1.,-0.,-0.));
#1821 = PCURVE('',#499,#1822);
#1822 = DEFINITIONAL_REPRESENTATION('',(#1823),#1827);
#1823 = LINE('',#1824,#1825);
#1824 = CARTESIAN_POINT('',(0.,19.2));
#1825 = VECTOR('',#1826,1.);
#1826 = DIRECTION('',(1.,-0.));
#1827 = ( GEOMETRIC_REPRESENTATION_CONTEXT(2) 
PARAMETRIC_REPRESENTATION_CONTEXT() REPRESENTATION_CONTEXT('2D SPACE',''
  ) );
#1828 = PCURVE('',#1829,#1834);
#1829 = CYLINDRICAL_SURFACE('',#1830,0.8);
#1830 = AXIS2_PLACEMENT_3D('',#1831,#1832,#1833);
#1831 = CARTESIAN_POINT('',(-24.,37.2,159.2));
#1832 = DIRECTION('',(1.,-0.,-0.));
#1833 = DIRECTION('',(0.,0.,1.));
#1834 = DEFINITIONAL_REPRESENTATION('',(#1835),#1839);
#1835 = LINE('',#1836,#1837);
#1836 = CARTESIAN_POINT('',(6.28318530718,0.));
#1837 = VECTOR('',#1838,1.);
#1838 = DIRECTION('',(-0.,1.));
#1839 = ( GEOMETRIC_REPRESENTATION_CONTEXT(2) 
PARAMETRIC_REPRESENTATION_CONTEXT() REPRESENTATION_CONTEXT('2D SPACE',''
  ) );
#1840 = ORIENTED_EDGE('',*,*,#1841,.F.);
#1841 = EDGE_CURVE('',#1643,#1814,#1842,.T.);
#1842 = SURFACE_CURVE('',#1843,(#1848,#1855),.PCURVE_S1.);
#1843 = CIRCLE('',#1844,15.8);
#1844 = AXIS2_PLACEMENT_3D('',#1845,#1846,#1847);
#1845 = CARTESIAN_POINT('',(-24.,53.,160.));
#1846 = DIRECTION('',(0.,0.,1.));
#1847 = DIRECTION('',(-1.,0.,0.));
#1848 = PCURVE('',#499,#1849);
#1849 = DEFINITIONAL_REPRESENTATION('',(#1850),#1854);
#1850 = CIRCLE('',#1851,15.8);
#1851 = AXIS2_PLACEMENT_2D('',#1852,#1853);
#1852 = CARTESIAN_POINT('',(0.,35.));
#1853 = DIRECTION('',(-1.,0.));
#1854 = ( GEOMETRIC_REPRESENTATION_CONTEXT(2) 
PARAMETRIC_REPRESENTATION_CONTEXT() REPRESENTATION_CONTEXT('2D SPACE',''
  ) );
#1855 = PCURVE('',#1856,#1861);
#1856 = TOROIDAL_SURFACE('',#1857,15.8,0.8);
#1857 = AXIS2_PLACEMENT_3D('',#1858,#1859,#1860);
#1858 = CARTESIAN_POINT('',(-24.,53.,159.2));
#1859 = DIRECTION('',(0.,0.,1.));
#1860 = DIRECTION('',(-1.,0.,0.));
#1861 = DEFINITIONAL_REPRESENTATION('',(#1862),#1866);
#1862 = LINE('',#1863,#1864);
#1863 = CARTESIAN_POINT('',(0.,1.570796326795));
#1864 = VECTOR('',#1865,1.);
#1865 = DIRECTION('',(1.,0.));
#1866 = ( GEOMETRIC_REPRESENTATION_CONTEXT(2) 
PARAMETRIC_REPRESENTATION_CONTEXT() REPRESENTATION_CONTEXT('2D SPACE',''
  ) );
#1867 = ADVANCED_FACE('',(#1868),#525,.T.);
#1868 = FACE_BOUND('',#1869,.T.);
#1869 = EDGE_LOOP('',(#1870,#1871,#1891,#1892));
#1870 = ORIENTED_EDGE('',*,*,#1612,.T.);
#1871 = ORIENTED_EDGE('',*,*,#1872,.F.);
#1872 = EDGE_CURVE('',#641,#1585,#1873,.T.);
#1873 = SURFACE_CURVE('',#1874,(#1879,#1885),.PCURVE_S1.);
#1874 = CIRCLE('',#1875,0.8);
#1875 = AXIS2_PLACEMENT_3D('',#1876,#1877,#1878);
#1876 = CARTESIAN_POINT('',(-24.,89.2,159.2));
#1877 = DIRECTION('',(1.,6.123233995737E-17,-0.));
#1878 = DIRECTION('',(-6.123233995737E-17,1.,0.));
#1879 = PCURVE('',#525,#1880);
#1880 = DEFINITIONAL_REPRESENTATION('',(#1881),#1884);
#1881 = B_SPLINE_CURVE_WITH_KNOTS('',1,(#1882,#1883),.UNSPECIFIED.,.F.,
  .F.,(2,2),(0.,1.570796326795),.PIECEWISE_BEZIER_KNOTS.);
#1882 = CARTESIAN_POINT('',(4.712388980385,0.));
#1883 = CARTESIAN_POINT('',(4.712388980385,1.570796326795));
#1884 = ( GEOMETRIC_REPRESENTATION_CONTEXT(2) 
PARAMETRIC_REPRESENTATION_CONTEXT() REPRESENTATION_CONTEXT('2D SPACE',''
  ) );
#1885 = PCURVE('',#1600,#1886);
#1886 = DEFINITIONAL_REPRESENTATION('',(#1887),#1890);
#1887 = B_SPLINE_CURVE_WITH_KNOTS('',1,(#1888,#1889),.UNSPECIFIED.,.F.,
  .F.,(2,2),(0.,1.570796326795),.PIECEWISE_BEZIER_KNOTS.);
#1888 = CARTESIAN_POINT('',(0.,0.));
#1889 = CARTESIAN_POINT('',(1.570796326795,0.));
#1890 = ( GEOMETRIC_REPRESENTATION_CONTEXT(2) 
PARAMETRIC_REPRESENTATION_CONTEXT() REPRESENTATION_CONTEXT('2D SPACE',''
  ) );
#1891 = ORIENTED_EDGE('',*,*,#640,.F.);
#1892 = ORIENTED_EDGE('',*,*,#511,.T.);
#1893 = ADVANCED_FACE('',(#1894),#590,.T.);
#1894 = FACE_BOUND('',#1895,.T.);
#1895 = EDGE_LOOP('',(#1896,#1897,#1919,#1920));
#1896 = ORIENTED_EDGE('',*,*,#985,.T.);
#1897 = ORIENTED_EDGE('',*,*,#1898,.T.);
#1898 = EDGE_CURVE('',#914,#1052,#1899,.T.);
#1899 = SURFACE_CURVE('',#1900,(#1905,#1912),.PCURVE_S1.);
#1900 = B_SPLINE_CURVE_WITH_KNOTS('',3,(#1901,#1902,#1903,#1904),
  .UNSPECIFIED.,.F.,.F.,(4,4),(0.,1.),.PIECEWISE_BEZIER_KNOTS.);
#1901 = CARTESIAN_POINT('',(24.,2.84217094304E-14,0.));
#1902 = CARTESIAN_POINT('',(24.,9.308837293095,43.780981386154));
#1903 = CARTESIAN_POINT('',(24.,-8.12553969425,86.508789504936));
#1904 = CARTESIAN_POINT('',(24.,-8.602361572764,130.));
#1905 = PCURVE('',#590,#1906);
#1906 = DEFINITIONAL_REPRESENTATION('',(#1907),#1911);
#1907 = LINE('',#1908,#1909);
#1908 = CARTESIAN_POINT('',(3.,0.));
#1909 = VECTOR('',#1910,1.);
#1910 = DIRECTION('',(0.,1.));
#1911 = ( GEOMETRIC_REPRESENTATION_CONTEXT(2) 
PARAMETRIC_REPRESENTATION_CONTEXT() REPRESENTATION_CONTEXT('2D SPACE',''
  ) );
#1912 = PCURVE('',#941,#1913);
#1913 = DEFINITIONAL_REPRESENTATION('',(#1914),#1918);
#1914 = LINE('',#1915,#1916);
#1915 = CARTESIAN_POINT('',(3.,0.));
#1916 = VECTOR('',#1917,1.);
#1917 = DIRECTION('',(0.,1.));
#1918 = ( GEOMETRIC_REPRESENTATION_CONTEXT(2) 
PARAMETRIC_REPRESENTATION_CONTEXT() REPRESENTATION_CONTEXT('2D SPACE',''
  ) );
#1919 = ORIENTED_EDGE('',*,*,#1232,.F.);
#1920 = ORIENTED_EDGE('',*,*,#575,.F.);
#1921 = ADVANCED_FACE('',(#1922),#678,.T.);
#1922 = FACE_BOUND('',#1923,.T.);
#1923 = EDGE_LOOP('',(#1924,#1925,#1948,#1973,#1996,#1997));
#1924 = ORIENTED_EDGE('',*,*,#664,.T.);
#1925 = ORIENTED_EDGE('',*,*,#1926,.T.);
#1926 = EDGE_CURVE('',#641,#1927,#1929,.T.);
#1927 = VERTEX_POINT('',#1928);
#1928 = CARTESIAN_POINT('',(24.,90.,159.2));
#1929 = SURFACE_CURVE('',#1930,(#1934,#1941),.PCURVE_S1.);
#1930 = LINE('',#1931,#1932);
#1931 = CARTESIAN_POINT('',(-24.,90.,159.2));
#1932 = VECTOR('',#1933,1.);
#1933 = DIRECTION('',(1.,0.,0.));
#1934 = PCURVE('',#678,#1935);
#1935 = DEFINITIONAL_REPRESENTATION('',(#1936),#1940);
#1936 = LINE('',#1937,#1938);
#1937 = CARTESIAN_POINT('',(24.,94.134801549505));
#1938 = VECTOR('',#1939,1.);
#1939 = DIRECTION('',(-1.,-7.097332633451E-18));
#1940 = ( GEOMETRIC_REPRESENTATION_CONTEXT(2) 
PARAMETRIC_REPRESENTATION_CONTEXT() REPRESENTATION_CONTEXT('2D SPACE',''
  ) );
#1941 = PCURVE('',#1600,#1942);
#1942 = DEFINITIONAL_REPRESENTATION('',(#1943),#1947);
#1943 = LINE('',#1944,#1945);
#1944 = CARTESIAN_POINT('',(0.,0.));
#1945 = VECTOR('',#1946,1.);
#1946 = DIRECTION('',(0.,1.));
#1947 = ( GEOMETRIC_REPRESENTATION_CONTEXT(2) 
PARAMETRIC_REPRESENTATION_CONTEXT() REPRESENTATION_CONTEXT('2D SPACE',''
  ) );
#1948 = ORIENTED_EDGE('',*,*,#1949,.F.);
#1949 = EDGE_CURVE('',#1950,#1927,#1952,.T.);
#1950 = VERTEX_POINT('',#1951);
#1951 = CARTESIAN_POINT('',(24.,90.,130.));
#1952 = SURFACE_CURVE('',#1953,(#1956,#1962),.PCURVE_S1.);
#1953 = B_SPLINE_CURVE_WITH_KNOTS('',1,(#1954,#1955),.UNSPECIFIED.,.F.,
  .F.,(2,2),(0.,1.),.PIECEWISE_BEZIER_KNOTS.);
#1954 = CARTESIAN_POINT('',(24.,90.,130.));
#1955 = CARTESIAN_POINT('',(24.,90.,160.));
#1956 = PCURVE('',#678,#1957);
#1957 = DEFINITIONAL_REPRESENTATION('',(#1958),#1961);
#1958 = B_SPLINE_CURVE_WITH_KNOTS('',1,(#1959,#1960),.UNSPECIFIED.,.F.,
  .F.,(2,2),(0.,1.),.PIECEWISE_BEZIER_KNOTS.);
#1959 = CARTESIAN_POINT('',(-24.,64.934801549505));
#1960 = CARTESIAN_POINT('',(-24.,94.934801549505));
#1961 = ( GEOMETRIC_REPRESENTATION_CONTEXT(2) 
PARAMETRIC_REPRESENTATION_CONTEXT() REPRESENTATION_CONTEXT('2D SPACE',''
  ) );
#1962 = PCURVE('',#1963,#1968);
#1963 = CYLINDRICAL_SURFACE('',#1964,18.);
#1964 = AXIS2_PLACEMENT_3D('',#1965,#1966,#1967);
#1965 = CARTESIAN_POINT('',(24.,72.,130.));
#1966 = DIRECTION('',(0.,0.,1.));
#1967 = DIRECTION('',(1.,0.,-0.));
#1968 = DEFINITIONAL_REPRESENTATION('',(#1969),#1972);
#1969 = B_SPLINE_CURVE_WITH_KNOTS('',1,(#1970,#1971),.UNSPECIFIED.,.F.,
  .F.,(2,2),(0.,1.),.PIECEWISE_BEZIER_KNOTS.);
#1970 = CARTESIAN_POINT('',(1.570796326795,0.));
#1971 = CARTESIAN_POINT('',(1.570796326795,30.));
#1972 = ( GEOMETRIC_REPRESENTATION_CONTEXT(2) 
PARAMETRIC_REPRESENTATION_CONTEXT() REPRESENTATION_CONTEXT('2D SPACE',''
  ) );
#1973 = ORIENTED_EDGE('',*,*,#1974,.F.);
#1974 = EDGE_CURVE('',#755,#1950,#1975,.T.);
#1975 = SURFACE_CURVE('',#1976,(#1981,#1989),.PCURVE_S1.);
#1976 = B_SPLINE_CURVE_WITH_KNOTS('',3,(#1977,#1978,#1979,#1980),
  .UNSPECIFIED.,.F.,.F.,(4,4),(0.,1.),.PIECEWISE_BEZIER_KNOTS.);
#1977 = CARTESIAN_POINT('',(24.,90.,0.));
#1978 = CARTESIAN_POINT('',(24.,90.,43.780981386154));
#1979 = CARTESIAN_POINT('',(24.,90.,86.508789504936));
#1980 = CARTESIAN_POINT('',(24.,90.,130.));
#1981 = PCURVE('',#678,#1982);
#1982 = DEFINITIONAL_REPRESENTATION('',(#1983),#1988);
#1983 = B_SPLINE_CURVE_WITH_KNOTS('',3,(#1984,#1985,#1986,#1987),
  .UNSPECIFIED.,.F.,.F.,(4,4),(0.,1.),.PIECEWISE_BEZIER_KNOTS.);
#1984 = CARTESIAN_POINT('',(-24.,-65.06519845049));
#1985 = CARTESIAN_POINT('',(-24.,-21.28421706434));
#1986 = CARTESIAN_POINT('',(-24.,21.443591054441));
#1987 = CARTESIAN_POINT('',(-24.,64.934801549505));
#1988 = ( GEOMETRIC_REPRESENTATION_CONTEXT(2) 
PARAMETRIC_REPRESENTATION_CONTEXT() REPRESENTATION_CONTEXT('2D SPACE',''
  ) );
#1989 = PCURVE('',#823,#1990);
#1990 = DEFINITIONAL_REPRESENTATION('',(#1991),#1995);
#1991 = LINE('',#1992,#1993);
#1992 = CARTESIAN_POINT('',(6.,0.));
#1993 = VECTOR('',#1994,1.);
#1994 = DIRECTION('',(0.,1.));
#1995 = ( GEOMETRIC_REPRESENTATION_CONTEXT(2) 
PARAMETRIC_REPRESENTATION_CONTEXT() REPRESENTATION_CONTEXT('2D SPACE',''
  ) );
#1996 = ORIENTED_EDGE('',*,*,#754,.T.);
#1997 = ORIENTED_EDGE('',*,*,#1025,.T.);
#1998 = ADVANCED_FACE('',(#1999),#941,.T.);
#1999 = FACE_BOUND('',#2000,.T.);
#2000 = EDGE_LOOP('',(#2001,#2002,#2027,#2053));
#2001 = ORIENTED_EDGE('',*,*,#913,.T.);
#2002 = ORIENTED_EDGE('',*,*,#2003,.T.);
#2003 = EDGE_CURVE('',#868,#2004,#2006,.T.);
#2004 = VERTEX_POINT('',#2005);
#2005 = CARTESIAN_POINT('',(42.,9.397638427236,130.));
#2006 = SURFACE_CURVE('',#2007,(#2012,#2019),.PCURVE_S1.);
#2007 = B_SPLINE_CURVE_WITH_KNOTS('',3,(#2008,#2009,#2010,#2011),
  .UNSPECIFIED.,.F.,.F.,(4,4),(0.,1.),.PIECEWISE_BEZIER_KNOTS.);
#2008 = CARTESIAN_POINT('',(42.,18.,0.));
#2009 = CARTESIAN_POINT('',(42.,27.308837293095,43.780981386154));
#2010 = CARTESIAN_POINT('',(42.,9.87446030575,86.508789504936));
#2011 = CARTESIAN_POINT('',(42.,9.397638427236,130.));
#2012 = PCURVE('',#941,#2013);
#2013 = DEFINITIONAL_REPRESENTATION('',(#2014),#2018);
#2014 = LINE('',#2015,#2016);
#2015 = CARTESIAN_POINT('',(4.,0.));
#2016 = VECTOR('',#2017,1.);
#2017 = DIRECTION('',(0.,1.));
#2018 = ( GEOMETRIC_REPRESENTATION_CONTEXT(2) 
PARAMETRIC_REPRESENTATION_CONTEXT() REPRESENTATION_CONTEXT('2D SPACE',''
  ) );
#2019 = PCURVE('',#895,#2020);
#2020 = DEFINITIONAL_REPRESENTATION('',(#2021),#2026);
#2021 = B_SPLINE_CURVE_WITH_KNOTS('',3,(#2022,#2023,#2024,#2025),
  .UNSPECIFIED.,.F.,.F.,(4,4),(0.,1.),.PIECEWISE_BEZIER_KNOTS.);
#2022 = CARTESIAN_POINT('',(-29.52475288193,-63.52312093114));
#2023 = CARTESIAN_POINT('',(-17.79815070873,-20.32687590503));
#2024 = CARTESIAN_POINT('',(-32.83197151542,23.303472701469));
#2025 = CARTESIAN_POINT('',(-30.8920146969,66.754011443492));
#2026 = ( GEOMETRIC_REPRESENTATION_CONTEXT(2) 
PARAMETRIC_REPRESENTATION_CONTEXT() REPRESENTATION_CONTEXT('2D SPACE',''
  ) );
#2027 = ORIENTED_EDGE('',*,*,#2028,.F.);
#2028 = EDGE_CURVE('',#1052,#2004,#2029,.T.);
#2029 = SURFACE_CURVE('',#2030,(#2040,#2047),.PCURVE_S1.);
#2030 = B_SPLINE_CURVE_WITH_KNOTS('',8,(#2031,#2032,#2033,#2034,#2035,
    #2036,#2037,#2038,#2039),.UNSPECIFIED.,.F.,.F.,(9,9),(3.,4.),
  .PIECEWISE_BEZIER_KNOTS.);
#2031 = CARTESIAN_POINT('',(24.,-8.602361572764,130.));
#2032 = CARTESIAN_POINT('',(27.534291735288,-8.602361572764,130.));
#2033 = CARTESIAN_POINT('',(31.068584583078,-7.809267371464,130.));
#2034 = CARTESIAN_POINT('',(34.395238218028,-6.223086758447,130.));
#2035 = CARTESIAN_POINT('',(37.306657604041,-3.909019176805,130.));
#2036 = CARTESIAN_POINT('',(39.620725185683,-0.997599790793,130.));
#2037 = CARTESIAN_POINT('',(41.2069057987,2.329053844159,130.));
#2038 = CARTESIAN_POINT('',(42.,5.863346691947,130.));
#2039 = CARTESIAN_POINT('',(42.,9.397638427236,130.));
#2040 = PCURVE('',#941,#2041);
#2041 = DEFINITIONAL_REPRESENTATION('',(#2042),#2046);
#2042 = LINE('',#2043,#2044);
#2043 = CARTESIAN_POINT('',(0.,1.));
#2044 = VECTOR('',#2045,1.);
#2045 = DIRECTION('',(1.,0.));
#2046 = ( GEOMETRIC_REPRESENTATION_CONTEXT(2) 
PARAMETRIC_REPRESENTATION_CONTEXT() REPRESENTATION_CONTEXT('2D SPACE',''
  ) );
#2047 = PCURVE('',#1067,#2048);
#2048 = DEFINITIONAL_REPRESENTATION('',(#2049),#2052);
#2049 = B_SPLINE_CURVE_WITH_KNOTS('',1,(#2050,#2051),.UNSPECIFIED.,.F.,
  .F.,(2,2),(3.,4.),.PIECEWISE_BEZIER_KNOTS.);
#2050 = CARTESIAN_POINT('',(4.712388980385,0.));
#2051 = CARTESIAN_POINT('',(6.28318530718,0.));
#2052 = ( GEOMETRIC_REPRESENTATION_CONTEXT(2) 
PARAMETRIC_REPRESENTATION_CONTEXT() REPRESENTATION_CONTEXT('2D SPACE',''
  ) );
#2053 = ORIENTED_EDGE('',*,*,#1898,.F.);
#2054 = ADVANCED_FACE('',(#2055),#895,.T.);
#2055 = FACE_BOUND('',#2056,.T.);
#2056 = EDGE_LOOP('',(#2057,#2079,#2102,#2121,#2122,#2123));
#2057 = ORIENTED_EDGE('',*,*,#2058,.T.);
#2058 = EDGE_CURVE('',#2059,#2061,#2063,.T.);
#2059 = VERTEX_POINT('',#2060);
#2060 = CARTESIAN_POINT('',(42.,72.,130.));
#2061 = VERTEX_POINT('',#2062);
#2062 = CARTESIAN_POINT('',(42.,72.,159.2));
#2063 = SURFACE_CURVE('',#2064,(#2067,#2073),.PCURVE_S1.);
#2064 = B_SPLINE_CURVE_WITH_KNOTS('',1,(#2065,#2066),.UNSPECIFIED.,.F.,
  .F.,(2,2),(0.,1.),.PIECEWISE_BEZIER_KNOTS.);
#2065 = CARTESIAN_POINT('',(42.,72.,130.));
#2066 = CARTESIAN_POINT('',(42.,72.,160.));
#2067 = PCURVE('',#895,#2068);
#2068 = DEFINITIONAL_REPRESENTATION('',(#2069),#2072);
#2069 = B_SPLINE_CURVE_WITH_KNOTS('',1,(#2070,#2071),.UNSPECIFIED.,.F.,
  .F.,(2,2),(0.,1.),.PIECEWISE_BEZIER_KNOTS.);
#2070 = CARTESIAN_POINT('',(31.613674525302,63.276298208577));
#2071 = CARTESIAN_POINT('',(33.280247389749,93.229971353744));
#2072 = ( GEOMETRIC_REPRESENTATION_CONTEXT(2) 
PARAMETRIC_REPRESENTATION_CONTEXT() REPRESENTATION_CONTEXT('2D SPACE',''
  ) );
#2073 = PCURVE('',#1963,#2074);
#2074 = DEFINITIONAL_REPRESENTATION('',(#2075),#2078);
#2075 = B_SPLINE_CURVE_WITH_KNOTS('',1,(#2076,#2077),.UNSPECIFIED.,.F.,
  .F.,(2,2),(0.,1.),.PIECEWISE_BEZIER_KNOTS.);
#2076 = CARTESIAN_POINT('',(0.,0.));
#2077 = CARTESIAN_POINT('',(0.,30.));
#2078 = ( GEOMETRIC_REPRESENTATION_CONTEXT(2) 
PARAMETRIC_REPRESENTATION_CONTEXT() REPRESENTATION_CONTEXT('2D SPACE',''
  ) );
#2079 = ORIENTED_EDGE('',*,*,#2080,.T.);
#2080 = EDGE_CURVE('',#2061,#2081,#2083,.T.);
#2081 = VERTEX_POINT('',#2082);
#2082 = CARTESIAN_POINT('',(42.,17.770603691393,159.2));
#2083 = SURFACE_CURVE('',#2084,(#2088,#2095),.PCURVE_S1.);
#2084 = LINE('',#2085,#2086);
#2085 = CARTESIAN_POINT('',(42.,72.,159.2));
#2086 = VECTOR('',#2087,1.);
#2087 = DIRECTION('',(-0.,-1.,-0.));
#2088 = PCURVE('',#895,#2089);
#2089 = DEFINITIONAL_REPRESENTATION('',(#2090),#2094);
#2090 = LINE('',#2091,#2092);
#2091 = CARTESIAN_POINT('',(33.235805446697,92.43120673654));
#2092 = VECTOR('',#2093,1.);
#2093 = DIRECTION('',(-0.998455771506,5.555242881489E-02));
#2094 = ( GEOMETRIC_REPRESENTATION_CONTEXT(2) 
PARAMETRIC_REPRESENTATION_CONTEXT() REPRESENTATION_CONTEXT('2D SPACE',''
  ) );
#2095 = PCURVE('',#1539,#2096);
#2096 = DEFINITIONAL_REPRESENTATION('',(#2097),#2101);
#2097 = LINE('',#2098,#2099);
#2098 = CARTESIAN_POINT('',(0.,0.));
#2099 = VECTOR('',#2100,1.);
#2100 = DIRECTION('',(0.,1.));
#2101 = ( GEOMETRIC_REPRESENTATION_CONTEXT(2) 
PARAMETRIC_REPRESENTATION_CONTEXT() REPRESENTATION_CONTEXT('2D SPACE',''
  ) );
#2102 = ORIENTED_EDGE('',*,*,#2103,.F.);
#2103 = EDGE_CURVE('',#2004,#2081,#2104,.T.);
#2104 = SURFACE_CURVE('',#2105,(#2108,#2114),.PCURVE_S1.);
#2105 = B_SPLINE_CURVE_WITH_KNOTS('',1,(#2106,#2107),.UNSPECIFIED.,.F.,
  .F.,(2,2),(0.,1.),.PIECEWISE_BEZIER_KNOTS.);
#2106 = CARTESIAN_POINT('',(42.,9.397638427236,130.));
#2107 = CARTESIAN_POINT('',(42.,18.,160.));
#2108 = PCURVE('',#895,#2109);
#2109 = DEFINITIONAL_REPRESENTATION('',(#2110),#2113);
#2110 = B_SPLINE_CURVE_WITH_KNOTS('',1,(#2111,#2112),.UNSPECIFIED.,.F.,
  .F.,(2,2),(0.,1.),.PIECEWISE_BEZIER_KNOTS.);
#2111 = CARTESIAN_POINT('',(-30.8920146969,66.754011443492));
#2112 = CARTESIAN_POINT('',(-20.63636427155,96.229802509748));
#2113 = ( GEOMETRIC_REPRESENTATION_CONTEXT(2) 
PARAMETRIC_REPRESENTATION_CONTEXT() REPRESENTATION_CONTEXT('2D SPACE',''
  ) );
#2114 = PCURVE('',#1067,#2115);
#2115 = DEFINITIONAL_REPRESENTATION('',(#2116),#2120);
#2116 = LINE('',#2117,#2118);
#2117 = CARTESIAN_POINT('',(6.28318530718,0.));
#2118 = VECTOR('',#2119,1.);
#2119 = DIRECTION('',(0.,1.));
#2120 = ( GEOMETRIC_REPRESENTATION_CONTEXT(2) 
PARAMETRIC_REPRESENTATION_CONTEXT() REPRESENTATION_CONTEXT('2D SPACE',''
  ) );
#2121 = ORIENTED_EDGE('',*,*,#2003,.F.);
#2122 = ORIENTED_EDGE('',*,*,#867,.T.);
#2123 = ORIENTED_EDGE('',*,*,#2124,.T.);
#2124 = EDGE_CURVE('',#796,#2059,#2125,.T.);
#2125 = SURFACE_CURVE('',#2126,(#2131,#2139),.PCURVE_S1.);
#2126 = B_SPLINE_CURVE_WITH_KNOTS('',3,(#2127,#2128,#2129,#2130),
  .UNSPECIFIED.,.F.,.F.,(4,4),(0.,1.),.PIECEWISE_BEZIER_KNOTS.);
#2127 = CARTESIAN_POINT('',(42.,72.,0.));
#2128 = CARTESIAN_POINT('',(42.,72.,43.780981386154));
#2129 = CARTESIAN_POINT('',(42.,72.,86.508789504936));
#2130 = CARTESIAN_POINT('',(42.,72.,130.));
#2131 = PCURVE('',#895,#2132);
#2132 = DEFINITIONAL_REPRESENTATION('',(#2133),#2138);
#2133 = B_SPLINE_CURVE_WITH_KNOTS('',3,(#2134,#2135,#2136,#2137),
  .UNSPECIFIED.,.F.,.F.,(4,4),(0.,1.),.PIECEWISE_BEZIER_KNOTS.);
#2134 = CARTESIAN_POINT('',(24.391858779367,-66.52295208714));
#2135 = CARTESIAN_POINT('',(26.823998631267,-22.80957853996));
#2136 = CARTESIAN_POINT('',(29.197632150202,19.852248080018));
#2137 = CARTESIAN_POINT('',(31.613674525302,63.276298208577));
#2138 = ( GEOMETRIC_REPRESENTATION_CONTEXT(2) 
PARAMETRIC_REPRESENTATION_CONTEXT() REPRESENTATION_CONTEXT('2D SPACE',''
  ) );
#2139 = PCURVE('',#823,#2140);
#2140 = DEFINITIONAL_REPRESENTATION('',(#2141),#2145);
#2141 = LINE('',#2142,#2143);
#2142 = CARTESIAN_POINT('',(5.,0.));
#2143 = VECTOR('',#2144,1.);
#2144 = DIRECTION('',(0.,1.));
#2145 = ( GEOMETRIC_REPRESENTATION_CONTEXT(2) 
PARAMETRIC_REPRESENTATION_CONTEXT() REPRESENTATION_CONTEXT('2D SPACE',''
  ) );
#2146 = ADVANCED_FACE('',(#2147),#823,.T.);
#2147 = FACE_BOUND('',#2148,.T.);
#2148 = EDGE_LOOP('',(#2149,#2150,#2151,#2177));
#2149 = ORIENTED_EDGE('',*,*,#795,.T.);
#2150 = ORIENTED_EDGE('',*,*,#1974,.T.);
#2151 = ORIENTED_EDGE('',*,*,#2152,.F.);
#2152 = EDGE_CURVE('',#2059,#1950,#2153,.T.);
#2153 = SURFACE_CURVE('',#2154,(#2164,#2171),.PCURVE_S1.);
#2154 = B_SPLINE_CURVE_WITH_KNOTS('',8,(#2155,#2156,#2157,#2158,#2159,
    #2160,#2161,#2162,#2163),.UNSPECIFIED.,.F.,.F.,(9,9),(5.,6.),
  .PIECEWISE_BEZIER_KNOTS.);
#2155 = CARTESIAN_POINT('',(42.,72.,130.));
#2156 = CARTESIAN_POINT('',(42.,75.534291735288,130.));
#2157 = CARTESIAN_POINT('',(41.206905798698,79.068584583076,130.));
#2158 = CARTESIAN_POINT('',(39.620725185686,82.395238218031,130.));
#2159 = CARTESIAN_POINT('',(37.306657604038,85.306657604038,130.));
#2160 = CARTESIAN_POINT('',(34.395238218031,87.620725185686,130.));
#2161 = CARTESIAN_POINT('',(31.068584583076,89.206905798698,130.));
#2162 = CARTESIAN_POINT('',(27.534291735289,90.,130.));
#2163 = CARTESIAN_POINT('',(24.,90.,130.));
#2164 = PCURVE('',#823,#2165);
#2165 = DEFINITIONAL_REPRESENTATION('',(#2166),#2170);
#2166 = LINE('',#2167,#2168);
#2167 = CARTESIAN_POINT('',(0.,1.));
#2168 = VECTOR('',#2169,1.);
#2169 = DIRECTION('',(1.,0.));
#2170 = ( GEOMETRIC_REPRESENTATION_CONTEXT(2) 
PARAMETRIC_REPRESENTATION_CONTEXT() REPRESENTATION_CONTEXT('2D SPACE',''
  ) );
#2171 = PCURVE('',#1963,#2172);
#2172 = DEFINITIONAL_REPRESENTATION('',(#2173),#2176);
#2173 = B_SPLINE_CURVE_WITH_KNOTS('',1,(#2174,#2175),.UNSPECIFIED.,.F.,
  .F.,(2,2),(5.,6.),.PIECEWISE_BEZIER_KNOTS.);
#2174 = CARTESIAN_POINT('',(0.,0.));
#2175 = CARTESIAN_POINT('',(1.570796326795,0.));
#2176 = ( GEOMETRIC_REPRESENTATION_CONTEXT(2) 
PARAMETRIC_REPRESENTATION_CONTEXT() REPRESENTATION_CONTEXT('2D SPACE',''
  ) );
#2177 = ORIENTED_EDGE('',*,*,#2124,.F.);
#2178 = ADVANCED_FACE('',(#2179),#1067,.T.);
#2179 = FACE_BOUND('',#2180,.T.);
#2180 = EDGE_LOOP('',(#2181,#2182,#2216,#2217));
#2181 = ORIENTED_EDGE('',*,*,#2103,.T.);
#2182 = ORIENTED_EDGE('',*,*,#2183,.T.);
#2183 = EDGE_CURVE('',#2081,#1054,#2184,.T.);
#2184 = SURFACE_CURVE('',#2185,(#2195,#2209),.PCURVE_S1.);
#2185 = B_SPLINE_CURVE_WITH_KNOTS('',8,(#2186,#2187,#2188,#2189,#2190,
    #2191,#2192,#2193,#2194),.UNSPECIFIED.,.F.,.F.,(9,9),(529.8754058125
    ,557.92033717615),.PIECEWISE_BEZIER_KNOTS.);
#2186 = CARTESIAN_POINT('',(42.,17.770603691393,159.2));
#2187 = CARTESIAN_POINT('',(42.,14.265287015125,159.24483650063));
#2188 = CARTESIAN_POINT('',(41.214138764865,10.769318160865,
    159.28954958295));
#2189 = CARTESIAN_POINT('',(39.649689339953,7.471630579746,
    159.33111065538));
#2190 = CARTESIAN_POINT('',(37.359021388562,4.554801232787,
    159.36646417571));
#2191 = CARTESIAN_POINT('',(34.437089528247,2.21941489194,
    159.39340057141));
#2192 = CARTESIAN_POINT('',(31.088274793413,0.626112806772,
    159.41151749322));
#2193 = CARTESIAN_POINT('',(27.537962918371,-0.166166116668,
    159.42050988465));
#2194 = CARTESIAN_POINT('',(24.,-0.166166116668,159.42050988465));
#2195 = PCURVE('',#1067,#2196);
#2196 = DEFINITIONAL_REPRESENTATION('',(#2197),#2208);
#2197 = B_SPLINE_CURVE_WITH_KNOTS('',9,(#2198,#2199,#2200,#2201,#2202,
    #2203,#2204,#2205,#2206,#2207),.UNSPECIFIED.,.F.,.F.,(10,10),(
    529.8754058125,557.92033717615),.PIECEWISE_BEZIER_KNOTS.);
#2198 = CARTESIAN_POINT('',(6.28318530718,0.973333333333));
#2199 = CARTESIAN_POINT('',(6.109448352318,0.974661822241));
#2200 = CARTESIAN_POINT('',(5.936117934997,0.975987136219));
#2201 = CARTESIAN_POINT('',(5.762630360429,0.977241812441));
#2202 = CARTESIAN_POINT('',(5.588403964063,0.978358519503));
#2203 = CARTESIAN_POINT('',(5.413462670887,0.9792810783));
#2204 = CARTESIAN_POINT('',(5.237920073358,0.979981375292));
#2205 = CARTESIAN_POINT('',(5.062352640679,0.980450514268));
#2206 = CARTESIAN_POINT('',(4.887103198576,0.980683662822));
#2207 = CARTESIAN_POINT('',(4.712388980385,0.980683662822));
#2208 = ( GEOMETRIC_REPRESENTATION_CONTEXT(2) 
PARAMETRIC_REPRESENTATION_CONTEXT() REPRESENTATION_CONTEXT('2D SPACE',''
  ) );
#2209 = PCURVE('',#1488,#2210);
#2210 = DEFINITIONAL_REPRESENTATION('',(#2211),#2215);
#2211 = LINE('',#2212,#2213);
#2212 = CARTESIAN_POINT('',(0.,0.));
#2213 = VECTOR('',#2214,1.);
#2214 = DIRECTION('',(0.,1.));
#2215 = ( GEOMETRIC_REPRESENTATION_CONTEXT(2) 
PARAMETRIC_REPRESENTATION_CONTEXT() REPRESENTATION_CONTEXT('2D SPACE',''
  ) );
#2216 = ORIENTED_EDGE('',*,*,#1051,.F.);
#2217 = ORIENTED_EDGE('',*,*,#2028,.T.);
#2218 = ADVANCED_FACE('',(#2219),#1219,.T.);
#2219 = FACE_BOUND('',#2220,.T.);
#2220 = EDGE_LOOP('',(#2221,#2222,#2248,#2249));
#2221 = ORIENTED_EDGE('',*,*,#1205,.F.);
#2222 = ORIENTED_EDGE('',*,*,#2223,.T.);
#2223 = EDGE_CURVE('',#1178,#1341,#2224,.T.);
#2224 = SURFACE_CURVE('',#2225,(#2230,#2237),.PCURVE_S1.);
#2225 = CIRCLE('',#2226,0.8);
#2226 = AXIS2_PLACEMENT_3D('',#2227,#2228,#2229);
#2227 = CARTESIAN_POINT('',(-10.25,0.602843240082,159.2));
#2228 = DIRECTION('',(-1.,0.,0.));
#2229 = DIRECTION('',(0.,-0.961261695938,0.275637355817));
#2230 = PCURVE('',#1219,#2231);
#2231 = DEFINITIONAL_REPRESENTATION('',(#2232),#2236);
#2232 = LINE('',#2233,#2234);
#2233 = CARTESIAN_POINT('',(1.189730121754E-17,34.25));
#2234 = VECTOR('',#2235,1.);
#2235 = DIRECTION('',(1.,0.));
#2236 = ( GEOMETRIC_REPRESENTATION_CONTEXT(2) 
PARAMETRIC_REPRESENTATION_CONTEXT() REPRESENTATION_CONTEXT('2D SPACE',''
  ) );
#2237 = PCURVE('',#1193,#2238);
#2238 = DEFINITIONAL_REPRESENTATION('',(#2239),#2247);
#2239 = ( BOUNDED_CURVE() B_SPLINE_CURVE(2,(#2240,#2241,#2242,#2243,
#2244,#2245,#2246),.UNSPECIFIED.,.T.,.F.) B_SPLINE_CURVE_WITH_KNOTS((1,2
    ,2,2,2,1),(-2.094395102393,0.,2.094395102393,4.188790204786,
6.28318530718,8.377580409573),.UNSPECIFIED.) CURVE() 
GEOMETRIC_REPRESENTATION_ITEM() RATIONAL_B_SPLINE_CURVE((1.,0.5,1.,0.5,
1.,0.5,1.)) REPRESENTATION_ITEM('') );
#2240 = CARTESIAN_POINT('',(14.670509884654,-11.43619545609));
#2241 = CARTESIAN_POINT('',(16.002473162042,-11.81812977988));
#2242 = CARTESIAN_POINT('',(15.005726696367,-12.78067665311));
#2243 = CARTESIAN_POINT('',(14.008980230693,-13.74322352634));
#2244 = CARTESIAN_POINT('',(13.673763418979,-12.39874232932));
#2245 = CARTESIAN_POINT('',(13.338546607266,-11.0542611323));
#2246 = CARTESIAN_POINT('',(14.670509884654,-11.43619545609));
#2247 = ( GEOMETRIC_REPRESENTATION_CONTEXT(2) 
PARAMETRIC_REPRESENTATION_CONTEXT() REPRESENTATION_CONTEXT('2D SPACE',''
  ) );
#2248 = ORIENTED_EDGE('',*,*,#1340,.T.);
#2249 = ORIENTED_EDGE('',*,*,#1268,.F.);
#2250 = ADVANCED_FACE('',(#2251),#1193,.T.);
#2251 = FACE_BOUND('',#2252,.T.);
#2252 = EDGE_LOOP('',(#2253,#2254,#2277,#2305,#2333,#2354,#2355));
#2253 = ORIENTED_EDGE('',*,*,#1177,.F.);
#2254 = ORIENTED_EDGE('',*,*,#2255,.T.);
#2255 = EDGE_CURVE('',#1150,#2256,#2258,.T.);
#2256 = VERTEX_POINT('',#2257);
#2257 = CARTESIAN_POINT('',(-10.25,10.04396308607,144.75));
#2258 = SURFACE_CURVE('',#2259,(#2263,#2270),.PCURVE_S1.);
#2259 = LINE('',#2260,#2261);
#2260 = CARTESIAN_POINT('',(-10.25,-11.60236157276,144.75));
#2261 = VECTOR('',#2262,1.);
#2262 = DIRECTION('',(0.,1.,0.));
#2263 = PCURVE('',#1193,#2264);
#2264 = DEFINITIONAL_REPRESENTATION('',(#2265),#2269);
#2265 = LINE('',#2266,#2267);
#2266 = CARTESIAN_POINT('',(0.,0.));
#2267 = VECTOR('',#2268,1.);
#2268 = DIRECTION('',(0.,-1.));
#2269 = ( GEOMETRIC_REPRESENTATION_CONTEXT(2) 
PARAMETRIC_REPRESENTATION_CONTEXT() REPRESENTATION_CONTEXT('2D SPACE',''
  ) );
#2270 = PCURVE('',#1165,#2271);
#2271 = DEFINITIONAL_REPRESENTATION('',(#2272),#2276);
#2272 = LINE('',#2273,#2274);
#2273 = CARTESIAN_POINT('',(0.,0.));
#2274 = VECTOR('',#2275,1.);
#2275 = DIRECTION('',(0.,1.));
#2276 = ( GEOMETRIC_REPRESENTATION_CONTEXT(2) 
PARAMETRIC_REPRESENTATION_CONTEXT() REPRESENTATION_CONTEXT('2D SPACE',''
  ) );
#2277 = ORIENTED_EDGE('',*,*,#2278,.F.);
#2278 = EDGE_CURVE('',#2279,#2256,#2281,.T.);
#2279 = VERTEX_POINT('',#2280);
#2280 = CARTESIAN_POINT('',(-10.25,10.04396308607,134.5));
#2281 = SURFACE_CURVE('',#2282,(#2286,#2293),.PCURVE_S1.);
#2282 = LINE('',#2283,#2284);
#2283 = CARTESIAN_POINT('',(-10.25,10.04396308607,134.5));
#2284 = VECTOR('',#2285,1.);
#2285 = DIRECTION('',(0.,0.,1.));
#2286 = PCURVE('',#1193,#2287);
#2287 = DEFINITIONAL_REPRESENTATION('',(#2288),#2292);
#2288 = LINE('',#2289,#2290);
#2289 = CARTESIAN_POINT('',(-10.25,-21.64632465883));
#2290 = VECTOR('',#2291,1.);
#2291 = DIRECTION('',(1.,0.));
#2292 = ( GEOMETRIC_REPRESENTATION_CONTEXT(2) 
PARAMETRIC_REPRESENTATION_CONTEXT() REPRESENTATION_CONTEXT('2D SPACE',''
  ) );
#2293 = PCURVE('',#2294,#2299);
#2294 = PLANE('',#2295);
#2295 = AXIS2_PLACEMENT_3D('',#2296,#2297,#2298);
#2296 = CARTESIAN_POINT('',(-10.25,10.04396308607,134.5));
#2297 = DIRECTION('',(0.,1.,0.));
#2298 = DIRECTION('',(0.,-0.,1.));
#2299 = DEFINITIONAL_REPRESENTATION('',(#2300),#2304);
#2300 = LINE('',#2301,#2302);
#2301 = CARTESIAN_POINT('',(0.,0.));
#2302 = VECTOR('',#2303,1.);
#2303 = DIRECTION('',(1.,0.));
#2304 = ( GEOMETRIC_REPRESENTATION_CONTEXT(2) 
PARAMETRIC_REPRESENTATION_CONTEXT() REPRESENTATION_CONTEXT('2D SPACE',''
  ) );
#2305 = ORIENTED_EDGE('',*,*,#2306,.T.);
#2306 = EDGE_CURVE('',#2279,#2307,#2309,.T.);
#2307 = VERTEX_POINT('',#2308);
#2308 = CARTESIAN_POINT('',(-10.25,30.54396308607,134.5));
#2309 = SURFACE_CURVE('',#2310,(#2314,#2321),.PCURVE_S1.);
#2310 = LINE('',#2311,#2312);
#2311 = CARTESIAN_POINT('',(-10.25,10.04396308607,134.5));
#2312 = VECTOR('',#2313,1.);
#2313 = DIRECTION('',(0.,1.,0.));
#2314 = PCURVE('',#1193,#2315);
#2315 = DEFINITIONAL_REPRESENTATION('',(#2316),#2320);
#2316 = LINE('',#2317,#2318);
#2317 = CARTESIAN_POINT('',(-10.25,-21.64632465883));
#2318 = VECTOR('',#2319,1.);
#2319 = DIRECTION('',(0.,-1.));
#2320 = ( GEOMETRIC_REPRESENTATION_CONTEXT(2) 
PARAMETRIC_REPRESENTATION_CONTEXT() REPRESENTATION_CONTEXT('2D SPACE',''
  ) );
#2321 = PCURVE('',#2322,#2327);
#2322 = PLANE('',#2323);
#2323 = AXIS2_PLACEMENT_3D('',#2324,#2325,#2326);
#2324 = CARTESIAN_POINT('',(-10.25,10.04396308607,134.5));
#2325 = DIRECTION('',(0.,0.,1.));
#2326 = DIRECTION('',(1.,0.,-0.));
#2327 = DEFINITIONAL_REPRESENTATION('',(#2328),#2332);
#2328 = LINE('',#2329,#2330);
#2329 = CARTESIAN_POINT('',(0.,0.));
#2330 = VECTOR('',#2331,1.);
#2331 = DIRECTION('',(0.,1.));
#2332 = ( GEOMETRIC_REPRESENTATION_CONTEXT(2) 
PARAMETRIC_REPRESENTATION_CONTEXT() REPRESENTATION_CONTEXT('2D SPACE',''
  ) );
#2333 = ORIENTED_EDGE('',*,*,#2334,.T.);
#2334 = EDGE_CURVE('',#2307,#1364,#2335,.T.);
#2335 = SURFACE_CURVE('',#2336,(#2340,#2347),.PCURVE_S1.);
#2336 = LINE('',#2337,#2338);
#2337 = CARTESIAN_POINT('',(-10.25,30.54396308607,134.5));
#2338 = VECTOR('',#2339,1.);
#2339 = DIRECTION('',(0.,0.,1.));
#2340 = PCURVE('',#1193,#2341);
#2341 = DEFINITIONAL_REPRESENTATION('',(#2342),#2346);
#2342 = LINE('',#2343,#2344);
#2343 = CARTESIAN_POINT('',(-10.25,-42.14632465883));
#2344 = VECTOR('',#2345,1.);
#2345 = DIRECTION('',(1.,0.));
#2346 = ( GEOMETRIC_REPRESENTATION_CONTEXT(2) 
PARAMETRIC_REPRESENTATION_CONTEXT() REPRESENTATION_CONTEXT('2D SPACE',''
  ) );
#2347 = PCURVE('',#1402,#2348);
#2348 = DEFINITIONAL_REPRESENTATION('',(#2349),#2353);
#2349 = LINE('',#2350,#2351);
#2350 = CARTESIAN_POINT('',(0.,0.));
#2351 = VECTOR('',#2352,1.);
#2352 = DIRECTION('',(1.,0.));
#2353 = ( GEOMETRIC_REPRESENTATION_CONTEXT(2) 
PARAMETRIC_REPRESENTATION_CONTEXT() REPRESENTATION_CONTEXT('2D SPACE',''
  ) );
#2354 = ORIENTED_EDGE('',*,*,#1363,.F.);
#2355 = ORIENTED_EDGE('',*,*,#2223,.F.);
#2356 = ADVANCED_FACE('',(#2357),#1165,.T.);
#2357 = FACE_BOUND('',#2358,.T.);
#2358 = EDGE_LOOP('',(#2359,#2382,#2383,#2384));
#2359 = ORIENTED_EDGE('',*,*,#2360,.F.);
#2360 = EDGE_CURVE('',#2256,#2361,#2363,.T.);
#2361 = VERTEX_POINT('',#2362);
#2362 = CARTESIAN_POINT('',(10.25,10.04396308607,144.75));
#2363 = SURFACE_CURVE('',#2364,(#2368,#2375),.PCURVE_S1.);
#2364 = LINE('',#2365,#2366);
#2365 = CARTESIAN_POINT('',(-10.25,10.04396308607,144.75));
#2366 = VECTOR('',#2367,1.);
#2367 = DIRECTION('',(1.,0.,0.));
#2368 = PCURVE('',#1165,#2369);
#2369 = DEFINITIONAL_REPRESENTATION('',(#2370),#2374);
#2370 = LINE('',#2371,#2372);
#2371 = CARTESIAN_POINT('',(0.,21.64632465883));
#2372 = VECTOR('',#2373,1.);
#2373 = DIRECTION('',(1.,0.));
#2374 = ( GEOMETRIC_REPRESENTATION_CONTEXT(2) 
PARAMETRIC_REPRESENTATION_CONTEXT() REPRESENTATION_CONTEXT('2D SPACE',''
  ) );
#2375 = PCURVE('',#2294,#2376);
#2376 = DEFINITIONAL_REPRESENTATION('',(#2377),#2381);
#2377 = LINE('',#2378,#2379);
#2378 = CARTESIAN_POINT('',(10.25,0.));
#2379 = VECTOR('',#2380,1.);
#2380 = DIRECTION('',(0.,1.));
#2381 = ( GEOMETRIC_REPRESENTATION_CONTEXT(2) 
PARAMETRIC_REPRESENTATION_CONTEXT() REPRESENTATION_CONTEXT('2D SPACE',''
  ) );
#2382 = ORIENTED_EDGE('',*,*,#2255,.F.);
#2383 = ORIENTED_EDGE('',*,*,#1149,.F.);
#2384 = ORIENTED_EDGE('',*,*,#2385,.T.);
#2385 = EDGE_CURVE('',#1122,#2361,#2386,.T.);
#2386 = SURFACE_CURVE('',#2387,(#2391,#2398),.PCURVE_S1.);
#2387 = LINE('',#2388,#2389);
#2388 = CARTESIAN_POINT('',(10.25,-11.60236157276,144.75));
#2389 = VECTOR('',#2390,1.);
#2390 = DIRECTION('',(0.,1.,0.));
#2391 = PCURVE('',#1165,#2392);
#2392 = DEFINITIONAL_REPRESENTATION('',(#2393),#2397);
#2393 = LINE('',#2394,#2395);
#2394 = CARTESIAN_POINT('',(20.5,0.));
#2395 = VECTOR('',#2396,1.);
#2396 = DIRECTION('',(0.,1.));
#2397 = ( GEOMETRIC_REPRESENTATION_CONTEXT(2) 
PARAMETRIC_REPRESENTATION_CONTEXT() REPRESENTATION_CONTEXT('2D SPACE',''
  ) );
#2398 = PCURVE('',#1137,#2399);
#2399 = DEFINITIONAL_REPRESENTATION('',(#2400),#2404);
#2400 = LINE('',#2401,#2402);
#2401 = CARTESIAN_POINT('',(0.,0.));
#2402 = VECTOR('',#2403,1.);
#2403 = DIRECTION('',(0.,-1.));
#2404 = ( GEOMETRIC_REPRESENTATION_CONTEXT(2) 
PARAMETRIC_REPRESENTATION_CONTEXT() REPRESENTATION_CONTEXT('2D SPACE',''
  ) );
#2405 = ADVANCED_FACE('',(#2406),#1137,.F.);
#2406 = FACE_BOUND('',#2407,.F.);
#2407 = EDGE_LOOP('',(#2408,#2409,#2410,#2433,#2456,#2477,#2478));
#2408 = ORIENTED_EDGE('',*,*,#1121,.F.);
#2409 = ORIENTED_EDGE('',*,*,#2385,.T.);
#2410 = ORIENTED_EDGE('',*,*,#2411,.F.);
#2411 = EDGE_CURVE('',#2412,#2361,#2414,.T.);
#2412 = VERTEX_POINT('',#2413);
#2413 = CARTESIAN_POINT('',(10.25,10.04396308607,134.5));
#2414 = SURFACE_CURVE('',#2415,(#2419,#2426),.PCURVE_S1.);
#2415 = LINE('',#2416,#2417);
#2416 = CARTESIAN_POINT('',(10.25,10.04396308607,134.5));
#2417 = VECTOR('',#2418,1.);
#2418 = DIRECTION('',(0.,0.,1.));
#2419 = PCURVE('',#1137,#2420);
#2420 = DEFINITIONAL_REPRESENTATION('',(#2421),#2425);
#2421 = LINE('',#2422,#2423);
#2422 = CARTESIAN_POINT('',(-10.25,-21.64632465883));
#2423 = VECTOR('',#2424,1.);
#2424 = DIRECTION('',(1.,0.));
#2425 = ( GEOMETRIC_REPRESENTATION_CONTEXT(2) 
PARAMETRIC_REPRESENTATION_CONTEXT() REPRESENTATION_CONTEXT('2D SPACE',''
  ) );
#2426 = PCURVE('',#2294,#2427);
#2427 = DEFINITIONAL_REPRESENTATION('',(#2428),#2432);
#2428 = LINE('',#2429,#2430);
#2429 = CARTESIAN_POINT('',(0.,20.5));
#2430 = VECTOR('',#2431,1.);
#2431 = DIRECTION('',(1.,0.));
#2432 = ( GEOMETRIC_REPRESENTATION_CONTEXT(2) 
PARAMETRIC_REPRESENTATION_CONTEXT() REPRESENTATION_CONTEXT('2D SPACE',''
  ) );
#2433 = ORIENTED_EDGE('',*,*,#2434,.T.);
#2434 = EDGE_CURVE('',#2412,#2435,#2437,.T.);
#2435 = VERTEX_POINT('',#2436);
#2436 = CARTESIAN_POINT('',(10.25,30.54396308607,134.5));
#2437 = SURFACE_CURVE('',#2438,(#2442,#2449),.PCURVE_S1.);
#2438 = LINE('',#2439,#2440);
#2439 = CARTESIAN_POINT('',(10.25,10.04396308607,134.5));
#2440 = VECTOR('',#2441,1.);
#2441 = DIRECTION('',(0.,1.,0.));
#2442 = PCURVE('',#1137,#2443);
#2443 = DEFINITIONAL_REPRESENTATION('',(#2444),#2448);
#2444 = LINE('',#2445,#2446);
#2445 = CARTESIAN_POINT('',(-10.25,-21.64632465883));
#2446 = VECTOR('',#2447,1.);
#2447 = DIRECTION('',(0.,-1.));
#2448 = ( GEOMETRIC_REPRESENTATION_CONTEXT(2) 
PARAMETRIC_REPRESENTATION_CONTEXT() REPRESENTATION_CONTEXT('2D SPACE',''
  ) );
#2449 = PCURVE('',#2322,#2450);
#2450 = DEFINITIONAL_REPRESENTATION('',(#2451),#2455);
#2451 = LINE('',#2452,#2453);
#2452 = CARTESIAN_POINT('',(20.5,0.));
#2453 = VECTOR('',#2454,1.);
#2454 = DIRECTION('',(0.,1.));
#2455 = ( GEOMETRIC_REPRESENTATION_CONTEXT(2) 
PARAMETRIC_REPRESENTATION_CONTEXT() REPRESENTATION_CONTEXT('2D SPACE',''
  ) );
#2456 = ORIENTED_EDGE('',*,*,#2457,.F.);
#2457 = EDGE_CURVE('',#1387,#2435,#2458,.T.);
#2458 = SURFACE_CURVE('',#2459,(#2463,#2470),.PCURVE_S1.);
#2459 = LINE('',#2460,#2461);
#2460 = CARTESIAN_POINT('',(10.25,30.54396308607,160.));
#2461 = VECTOR('',#2462,1.);
#2462 = DIRECTION('',(0.,0.,-1.));
#2463 = PCURVE('',#1137,#2464);
#2464 = DEFINITIONAL_REPRESENTATION('',(#2465),#2469);
#2465 = LINE('',#2466,#2467);
#2466 = CARTESIAN_POINT('',(15.25,-42.14632465883));
#2467 = VECTOR('',#2468,1.);
#2468 = DIRECTION('',(-1.,0.));
#2469 = ( GEOMETRIC_REPRESENTATION_CONTEXT(2) 
PARAMETRIC_REPRESENTATION_CONTEXT() REPRESENTATION_CONTEXT('2D SPACE',''
  ) );
#2470 = PCURVE('',#1402,#2471);
#2471 = DEFINITIONAL_REPRESENTATION('',(#2472),#2476);
#2472 = LINE('',#2473,#2474);
#2473 = CARTESIAN_POINT('',(25.5,20.5));
#2474 = VECTOR('',#2475,1.);
#2475 = DIRECTION('',(-1.,0.));
#2476 = ( GEOMETRIC_REPRESENTATION_CONTEXT(2) 
PARAMETRIC_REPRESENTATION_CONTEXT() REPRESENTATION_CONTEXT('2D SPACE',''
  ) );
#2477 = ORIENTED_EDGE('',*,*,#1414,.T.);
#2478 = ORIENTED_EDGE('',*,*,#2479,.F.);
#2479 = EDGE_CURVE('',#1094,#1415,#2480,.T.);
#2480 = SURFACE_CURVE('',#2481,(#2486,#2497),.PCURVE_S1.);
#2481 = CIRCLE('',#2482,0.8);
#2482 = AXIS2_PLACEMENT_3D('',#2483,#2484,#2485);
#2483 = CARTESIAN_POINT('',(10.25,0.602843240082,159.2));
#2484 = DIRECTION('',(-1.,0.,0.));
#2485 = DIRECTION('',(0.,-0.961261695938,0.275637355817));
#2486 = PCURVE('',#1137,#2487);
#2487 = DEFINITIONAL_REPRESENTATION('',(#2488),#2496);
#2488 = ( BOUNDED_CURVE() B_SPLINE_CURVE(2,(#2489,#2490,#2491,#2492,
#2493,#2494,#2495),.UNSPECIFIED.,.T.,.F.) B_SPLINE_CURVE_WITH_KNOTS((1,2
    ,2,2,2,1),(-2.094395102393,0.,2.094395102393,4.188790204786,
6.28318530718,8.377580409573),.UNSPECIFIED.) CURVE() 
GEOMETRIC_REPRESENTATION_ITEM() RATIONAL_B_SPLINE_CURVE((1.,0.5,1.,0.5,
1.,0.5,1.)) REPRESENTATION_ITEM('') );
#2489 = CARTESIAN_POINT('',(14.670509884654,-11.43619545609));
#2490 = CARTESIAN_POINT('',(16.002473162042,-11.81812977988));
#2491 = CARTESIAN_POINT('',(15.005726696367,-12.78067665311));
#2492 = CARTESIAN_POINT('',(14.008980230693,-13.74322352634));
#2493 = CARTESIAN_POINT('',(13.673763418979,-12.39874232932));
#2494 = CARTESIAN_POINT('',(13.338546607266,-11.0542611323));
#2495 = CARTESIAN_POINT('',(14.670509884654,-11.43619545609));
#2496 = ( GEOMETRIC_REPRESENTATION_CONTEXT(2) 
PARAMETRIC_REPRESENTATION_CONTEXT() REPRESENTATION_CONTEXT('2D SPACE',''
  ) );
#2497 = PCURVE('',#1109,#2498);
#2498 = DEFINITIONAL_REPRESENTATION('',(#2499),#2503);
#2499 = LINE('',#2500,#2501);
#2500 = CARTESIAN_POINT('',(1.189730121754E-17,13.75));
#2501 = VECTOR('',#2502,1.);
#2502 = DIRECTION('',(1.,0.));
#2503 = ( GEOMETRIC_REPRESENTATION_CONTEXT(2) 
PARAMETRIC_REPRESENTATION_CONTEXT() REPRESENTATION_CONTEXT('2D SPACE',''
  ) );
#2504 = ADVANCED_FACE('',(#2505),#1109,.T.);
#2505 = FACE_BOUND('',#2506,.T.);
#2506 = EDGE_LOOP('',(#2507,#2508,#2533,#2534));
#2507 = ORIENTED_EDGE('',*,*,#1093,.F.);
#2508 = ORIENTED_EDGE('',*,*,#2509,.T.);
#2509 = EDGE_CURVE('',#1054,#1438,#2510,.T.);
#2510 = SURFACE_CURVE('',#2511,(#2515,#2527),.PCURVE_S1.);
#2511 = ( BOUNDED_CURVE() B_SPLINE_CURVE(2,(#2512,#2513,#2514),
.UNSPECIFIED.,.F.,.F.) B_SPLINE_CURVE_WITH_KNOTS((3,3),(0.,
28.044931363656),.PIECEWISE_BEZIER_KNOTS.) CURVE() 
GEOMETRIC_REPRESENTATION_ITEM() RATIONAL_B_SPLINE_CURVE((1.,
0.798635510047,1.)) REPRESENTATION_ITEM('') );
#2512 = CARTESIAN_POINT('',(24.,-0.166166116668,159.42050988465));
#2513 = CARTESIAN_POINT('',(24.,4.263256414561E-14,160.));
#2514 = CARTESIAN_POINT('',(24.,0.602843240082,160.));
#2515 = PCURVE('',#1109,#2516);
#2516 = DEFINITIONAL_REPRESENTATION('',(#2517),#2526);
#2517 = B_SPLINE_CURVE_WITH_KNOTS('',7,(#2518,#2519,#2520,#2521,#2522,
    #2523,#2524,#2525),.UNSPECIFIED.,.F.,.F.,(8,8),(0.,28.044931363656),
  .PIECEWISE_BEZIER_KNOTS.);
#2518 = CARTESIAN_POINT('',(1.110223024625E-16,0.));
#2519 = CARTESIAN_POINT('',(0.171947149472,0.));
#2520 = CARTESIAN_POINT('',(0.355438708502,0.));
#2521 = CARTESIAN_POINT('',(0.547688585163,0.));
#2522 = CARTESIAN_POINT('',(0.743855061313,0.));
#2523 = CARTESIAN_POINT('',(0.936104937974,0.));
#2524 = CARTESIAN_POINT('',(1.119596497004,0.));
#2525 = CARTESIAN_POINT('',(1.291543646476,0.));
#2526 = ( GEOMETRIC_REPRESENTATION_CONTEXT(2) 
PARAMETRIC_REPRESENTATION_CONTEXT() REPRESENTATION_CONTEXT('2D SPACE',''
  ) );
#2527 = PCURVE('',#1488,#2528);
#2528 = DEFINITIONAL_REPRESENTATION('',(#2529),#2532);
#2529 = B_SPLINE_CURVE_WITH_KNOTS('',1,(#2530,#2531),.UNSPECIFIED.,.F.,
  .F.,(2,2),(0.,28.044931363656),.PIECEWISE_BEZIER_KNOTS.);
#2530 = CARTESIAN_POINT('',(0.,557.92033717615));
#2531 = CARTESIAN_POINT('',(28.044931363656,557.92033717615));
#2532 = ( GEOMETRIC_REPRESENTATION_CONTEXT(2) 
PARAMETRIC_REPRESENTATION_CONTEXT() REPRESENTATION_CONTEXT('2D SPACE',''
  ) );
#2533 = ORIENTED_EDGE('',*,*,#1437,.T.);
#2534 = ORIENTED_EDGE('',*,*,#2479,.F.);
#2535 = ADVANCED_FACE('',(#2536),#1600,.T.);
#2536 = FACE_BOUND('',#2537,.T.);
#2537 = EDGE_LOOP('',(#2538,#2539,#2540,#2560));
#2538 = ORIENTED_EDGE('',*,*,#1872,.T.);
#2539 = ORIENTED_EDGE('',*,*,#1584,.T.);
#2540 = ORIENTED_EDGE('',*,*,#2541,.F.);
#2541 = EDGE_CURVE('',#1927,#1552,#2542,.T.);
#2542 = SURFACE_CURVE('',#2543,(#2548,#2554),.PCURVE_S1.);
#2543 = CIRCLE('',#2544,0.8);
#2544 = AXIS2_PLACEMENT_3D('',#2545,#2546,#2547);
#2545 = CARTESIAN_POINT('',(24.,89.2,159.2));
#2546 = DIRECTION('',(1.,0.,0.));
#2547 = DIRECTION('',(0.,1.,-1.788727250935E-16));
#2548 = PCURVE('',#1600,#2549);
#2549 = DEFINITIONAL_REPRESENTATION('',(#2550),#2553);
#2550 = B_SPLINE_CURVE_WITH_KNOTS('',1,(#2551,#2552),.UNSPECIFIED.,.F.,
  .F.,(2,2),(0.,1.570796326795),.PIECEWISE_BEZIER_KNOTS.);
#2551 = CARTESIAN_POINT('',(0.,48.));
#2552 = CARTESIAN_POINT('',(1.570796326795,48.));
#2553 = ( GEOMETRIC_REPRESENTATION_CONTEXT(2) 
PARAMETRIC_REPRESENTATION_CONTEXT() REPRESENTATION_CONTEXT('2D SPACE',''
  ) );
#2554 = PCURVE('',#1572,#2555);
#2555 = DEFINITIONAL_REPRESENTATION('',(#2556),#2559);
#2556 = B_SPLINE_CURVE_WITH_KNOTS('',1,(#2557,#2558),.UNSPECIFIED.,.F.,
  .F.,(2,2),(0.,1.570796326795),.PIECEWISE_BEZIER_KNOTS.);
#2557 = CARTESIAN_POINT('',(6.28318530718,0.));
#2558 = CARTESIAN_POINT('',(6.28318530718,1.570796326795));
#2559 = ( GEOMETRIC_REPRESENTATION_CONTEXT(2) 
PARAMETRIC_REPRESENTATION_CONTEXT() REPRESENTATION_CONTEXT('2D SPACE',''
  ) );
#2560 = ORIENTED_EDGE('',*,*,#1926,.F.);
#2561 = ADVANCED_FACE('',(#2562),#1572,.T.);
#2562 = FACE_BOUND('',#2563,.T.);
#2563 = EDGE_LOOP('',(#2564,#2565,#2585,#2607));
#2564 = ORIENTED_EDGE('',*,*,#1551,.T.);
#2565 = ORIENTED_EDGE('',*,*,#2566,.F.);
#2566 = EDGE_CURVE('',#2061,#1524,#2567,.T.);
#2567 = SURFACE_CURVE('',#2568,(#2573,#2579),.PCURVE_S1.);
#2568 = CIRCLE('',#2569,0.8);
#2569 = AXIS2_PLACEMENT_3D('',#2570,#2571,#2572);
#2570 = CARTESIAN_POINT('',(41.2,72.,159.2));
#2571 = DIRECTION('',(6.123233995737E-17,-1.,0.));
#2572 = DIRECTION('',(1.,6.123233995737E-17,0.));
#2573 = PCURVE('',#1572,#2574);
#2574 = DEFINITIONAL_REPRESENTATION('',(#2575),#2578);
#2575 = B_SPLINE_CURVE_WITH_KNOTS('',1,(#2576,#2577),.UNSPECIFIED.,.F.,
  .F.,(2,2),(0.,1.570796326795),.PIECEWISE_BEZIER_KNOTS.);
#2576 = CARTESIAN_POINT('',(4.712388980385,0.));
#2577 = CARTESIAN_POINT('',(4.712388980385,1.570796326795));
#2578 = ( GEOMETRIC_REPRESENTATION_CONTEXT(2) 
PARAMETRIC_REPRESENTATION_CONTEXT() REPRESENTATION_CONTEXT('2D SPACE',''
  ) );
#2579 = PCURVE('',#1539,#2580);
#2580 = DEFINITIONAL_REPRESENTATION('',(#2581),#2584);
#2581 = B_SPLINE_CURVE_WITH_KNOTS('',1,(#2582,#2583),.UNSPECIFIED.,.F.,
  .F.,(2,2),(0.,1.570796326795),.PIECEWISE_BEZIER_KNOTS.);
#2582 = CARTESIAN_POINT('',(0.,-7.09445495421E-15));
#2583 = CARTESIAN_POINT('',(1.570796326795,-7.09445495421E-15));
#2584 = ( GEOMETRIC_REPRESENTATION_CONTEXT(2) 
PARAMETRIC_REPRESENTATION_CONTEXT() REPRESENTATION_CONTEXT('2D SPACE',''
  ) );
#2585 = ORIENTED_EDGE('',*,*,#2586,.F.);
#2586 = EDGE_CURVE('',#1927,#2061,#2587,.T.);
#2587 = SURFACE_CURVE('',#2588,(#2593,#2600),.PCURVE_S1.);
#2588 = CIRCLE('',#2589,18.);
#2589 = AXIS2_PLACEMENT_3D('',#2590,#2591,#2592);
#2590 = CARTESIAN_POINT('',(24.,72.,159.2));
#2591 = DIRECTION('',(0.,0.,-1.));
#2592 = DIRECTION('',(0.,1.,0.));
#2593 = PCURVE('',#1572,#2594);
#2594 = DEFINITIONAL_REPRESENTATION('',(#2595),#2599);
#2595 = LINE('',#2596,#2597);
#2596 = CARTESIAN_POINT('',(6.28318530718,0.));
#2597 = VECTOR('',#2598,1.);
#2598 = DIRECTION('',(-1.,0.));
#2599 = ( GEOMETRIC_REPRESENTATION_CONTEXT(2) 
PARAMETRIC_REPRESENTATION_CONTEXT() REPRESENTATION_CONTEXT('2D SPACE',''
  ) );
#2600 = PCURVE('',#1963,#2601);
#2601 = DEFINITIONAL_REPRESENTATION('',(#2602),#2606);
#2602 = LINE('',#2603,#2604);
#2603 = CARTESIAN_POINT('',(1.570796326795,29.2));
#2604 = VECTOR('',#2605,1.);
#2605 = DIRECTION('',(-1.,-0.));
#2606 = ( GEOMETRIC_REPRESENTATION_CONTEXT(2) 
PARAMETRIC_REPRESENTATION_CONTEXT() REPRESENTATION_CONTEXT('2D SPACE',''
  ) );
#2607 = ORIENTED_EDGE('',*,*,#2541,.T.);
#2608 = ADVANCED_FACE('',(#2609),#1539,.T.);
#2609 = FACE_BOUND('',#2610,.T.);
#2610 = EDGE_LOOP('',(#2611,#2612,#2613,#2656));
#2611 = ORIENTED_EDGE('',*,*,#2566,.T.);
#2612 = ORIENTED_EDGE('',*,*,#1523,.T.);
#2613 = ORIENTED_EDGE('',*,*,#2614,.F.);
#2614 = EDGE_CURVE('',#2081,#1461,#2615,.T.);
#2615 = SURFACE_CURVE('',#2616,(#2621,#2627),.PCURVE_S1.);
#2616 = CIRCLE('',#2617,0.8);
#2617 = AXIS2_PLACEMENT_3D('',#2618,#2619,#2620);
#2618 = CARTESIAN_POINT('',(41.2,17.770603691393,159.2));
#2619 = DIRECTION('',(0.,-1.,0.));
#2620 = DIRECTION('',(1.,0.,1.483769832596E-17));
#2621 = PCURVE('',#1539,#2622);
#2622 = DEFINITIONAL_REPRESENTATION('',(#2623),#2626);
#2623 = B_SPLINE_CURVE_WITH_KNOTS('',1,(#2624,#2625),.UNSPECIFIED.,.F.,
  .F.,(2,2),(0.,1.570796326795),.PIECEWISE_BEZIER_KNOTS.);
#2624 = CARTESIAN_POINT('',(0.,54.229396308607));
#2625 = CARTESIAN_POINT('',(1.570796326795,54.229396308607));
#2626 = ( GEOMETRIC_REPRESENTATION_CONTEXT(2) 
PARAMETRIC_REPRESENTATION_CONTEXT() REPRESENTATION_CONTEXT('2D SPACE',''
  ) );
#2627 = PCURVE('',#1488,#2628);
#2628 = DEFINITIONAL_REPRESENTATION('',(#2629),#2655);
#2629 = B_SPLINE_CURVE_WITH_KNOTS('',3,(#2630,#2631,#2632,#2633,#2634,
    #2635,#2636,#2637,#2638,#2639,#2640,#2641,#2642,#2643,#2644,#2645,
    #2646,#2647,#2648,#2649,#2650,#2651,#2652,#2653,#2654),
  .UNSPECIFIED.,.F.,.F.,(4,1,1,1,1,1,1,1,1,1,1,1,1,1,1,1,1,1,1,1,1,1,4),
  (0.,7.139983303613E-02,0.142799666072,0.214199499108,0.285599332145,
    0.356999165181,0.428398998217,0.499798831253,0.571198664289,
    0.642598497325,0.713998330361,0.785398163397,0.856797996434,
    0.92819782947,0.999597662506,1.070997495542,1.142397328578,
    1.213797161614,1.28519699465,1.356596827687,1.427996660723,
    1.499396493759,1.570796326795),.QUASI_UNIFORM_KNOTS.);
#2630 = CARTESIAN_POINT('',(0.,529.8754058125));
#2631 = CARTESIAN_POINT('',(0.471934533097,529.87540581217));
#2632 = CARTESIAN_POINT('',(1.401985722517,529.87540616591));
#2633 = CARTESIAN_POINT('',(2.760336567134,529.87540775342));
#2634 = CARTESIAN_POINT('',(4.086843981611,529.87541039313));
#2635 = CARTESIAN_POINT('',(5.385848610358,529.8754140749));
#2636 = CARTESIAN_POINT('',(6.661417750534,529.8754187851));
#2637 = CARTESIAN_POINT('',(7.917344466517,529.87542450599));
#2638 = CARTESIAN_POINT('',(9.157210270542,529.87543121592));
#2639 = CARTESIAN_POINT('',(10.384423929325,529.87543888924));
#2640 = CARTESIAN_POINT('',(11.60226131555,529.87544749627));
#2641 = CARTESIAN_POINT('',(12.813900897796,529.87545700333));
#2642 = CARTESIAN_POINT('',(14.022457425969,529.8754673727));
#2643 = CARTESIAN_POINT('',(15.231014120912,529.87547856262));
#2644 = CARTESIAN_POINT('',(16.44265420117,529.87549052732));
#2645 = CARTESIAN_POINT('',(17.660492409677,529.87550321699));
#2646 = CARTESIAN_POINT('',(18.887707203407,529.87551657791));
#2647 = CARTESIAN_POINT('',(20.127574438047,529.87553055243));
#2648 = CARTESIAN_POINT('',(21.383502859813,529.87554507907));
#2649 = CARTESIAN_POINT('',(22.659073948565,529.87556009268));
#2650 = CARTESIAN_POINT('',(23.958080753887,529.87557552454));
#2651 = CARTESIAN_POINT('',(25.284590463578,529.87559130251));
#2652 = CARTESIAN_POINT('',(26.642943933822,529.87560735152));
#2653 = CARTESIAN_POINT('',(27.572996412666,529.87561817893));
#2654 = CARTESIAN_POINT('',(28.044931363656,529.87562361167));
#2655 = ( GEOMETRIC_REPRESENTATION_CONTEXT(2) 
PARAMETRIC_REPRESENTATION_CONTEXT() REPRESENTATION_CONTEXT('2D SPACE',''
  ) );
#2656 = ORIENTED_EDGE('',*,*,#2080,.F.);
#2657 = ADVANCED_FACE('',(#2658),#1488,.T.);
#2658 = FACE_BOUND('',#2659,.T.);
#2659 = EDGE_LOOP('',(#2660,#2661,#2662,#2663));
#2660 = ORIENTED_EDGE('',*,*,#2614,.T.);
#2661 = ORIENTED_EDGE('',*,*,#1460,.T.);
#2662 = ORIENTED_EDGE('',*,*,#2509,.F.);
#2663 = ORIENTED_EDGE('',*,*,#2183,.F.);
#2664 = ADVANCED_FACE('',(#2665),#1402,.F.);
#2665 = FACE_BOUND('',#2666,.F.);
#2666 = EDGE_LOOP('',(#2667,#2668,#2689,#2690));
#2667 = ORIENTED_EDGE('',*,*,#2457,.T.);
#2668 = ORIENTED_EDGE('',*,*,#2669,.F.);
#2669 = EDGE_CURVE('',#2307,#2435,#2670,.T.);
#2670 = SURFACE_CURVE('',#2671,(#2675,#2682),.PCURVE_S1.);
#2671 = LINE('',#2672,#2673);
#2672 = CARTESIAN_POINT('',(-10.25,30.54396308607,134.5));
#2673 = VECTOR('',#2674,1.);
#2674 = DIRECTION('',(1.,0.,0.));
#2675 = PCURVE('',#1402,#2676);
#2676 = DEFINITIONAL_REPRESENTATION('',(#2677),#2681);
#2677 = LINE('',#2678,#2679);
#2678 = CARTESIAN_POINT('',(0.,0.));
#2679 = VECTOR('',#2680,1.);
#2680 = DIRECTION('',(0.,1.));
#2681 = ( GEOMETRIC_REPRESENTATION_CONTEXT(2) 
PARAMETRIC_REPRESENTATION_CONTEXT() REPRESENTATION_CONTEXT('2D SPACE',''
  ) );
#2682 = PCURVE('',#2322,#2683);
#2683 = DEFINITIONAL_REPRESENTATION('',(#2684),#2688);
#2684 = LINE('',#2685,#2686);
#2685 = CARTESIAN_POINT('',(0.,20.5));
#2686 = VECTOR('',#2687,1.);
#2687 = DIRECTION('',(1.,0.));
#2688 = ( GEOMETRIC_REPRESENTATION_CONTEXT(2) 
PARAMETRIC_REPRESENTATION_CONTEXT() REPRESENTATION_CONTEXT('2D SPACE',''
  ) );
#2689 = ORIENTED_EDGE('',*,*,#2334,.T.);
#2690 = ORIENTED_EDGE('',*,*,#1386,.F.);
#2691 = ADVANCED_FACE('',(#2692),#1658,.T.);
#2692 = FACE_BOUND('',#2693,.T.);
#2693 = EDGE_LOOP('',(#2694,#2695,#2717,#2745));
#2694 = ORIENTED_EDGE('',*,*,#1640,.T.);
#2695 = ORIENTED_EDGE('',*,*,#2696,.T.);
#2696 = EDGE_CURVE('',#1643,#2697,#2699,.T.);
#2697 = VERTEX_POINT('',#2698);
#2698 = CARTESIAN_POINT('',(-39.,53.,159.2));
#2699 = SURFACE_CURVE('',#2700,(#2705,#2711),.PCURVE_S1.);
#2700 = CIRCLE('',#2701,0.8);
#2701 = AXIS2_PLACEMENT_3D('',#2702,#2703,#2704);
#2702 = CARTESIAN_POINT('',(-39.8,53.,159.2));
#2703 = DIRECTION('',(-0.,1.,0.));
#2704 = DIRECTION('',(0.,0.,1.));
#2705 = PCURVE('',#1658,#2706);
#2706 = DEFINITIONAL_REPRESENTATION('',(#2707),#2710);
#2707 = B_SPLINE_CURVE_WITH_KNOTS('',1,(#2708,#2709),.UNSPECIFIED.,.F.,
  .F.,(2,2),(0.,1.570796326795),.PIECEWISE_BEZIER_KNOTS.);
#2708 = CARTESIAN_POINT('',(6.28318530718,19.));
#2709 = CARTESIAN_POINT('',(4.712388980385,19.));
#2710 = ( GEOMETRIC_REPRESENTATION_CONTEXT(2) 
PARAMETRIC_REPRESENTATION_CONTEXT() REPRESENTATION_CONTEXT('2D SPACE',''
  ) );
#2711 = PCURVE('',#1856,#2712);
#2712 = DEFINITIONAL_REPRESENTATION('',(#2713),#2716);
#2713 = B_SPLINE_CURVE_WITH_KNOTS('',1,(#2714,#2715),.UNSPECIFIED.,.F.,
  .F.,(2,2),(0.,1.570796326795),.PIECEWISE_BEZIER_KNOTS.);
#2714 = CARTESIAN_POINT('',(0.,1.570796326795));
#2715 = CARTESIAN_POINT('',(0.,3.14159265359));
#2716 = ( GEOMETRIC_REPRESENTATION_CONTEXT(2) 
PARAMETRIC_REPRESENTATION_CONTEXT() REPRESENTATION_CONTEXT('2D SPACE',''
  ) );
#2717 = ORIENTED_EDGE('',*,*,#2718,.F.);
#2718 = EDGE_CURVE('',#2719,#2697,#2721,.T.);
#2719 = VERTEX_POINT('',#2720);
#2720 = CARTESIAN_POINT('',(-39.,72.,159.2));
#2721 = SURFACE_CURVE('',#2722,(#2726,#2733),.PCURVE_S1.);
#2722 = LINE('',#2723,#2724);
#2723 = CARTESIAN_POINT('',(-39.,72.,159.2));
#2724 = VECTOR('',#2725,1.);
#2725 = DIRECTION('',(0.,-1.,0.));
#2726 = PCURVE('',#1658,#2727);
#2727 = DEFINITIONAL_REPRESENTATION('',(#2728),#2732);
#2728 = LINE('',#2729,#2730);
#2729 = CARTESIAN_POINT('',(4.712388980385,0.));
#2730 = VECTOR('',#2731,1.);
#2731 = DIRECTION('',(-0.,1.));
#2732 = ( GEOMETRIC_REPRESENTATION_CONTEXT(2) 
PARAMETRIC_REPRESENTATION_CONTEXT() REPRESENTATION_CONTEXT('2D SPACE',''
  ) );
#2733 = PCURVE('',#2734,#2739);
#2734 = PLANE('',#2735);
#2735 = AXIS2_PLACEMENT_3D('',#2736,#2737,#2738);
#2736 = CARTESIAN_POINT('',(-39.,53.,6.));
#2737 = DIRECTION('',(-1.,0.,0.));
#2738 = DIRECTION('',(0.,1.,0.));
#2739 = DEFINITIONAL_REPRESENTATION('',(#2740),#2744);
#2740 = LINE('',#2741,#2742);
#2741 = CARTESIAN_POINT('',(19.,-153.2));
#2742 = VECTOR('',#2743,1.);
#2743 = DIRECTION('',(-1.,0.));
#2744 = ( GEOMETRIC_REPRESENTATION_CONTEXT(2) 
PARAMETRIC_REPRESENTATION_CONTEXT() REPRESENTATION_CONTEXT('2D SPACE',''
  ) );
#2745 = ORIENTED_EDGE('',*,*,#2746,.F.);
#2746 = EDGE_CURVE('',#1641,#2719,#2747,.T.);
#2747 = SURFACE_CURVE('',#2748,(#2753,#2759),.PCURVE_S1.);
#2748 = CIRCLE('',#2749,0.8);
#2749 = AXIS2_PLACEMENT_3D('',#2750,#2751,#2752);
#2750 = CARTESIAN_POINT('',(-39.8,72.,159.2));
#2751 = DIRECTION('',(-0.,1.,0.));
#2752 = DIRECTION('',(0.,0.,1.));
#2753 = PCURVE('',#1658,#2754);
#2754 = DEFINITIONAL_REPRESENTATION('',(#2755),#2758);
#2755 = B_SPLINE_CURVE_WITH_KNOTS('',1,(#2756,#2757),.UNSPECIFIED.,.F.,
  .F.,(2,2),(0.,1.570796326795),.PIECEWISE_BEZIER_KNOTS.);
#2756 = CARTESIAN_POINT('',(6.28318530718,0.));
#2757 = CARTESIAN_POINT('',(4.712388980385,0.));
#2758 = ( GEOMETRIC_REPRESENTATION_CONTEXT(2) 
PARAMETRIC_REPRESENTATION_CONTEXT() REPRESENTATION_CONTEXT('2D SPACE',''
  ) );
#2759 = PCURVE('',#1687,#2760);
#2760 = DEFINITIONAL_REPRESENTATION('',(#2761),#2764);
#2761 = B_SPLINE_CURVE_WITH_KNOTS('',1,(#2762,#2763),.UNSPECIFIED.,.F.,
  .F.,(2,2),(0.,1.570796326795),.PIECEWISE_BEZIER_KNOTS.);
#2762 = CARTESIAN_POINT('',(1.570796326795,1.570796326795));
#2763 = CARTESIAN_POINT('',(1.570796326795,3.14159265359));
#2764 = ( GEOMETRIC_REPRESENTATION_CONTEXT(2) 
PARAMETRIC_REPRESENTATION_CONTEXT() REPRESENTATION_CONTEXT('2D SPACE',''
  ) );
#2765 = ADVANCED_FACE('',(#2766),#1687,.T.);
#2766 = FACE_BOUND('',#2767,.T.);
#2767 = EDGE_LOOP('',(#2768,#2790,#2791,#2792));
#2768 = ORIENTED_EDGE('',*,*,#2769,.F.);
#2769 = EDGE_CURVE('',#1671,#2770,#2772,.T.);
#2770 = VERTEX_POINT('',#2771);
#2771 = CARTESIAN_POINT('',(-24.,87.,159.2));
#2772 = SURFACE_CURVE('',#2773,(#2778,#2784),.PCURVE_S1.);
#2773 = CIRCLE('',#2774,0.8);
#2774 = AXIS2_PLACEMENT_3D('',#2775,#2776,#2777);
#2775 = CARTESIAN_POINT('',(-24.,87.8,159.2));
#2776 = DIRECTION('',(1.,0.,-0.));
#2777 = DIRECTION('',(0.,0.,1.));
#2778 = PCURVE('',#1687,#2779);
#2779 = DEFINITIONAL_REPRESENTATION('',(#2780),#2783);
#2780 = B_SPLINE_CURVE_WITH_KNOTS('',1,(#2781,#2782),.UNSPECIFIED.,.F.,
  .F.,(2,2),(0.,1.570796326795),.PIECEWISE_BEZIER_KNOTS.);
#2781 = CARTESIAN_POINT('',(-2.22044604925E-16,1.570796326795));
#2782 = CARTESIAN_POINT('',(-2.22044604925E-16,3.14159265359));
#2783 = ( GEOMETRIC_REPRESENTATION_CONTEXT(2) 
PARAMETRIC_REPRESENTATION_CONTEXT() REPRESENTATION_CONTEXT('2D SPACE',''
  ) );
#2784 = PCURVE('',#1715,#2785);
#2785 = DEFINITIONAL_REPRESENTATION('',(#2786),#2789);
#2786 = B_SPLINE_CURVE_WITH_KNOTS('',1,(#2787,#2788),.UNSPECIFIED.,.F.,
  .F.,(2,2),(0.,1.570796326795),.PIECEWISE_BEZIER_KNOTS.);
#2787 = CARTESIAN_POINT('',(6.28318530718,48.));
#2788 = CARTESIAN_POINT('',(4.712388980385,48.));
#2789 = ( GEOMETRIC_REPRESENTATION_CONTEXT(2) 
PARAMETRIC_REPRESENTATION_CONTEXT() REPRESENTATION_CONTEXT('2D SPACE',''
  ) );
#2790 = ORIENTED_EDGE('',*,*,#1670,.T.);
#2791 = ORIENTED_EDGE('',*,*,#2746,.T.);
#2792 = ORIENTED_EDGE('',*,*,#2793,.F.);
#2793 = EDGE_CURVE('',#2770,#2719,#2794,.T.);
#2794 = SURFACE_CURVE('',#2795,(#2800,#2807),.PCURVE_S1.);
#2795 = CIRCLE('',#2796,15.);
#2796 = AXIS2_PLACEMENT_3D('',#2797,#2798,#2799);
#2797 = CARTESIAN_POINT('',(-24.,72.,159.2));
#2798 = DIRECTION('',(0.,0.,1.));
#2799 = DIRECTION('',(-2.368475785867E-16,1.,0.));
#2800 = PCURVE('',#1687,#2801);
#2801 = DEFINITIONAL_REPRESENTATION('',(#2802),#2806);
#2802 = LINE('',#2803,#2804);
#2803 = CARTESIAN_POINT('',(0.,3.14159265359));
#2804 = VECTOR('',#2805,1.);
#2805 = DIRECTION('',(1.,0.));
#2806 = ( GEOMETRIC_REPRESENTATION_CONTEXT(2) 
PARAMETRIC_REPRESENTATION_CONTEXT() REPRESENTATION_CONTEXT('2D SPACE',''
  ) );
#2807 = PCURVE('',#2808,#2813);
#2808 = CYLINDRICAL_SURFACE('',#2809,15.);
#2809 = AXIS2_PLACEMENT_3D('',#2810,#2811,#2812);
#2810 = CARTESIAN_POINT('',(-24.,72.,6.));
#2811 = DIRECTION('',(-0.,-0.,-1.));
#2812 = DIRECTION('',(1.,0.,0.));
#2813 = DEFINITIONAL_REPRESENTATION('',(#2814),#2818);
#2814 = LINE('',#2815,#2816);
#2815 = CARTESIAN_POINT('',(4.712388980385,-153.2));
#2816 = VECTOR('',#2817,1.);
#2817 = DIRECTION('',(-1.,0.));
#2818 = ( GEOMETRIC_REPRESENTATION_CONTEXT(2) 
PARAMETRIC_REPRESENTATION_CONTEXT() REPRESENTATION_CONTEXT('2D SPACE',''
  ) );
#2819 = ADVANCED_FACE('',(#2820),#1856,.T.);
#2820 = FACE_BOUND('',#2821,.T.);
#2821 = EDGE_LOOP('',(#2822,#2823,#2824,#2846));
#2822 = ORIENTED_EDGE('',*,*,#2696,.F.);
#2823 = ORIENTED_EDGE('',*,*,#1841,.T.);
#2824 = ORIENTED_EDGE('',*,*,#2825,.T.);
#2825 = EDGE_CURVE('',#1814,#2826,#2828,.T.);
#2826 = VERTEX_POINT('',#2827);
#2827 = CARTESIAN_POINT('',(-24.,38.,159.2));
#2828 = SURFACE_CURVE('',#2829,(#2834,#2840),.PCURVE_S1.);
#2829 = CIRCLE('',#2830,0.8);
#2830 = AXIS2_PLACEMENT_3D('',#2831,#2832,#2833);
#2831 = CARTESIAN_POINT('',(-24.,37.2,159.2));
#2832 = DIRECTION('',(-1.,6.123233995737E-17,0.));
#2833 = DIRECTION('',(-6.123233995737E-17,-1.,0.));
#2834 = PCURVE('',#1856,#2835);
#2835 = DEFINITIONAL_REPRESENTATION('',(#2836),#2839);
#2836 = B_SPLINE_CURVE_WITH_KNOTS('',1,(#2837,#2838),.UNSPECIFIED.,.F.,
  .F.,(2,2),(1.570796326795,3.14159265359),.PIECEWISE_BEZIER_KNOTS.);
#2837 = CARTESIAN_POINT('',(1.570796326795,1.570796326795));
#2838 = CARTESIAN_POINT('',(1.570796326795,3.14159265359));
#2839 = ( GEOMETRIC_REPRESENTATION_CONTEXT(2) 
PARAMETRIC_REPRESENTATION_CONTEXT() REPRESENTATION_CONTEXT('2D SPACE',''
  ) );
#2840 = PCURVE('',#1829,#2841);
#2841 = DEFINITIONAL_REPRESENTATION('',(#2842),#2845);
#2842 = B_SPLINE_CURVE_WITH_KNOTS('',1,(#2843,#2844),.UNSPECIFIED.,.F.,
  .F.,(2,2),(1.570796326795,3.14159265359),.PIECEWISE_BEZIER_KNOTS.);
#2843 = CARTESIAN_POINT('',(6.28318530718,0.));
#2844 = CARTESIAN_POINT('',(4.712388980385,0.));
#2845 = ( GEOMETRIC_REPRESENTATION_CONTEXT(2) 
PARAMETRIC_REPRESENTATION_CONTEXT() REPRESENTATION_CONTEXT('2D SPACE',''
  ) );
#2846 = ORIENTED_EDGE('',*,*,#2847,.F.);
#2847 = EDGE_CURVE('',#2697,#2826,#2848,.T.);
#2848 = SURFACE_CURVE('',#2849,(#2854,#2861),.PCURVE_S1.);
#2849 = CIRCLE('',#2850,15.);
#2850 = AXIS2_PLACEMENT_3D('',#2851,#2852,#2853);
#2851 = CARTESIAN_POINT('',(-24.,53.,159.2));
#2852 = DIRECTION('',(0.,0.,1.));
#2853 = DIRECTION('',(-1.,0.,0.));
#2854 = PCURVE('',#1856,#2855);
#2855 = DEFINITIONAL_REPRESENTATION('',(#2856),#2860);
#2856 = LINE('',#2857,#2858);
#2857 = CARTESIAN_POINT('',(0.,3.14159265359));
#2858 = VECTOR('',#2859,1.);
#2859 = DIRECTION('',(1.,0.));
#2860 = ( GEOMETRIC_REPRESENTATION_CONTEXT(2) 
PARAMETRIC_REPRESENTATION_CONTEXT() REPRESENTATION_CONTEXT('2D SPACE',''
  ) );
#2861 = PCURVE('',#2862,#2867);
#2862 = CYLINDRICAL_SURFACE('',#2863,15.);
#2863 = AXIS2_PLACEMENT_3D('',#2864,#2865,#2866);
#2864 = CARTESIAN_POINT('',(-24.,53.,6.));
#2865 = DIRECTION('',(-0.,-0.,-1.));
#2866 = DIRECTION('',(1.,0.,0.));
#2867 = DEFINITIONAL_REPRESENTATION('',(#2868),#2872);
#2868 = LINE('',#2869,#2870);
#2869 = CARTESIAN_POINT('',(3.14159265359,-153.2));
#2870 = VECTOR('',#2871,1.);
#2871 = DIRECTION('',(-1.,0.));
#2872 = ( GEOMETRIC_REPRESENTATION_CONTEXT(2) 
PARAMETRIC_REPRESENTATION_CONTEXT() REPRESENTATION_CONTEXT('2D SPACE',''
  ) );
#2873 = ADVANCED_FACE('',(#2874),#1715,.T.);
#2874 = FACE_BOUND('',#2875,.T.);
#2875 = EDGE_LOOP('',(#2876,#2877,#2878,#2906));
#2876 = ORIENTED_EDGE('',*,*,#1699,.T.);
#2877 = ORIENTED_EDGE('',*,*,#2769,.T.);
#2878 = ORIENTED_EDGE('',*,*,#2879,.F.);
#2879 = EDGE_CURVE('',#2880,#2770,#2882,.T.);
#2880 = VERTEX_POINT('',#2881);
#2881 = CARTESIAN_POINT('',(24.,87.,159.2));
#2882 = SURFACE_CURVE('',#2883,(#2887,#2894),.PCURVE_S1.);
#2883 = LINE('',#2884,#2885);
#2884 = CARTESIAN_POINT('',(24.,87.,159.2));
#2885 = VECTOR('',#2886,1.);
#2886 = DIRECTION('',(-1.,0.,0.));
#2887 = PCURVE('',#1715,#2888);
#2888 = DEFINITIONAL_REPRESENTATION('',(#2889),#2893);
#2889 = LINE('',#2890,#2891);
#2890 = CARTESIAN_POINT('',(4.712388980385,0.));
#2891 = VECTOR('',#2892,1.);
#2892 = DIRECTION('',(-0.,1.));
#2893 = ( GEOMETRIC_REPRESENTATION_CONTEXT(2) 
PARAMETRIC_REPRESENTATION_CONTEXT() REPRESENTATION_CONTEXT('2D SPACE',''
  ) );
#2894 = PCURVE('',#2895,#2900);
#2895 = PLANE('',#2896);
#2896 = AXIS2_PLACEMENT_3D('',#2897,#2898,#2899);
#2897 = CARTESIAN_POINT('',(-24.,87.,6.));
#2898 = DIRECTION('',(0.,1.,0.));
#2899 = DIRECTION('',(1.,0.,0.));
#2900 = DEFINITIONAL_REPRESENTATION('',(#2901),#2905);
#2901 = LINE('',#2902,#2903);
#2902 = CARTESIAN_POINT('',(48.,-153.2));
#2903 = VECTOR('',#2904,1.);
#2904 = DIRECTION('',(-1.,0.));
#2905 = ( GEOMETRIC_REPRESENTATION_CONTEXT(2) 
PARAMETRIC_REPRESENTATION_CONTEXT() REPRESENTATION_CONTEXT('2D SPACE',''
  ) );
#2906 = ORIENTED_EDGE('',*,*,#2907,.F.);
#2907 = EDGE_CURVE('',#1700,#2880,#2908,.T.);
#2908 = SURFACE_CURVE('',#2909,(#2914,#2920),.PCURVE_S1.);
#2909 = CIRCLE('',#2910,0.8);
#2910 = AXIS2_PLACEMENT_3D('',#2911,#2912,#2913);
#2911 = CARTESIAN_POINT('',(24.,87.8,159.2));
#2912 = DIRECTION('',(1.,-6.123233995737E-17,0.));
#2913 = DIRECTION('',(6.123233995737E-17,1.,0.));
#2914 = PCURVE('',#1715,#2915);
#2915 = DEFINITIONAL_REPRESENTATION('',(#2916),#2919);
#2916 = B_SPLINE_CURVE_WITH_KNOTS('',1,(#2917,#2918),.UNSPECIFIED.,.F.,
  .F.,(2,2),(1.570796326795,3.14159265359),.PIECEWISE_BEZIER_KNOTS.);
#2917 = CARTESIAN_POINT('',(6.28318530718,0.));
#2918 = CARTESIAN_POINT('',(4.712388980385,0.));
#2919 = ( GEOMETRIC_REPRESENTATION_CONTEXT(2) 
PARAMETRIC_REPRESENTATION_CONTEXT() REPRESENTATION_CONTEXT('2D SPACE',''
  ) );
#2920 = PCURVE('',#1744,#2921);
#2921 = DEFINITIONAL_REPRESENTATION('',(#2922),#2925);
#2922 = B_SPLINE_CURVE_WITH_KNOTS('',1,(#2923,#2924),.UNSPECIFIED.,.F.,
  .F.,(2,2),(1.570796326795,3.14159265359),.PIECEWISE_BEZIER_KNOTS.);
#2923 = CARTESIAN_POINT('',(1.570796326795,1.570796326795));
#2924 = CARTESIAN_POINT('',(1.570796326795,3.14159265359));
#2925 = ( GEOMETRIC_REPRESENTATION_CONTEXT(2) 
PARAMETRIC_REPRESENTATION_CONTEXT() REPRESENTATION_CONTEXT('2D SPACE',''
  ) );
#2926 = ADVANCED_FACE('',(#2927),#1829,.T.);
#2927 = FACE_BOUND('',#2928,.T.);
#2928 = EDGE_LOOP('',(#2929,#2930,#2952,#2978));
#2929 = ORIENTED_EDGE('',*,*,#1813,.T.);
#2930 = ORIENTED_EDGE('',*,*,#2931,.T.);
#2931 = EDGE_CURVE('',#1785,#2932,#2934,.T.);
#2932 = VERTEX_POINT('',#2933);
#2933 = CARTESIAN_POINT('',(24.,38.,159.2));
#2934 = SURFACE_CURVE('',#2935,(#2940,#2946),.PCURVE_S1.);
#2935 = CIRCLE('',#2936,0.8);
#2936 = AXIS2_PLACEMENT_3D('',#2937,#2938,#2939);
#2937 = CARTESIAN_POINT('',(24.,37.2,159.2));
#2938 = DIRECTION('',(-1.,0.,0.));
#2939 = DIRECTION('',(0.,0.,1.));
#2940 = PCURVE('',#1829,#2941);
#2941 = DEFINITIONAL_REPRESENTATION('',(#2942),#2945);
#2942 = B_SPLINE_CURVE_WITH_KNOTS('',1,(#2943,#2944),.UNSPECIFIED.,.F.,
  .F.,(2,2),(0.,1.570796326795),.PIECEWISE_BEZIER_KNOTS.);
#2943 = CARTESIAN_POINT('',(6.28318530718,48.));
#2944 = CARTESIAN_POINT('',(4.712388980385,48.));
#2945 = ( GEOMETRIC_REPRESENTATION_CONTEXT(2) 
PARAMETRIC_REPRESENTATION_CONTEXT() REPRESENTATION_CONTEXT('2D SPACE',''
  ) );
#2946 = PCURVE('',#1801,#2947);
#2947 = DEFINITIONAL_REPRESENTATION('',(#2948),#2951);
#2948 = B_SPLINE_CURVE_WITH_KNOTS('',1,(#2949,#2950),.UNSPECIFIED.,.F.,
  .F.,(2,2),(0.,1.570796326795),.PIECEWISE_BEZIER_KNOTS.);
#2949 = CARTESIAN_POINT('',(0.,1.570796326795));
#2950 = CARTESIAN_POINT('',(0.,3.14159265359));
#2951 = ( GEOMETRIC_REPRESENTATION_CONTEXT(2) 
PARAMETRIC_REPRESENTATION_CONTEXT() REPRESENTATION_CONTEXT('2D SPACE',''
  ) );
#2952 = ORIENTED_EDGE('',*,*,#2953,.F.);
#2953 = EDGE_CURVE('',#2826,#2932,#2954,.T.);
#2954 = SURFACE_CURVE('',#2955,(#2959,#2966),.PCURVE_S1.);
#2955 = LINE('',#2956,#2957);
#2956 = CARTESIAN_POINT('',(-24.,38.,159.2));
#2957 = VECTOR('',#2958,1.);
#2958 = DIRECTION('',(1.,-0.,-0.));
#2959 = PCURVE('',#1829,#2960);
#2960 = DEFINITIONAL_REPRESENTATION('',(#2961),#2965);
#2961 = LINE('',#2962,#2963);
#2962 = CARTESIAN_POINT('',(4.712388980385,0.));
#2963 = VECTOR('',#2964,1.);
#2964 = DIRECTION('',(-0.,1.));
#2965 = ( GEOMETRIC_REPRESENTATION_CONTEXT(2) 
PARAMETRIC_REPRESENTATION_CONTEXT() REPRESENTATION_CONTEXT('2D SPACE',''
  ) );
#2966 = PCURVE('',#2967,#2972);
#2967 = PLANE('',#2968);
#2968 = AXIS2_PLACEMENT_3D('',#2969,#2970,#2971);
#2969 = CARTESIAN_POINT('',(-24.,38.,6.));
#2970 = DIRECTION('',(0.,1.,0.));
#2971 = DIRECTION('',(1.,0.,0.));
#2972 = DEFINITIONAL_REPRESENTATION('',(#2973),#2977);
#2973 = LINE('',#2974,#2975);
#2974 = CARTESIAN_POINT('',(0.,-153.2));
#2975 = VECTOR('',#2976,1.);
#2976 = DIRECTION('',(1.,0.));
#2977 = ( GEOMETRIC_REPRESENTATION_CONTEXT(2) 
PARAMETRIC_REPRESENTATION_CONTEXT() REPRESENTATION_CONTEXT('2D SPACE',''
  ) );
#2978 = ORIENTED_EDGE('',*,*,#2825,.F.);
#2979 = ADVANCED_FACE('',(#2980),#1744,.T.);
#2980 = FACE_BOUND('',#2981,.T.);
#2981 = EDGE_LOOP('',(#2982,#3004,#3005,#3006));
#2982 = ORIENTED_EDGE('',*,*,#2983,.F.);
#2983 = EDGE_CURVE('',#1728,#2984,#2986,.T.);
#2984 = VERTEX_POINT('',#2985);
#2985 = CARTESIAN_POINT('',(39.,72.,159.2));
#2986 = SURFACE_CURVE('',#2987,(#2992,#2998),.PCURVE_S1.);
#2987 = CIRCLE('',#2988,0.8);
#2988 = AXIS2_PLACEMENT_3D('',#2989,#2990,#2991);
#2989 = CARTESIAN_POINT('',(39.8,72.,159.2));
#2990 = DIRECTION('',(0.,-1.,0.));
#2991 = DIRECTION('',(0.,0.,1.));
#2992 = PCURVE('',#1744,#2993);
#2993 = DEFINITIONAL_REPRESENTATION('',(#2994),#2997);
#2994 = B_SPLINE_CURVE_WITH_KNOTS('',1,(#2995,#2996),.UNSPECIFIED.,.F.,
  .F.,(2,2),(0.,1.570796326795),.PIECEWISE_BEZIER_KNOTS.);
#2995 = CARTESIAN_POINT('',(0.,1.570796326795));
#2996 = CARTESIAN_POINT('',(0.,3.14159265359));
#2997 = ( GEOMETRIC_REPRESENTATION_CONTEXT(2) 
PARAMETRIC_REPRESENTATION_CONTEXT() REPRESENTATION_CONTEXT('2D SPACE',''
  ) );
#2998 = PCURVE('',#1772,#2999);
#2999 = DEFINITIONAL_REPRESENTATION('',(#3000),#3003);
#3000 = B_SPLINE_CURVE_WITH_KNOTS('',1,(#3001,#3002),.UNSPECIFIED.,.F.,
  .F.,(2,2),(0.,1.570796326795),.PIECEWISE_BEZIER_KNOTS.);
#3001 = CARTESIAN_POINT('',(6.28318530718,19.));
#3002 = CARTESIAN_POINT('',(4.712388980385,19.));
#3003 = ( GEOMETRIC_REPRESENTATION_CONTEXT(2) 
PARAMETRIC_REPRESENTATION_CONTEXT() REPRESENTATION_CONTEXT('2D SPACE',''
  ) );
#3004 = ORIENTED_EDGE('',*,*,#1727,.T.);
#3005 = ORIENTED_EDGE('',*,*,#2907,.T.);
#3006 = ORIENTED_EDGE('',*,*,#3007,.F.);
#3007 = EDGE_CURVE('',#2984,#2880,#3008,.T.);
#3008 = SURFACE_CURVE('',#3009,(#3014,#3021),.PCURVE_S1.);
#3009 = CIRCLE('',#3010,15.);
#3010 = AXIS2_PLACEMENT_3D('',#3011,#3012,#3013);
#3011 = CARTESIAN_POINT('',(24.,72.,159.2));
#3012 = DIRECTION('',(0.,0.,1.));
#3013 = DIRECTION('',(1.,0.,-0.));
#3014 = PCURVE('',#1744,#3015);
#3015 = DEFINITIONAL_REPRESENTATION('',(#3016),#3020);
#3016 = LINE('',#3017,#3018);
#3017 = CARTESIAN_POINT('',(0.,3.14159265359));
#3018 = VECTOR('',#3019,1.);
#3019 = DIRECTION('',(1.,0.));
#3020 = ( GEOMETRIC_REPRESENTATION_CONTEXT(2) 
PARAMETRIC_REPRESENTATION_CONTEXT() REPRESENTATION_CONTEXT('2D SPACE',''
  ) );
#3021 = PCURVE('',#3022,#3027);
#3022 = CYLINDRICAL_SURFACE('',#3023,15.);
#3023 = AXIS2_PLACEMENT_3D('',#3024,#3025,#3026);
#3024 = CARTESIAN_POINT('',(24.,72.,6.));
#3025 = DIRECTION('',(-0.,-0.,-1.));
#3026 = DIRECTION('',(1.,0.,0.));
#3027 = DEFINITIONAL_REPRESENTATION('',(#3028),#3032);
#3028 = LINE('',#3029,#3030);
#3029 = CARTESIAN_POINT('',(6.28318530718,-153.2));
#3030 = VECTOR('',#3031,1.);
#3031 = DIRECTION('',(-1.,0.));
#3032 = ( GEOMETRIC_REPRESENTATION_CONTEXT(2) 
PARAMETRIC_REPRESENTATION_CONTEXT() REPRESENTATION_CONTEXT('2D SPACE',''
  ) );
#3033 = ADVANCED_FACE('',(#3034),#1801,.T.);
#3034 = FACE_BOUND('',#3035,.T.);
#3035 = EDGE_LOOP('',(#3036,#3037,#3038,#3060));
#3036 = ORIENTED_EDGE('',*,*,#2931,.F.);
#3037 = ORIENTED_EDGE('',*,*,#1784,.T.);
#3038 = ORIENTED_EDGE('',*,*,#3039,.T.);
#3039 = EDGE_CURVE('',#1757,#3040,#3042,.T.);
#3040 = VERTEX_POINT('',#3041);
#3041 = CARTESIAN_POINT('',(39.,53.,159.2));
#3042 = SURFACE_CURVE('',#3043,(#3048,#3054),.PCURVE_S1.);
#3043 = CIRCLE('',#3044,0.8);
#3044 = AXIS2_PLACEMENT_3D('',#3045,#3046,#3047);
#3045 = CARTESIAN_POINT('',(39.8,53.,159.2));
#3046 = DIRECTION('',(-2.980799185441E-16,-1.,0.));
#3047 = DIRECTION('',(1.,-2.980799185441E-16,0.));
#3048 = PCURVE('',#1801,#3049);
#3049 = DEFINITIONAL_REPRESENTATION('',(#3050),#3053);
#3050 = B_SPLINE_CURVE_WITH_KNOTS('',1,(#3051,#3052),.UNSPECIFIED.,.F.,
  .F.,(2,2),(1.570796326795,3.14159265359),.PIECEWISE_BEZIER_KNOTS.);
#3051 = CARTESIAN_POINT('',(1.570796326795,1.570796326795));
#3052 = CARTESIAN_POINT('',(1.570796326795,3.14159265359));
#3053 = ( GEOMETRIC_REPRESENTATION_CONTEXT(2) 
PARAMETRIC_REPRESENTATION_CONTEXT() REPRESENTATION_CONTEXT('2D SPACE',''
  ) );
#3054 = PCURVE('',#1772,#3055);
#3055 = DEFINITIONAL_REPRESENTATION('',(#3056),#3059);
#3056 = B_SPLINE_CURVE_WITH_KNOTS('',1,(#3057,#3058),.UNSPECIFIED.,.F.,
  .F.,(2,2),(1.570796326795,3.14159265359),.PIECEWISE_BEZIER_KNOTS.);
#3057 = CARTESIAN_POINT('',(6.28318530718,0.));
#3058 = CARTESIAN_POINT('',(4.712388980385,0.));
#3059 = ( GEOMETRIC_REPRESENTATION_CONTEXT(2) 
PARAMETRIC_REPRESENTATION_CONTEXT() REPRESENTATION_CONTEXT('2D SPACE',''
  ) );
#3060 = ORIENTED_EDGE('',*,*,#3061,.F.);
#3061 = EDGE_CURVE('',#2932,#3040,#3062,.T.);
#3062 = SURFACE_CURVE('',#3063,(#3068,#3075),.PCURVE_S1.);
#3063 = CIRCLE('',#3064,15.);
#3064 = AXIS2_PLACEMENT_3D('',#3065,#3066,#3067);
#3065 = CARTESIAN_POINT('',(24.,53.,159.2));
#3066 = DIRECTION('',(0.,0.,1.));
#3067 = DIRECTION('',(-2.368475785867E-16,-1.,0.));
#3068 = PCURVE('',#1801,#3069);
#3069 = DEFINITIONAL_REPRESENTATION('',(#3070),#3074);
#3070 = LINE('',#3071,#3072);
#3071 = CARTESIAN_POINT('',(0.,3.14159265359));
#3072 = VECTOR('',#3073,1.);
#3073 = DIRECTION('',(1.,0.));
#3074 = ( GEOMETRIC_REPRESENTATION_CONTEXT(2) 
PARAMETRIC_REPRESENTATION_CONTEXT() REPRESENTATION_CONTEXT('2D SPACE',''
  ) );
#3075 = PCURVE('',#3076,#3081);
#3076 = CYLINDRICAL_SURFACE('',#3077,15.);
#3077 = AXIS2_PLACEMENT_3D('',#3078,#3079,#3080);
#3078 = CARTESIAN_POINT('',(24.,53.,6.));
#3079 = DIRECTION('',(-0.,-0.,-1.));
#3080 = DIRECTION('',(1.,0.,0.));
#3081 = DEFINITIONAL_REPRESENTATION('',(#3082),#3086);
#3082 = LINE('',#3083,#3084);
#3083 = CARTESIAN_POINT('',(1.570796326795,-153.2));
#3084 = VECTOR('',#3085,1.);
#3085 = DIRECTION('',(-1.,0.));
#3086 = ( GEOMETRIC_REPRESENTATION_CONTEXT(2) 
PARAMETRIC_REPRESENTATION_CONTEXT() REPRESENTATION_CONTEXT('2D SPACE',''
  ) );
#3087 = ADVANCED_FACE('',(#3088),#1772,.T.);
#3088 = FACE_BOUND('',#3089,.T.);
#3089 = EDGE_LOOP('',(#3090,#3091,#3092,#3118));
#3090 = ORIENTED_EDGE('',*,*,#1756,.T.);
#3091 = ORIENTED_EDGE('',*,*,#2983,.T.);
#3092 = ORIENTED_EDGE('',*,*,#3093,.F.);
#3093 = EDGE_CURVE('',#3040,#2984,#3094,.T.);
#3094 = SURFACE_CURVE('',#3095,(#3099,#3106),.PCURVE_S1.);
#3095 = LINE('',#3096,#3097);
#3096 = CARTESIAN_POINT('',(39.,53.,159.2));
#3097 = VECTOR('',#3098,1.);
#3098 = DIRECTION('',(-0.,1.,-0.));
#3099 = PCURVE('',#1772,#3100);
#3100 = DEFINITIONAL_REPRESENTATION('',(#3101),#3105);
#3101 = LINE('',#3102,#3103);
#3102 = CARTESIAN_POINT('',(4.712388980385,0.));
#3103 = VECTOR('',#3104,1.);
#3104 = DIRECTION('',(-0.,1.));
#3105 = ( GEOMETRIC_REPRESENTATION_CONTEXT(2) 
PARAMETRIC_REPRESENTATION_CONTEXT() REPRESENTATION_CONTEXT('2D SPACE',''
  ) );
#3106 = PCURVE('',#3107,#3112);
#3107 = PLANE('',#3108);
#3108 = AXIS2_PLACEMENT_3D('',#3109,#3110,#3111);
#3109 = CARTESIAN_POINT('',(39.,53.,6.));
#3110 = DIRECTION('',(-1.,0.,0.));
#3111 = DIRECTION('',(0.,1.,0.));
#3112 = DEFINITIONAL_REPRESENTATION('',(#3113),#3117);
#3113 = LINE('',#3114,#3115);
#3114 = CARTESIAN_POINT('',(0.,-153.2));
#3115 = VECTOR('',#3116,1.);
#3116 = DIRECTION('',(1.,0.));
#3117 = ( GEOMETRIC_REPRESENTATION_CONTEXT(2) 
PARAMETRIC_REPRESENTATION_CONTEXT() REPRESENTATION_CONTEXT('2D SPACE',''
  ) );
#3118 = ORIENTED_EDGE('',*,*,#3039,.F.);
#3119 = ADVANCED_FACE('',(#3120),#1963,.T.);
#3120 = FACE_BOUND('',#3121,.T.);
#3121 = EDGE_LOOP('',(#3122,#3123,#3124,#3125));
#3122 = ORIENTED_EDGE('',*,*,#1949,.T.);
#3123 = ORIENTED_EDGE('',*,*,#2586,.T.);
#3124 = ORIENTED_EDGE('',*,*,#2058,.F.);
#3125 = ORIENTED_EDGE('',*,*,#2152,.T.);
#3126 = ADVANCED_FACE('',(#3127),#2294,.T.);
#3127 = FACE_BOUND('',#3128,.T.);
#3128 = EDGE_LOOP('',(#3129,#3130,#3151,#3152));
#3129 = ORIENTED_EDGE('',*,*,#2411,.F.);
#3130 = ORIENTED_EDGE('',*,*,#3131,.F.);
#3131 = EDGE_CURVE('',#2279,#2412,#3132,.T.);
#3132 = SURFACE_CURVE('',#3133,(#3137,#3144),.PCURVE_S1.);
#3133 = LINE('',#3134,#3135);
#3134 = CARTESIAN_POINT('',(-10.25,10.04396308607,134.5));
#3135 = VECTOR('',#3136,1.);
#3136 = DIRECTION('',(1.,0.,0.));
#3137 = PCURVE('',#2294,#3138);
#3138 = DEFINITIONAL_REPRESENTATION('',(#3139),#3143);
#3139 = LINE('',#3140,#3141);
#3140 = CARTESIAN_POINT('',(0.,0.));
#3141 = VECTOR('',#3142,1.);
#3142 = DIRECTION('',(0.,1.));
#3143 = ( GEOMETRIC_REPRESENTATION_CONTEXT(2) 
PARAMETRIC_REPRESENTATION_CONTEXT() REPRESENTATION_CONTEXT('2D SPACE',''
  ) );
#3144 = PCURVE('',#2322,#3145);
#3145 = DEFINITIONAL_REPRESENTATION('',(#3146),#3150);
#3146 = LINE('',#3147,#3148);
#3147 = CARTESIAN_POINT('',(0.,0.));
#3148 = VECTOR('',#3149,1.);
#3149 = DIRECTION('',(1.,0.));
#3150 = ( GEOMETRIC_REPRESENTATION_CONTEXT(2) 
PARAMETRIC_REPRESENTATION_CONTEXT() REPRESENTATION_CONTEXT('2D SPACE',''
  ) );
#3151 = ORIENTED_EDGE('',*,*,#2278,.T.);
#3152 = ORIENTED_EDGE('',*,*,#2360,.T.);
#3153 = ADVANCED_FACE('',(#3154),#2734,.F.);
#3154 = FACE_BOUND('',#3155,.F.);
#3155 = EDGE_LOOP('',(#3156,#3179,#3207,#3228));
#3156 = ORIENTED_EDGE('',*,*,#3157,.F.);
#3157 = EDGE_CURVE('',#3158,#2719,#3160,.T.);
#3158 = VERTEX_POINT('',#3159);
#3159 = CARTESIAN_POINT('',(-39.,72.,6.));
#3160 = SURFACE_CURVE('',#3161,(#3165,#3172),.PCURVE_S1.);
#3161 = LINE('',#3162,#3163);
#3162 = CARTESIAN_POINT('',(-39.,72.,6.));
#3163 = VECTOR('',#3164,1.);
#3164 = DIRECTION('',(0.,0.,1.));
#3165 = PCURVE('',#2734,#3166);
#3166 = DEFINITIONAL_REPRESENTATION('',(#3167),#3171);
#3167 = LINE('',#3168,#3169);
#3168 = CARTESIAN_POINT('',(19.,0.));
#3169 = VECTOR('',#3170,1.);
#3170 = DIRECTION('',(0.,-1.));
#3171 = ( GEOMETRIC_REPRESENTATION_CONTEXT(2) 
PARAMETRIC_REPRESENTATION_CONTEXT() REPRESENTATION_CONTEXT('2D SPACE',''
  ) );
#3172 = PCURVE('',#2808,#3173);
#3173 = DEFINITIONAL_REPRESENTATION('',(#3174),#3178);
#3174 = LINE('',#3175,#3176);
#3175 = CARTESIAN_POINT('',(3.14159265359,0.));
#3176 = VECTOR('',#3177,1.);
#3177 = DIRECTION('',(-0.,-1.));
#3178 = ( GEOMETRIC_REPRESENTATION_CONTEXT(2) 
PARAMETRIC_REPRESENTATION_CONTEXT() REPRESENTATION_CONTEXT('2D SPACE',''
  ) );
#3179 = ORIENTED_EDGE('',*,*,#3180,.F.);
#3180 = EDGE_CURVE('',#3181,#3158,#3183,.T.);
#3181 = VERTEX_POINT('',#3182);
#3182 = CARTESIAN_POINT('',(-39.,53.,6.));
#3183 = SURFACE_CURVE('',#3184,(#3188,#3195),.PCURVE_S1.);
#3184 = LINE('',#3185,#3186);
#3185 = CARTESIAN_POINT('',(-39.,62.5,6.));
#3186 = VECTOR('',#3187,1.);
#3187 = DIRECTION('',(0.,1.,0.));
#3188 = PCURVE('',#2734,#3189);
#3189 = DEFINITIONAL_REPRESENTATION('',(#3190),#3194);
#3190 = LINE('',#3191,#3192);
#3191 = CARTESIAN_POINT('',(9.5,0.));
#3192 = VECTOR('',#3193,1.);
#3193 = DIRECTION('',(1.,0.));
#3194 = ( GEOMETRIC_REPRESENTATION_CONTEXT(2) 
PARAMETRIC_REPRESENTATION_CONTEXT() REPRESENTATION_CONTEXT('2D SPACE',''
  ) );
#3195 = PCURVE('',#3196,#3201);
#3196 = PLANE('',#3197);
#3197 = AXIS2_PLACEMENT_3D('',#3198,#3199,#3200);
#3198 = CARTESIAN_POINT('',(0.,62.5,6.));
#3199 = DIRECTION('',(0.,0.,1.));
#3200 = DIRECTION('',(1.,0.,-0.));
#3201 = DEFINITIONAL_REPRESENTATION('',(#3202),#3206);
#3202 = LINE('',#3203,#3204);
#3203 = CARTESIAN_POINT('',(-39.,0.));
#3204 = VECTOR('',#3205,1.);
#3205 = DIRECTION('',(0.,1.));
#3206 = ( GEOMETRIC_REPRESENTATION_CONTEXT(2) 
PARAMETRIC_REPRESENTATION_CONTEXT() REPRESENTATION_CONTEXT('2D SPACE',''
  ) );
#3207 = ORIENTED_EDGE('',*,*,#3208,.T.);
#3208 = EDGE_CURVE('',#3181,#2697,#3209,.T.);
#3209 = SURFACE_CURVE('',#3210,(#3214,#3221),.PCURVE_S1.);
#3210 = LINE('',#3211,#3212);
#3211 = CARTESIAN_POINT('',(-39.,53.,6.));
#3212 = VECTOR('',#3213,1.);
#3213 = DIRECTION('',(0.,0.,1.));
#3214 = PCURVE('',#2734,#3215);
#3215 = DEFINITIONAL_REPRESENTATION('',(#3216),#3220);
#3216 = LINE('',#3217,#3218);
#3217 = CARTESIAN_POINT('',(0.,0.));
#3218 = VECTOR('',#3219,1.);
#3219 = DIRECTION('',(0.,-1.));
#3220 = ( GEOMETRIC_REPRESENTATION_CONTEXT(2) 
PARAMETRIC_REPRESENTATION_CONTEXT() REPRESENTATION_CONTEXT('2D SPACE',''
  ) );
#3221 = PCURVE('',#2862,#3222);
#3222 = DEFINITIONAL_REPRESENTATION('',(#3223),#3227);
#3223 = LINE('',#3224,#3225);
#3224 = CARTESIAN_POINT('',(3.14159265359,0.));
#3225 = VECTOR('',#3226,1.);
#3226 = DIRECTION('',(-0.,-1.));
#3227 = ( GEOMETRIC_REPRESENTATION_CONTEXT(2) 
PARAMETRIC_REPRESENTATION_CONTEXT() REPRESENTATION_CONTEXT('2D SPACE',''
  ) );
#3228 = ORIENTED_EDGE('',*,*,#2718,.F.);
#3229 = ADVANCED_FACE('',(#3230),#2808,.F.);
#3230 = FACE_BOUND('',#3231,.F.);
#3231 = EDGE_LOOP('',(#3232,#3233,#3256,#3278));
#3232 = ORIENTED_EDGE('',*,*,#2793,.F.);
#3233 = ORIENTED_EDGE('',*,*,#3234,.F.);
#3234 = EDGE_CURVE('',#3235,#2770,#3237,.T.);
#3235 = VERTEX_POINT('',#3236);
#3236 = CARTESIAN_POINT('',(-24.,87.,6.));
#3237 = SURFACE_CURVE('',#3238,(#3242,#3249),.PCURVE_S1.);
#3238 = LINE('',#3239,#3240);
#3239 = CARTESIAN_POINT('',(-24.,87.,6.));
#3240 = VECTOR('',#3241,1.);
#3241 = DIRECTION('',(0.,0.,1.));
#3242 = PCURVE('',#2808,#3243);
#3243 = DEFINITIONAL_REPRESENTATION('',(#3244),#3248);
#3244 = LINE('',#3245,#3246);
#3245 = CARTESIAN_POINT('',(4.712388980385,0.));
#3246 = VECTOR('',#3247,1.);
#3247 = DIRECTION('',(-0.,-1.));
#3248 = ( GEOMETRIC_REPRESENTATION_CONTEXT(2) 
PARAMETRIC_REPRESENTATION_CONTEXT() REPRESENTATION_CONTEXT('2D SPACE',''
  ) );
#3249 = PCURVE('',#2895,#3250);
#3250 = DEFINITIONAL_REPRESENTATION('',(#3251),#3255);
#3251 = LINE('',#3252,#3253);
#3252 = CARTESIAN_POINT('',(0.,0.));
#3253 = VECTOR('',#3254,1.);
#3254 = DIRECTION('',(0.,-1.));
#3255 = ( GEOMETRIC_REPRESENTATION_CONTEXT(2) 
PARAMETRIC_REPRESENTATION_CONTEXT() REPRESENTATION_CONTEXT('2D SPACE',''
  ) );
#3256 = ORIENTED_EDGE('',*,*,#3257,.T.);
#3257 = EDGE_CURVE('',#3235,#3158,#3258,.T.);
#3258 = SURFACE_CURVE('',#3259,(#3264,#3271),.PCURVE_S1.);
#3259 = CIRCLE('',#3260,15.);
#3260 = AXIS2_PLACEMENT_3D('',#3261,#3262,#3263);
#3261 = CARTESIAN_POINT('',(-24.,72.,6.));
#3262 = DIRECTION('',(0.,0.,1.));
#3263 = DIRECTION('',(1.,0.,-0.));
#3264 = PCURVE('',#2808,#3265);
#3265 = DEFINITIONAL_REPRESENTATION('',(#3266),#3270);
#3266 = LINE('',#3267,#3268);
#3267 = CARTESIAN_POINT('',(6.28318530718,0.));
#3268 = VECTOR('',#3269,1.);
#3269 = DIRECTION('',(-1.,0.));
#3270 = ( GEOMETRIC_REPRESENTATION_CONTEXT(2) 
PARAMETRIC_REPRESENTATION_CONTEXT() REPRESENTATION_CONTEXT('2D SPACE',''
  ) );
#3271 = PCURVE('',#3196,#3272);
#3272 = DEFINITIONAL_REPRESENTATION('',(#3273),#3277);
#3273 = CIRCLE('',#3274,15.);
#3274 = AXIS2_PLACEMENT_2D('',#3275,#3276);
#3275 = CARTESIAN_POINT('',(-24.,9.5));
#3276 = DIRECTION('',(1.,0.));
#3277 = ( GEOMETRIC_REPRESENTATION_CONTEXT(2) 
PARAMETRIC_REPRESENTATION_CONTEXT() REPRESENTATION_CONTEXT('2D SPACE',''
  ) );
#3278 = ORIENTED_EDGE('',*,*,#3157,.T.);
#3279 = ADVANCED_FACE('',(#3280),#2862,.F.);
#3280 = FACE_BOUND('',#3281,.F.);
#3281 = EDGE_LOOP('',(#3282,#3283,#3284,#3308));
#3282 = ORIENTED_EDGE('',*,*,#2847,.F.);
#3283 = ORIENTED_EDGE('',*,*,#3208,.F.);
#3284 = ORIENTED_EDGE('',*,*,#3285,.T.);
#3285 = EDGE_CURVE('',#3181,#3286,#3288,.T.);
#3286 = VERTEX_POINT('',#3287);
#3287 = CARTESIAN_POINT('',(-24.,38.,6.));
#3288 = SURFACE_CURVE('',#3289,(#3294,#3301),.PCURVE_S1.);
#3289 = CIRCLE('',#3290,15.);
#3290 = AXIS2_PLACEMENT_3D('',#3291,#3292,#3293);
#3291 = CARTESIAN_POINT('',(-24.,53.,6.));
#3292 = DIRECTION('',(0.,0.,1.));
#3293 = DIRECTION('',(1.,0.,-0.));
#3294 = PCURVE('',#2862,#3295);
#3295 = DEFINITIONAL_REPRESENTATION('',(#3296),#3300);
#3296 = LINE('',#3297,#3298);
#3297 = CARTESIAN_POINT('',(6.28318530718,0.));
#3298 = VECTOR('',#3299,1.);
#3299 = DIRECTION('',(-1.,0.));
#3300 = ( GEOMETRIC_REPRESENTATION_CONTEXT(2) 
PARAMETRIC_REPRESENTATION_CONTEXT() REPRESENTATION_CONTEXT('2D SPACE',''
  ) );
#3301 = PCURVE('',#3196,#3302);
#3302 = DEFINITIONAL_REPRESENTATION('',(#3303),#3307);
#3303 = CIRCLE('',#3304,15.);
#3304 = AXIS2_PLACEMENT_2D('',#3305,#3306);
#3305 = CARTESIAN_POINT('',(-24.,-9.5));
#3306 = DIRECTION('',(1.,0.));
#3307 = ( GEOMETRIC_REPRESENTATION_CONTEXT(2) 
PARAMETRIC_REPRESENTATION_CONTEXT() REPRESENTATION_CONTEXT('2D SPACE',''
  ) );
#3308 = ORIENTED_EDGE('',*,*,#3309,.T.);
#3309 = EDGE_CURVE('',#3286,#2826,#3310,.T.);
#3310 = SURFACE_CURVE('',#3311,(#3315,#3322),.PCURVE_S1.);
#3311 = LINE('',#3312,#3313);
#3312 = CARTESIAN_POINT('',(-24.,38.,6.));
#3313 = VECTOR('',#3314,1.);
#3314 = DIRECTION('',(0.,0.,1.));
#3315 = PCURVE('',#2862,#3316);
#3316 = DEFINITIONAL_REPRESENTATION('',(#3317),#3321);
#3317 = LINE('',#3318,#3319);
#3318 = CARTESIAN_POINT('',(1.570796326795,0.));
#3319 = VECTOR('',#3320,1.);
#3320 = DIRECTION('',(-0.,-1.));
#3321 = ( GEOMETRIC_REPRESENTATION_CONTEXT(2) 
PARAMETRIC_REPRESENTATION_CONTEXT() REPRESENTATION_CONTEXT('2D SPACE',''
  ) );
#3322 = PCURVE('',#2967,#3323);
#3323 = DEFINITIONAL_REPRESENTATION('',(#3324),#3328);
#3324 = LINE('',#3325,#3326);
#3325 = CARTESIAN_POINT('',(0.,0.));
#3326 = VECTOR('',#3327,1.);
#3327 = DIRECTION('',(0.,-1.));
#3328 = ( GEOMETRIC_REPRESENTATION_CONTEXT(2) 
PARAMETRIC_REPRESENTATION_CONTEXT() REPRESENTATION_CONTEXT('2D SPACE',''
  ) );
#3329 = ADVANCED_FACE('',(#3330),#2895,.F.);
#3330 = FACE_BOUND('',#3331,.F.);
#3331 = EDGE_LOOP('',(#3332,#3355,#3376,#3377));
#3332 = ORIENTED_EDGE('',*,*,#3333,.F.);
#3333 = EDGE_CURVE('',#3334,#2880,#3336,.T.);
#3334 = VERTEX_POINT('',#3335);
#3335 = CARTESIAN_POINT('',(24.,87.,6.));
#3336 = SURFACE_CURVE('',#3337,(#3341,#3348),.PCURVE_S1.);
#3337 = LINE('',#3338,#3339);
#3338 = CARTESIAN_POINT('',(24.,87.,6.));
#3339 = VECTOR('',#3340,1.);
#3340 = DIRECTION('',(0.,0.,1.));
#3341 = PCURVE('',#2895,#3342);
#3342 = DEFINITIONAL_REPRESENTATION('',(#3343),#3347);
#3343 = LINE('',#3344,#3345);
#3344 = CARTESIAN_POINT('',(48.,0.));
#3345 = VECTOR('',#3346,1.);
#3346 = DIRECTION('',(0.,-1.));
#3347 = ( GEOMETRIC_REPRESENTATION_CONTEXT(2) 
PARAMETRIC_REPRESENTATION_CONTEXT() REPRESENTATION_CONTEXT('2D SPACE',''
  ) );
#3348 = PCURVE('',#3022,#3349);
#3349 = DEFINITIONAL_REPRESENTATION('',(#3350),#3354);
#3350 = LINE('',#3351,#3352);
#3351 = CARTESIAN_POINT('',(4.712388980385,0.));
#3352 = VECTOR('',#3353,1.);
#3353 = DIRECTION('',(-0.,-1.));
#3354 = ( GEOMETRIC_REPRESENTATION_CONTEXT(2) 
PARAMETRIC_REPRESENTATION_CONTEXT() REPRESENTATION_CONTEXT('2D SPACE',''
  ) );
#3355 = ORIENTED_EDGE('',*,*,#3356,.F.);
#3356 = EDGE_CURVE('',#3235,#3334,#3357,.T.);
#3357 = SURFACE_CURVE('',#3358,(#3362,#3369),.PCURVE_S1.);
#3358 = LINE('',#3359,#3360);
#3359 = CARTESIAN_POINT('',(0.,87.,6.));
#3360 = VECTOR('',#3361,1.);
#3361 = DIRECTION('',(1.,0.,0.));
#3362 = PCURVE('',#2895,#3363);
#3363 = DEFINITIONAL_REPRESENTATION('',(#3364),#3368);
#3364 = LINE('',#3365,#3366);
#3365 = CARTESIAN_POINT('',(24.,0.));
#3366 = VECTOR('',#3367,1.);
#3367 = DIRECTION('',(1.,0.));
#3368 = ( GEOMETRIC_REPRESENTATION_CONTEXT(2) 
PARAMETRIC_REPRESENTATION_CONTEXT() REPRESENTATION_CONTEXT('2D SPACE',''
  ) );
#3369 = PCURVE('',#3196,#3370);
#3370 = DEFINITIONAL_REPRESENTATION('',(#3371),#3375);
#3371 = LINE('',#3372,#3373);
#3372 = CARTESIAN_POINT('',(0.,24.5));
#3373 = VECTOR('',#3374,1.);
#3374 = DIRECTION('',(1.,0.));
#3375 = ( GEOMETRIC_REPRESENTATION_CONTEXT(2) 
PARAMETRIC_REPRESENTATION_CONTEXT() REPRESENTATION_CONTEXT('2D SPACE',''
  ) );
#3376 = ORIENTED_EDGE('',*,*,#3234,.T.);
#3377 = ORIENTED_EDGE('',*,*,#2879,.F.);
#3378 = ADVANCED_FACE('',(#3379),#2967,.T.);
#3379 = FACE_BOUND('',#3380,.T.);
#3380 = EDGE_LOOP('',(#3381,#3404,#3425,#3426));
#3381 = ORIENTED_EDGE('',*,*,#3382,.F.);
#3382 = EDGE_CURVE('',#3383,#2932,#3385,.T.);
#3383 = VERTEX_POINT('',#3384);
#3384 = CARTESIAN_POINT('',(24.,38.,6.));
#3385 = SURFACE_CURVE('',#3386,(#3390,#3397),.PCURVE_S1.);
#3386 = LINE('',#3387,#3388);
#3387 = CARTESIAN_POINT('',(24.,38.,6.));
#3388 = VECTOR('',#3389,1.);
#3389 = DIRECTION('',(0.,0.,1.));
#3390 = PCURVE('',#2967,#3391);
#3391 = DEFINITIONAL_REPRESENTATION('',(#3392),#3396);
#3392 = LINE('',#3393,#3394);
#3393 = CARTESIAN_POINT('',(48.,0.));
#3394 = VECTOR('',#3395,1.);
#3395 = DIRECTION('',(0.,-1.));
#3396 = ( GEOMETRIC_REPRESENTATION_CONTEXT(2) 
PARAMETRIC_REPRESENTATION_CONTEXT() REPRESENTATION_CONTEXT('2D SPACE',''
  ) );
#3397 = PCURVE('',#3076,#3398);
#3398 = DEFINITIONAL_REPRESENTATION('',(#3399),#3403);
#3399 = LINE('',#3400,#3401);
#3400 = CARTESIAN_POINT('',(1.570796326795,0.));
#3401 = VECTOR('',#3402,1.);
#3402 = DIRECTION('',(-0.,-1.));
#3403 = ( GEOMETRIC_REPRESENTATION_CONTEXT(2) 
PARAMETRIC_REPRESENTATION_CONTEXT() REPRESENTATION_CONTEXT('2D SPACE',''
  ) );
#3404 = ORIENTED_EDGE('',*,*,#3405,.F.);
#3405 = EDGE_CURVE('',#3286,#3383,#3406,.T.);
#3406 = SURFACE_CURVE('',#3407,(#3411,#3418),.PCURVE_S1.);
#3407 = LINE('',#3408,#3409);
#3408 = CARTESIAN_POINT('',(0.,38.,6.));
#3409 = VECTOR('',#3410,1.);
#3410 = DIRECTION('',(1.,0.,0.));
#3411 = PCURVE('',#2967,#3412);
#3412 = DEFINITIONAL_REPRESENTATION('',(#3413),#3417);
#3413 = LINE('',#3414,#3415);
#3414 = CARTESIAN_POINT('',(24.,0.));
#3415 = VECTOR('',#3416,1.);
#3416 = DIRECTION('',(1.,0.));
#3417 = ( GEOMETRIC_REPRESENTATION_CONTEXT(2) 
PARAMETRIC_REPRESENTATION_CONTEXT() REPRESENTATION_CONTEXT('2D SPACE',''
  ) );
#3418 = PCURVE('',#3196,#3419);
#3419 = DEFINITIONAL_REPRESENTATION('',(#3420),#3424);
#3420 = LINE('',#3421,#3422);
#3421 = CARTESIAN_POINT('',(0.,-24.5));
#3422 = VECTOR('',#3423,1.);
#3423 = DIRECTION('',(1.,0.));
#3424 = ( GEOMETRIC_REPRESENTATION_CONTEXT(2) 
PARAMETRIC_REPRESENTATION_CONTEXT() REPRESENTATION_CONTEXT('2D SPACE',''
  ) );
#3425 = ORIENTED_EDGE('',*,*,#3309,.T.);
#3426 = ORIENTED_EDGE('',*,*,#2953,.T.);
#3427 = ADVANCED_FACE('',(#3428),#3022,.F.);
#3428 = FACE_BOUND('',#3429,.F.);
#3429 = EDGE_LOOP('',(#3430,#3431,#3454,#3476));
#3430 = ORIENTED_EDGE('',*,*,#3007,.F.);
#3431 = ORIENTED_EDGE('',*,*,#3432,.F.);
#3432 = EDGE_CURVE('',#3433,#2984,#3435,.T.);
#3433 = VERTEX_POINT('',#3434);
#3434 = CARTESIAN_POINT('',(39.,72.,6.));
#3435 = SURFACE_CURVE('',#3436,(#3440,#3447),.PCURVE_S1.);
#3436 = LINE('',#3437,#3438);
#3437 = CARTESIAN_POINT('',(39.,72.,6.));
#3438 = VECTOR('',#3439,1.);
#3439 = DIRECTION('',(0.,0.,1.));
#3440 = PCURVE('',#3022,#3441);
#3441 = DEFINITIONAL_REPRESENTATION('',(#3442),#3446);
#3442 = LINE('',#3443,#3444);
#3443 = CARTESIAN_POINT('',(6.28318530718,0.));
#3444 = VECTOR('',#3445,1.);
#3445 = DIRECTION('',(-0.,-1.));
#3446 = ( GEOMETRIC_REPRESENTATION_CONTEXT(2) 
PARAMETRIC_REPRESENTATION_CONTEXT() REPRESENTATION_CONTEXT('2D SPACE',''
  ) );
#3447 = PCURVE('',#3107,#3448);
#3448 = DEFINITIONAL_REPRESENTATION('',(#3449),#3453);
#3449 = LINE('',#3450,#3451);
#3450 = CARTESIAN_POINT('',(19.,0.));
#3451 = VECTOR('',#3452,1.);
#3452 = DIRECTION('',(0.,-1.));
#3453 = ( GEOMETRIC_REPRESENTATION_CONTEXT(2) 
PARAMETRIC_REPRESENTATION_CONTEXT() REPRESENTATION_CONTEXT('2D SPACE',''
  ) );
#3454 = ORIENTED_EDGE('',*,*,#3455,.T.);
#3455 = EDGE_CURVE('',#3433,#3334,#3456,.T.);
#3456 = SURFACE_CURVE('',#3457,(#3462,#3469),.PCURVE_S1.);
#3457 = CIRCLE('',#3458,15.);
#3458 = AXIS2_PLACEMENT_3D('',#3459,#3460,#3461);
#3459 = CARTESIAN_POINT('',(24.,72.,6.));
#3460 = DIRECTION('',(0.,0.,1.));
#3461 = DIRECTION('',(1.,0.,-0.));
#3462 = PCURVE('',#3022,#3463);
#3463 = DEFINITIONAL_REPRESENTATION('',(#3464),#3468);
#3464 = LINE('',#3465,#3466);
#3465 = CARTESIAN_POINT('',(6.28318530718,0.));
#3466 = VECTOR('',#3467,1.);
#3467 = DIRECTION('',(-1.,0.));
#3468 = ( GEOMETRIC_REPRESENTATION_CONTEXT(2) 
PARAMETRIC_REPRESENTATION_CONTEXT() REPRESENTATION_CONTEXT('2D SPACE',''
  ) );
#3469 = PCURVE('',#3196,#3470);
#3470 = DEFINITIONAL_REPRESENTATION('',(#3471),#3475);
#3471 = CIRCLE('',#3472,15.);
#3472 = AXIS2_PLACEMENT_2D('',#3473,#3474);
#3473 = CARTESIAN_POINT('',(24.,9.5));
#3474 = DIRECTION('',(1.,0.));
#3475 = ( GEOMETRIC_REPRESENTATION_CONTEXT(2) 
PARAMETRIC_REPRESENTATION_CONTEXT() REPRESENTATION_CONTEXT('2D SPACE',''
  ) );
#3476 = ORIENTED_EDGE('',*,*,#3333,.T.);
#3477 = ADVANCED_FACE('',(#3478),#3076,.F.);
#3478 = FACE_BOUND('',#3479,.F.);
#3479 = EDGE_LOOP('',(#3480,#3481,#3482,#3506));
#3480 = ORIENTED_EDGE('',*,*,#3061,.F.);
#3481 = ORIENTED_EDGE('',*,*,#3382,.F.);
#3482 = ORIENTED_EDGE('',*,*,#3483,.T.);
#3483 = EDGE_CURVE('',#3383,#3484,#3486,.T.);
#3484 = VERTEX_POINT('',#3485);
#3485 = CARTESIAN_POINT('',(39.,53.,6.));
#3486 = SURFACE_CURVE('',#3487,(#3492,#3499),.PCURVE_S1.);
#3487 = CIRCLE('',#3488,15.);
#3488 = AXIS2_PLACEMENT_3D('',#3489,#3490,#3491);
#3489 = CARTESIAN_POINT('',(24.,53.,6.));
#3490 = DIRECTION('',(0.,0.,1.));
#3491 = DIRECTION('',(1.,0.,-0.));
#3492 = PCURVE('',#3076,#3493);
#3493 = DEFINITIONAL_REPRESENTATION('',(#3494),#3498);
#3494 = LINE('',#3495,#3496);
#3495 = CARTESIAN_POINT('',(6.28318530718,0.));
#3496 = VECTOR('',#3497,1.);
#3497 = DIRECTION('',(-1.,0.));
#3498 = ( GEOMETRIC_REPRESENTATION_CONTEXT(2) 
PARAMETRIC_REPRESENTATION_CONTEXT() REPRESENTATION_CONTEXT('2D SPACE',''
  ) );
#3499 = PCURVE('',#3196,#3500);
#3500 = DEFINITIONAL_REPRESENTATION('',(#3501),#3505);
#3501 = CIRCLE('',#3502,15.);
#3502 = AXIS2_PLACEMENT_2D('',#3503,#3504);
#3503 = CARTESIAN_POINT('',(24.,-9.5));
#3504 = DIRECTION('',(1.,0.));
#3505 = ( GEOMETRIC_REPRESENTATION_CONTEXT(2) 
PARAMETRIC_REPRESENTATION_CONTEXT() REPRESENTATION_CONTEXT('2D SPACE',''
  ) );
#3506 = ORIENTED_EDGE('',*,*,#3507,.T.);
#3507 = EDGE_CURVE('',#3484,#3040,#3508,.T.);
#3508 = SURFACE_CURVE('',#3509,(#3513,#3520),.PCURVE_S1.);
#3509 = LINE('',#3510,#3511);
#3510 = CARTESIAN_POINT('',(39.,53.,6.));
#3511 = VECTOR('',#3512,1.);
#3512 = DIRECTION('',(0.,0.,1.));
#3513 = PCURVE('',#3076,#3514);
#3514 = DEFINITIONAL_REPRESENTATION('',(#3515),#3519);
#3515 = LINE('',#3516,#3517);
#3516 = CARTESIAN_POINT('',(-4.138911435803E-13,0.));
#3517 = VECTOR('',#3518,1.);
#3518 = DIRECTION('',(-0.,-1.));
#3519 = ( GEOMETRIC_REPRESENTATION_CONTEXT(2) 
PARAMETRIC_REPRESENTATION_CONTEXT() REPRESENTATION_CONTEXT('2D SPACE',''
  ) );
#3520 = PCURVE('',#3107,#3521);
#3521 = DEFINITIONAL_REPRESENTATION('',(#3522),#3526);
#3522 = LINE('',#3523,#3524);
#3523 = CARTESIAN_POINT('',(0.,0.));
#3524 = VECTOR('',#3525,1.);
#3525 = DIRECTION('',(0.,-1.));
#3526 = ( GEOMETRIC_REPRESENTATION_CONTEXT(2) 
PARAMETRIC_REPRESENTATION_CONTEXT() REPRESENTATION_CONTEXT('2D SPACE',''
  ) );
#3527 = ADVANCED_FACE('',(#3528),#3107,.T.);
#3528 = FACE_BOUND('',#3529,.T.);
#3529 = EDGE_LOOP('',(#3530,#3531,#3552,#3553));
#3530 = ORIENTED_EDGE('',*,*,#3432,.F.);
#3531 = ORIENTED_EDGE('',*,*,#3532,.F.);
#3532 = EDGE_CURVE('',#3484,#3433,#3533,.T.);
#3533 = SURFACE_CURVE('',#3534,(#3538,#3545),.PCURVE_S1.);
#3534 = LINE('',#3535,#3536);
#3535 = CARTESIAN_POINT('',(39.,62.5,6.));
#3536 = VECTOR('',#3537,1.);
#3537 = DIRECTION('',(0.,1.,0.));
#3538 = PCURVE('',#3107,#3539);
#3539 = DEFINITIONAL_REPRESENTATION('',(#3540),#3544);
#3540 = LINE('',#3541,#3542);
#3541 = CARTESIAN_POINT('',(9.5,0.));
#3542 = VECTOR('',#3543,1.);
#3543 = DIRECTION('',(1.,0.));
#3544 = ( GEOMETRIC_REPRESENTATION_CONTEXT(2) 
PARAMETRIC_REPRESENTATION_CONTEXT() REPRESENTATION_CONTEXT('2D SPACE',''
  ) );
#3545 = PCURVE('',#3196,#3546);
#3546 = DEFINITIONAL_REPRESENTATION('',(#3547),#3551);
#3547 = LINE('',#3548,#3549);
#3548 = CARTESIAN_POINT('',(39.,0.));
#3549 = VECTOR('',#3550,1.);
#3550 = DIRECTION('',(0.,1.));
#3551 = ( GEOMETRIC_REPRESENTATION_CONTEXT(2) 
PARAMETRIC_REPRESENTATION_CONTEXT() REPRESENTATION_CONTEXT('2D SPACE',''
  ) );
#3552 = ORIENTED_EDGE('',*,*,#3507,.T.);
#3553 = ORIENTED_EDGE('',*,*,#3093,.T.);
#3554 = ADVANCED_FACE('',(#3555),#2322,.T.);
#3555 = FACE_BOUND('',#3556,.T.);
#3556 = EDGE_LOOP('',(#3557,#3558,#3559,#3560));
#3557 = ORIENTED_EDGE('',*,*,#2306,.F.);
#3558 = ORIENTED_EDGE('',*,*,#3131,.T.);
#3559 = ORIENTED_EDGE('',*,*,#2434,.T.);
#3560 = ORIENTED_EDGE('',*,*,#2669,.F.);
#3561 = ADVANCED_FACE('',(#3562),#3196,.T.);
#3562 = FACE_BOUND('',#3563,.T.);
#3563 = EDGE_LOOP('',(#3564,#3565,#3566,#3567,#3568,#3569,#3570,#3571));
#3564 = ORIENTED_EDGE('',*,*,#3180,.F.);
#3565 = ORIENTED_EDGE('',*,*,#3285,.T.);
#3566 = ORIENTED_EDGE('',*,*,#3405,.T.);
#3567 = ORIENTED_EDGE('',*,*,#3483,.T.);
#3568 = ORIENTED_EDGE('',*,*,#3532,.T.);
#3569 = ORIENTED_EDGE('',*,*,#3455,.T.);
#3570 = ORIENTED_EDGE('',*,*,#3356,.F.);
#3571 = ORIENTED_EDGE('',*,*,#3257,.T.);
#3572 = ( GEOMETRIC_REPRESENTATION_CONTEXT(3) 
GLOBAL_UNCERTAINTY_ASSIGNED_CONTEXT((#3576)) 
GLOBAL_UNIT_ASSIGNED_CONTEXT((#3573,#3574,#3575)) REPRESENTATION_CONTEXT
('Context #1','3D Context with UNIT and UNCERTAINTY') );
#3573 = ( LENGTH_UNIT() NAMED_UNIT(*) SI_UNIT(.MILLI.,.METRE.) );
#3574 = ( NAMED_UNIT(*) PLANE_ANGLE_UNIT() SI_UNIT($,.RADIAN.) );
#3575 = ( NAMED_UNIT(*) SI_UNIT($,.STERADIAN.) SOLID_ANGLE_UNIT() );
#3576 = UNCERTAINTY_MEASURE_WITH_UNIT(LENGTH_MEASURE(2.E-07),#3573,
  'distance_accuracy_value','confusion accuracy');
#3577 = CONTEXT_DEPENDENT_SHAPE_REPRESENTATION(#3578,#3580);
#3578 = ( REPRESENTATION_RELATIONSHIP('','',#40,#10) 
REPRESENTATION_RELATIONSHIP_WITH_TRANSFORMATION(#3579) 
SHAPE_REPRESENTATION_RELATIONSHIP() );
#3579 = ITEM_DEFINED_TRANSFORMATION('','',#11,#15);
#3580 = PRODUCT_DEFINITION_SHAPE('Placement','Placement of an item',
  #3581);
#3581 = NEXT_ASSEMBLY_USAGE_OCCURRENCE('34','=>[0:1:1:2]','',#5,#35,$);
#3582 = PRODUCT_RELATED_PRODUCT_CATEGORY('part',$,(#37));
#3583 = SHAPE_DEFINITION_REPRESENTATION(#3584,#3590);
#3584 = PRODUCT_DEFINITION_SHAPE('','',#3585);
#3585 = PRODUCT_DEFINITION('design','',#3586,#3589);
#3586 = PRODUCT_DEFINITION_FORMATION('','',#3587);
#3587 = PRODUCT('body','body','',(#3588));
#3588 = PRODUCT_CONTEXT('',#2,'mechanical');
#3589 = PRODUCT_DEFINITION_CONTEXT('part definition',#2,'design');
#3590 = ADVANCED_BREP_SHAPE_REPRESENTATION('',(#11,#3591),#4601);
#3591 = MANIFOLD_SOLID_BREP('',#3592);
#3592 = CLOSED_SHELL('',(#3593,#3744,#3799,#3875,#3980,#4029,#4102,#4157
    ,#4184,#4211,#4218,#4273,#4308,#4363,#4398,#4453,#4488,#4542,#4597)
  );
#3593 = ADVANCED_FACE('',(#3594,#3630),#3607,.F.);
#3594 = FACE_BOUND('',#3595,.T.);
#3595 = EDGE_LOOP('',(#3596));
#3596 = ORIENTED_EDGE('',*,*,#3597,.F.);
#3597 = EDGE_CURVE('',#3598,#3598,#3600,.T.);
#3598 = VERTEX_POINT('',#3599);
#3599 = CARTESIAN_POINT('',(113.,0.,0.));
#3600 = SURFACE_CURVE('',#3601,(#3606,#3618),.PCURVE_S1.);
#3601 = CIRCLE('',#3602,113.);
#3602 = AXIS2_PLACEMENT_3D('',#3603,#3604,#3605);
#3603 = CARTESIAN_POINT('',(0.,0.,0.));
#3604 = DIRECTION('',(0.,0.275637355817,0.961261695938));
#3605 = DIRECTION('',(1.,0.,-0.));
#3606 = PCURVE('',#3607,#3612);
#3607 = PLANE('',#3608);
#3608 = AXIS2_PLACEMENT_3D('',#3609,#3610,#3611);
#3609 = CARTESIAN_POINT('',(0.,0.,0.));
#3610 = DIRECTION('',(0.,0.275637355817,0.961261695938));
#3611 = DIRECTION('',(1.,0.,-0.));
#3612 = DEFINITIONAL_REPRESENTATION('',(#3613),#3617);
#3613 = CIRCLE('',#3614,113.);
#3614 = AXIS2_PLACEMENT_2D('',#3615,#3616);
#3615 = CARTESIAN_POINT('',(0.,0.));
#3616 = DIRECTION('',(1.,0.));
#3617 = ( GEOMETRIC_REPRESENTATION_CONTEXT(2) 
PARAMETRIC_REPRESENTATION_CONTEXT() REPRESENTATION_CONTEXT('2D SPACE',''
  ) );
#3618 = PCURVE('',#3619,#3624);
#3619 = CONICAL_SURFACE('',#3620,113.,0.785398163397);
#3620 = AXIS2_PLACEMENT_3D('',#3621,#3622,#3623);
#3621 = CARTESIAN_POINT('',(0.,0.,0.));
#3622 = DIRECTION('',(0.,0.275637355817,0.961261695938));
#3623 = DIRECTION('',(1.,0.,-0.));
#3624 = DEFINITIONAL_REPRESENTATION('',(#3625),#3629);
#3625 = LINE('',#3626,#3627);
#3626 = CARTESIAN_POINT('',(0.,0.));
#3627 = VECTOR('',#3628,1.);
#3628 = DIRECTION('',(1.,0.));
#3629 = ( GEOMETRIC_REPRESENTATION_CONTEXT(2) 
PARAMETRIC_REPRESENTATION_CONTEXT() REPRESENTATION_CONTEXT('2D SPACE',''
  ) );
#3630 = FACE_BOUND('',#3631,.T.);
#3631 = EDGE_LOOP('',(#3632,#3662,#3690,#3718));
#3632 = ORIENTED_EDGE('',*,*,#3633,.F.);
#3633 = EDGE_CURVE('',#3634,#3636,#3638,.T.);
#3634 = VERTEX_POINT('',#3635);
#3635 = CARTESIAN_POINT('',(-10.,-8.,2.29396308607));
#3636 = VERTEX_POINT('',#3637);
#3637 = CARTESIAN_POINT('',(10.,-8.,2.29396308607));
#3638 = SURFACE_CURVE('',#3639,(#3643,#3650),.PCURVE_S1.);
#3639 = LINE('',#3640,#3641);
#3640 = CARTESIAN_POINT('',(-5.,-8.,2.29396308607));
#3641 = VECTOR('',#3642,1.);
#3642 = DIRECTION('',(1.,0.,0.));
#3643 = PCURVE('',#3607,#3644);
#3644 = DEFINITIONAL_REPRESENTATION('',(#3645),#3649);
#3645 = LINE('',#3646,#3647);
#3646 = CARTESIAN_POINT('',(-5.,-8.322395486893));
#3647 = VECTOR('',#3648,1.);
#3648 = DIRECTION('',(1.,0.));
#3649 = ( GEOMETRIC_REPRESENTATION_CONTEXT(2) 
PARAMETRIC_REPRESENTATION_CONTEXT() REPRESENTATION_CONTEXT('2D SPACE',''
  ) );
#3650 = PCURVE('',#3651,#3656);
#3651 = PLANE('',#3652);
#3652 = AXIS2_PLACEMENT_3D('',#3653,#3654,#3655);
#3653 = CARTESIAN_POINT('',(-10.,-8.,-28.));
#3654 = DIRECTION('',(0.,1.,0.));
#3655 = DIRECTION('',(0.,-0.,1.));
#3656 = DEFINITIONAL_REPRESENTATION('',(#3657),#3661);
#3657 = LINE('',#3658,#3659);
#3658 = CARTESIAN_POINT('',(30.29396308607,5.));
#3659 = VECTOR('',#3660,1.);
#3660 = DIRECTION('',(0.,1.));
#3661 = ( GEOMETRIC_REPRESENTATION_CONTEXT(2) 
PARAMETRIC_REPRESENTATION_CONTEXT() REPRESENTATION_CONTEXT('2D SPACE',''
  ) );
#3662 = ORIENTED_EDGE('',*,*,#3663,.T.);
#3663 = EDGE_CURVE('',#3634,#3664,#3666,.T.);
#3664 = VERTEX_POINT('',#3665);
#3665 = CARTESIAN_POINT('',(-10.,-23.,6.595143872453));
#3666 = SURFACE_CURVE('',#3667,(#3671,#3678),.PCURVE_S1.);
#3667 = LINE('',#3668,#3669);
#3668 = CARTESIAN_POINT('',(-10.,-6.916841703267,1.983372442436));
#3669 = VECTOR('',#3670,1.);
#3670 = DIRECTION('',(0.,-0.961261695938,0.275637355817));
#3671 = PCURVE('',#3607,#3672);
#3672 = DEFINITIONAL_REPRESENTATION('',(#3673),#3677);
#3673 = LINE('',#3674,#3675);
#3674 = CARTESIAN_POINT('',(-10.,-7.195586521853));
#3675 = VECTOR('',#3676,1.);
#3676 = DIRECTION('',(0.,-1.));
#3677 = ( GEOMETRIC_REPRESENTATION_CONTEXT(2) 
PARAMETRIC_REPRESENTATION_CONTEXT() REPRESENTATION_CONTEXT('2D SPACE',''
  ) );
#3678 = PCURVE('',#3679,#3684);
#3679 = PLANE('',#3680);
#3680 = AXIS2_PLACEMENT_3D('',#3681,#3682,#3683);
#3681 = CARTESIAN_POINT('',(-10.,-23.,-28.));
#3682 = DIRECTION('',(1.,0.,0.));
#3683 = DIRECTION('',(0.,0.,1.));
#3684 = DEFINITIONAL_REPRESENTATION('',(#3685),#3689);
#3685 = LINE('',#3686,#3687);
#3686 = CARTESIAN_POINT('',(29.983372442436,-16.08315829673));
#3687 = VECTOR('',#3688,1.);
#3688 = DIRECTION('',(0.275637355817,0.961261695938));
#3689 = ( GEOMETRIC_REPRESENTATION_CONTEXT(2) 
PARAMETRIC_REPRESENTATION_CONTEXT() REPRESENTATION_CONTEXT('2D SPACE',''
  ) );
#3690 = ORIENTED_EDGE('',*,*,#3691,.T.);
#3691 = EDGE_CURVE('',#3664,#3692,#3694,.T.);
#3692 = VERTEX_POINT('',#3693);
#3693 = CARTESIAN_POINT('',(10.,-23.,6.595143872453));
#3694 = SURFACE_CURVE('',#3695,(#3699,#3706),.PCURVE_S1.);
#3695 = LINE('',#3696,#3697);
#3696 = CARTESIAN_POINT('',(-5.,-23.,6.595143872453));
#3697 = VECTOR('',#3698,1.);
#3698 = DIRECTION('',(1.,0.,0.));
#3699 = PCURVE('',#3607,#3700);
#3700 = DEFINITIONAL_REPRESENTATION('',(#3701),#3705);
#3701 = LINE('',#3702,#3703);
#3702 = CARTESIAN_POINT('',(-5.,-23.92688702481));
#3703 = VECTOR('',#3704,1.);
#3704 = DIRECTION('',(1.,0.));
#3705 = ( GEOMETRIC_REPRESENTATION_CONTEXT(2) 
PARAMETRIC_REPRESENTATION_CONTEXT() REPRESENTATION_CONTEXT('2D SPACE',''
  ) );
#3706 = PCURVE('',#3707,#3712);
#3707 = PLANE('',#3708);
#3708 = AXIS2_PLACEMENT_3D('',#3709,#3710,#3711);
#3709 = CARTESIAN_POINT('',(-10.,-23.,-28.));
#3710 = DIRECTION('',(0.,1.,0.));
#3711 = DIRECTION('',(0.,-0.,1.));
#3712 = DEFINITIONAL_REPRESENTATION('',(#3713),#3717);
#3713 = LINE('',#3714,#3715);
#3714 = CARTESIAN_POINT('',(34.595143872453,5.));
#3715 = VECTOR('',#3716,1.);
#3716 = DIRECTION('',(0.,1.));
#3717 = ( GEOMETRIC_REPRESENTATION_CONTEXT(2) 
PARAMETRIC_REPRESENTATION_CONTEXT() REPRESENTATION_CONTEXT('2D SPACE',''
  ) );
#3718 = ORIENTED_EDGE('',*,*,#3719,.F.);
#3719 = EDGE_CURVE('',#3636,#3692,#3720,.T.);
#3720 = SURFACE_CURVE('',#3721,(#3725,#3732),.PCURVE_S1.);
#3721 = LINE('',#3722,#3723);
#3722 = CARTESIAN_POINT('',(10.,-6.916841703267,1.983372442436));
#3723 = VECTOR('',#3724,1.);
#3724 = DIRECTION('',(0.,-0.961261695938,0.275637355817));
#3725 = PCURVE('',#3607,#3726);
#3726 = DEFINITIONAL_REPRESENTATION('',(#3727),#3731);
#3727 = LINE('',#3728,#3729);
#3728 = CARTESIAN_POINT('',(10.,-7.195586521853));
#3729 = VECTOR('',#3730,1.);
#3730 = DIRECTION('',(0.,-1.));
#3731 = ( GEOMETRIC_REPRESENTATION_CONTEXT(2) 
PARAMETRIC_REPRESENTATION_CONTEXT() REPRESENTATION_CONTEXT('2D SPACE',''
  ) );
#3732 = PCURVE('',#3733,#3738);
#3733 = PLANE('',#3734);
#3734 = AXIS2_PLACEMENT_3D('',#3735,#3736,#3737);
#3735 = CARTESIAN_POINT('',(10.,-23.,-28.));
#3736 = DIRECTION('',(1.,0.,0.));
#3737 = DIRECTION('',(0.,0.,1.));
#3738 = DEFINITIONAL_REPRESENTATION('',(#3739),#3743);
#3739 = LINE('',#3740,#3741);
#3740 = CARTESIAN_POINT('',(29.983372442436,-16.08315829673));
#3741 = VECTOR('',#3742,1.);
#3742 = DIRECTION('',(0.275637355817,0.961261695938));
#3743 = ( GEOMETRIC_REPRESENTATION_CONTEXT(2) 
PARAMETRIC_REPRESENTATION_CONTEXT() REPRESENTATION_CONTEXT('2D SPACE',''
  ) );
#3744 = ADVANCED_FACE('',(#3745),#3619,.T.);
#3745 = FACE_BOUND('',#3746,.T.);
#3746 = EDGE_LOOP('',(#3747,#3748,#3771,#3798));
#3747 = ORIENTED_EDGE('',*,*,#3597,.T.);
#3748 = ORIENTED_EDGE('',*,*,#3749,.T.);
#3749 = EDGE_CURVE('',#3598,#3750,#3752,.T.);
#3750 = VERTEX_POINT('',#3751);
#3751 = CARTESIAN_POINT('',(120.,1.929461490719,6.728831871568));
#3752 = SEAM_CURVE('',#3753,(#3757,#3764),.PCURVE_S1.);
#3753 = LINE('',#3754,#3755);
#3754 = CARTESIAN_POINT('',(113.,0.,0.));
#3755 = VECTOR('',#3756,1.);
#3756 = DIRECTION('',(0.707106781187,0.194905043447,0.679714663693));
#3757 = PCURVE('',#3619,#3758);
#3758 = DEFINITIONAL_REPRESENTATION('',(#3759),#3763);
#3759 = LINE('',#3760,#3761);
#3760 = CARTESIAN_POINT('',(6.28318530718,0.));
#3761 = VECTOR('',#3762,1.);
#3762 = DIRECTION('',(0.,1.));
#3763 = ( GEOMETRIC_REPRESENTATION_CONTEXT(2) 
PARAMETRIC_REPRESENTATION_CONTEXT() REPRESENTATION_CONTEXT('2D SPACE',''
  ) );
#3764 = PCURVE('',#3619,#3765);
#3765 = DEFINITIONAL_REPRESENTATION('',(#3766),#3770);
#3766 = LINE('',#3767,#3768);
#3767 = CARTESIAN_POINT('',(4.138911435803E-13,0.));
#3768 = VECTOR('',#3769,1.);
#3769 = DIRECTION('',(0.,1.));
#3770 = ( GEOMETRIC_REPRESENTATION_CONTEXT(2) 
PARAMETRIC_REPRESENTATION_CONTEXT() REPRESENTATION_CONTEXT('2D SPACE',''
  ) );
#3771 = ORIENTED_EDGE('',*,*,#3772,.F.);
#3772 = EDGE_CURVE('',#3750,#3750,#3773,.T.);
#3773 = SURFACE_CURVE('',#3774,(#3779,#3786),.PCURVE_S1.);
#3774 = CIRCLE('',#3775,120.);
#3775 = AXIS2_PLACEMENT_3D('',#3776,#3777,#3778);
#3776 = CARTESIAN_POINT('',(0.,1.929461490719,6.728831871568));
#3777 = DIRECTION('',(0.,0.275637355817,0.961261695938));
#3778 = DIRECTION('',(1.,0.,-0.));
#3779 = PCURVE('',#3619,#3780);
#3780 = DEFINITIONAL_REPRESENTATION('',(#3781),#3785);
#3781 = LINE('',#3782,#3783);
#3782 = CARTESIAN_POINT('',(0.,7.));
#3783 = VECTOR('',#3784,1.);
#3784 = DIRECTION('',(1.,0.));
#3785 = ( GEOMETRIC_REPRESENTATION_CONTEXT(2) 
PARAMETRIC_REPRESENTATION_CONTEXT() REPRESENTATION_CONTEXT('2D SPACE',''
  ) );
#3786 = PCURVE('',#3787,#3792);
#3787 = CYLINDRICAL_SURFACE('',#3788,120.);
#3788 = AXIS2_PLACEMENT_3D('',#3789,#3790,#3791);
#3789 = CARTESIAN_POINT('',(0.,1.929461490719,6.728831871568));
#3790 = DIRECTION('',(0.,0.275637355817,0.961261695938));
#3791 = DIRECTION('',(1.,0.,-0.));
#3792 = DEFINITIONAL_REPRESENTATION('',(#3793),#3797);
#3793 = LINE('',#3794,#3795);
#3794 = CARTESIAN_POINT('',(0.,0.));
#3795 = VECTOR('',#3796,1.);
#3796 = DIRECTION('',(1.,0.));
#3797 = ( GEOMETRIC_REPRESENTATION_CONTEXT(2) 
PARAMETRIC_REPRESENTATION_CONTEXT() REPRESENTATION_CONTEXT('2D SPACE',''
  ) );
#3798 = ORIENTED_EDGE('',*,*,#3749,.F.);
#3799 = ADVANCED_FACE('',(#3800),#3651,.T.);
#3800 = FACE_BOUND('',#3801,.T.);
#3801 = EDGE_LOOP('',(#3802,#3832,#3853,#3854));
#3802 = ORIENTED_EDGE('',*,*,#3803,.F.);
#3803 = EDGE_CURVE('',#3804,#3806,#3808,.T.);
#3804 = VERTEX_POINT('',#3805);
#3805 = CARTESIAN_POINT('',(-10.,-8.,-28.));
#3806 = VERTEX_POINT('',#3807);
#3807 = CARTESIAN_POINT('',(10.,-8.,-28.));
#3808 = SURFACE_CURVE('',#3809,(#3813,#3820),.PCURVE_S1.);
#3809 = LINE('',#3810,#3811);
#3810 = CARTESIAN_POINT('',(-10.,-8.,-28.));
#3811 = VECTOR('',#3812,1.);
#3812 = DIRECTION('',(1.,0.,0.));
#3813 = PCURVE('',#3651,#3814);
#3814 = DEFINITIONAL_REPRESENTATION('',(#3815),#3819);
#3815 = LINE('',#3816,#3817);
#3816 = CARTESIAN_POINT('',(0.,0.));
#3817 = VECTOR('',#3818,1.);
#3818 = DIRECTION('',(0.,1.));
#3819 = ( GEOMETRIC_REPRESENTATION_CONTEXT(2) 
PARAMETRIC_REPRESENTATION_CONTEXT() REPRESENTATION_CONTEXT('2D SPACE',''
  ) );
#3820 = PCURVE('',#3821,#3826);
#3821 = PLANE('',#3822);
#3822 = AXIS2_PLACEMENT_3D('',#3823,#3824,#3825);
#3823 = CARTESIAN_POINT('',(-10.,-23.,-28.));
#3824 = DIRECTION('',(0.,0.,1.));
#3825 = DIRECTION('',(1.,0.,-0.));
#3826 = DEFINITIONAL_REPRESENTATION('',(#3827),#3831);
#3827 = LINE('',#3828,#3829);
#3828 = CARTESIAN_POINT('',(0.,15.));
#3829 = VECTOR('',#3830,1.);
#3830 = DIRECTION('',(1.,0.));
#3831 = ( GEOMETRIC_REPRESENTATION_CONTEXT(2) 
PARAMETRIC_REPRESENTATION_CONTEXT() REPRESENTATION_CONTEXT('2D SPACE',''
  ) );
#3832 = ORIENTED_EDGE('',*,*,#3833,.F.);
#3833 = EDGE_CURVE('',#3634,#3804,#3834,.T.);
#3834 = SURFACE_CURVE('',#3835,(#3839,#3846),.PCURVE_S1.);
#3835 = LINE('',#3836,#3837);
#3836 = CARTESIAN_POINT('',(-10.,-8.,12.));
#3837 = VECTOR('',#3838,1.);
#3838 = DIRECTION('',(0.,0.,-1.));
#3839 = PCURVE('',#3651,#3840);
#3840 = DEFINITIONAL_REPRESENTATION('',(#3841),#3845);
#3841 = LINE('',#3842,#3843);
#3842 = CARTESIAN_POINT('',(40.,0.));
#3843 = VECTOR('',#3844,1.);
#3844 = DIRECTION('',(-1.,0.));
#3845 = ( GEOMETRIC_REPRESENTATION_CONTEXT(2) 
PARAMETRIC_REPRESENTATION_CONTEXT() REPRESENTATION_CONTEXT('2D SPACE',''
  ) );
#3846 = PCURVE('',#3679,#3847);
#3847 = DEFINITIONAL_REPRESENTATION('',(#3848),#3852);
#3848 = LINE('',#3849,#3850);
#3849 = CARTESIAN_POINT('',(40.,-15.));
#3850 = VECTOR('',#3851,1.);
#3851 = DIRECTION('',(-1.,0.));
#3852 = ( GEOMETRIC_REPRESENTATION_CONTEXT(2) 
PARAMETRIC_REPRESENTATION_CONTEXT() REPRESENTATION_CONTEXT('2D SPACE',''
  ) );
#3853 = ORIENTED_EDGE('',*,*,#3633,.T.);
#3854 = ORIENTED_EDGE('',*,*,#3855,.T.);
#3855 = EDGE_CURVE('',#3636,#3806,#3856,.T.);
#3856 = SURFACE_CURVE('',#3857,(#3861,#3868),.PCURVE_S1.);
#3857 = LINE('',#3858,#3859);
#3858 = CARTESIAN_POINT('',(10.,-8.,12.));
#3859 = VECTOR('',#3860,1.);
#3860 = DIRECTION('',(0.,0.,-1.));
#3861 = PCURVE('',#3651,#3862);
#3862 = DEFINITIONAL_REPRESENTATION('',(#3863),#3867);
#3863 = LINE('',#3864,#3865);
#3864 = CARTESIAN_POINT('',(40.,20.));
#3865 = VECTOR('',#3866,1.);
#3866 = DIRECTION('',(-1.,0.));
#3867 = ( GEOMETRIC_REPRESENTATION_CONTEXT(2) 
PARAMETRIC_REPRESENTATION_CONTEXT() REPRESENTATION_CONTEXT('2D SPACE',''
  ) );
#3868 = PCURVE('',#3733,#3869);
#3869 = DEFINITIONAL_REPRESENTATION('',(#3870),#3874);
#3870 = LINE('',#3871,#3872);
#3871 = CARTESIAN_POINT('',(40.,-15.));
#3872 = VECTOR('',#3873,1.);
#3873 = DIRECTION('',(-1.,0.));
#3874 = ( GEOMETRIC_REPRESENTATION_CONTEXT(2) 
PARAMETRIC_REPRESENTATION_CONTEXT() REPRESENTATION_CONTEXT('2D SPACE',''
  ) );
#3875 = ADVANCED_FACE('',(#3876),#3733,.T.);
#3876 = FACE_BOUND('',#3877,.T.);
#3877 = EDGE_LOOP('',(#3878,#3879,#3880,#3903,#3931,#3959));
#3878 = ORIENTED_EDGE('',*,*,#3855,.F.);
#3879 = ORIENTED_EDGE('',*,*,#3719,.T.);
#3880 = ORIENTED_EDGE('',*,*,#3881,.F.);
#3881 = EDGE_CURVE('',#3882,#3692,#3884,.T.);
#3882 = VERTEX_POINT('',#3883);
#3883 = CARTESIAN_POINT('',(10.,-23.,-8.));
#3884 = SURFACE_CURVE('',#3885,(#3889,#3896),.PCURVE_S1.);
#3885 = LINE('',#3886,#3887);
#3886 = CARTESIAN_POINT('',(10.,-23.,-28.));
#3887 = VECTOR('',#3888,1.);
#3888 = DIRECTION('',(0.,0.,1.));
#3889 = PCURVE('',#3733,#3890);
#3890 = DEFINITIONAL_REPRESENTATION('',(#3891),#3895);
#3891 = LINE('',#3892,#3893);
#3892 = CARTESIAN_POINT('',(0.,0.));
#3893 = VECTOR('',#3894,1.);
#3894 = DIRECTION('',(1.,0.));
#3895 = ( GEOMETRIC_REPRESENTATION_CONTEXT(2) 
PARAMETRIC_REPRESENTATION_CONTEXT() REPRESENTATION_CONTEXT('2D SPACE',''
  ) );
#3896 = PCURVE('',#3707,#3897);
#3897 = DEFINITIONAL_REPRESENTATION('',(#3898),#3902);
#3898 = LINE('',#3899,#3900);
#3899 = CARTESIAN_POINT('',(0.,20.));
#3900 = VECTOR('',#3901,1.);
#3901 = DIRECTION('',(1.,0.));
#3902 = ( GEOMETRIC_REPRESENTATION_CONTEXT(2) 
PARAMETRIC_REPRESENTATION_CONTEXT() REPRESENTATION_CONTEXT('2D SPACE',''
  ) );
#3903 = ORIENTED_EDGE('',*,*,#3904,.F.);
#3904 = EDGE_CURVE('',#3905,#3882,#3907,.T.);
#3905 = VERTEX_POINT('',#3906);
#3906 = CARTESIAN_POINT('',(10.,-33.,-8.));
#3907 = SURFACE_CURVE('',#3908,(#3912,#3919),.PCURVE_S1.);
#3908 = LINE('',#3909,#3910);
#3909 = CARTESIAN_POINT('',(10.,-33.,-8.));
#3910 = VECTOR('',#3911,1.);
#3911 = DIRECTION('',(0.,1.,0.));
#3912 = PCURVE('',#3733,#3913);
#3913 = DEFINITIONAL_REPRESENTATION('',(#3914),#3918);
#3914 = LINE('',#3915,#3916);
#3915 = CARTESIAN_POINT('',(20.,10.));
#3916 = VECTOR('',#3917,1.);
#3917 = DIRECTION('',(0.,-1.));
#3918 = ( GEOMETRIC_REPRESENTATION_CONTEXT(2) 
PARAMETRIC_REPRESENTATION_CONTEXT() REPRESENTATION_CONTEXT('2D SPACE',''
  ) );
#3919 = PCURVE('',#3920,#3925);
#3920 = PLANE('',#3921);
#3921 = AXIS2_PLACEMENT_3D('',#3922,#3923,#3924);
#3922 = CARTESIAN_POINT('',(-10.,-33.,-8.));
#3923 = DIRECTION('',(0.,0.,1.));
#3924 = DIRECTION('',(1.,0.,-0.));
#3925 = DEFINITIONAL_REPRESENTATION('',(#3926),#3930);
#3926 = LINE('',#3927,#3928);
#3927 = CARTESIAN_POINT('',(20.,0.));
#3928 = VECTOR('',#3929,1.);
#3929 = DIRECTION('',(0.,1.));
#3930 = ( GEOMETRIC_REPRESENTATION_CONTEXT(2) 
PARAMETRIC_REPRESENTATION_CONTEXT() REPRESENTATION_CONTEXT('2D SPACE',''
  ) );
#3931 = ORIENTED_EDGE('',*,*,#3932,.F.);
#3932 = EDGE_CURVE('',#3933,#3905,#3935,.T.);
#3933 = VERTEX_POINT('',#3934);
#3934 = CARTESIAN_POINT('',(10.,-33.,-28.));
#3935 = SURFACE_CURVE('',#3936,(#3940,#3947),.PCURVE_S1.);
#3936 = LINE('',#3937,#3938);
#3937 = CARTESIAN_POINT('',(10.,-33.,-28.));
#3938 = VECTOR('',#3939,1.);
#3939 = DIRECTION('',(0.,0.,1.));
#3940 = PCURVE('',#3733,#3941);
#3941 = DEFINITIONAL_REPRESENTATION('',(#3942),#3946);
#3942 = LINE('',#3943,#3944);
#3943 = CARTESIAN_POINT('',(0.,10.));
#3944 = VECTOR('',#3945,1.);
#3945 = DIRECTION('',(1.,0.));
#3946 = ( GEOMETRIC_REPRESENTATION_CONTEXT(2) 
PARAMETRIC_REPRESENTATION_CONTEXT() REPRESENTATION_CONTEXT('2D SPACE',''
  ) );
#3947 = PCURVE('',#3948,#3953);
#3948 = PLANE('',#3949);
#3949 = AXIS2_PLACEMENT_3D('',#3950,#3951,#3952);
#3950 = CARTESIAN_POINT('',(-10.,-33.,-28.));
#3951 = DIRECTION('',(0.,1.,0.));
#3952 = DIRECTION('',(0.,-0.,1.));
#3953 = DEFINITIONAL_REPRESENTATION('',(#3954),#3958);
#3954 = LINE('',#3955,#3956);
#3955 = CARTESIAN_POINT('',(0.,20.));
#3956 = VECTOR('',#3957,1.);
#3957 = DIRECTION('',(1.,0.));
#3958 = ( GEOMETRIC_REPRESENTATION_CONTEXT(2) 
PARAMETRIC_REPRESENTATION_CONTEXT() REPRESENTATION_CONTEXT('2D SPACE',''
  ) );
#3959 = ORIENTED_EDGE('',*,*,#3960,.F.);
#3960 = EDGE_CURVE('',#3806,#3933,#3961,.T.);
#3961 = SURFACE_CURVE('',#3962,(#3966,#3973),.PCURVE_S1.);
#3962 = LINE('',#3963,#3964);
#3963 = CARTESIAN_POINT('',(10.,-8.,-28.));
#3964 = VECTOR('',#3965,1.);
#3965 = DIRECTION('',(0.,-1.,0.));
#3966 = PCURVE('',#3733,#3967);
#3967 = DEFINITIONAL_REPRESENTATION('',(#3968),#3972);
#3968 = LINE('',#3969,#3970);
#3969 = CARTESIAN_POINT('',(0.,-15.));
#3970 = VECTOR('',#3971,1.);
#3971 = DIRECTION('',(0.,1.));
#3972 = ( GEOMETRIC_REPRESENTATION_CONTEXT(2) 
PARAMETRIC_REPRESENTATION_CONTEXT() REPRESENTATION_CONTEXT('2D SPACE',''
  ) );
#3973 = PCURVE('',#3821,#3974);
#3974 = DEFINITIONAL_REPRESENTATION('',(#3975),#3979);
#3975 = LINE('',#3976,#3977);
#3976 = CARTESIAN_POINT('',(20.,15.));
#3977 = VECTOR('',#3978,1.);
#3978 = DIRECTION('',(0.,-1.));
#3979 = ( GEOMETRIC_REPRESENTATION_CONTEXT(2) 
PARAMETRIC_REPRESENTATION_CONTEXT() REPRESENTATION_CONTEXT('2D SPACE',''
  ) );
#3980 = ADVANCED_FACE('',(#3981),#3707,.F.);
#3981 = FACE_BOUND('',#3982,.F.);
#3982 = EDGE_LOOP('',(#3983,#3984,#4007,#4028));
#3983 = ORIENTED_EDGE('',*,*,#3881,.F.);
#3984 = ORIENTED_EDGE('',*,*,#3985,.F.);
#3985 = EDGE_CURVE('',#3986,#3882,#3988,.T.);
#3986 = VERTEX_POINT('',#3987);
#3987 = CARTESIAN_POINT('',(-10.,-23.,-8.));
#3988 = SURFACE_CURVE('',#3989,(#3993,#4000),.PCURVE_S1.);
#3989 = LINE('',#3990,#3991);
#3990 = CARTESIAN_POINT('',(-10.,-23.,-8.));
#3991 = VECTOR('',#3992,1.);
#3992 = DIRECTION('',(1.,0.,0.));
#3993 = PCURVE('',#3707,#3994);
#3994 = DEFINITIONAL_REPRESENTATION('',(#3995),#3999);
#3995 = LINE('',#3996,#3997);
#3996 = CARTESIAN_POINT('',(20.,0.));
#3997 = VECTOR('',#3998,1.);
#3998 = DIRECTION('',(0.,1.));
#3999 = ( GEOMETRIC_REPRESENTATION_CONTEXT(2) 
PARAMETRIC_REPRESENTATION_CONTEXT() REPRESENTATION_CONTEXT('2D SPACE',''
  ) );
#4000 = PCURVE('',#3920,#4001);
#4001 = DEFINITIONAL_REPRESENTATION('',(#4002),#4006);
#4002 = LINE('',#4003,#4004);
#4003 = CARTESIAN_POINT('',(0.,10.));
#4004 = VECTOR('',#4005,1.);
#4005 = DIRECTION('',(1.,0.));
#4006 = ( GEOMETRIC_REPRESENTATION_CONTEXT(2) 
PARAMETRIC_REPRESENTATION_CONTEXT() REPRESENTATION_CONTEXT('2D SPACE',''
  ) );
#4007 = ORIENTED_EDGE('',*,*,#4008,.T.);
#4008 = EDGE_CURVE('',#3986,#3664,#4009,.T.);
#4009 = SURFACE_CURVE('',#4010,(#4014,#4021),.PCURVE_S1.);
#4010 = LINE('',#4011,#4012);
#4011 = CARTESIAN_POINT('',(-10.,-23.,-28.));
#4012 = VECTOR('',#4013,1.);
#4013 = DIRECTION('',(0.,0.,1.));
#4014 = PCURVE('',#3707,#4015);
#4015 = DEFINITIONAL_REPRESENTATION('',(#4016),#4020);
#4016 = LINE('',#4017,#4018);
#4017 = CARTESIAN_POINT('',(0.,0.));
#4018 = VECTOR('',#4019,1.);
#4019 = DIRECTION('',(1.,0.));
#4020 = ( GEOMETRIC_REPRESENTATION_CONTEXT(2) 
PARAMETRIC_REPRESENTATION_CONTEXT() REPRESENTATION_CONTEXT('2D SPACE',''
  ) );
#4021 = PCURVE('',#3679,#4022);
#4022 = DEFINITIONAL_REPRESENTATION('',(#4023),#4027);
#4023 = LINE('',#4024,#4025);
#4024 = CARTESIAN_POINT('',(0.,0.));
#4025 = VECTOR('',#4026,1.);
#4026 = DIRECTION('',(1.,0.));
#4027 = ( GEOMETRIC_REPRESENTATION_CONTEXT(2) 
PARAMETRIC_REPRESENTATION_CONTEXT() REPRESENTATION_CONTEXT('2D SPACE',''
  ) );
#4028 = ORIENTED_EDGE('',*,*,#3691,.T.);
#4029 = ADVANCED_FACE('',(#4030),#3679,.F.);
#4030 = FACE_BOUND('',#4031,.F.);
#4031 = EDGE_LOOP('',(#4032,#4033,#4034,#4035,#4058,#4081));
#4032 = ORIENTED_EDGE('',*,*,#3833,.F.);
#4033 = ORIENTED_EDGE('',*,*,#3663,.T.);
#4034 = ORIENTED_EDGE('',*,*,#4008,.F.);
#4035 = ORIENTED_EDGE('',*,*,#4036,.F.);
#4036 = EDGE_CURVE('',#4037,#3986,#4039,.T.);
#4037 = VERTEX_POINT('',#4038);
#4038 = CARTESIAN_POINT('',(-10.,-33.,-8.));
#4039 = SURFACE_CURVE('',#4040,(#4044,#4051),.PCURVE_S1.);
#4040 = LINE('',#4041,#4042);
#4041 = CARTESIAN_POINT('',(-10.,-33.,-8.));
#4042 = VECTOR('',#4043,1.);
#4043 = DIRECTION('',(0.,1.,0.));
#4044 = PCURVE('',#3679,#4045);
#4045 = DEFINITIONAL_REPRESENTATION('',(#4046),#4050);
#4046 = LINE('',#4047,#4048);
#4047 = CARTESIAN_POINT('',(20.,10.));
#4048 = VECTOR('',#4049,1.);
#4049 = DIRECTION('',(0.,-1.));
#4050 = ( GEOMETRIC_REPRESENTATION_CONTEXT(2) 
PARAMETRIC_REPRESENTATION_CONTEXT() REPRESENTATION_CONTEXT('2D SPACE',''
  ) );
#4051 = PCURVE('',#3920,#4052);
#4052 = DEFINITIONAL_REPRESENTATION('',(#4053),#4057);
#4053 = LINE('',#4054,#4055);
#4054 = CARTESIAN_POINT('',(0.,0.));
#4055 = VECTOR('',#4056,1.);
#4056 = DIRECTION('',(0.,1.));
#4057 = ( GEOMETRIC_REPRESENTATION_CONTEXT(2) 
PARAMETRIC_REPRESENTATION_CONTEXT() REPRESENTATION_CONTEXT('2D SPACE',''
  ) );
#4058 = ORIENTED_EDGE('',*,*,#4059,.F.);
#4059 = EDGE_CURVE('',#4060,#4037,#4062,.T.);
#4060 = VERTEX_POINT('',#4061);
#4061 = CARTESIAN_POINT('',(-10.,-33.,-28.));
#4062 = SURFACE_CURVE('',#4063,(#4067,#4074),.PCURVE_S1.);
#4063 = LINE('',#4064,#4065);
#4064 = CARTESIAN_POINT('',(-10.,-33.,-28.));
#4065 = VECTOR('',#4066,1.);
#4066 = DIRECTION('',(0.,0.,1.));
#4067 = PCURVE('',#3679,#4068);
#4068 = DEFINITIONAL_REPRESENTATION('',(#4069),#4073);
#4069 = LINE('',#4070,#4071);
#4070 = CARTESIAN_POINT('',(0.,10.));
#4071 = VECTOR('',#4072,1.);
#4072 = DIRECTION('',(1.,0.));
#4073 = ( GEOMETRIC_REPRESENTATION_CONTEXT(2) 
PARAMETRIC_REPRESENTATION_CONTEXT() REPRESENTATION_CONTEXT('2D SPACE',''
  ) );
#4074 = PCURVE('',#3948,#4075);
#4075 = DEFINITIONAL_REPRESENTATION('',(#4076),#4080);
#4076 = LINE('',#4077,#4078);
#4077 = CARTESIAN_POINT('',(0.,0.));
#4078 = VECTOR('',#4079,1.);
#4079 = DIRECTION('',(1.,0.));
#4080 = ( GEOMETRIC_REPRESENTATION_CONTEXT(2) 
PARAMETRIC_REPRESENTATION_CONTEXT() REPRESENTATION_CONTEXT('2D SPACE',''
  ) );
#4081 = ORIENTED_EDGE('',*,*,#4082,.F.);
#4082 = EDGE_CURVE('',#3804,#4060,#4083,.T.);
#4083 = SURFACE_CURVE('',#4084,(#4088,#4095),.PCURVE_S1.);
#4084 = LINE('',#4085,#4086);
#4085 = CARTESIAN_POINT('',(-10.,-8.,-28.));
#4086 = VECTOR('',#4087,1.);
#4087 = DIRECTION('',(0.,-1.,0.));
#4088 = PCURVE('',#3679,#4089);
#4089 = DEFINITIONAL_REPRESENTATION('',(#4090),#4094);
#4090 = LINE('',#4091,#4092);
#4091 = CARTESIAN_POINT('',(0.,-15.));
#4092 = VECTOR('',#4093,1.);
#4093 = DIRECTION('',(0.,1.));
#4094 = ( GEOMETRIC_REPRESENTATION_CONTEXT(2) 
PARAMETRIC_REPRESENTATION_CONTEXT() REPRESENTATION_CONTEXT('2D SPACE',''
  ) );
#4095 = PCURVE('',#3821,#4096);
#4096 = DEFINITIONAL_REPRESENTATION('',(#4097),#4101);
#4097 = LINE('',#4098,#4099);
#4098 = CARTESIAN_POINT('',(0.,15.));
#4099 = VECTOR('',#4100,1.);
#4100 = DIRECTION('',(0.,-1.));
#4101 = ( GEOMETRIC_REPRESENTATION_CONTEXT(2) 
PARAMETRIC_REPRESENTATION_CONTEXT() REPRESENTATION_CONTEXT('2D SPACE',''
  ) );
#4102 = ADVANCED_FACE('',(#4103),#3787,.T.);
#4103 = FACE_BOUND('',#4104,.T.);
#4104 = EDGE_LOOP('',(#4105,#4106,#4129,#4156));
#4105 = ORIENTED_EDGE('',*,*,#3772,.T.);
#4106 = ORIENTED_EDGE('',*,*,#4107,.T.);
#4107 = EDGE_CURVE('',#3750,#4108,#4110,.T.);
#4108 = VERTEX_POINT('',#4109);
#4109 = CARTESIAN_POINT('',(120.,8.544758030327,29.799112574088));
#4110 = SEAM_CURVE('',#4111,(#4115,#4122),.PCURVE_S1.);
#4111 = LINE('',#4112,#4113);
#4112 = CARTESIAN_POINT('',(120.,1.929461490719,6.728831871568));
#4113 = VECTOR('',#4114,1.);
#4114 = DIRECTION('',(0.,0.275637355817,0.961261695938));
#4115 = PCURVE('',#3787,#4116);
#4116 = DEFINITIONAL_REPRESENTATION('',(#4117),#4121);
#4117 = LINE('',#4118,#4119);
#4118 = CARTESIAN_POINT('',(6.28318530718,0.));
#4119 = VECTOR('',#4120,1.);
#4120 = DIRECTION('',(0.,1.));
#4121 = ( GEOMETRIC_REPRESENTATION_CONTEXT(2) 
PARAMETRIC_REPRESENTATION_CONTEXT() REPRESENTATION_CONTEXT('2D SPACE',''
  ) );
#4122 = PCURVE('',#3787,#4123);
#4123 = DEFINITIONAL_REPRESENTATION('',(#4124),#4128);
#4124 = LINE('',#4125,#4126);
#4125 = CARTESIAN_POINT('',(4.138911435803E-13,0.));
#4126 = VECTOR('',#4127,1.);
#4127 = DIRECTION('',(0.,1.));
#4128 = ( GEOMETRIC_REPRESENTATION_CONTEXT(2) 
PARAMETRIC_REPRESENTATION_CONTEXT() REPRESENTATION_CONTEXT('2D SPACE',''
  ) );
#4129 = ORIENTED_EDGE('',*,*,#4130,.F.);
#4130 = EDGE_CURVE('',#4108,#4108,#4131,.T.);
#4131 = SURFACE_CURVE('',#4132,(#4137,#4144),.PCURVE_S1.);
#4132 = CIRCLE('',#4133,120.);
#4133 = AXIS2_PLACEMENT_3D('',#4134,#4135,#4136);
#4134 = CARTESIAN_POINT('',(0.,8.544758030327,29.799112574088));
#4135 = DIRECTION('',(0.,0.275637355817,0.961261695938));
#4136 = DIRECTION('',(1.,0.,-0.));
#4137 = PCURVE('',#3787,#4138);
#4138 = DEFINITIONAL_REPRESENTATION('',(#4139),#4143);
#4139 = LINE('',#4140,#4141);
#4140 = CARTESIAN_POINT('',(0.,24.));
#4141 = VECTOR('',#4142,1.);
#4142 = DIRECTION('',(1.,0.));
#4143 = ( GEOMETRIC_REPRESENTATION_CONTEXT(2) 
PARAMETRIC_REPRESENTATION_CONTEXT() REPRESENTATION_CONTEXT('2D SPACE',''
  ) );
#4144 = PCURVE('',#4145,#4150);
#4145 = CONICAL_SURFACE('',#4146,120.,0.785398163397);
#4146 = AXIS2_PLACEMENT_3D('',#4147,#4148,#4149);
#4147 = CARTESIAN_POINT('',(0.,8.544758030327,29.799112574088));
#4148 = DIRECTION('',(0.,-0.275637355817,-0.961261695938));
#4149 = DIRECTION('',(1.,0.,0.));
#4150 = DEFINITIONAL_REPRESENTATION('',(#4151),#4155);
#4151 = LINE('',#4152,#4153);
#4152 = CARTESIAN_POINT('',(6.28318530718,0.));
#4153 = VECTOR('',#4154,1.);
#4154 = DIRECTION('',(-1.,0.));
#4155 = ( GEOMETRIC_REPRESENTATION_CONTEXT(2) 
PARAMETRIC_REPRESENTATION_CONTEXT() REPRESENTATION_CONTEXT('2D SPACE',''
  ) );
#4156 = ORIENTED_EDGE('',*,*,#4107,.F.);
#4157 = ADVANCED_FACE('',(#4158),#3821,.F.);
#4158 = FACE_BOUND('',#4159,.F.);
#4159 = EDGE_LOOP('',(#4160,#4161,#4182,#4183));
#4160 = ORIENTED_EDGE('',*,*,#4082,.T.);
#4161 = ORIENTED_EDGE('',*,*,#4162,.T.);
#4162 = EDGE_CURVE('',#4060,#3933,#4163,.T.);
#4163 = SURFACE_CURVE('',#4164,(#4168,#4175),.PCURVE_S1.);
#4164 = LINE('',#4165,#4166);
#4165 = CARTESIAN_POINT('',(-10.,-33.,-28.));
#4166 = VECTOR('',#4167,1.);
#4167 = DIRECTION('',(1.,0.,0.));
#4168 = PCURVE('',#3821,#4169);
#4169 = DEFINITIONAL_REPRESENTATION('',(#4170),#4174);
#4170 = LINE('',#4171,#4172);
#4171 = CARTESIAN_POINT('',(0.,-10.));
#4172 = VECTOR('',#4173,1.);
#4173 = DIRECTION('',(1.,0.));
#4174 = ( GEOMETRIC_REPRESENTATION_CONTEXT(2) 
PARAMETRIC_REPRESENTATION_CONTEXT() REPRESENTATION_CONTEXT('2D SPACE',''
  ) );
#4175 = PCURVE('',#3948,#4176);
#4176 = DEFINITIONAL_REPRESENTATION('',(#4177),#4181);
#4177 = LINE('',#4178,#4179);
#4178 = CARTESIAN_POINT('',(0.,0.));
#4179 = VECTOR('',#4180,1.);
#4180 = DIRECTION('',(0.,1.));
#4181 = ( GEOMETRIC_REPRESENTATION_CONTEXT(2) 
PARAMETRIC_REPRESENTATION_CONTEXT() REPRESENTATION_CONTEXT('2D SPACE',''
  ) );
#4182 = ORIENTED_EDGE('',*,*,#3960,.F.);
#4183 = ORIENTED_EDGE('',*,*,#3803,.F.);
#4184 = ADVANCED_FACE('',(#4185),#3948,.F.);
#4185 = FACE_BOUND('',#4186,.F.);
#4186 = EDGE_LOOP('',(#4187,#4188,#4189,#4210));
#4187 = ORIENTED_EDGE('',*,*,#4162,.F.);
#4188 = ORIENTED_EDGE('',*,*,#4059,.T.);
#4189 = ORIENTED_EDGE('',*,*,#4190,.T.);
#4190 = EDGE_CURVE('',#4037,#3905,#4191,.T.);
#4191 = SURFACE_CURVE('',#4192,(#4196,#4203),.PCURVE_S1.);
#4192 = LINE('',#4193,#4194);
#4193 = CARTESIAN_POINT('',(-10.,-33.,-8.));
#4194 = VECTOR('',#4195,1.);
#4195 = DIRECTION('',(1.,0.,0.));
#4196 = PCURVE('',#3948,#4197);
#4197 = DEFINITIONAL_REPRESENTATION('',(#4198),#4202);
#4198 = LINE('',#4199,#4200);
#4199 = CARTESIAN_POINT('',(20.,0.));
#4200 = VECTOR('',#4201,1.);
#4201 = DIRECTION('',(0.,1.));
#4202 = ( GEOMETRIC_REPRESENTATION_CONTEXT(2) 
PARAMETRIC_REPRESENTATION_CONTEXT() REPRESENTATION_CONTEXT('2D SPACE',''
  ) );
#4203 = PCURVE('',#3920,#4204);
#4204 = DEFINITIONAL_REPRESENTATION('',(#4205),#4209);
#4205 = LINE('',#4206,#4207);
#4206 = CARTESIAN_POINT('',(0.,0.));
#4207 = VECTOR('',#4208,1.);
#4208 = DIRECTION('',(1.,0.));
#4209 = ( GEOMETRIC_REPRESENTATION_CONTEXT(2) 
PARAMETRIC_REPRESENTATION_CONTEXT() REPRESENTATION_CONTEXT('2D SPACE',''
  ) );
#4210 = ORIENTED_EDGE('',*,*,#3932,.F.);
#4211 = ADVANCED_FACE('',(#4212),#3920,.T.);
#4212 = FACE_BOUND('',#4213,.T.);
#4213 = EDGE_LOOP('',(#4214,#4215,#4216,#4217));
#4214 = ORIENTED_EDGE('',*,*,#4036,.F.);
#4215 = ORIENTED_EDGE('',*,*,#4190,.T.);
#4216 = ORIENTED_EDGE('',*,*,#3904,.T.);
#4217 = ORIENTED_EDGE('',*,*,#3985,.F.);
#4218 = ADVANCED_FACE('',(#4219),#4145,.T.);
#4219 = FACE_BOUND('',#4220,.T.);
#4220 = EDGE_LOOP('',(#4221,#4222,#4245,#4272));
#4221 = ORIENTED_EDGE('',*,*,#4130,.T.);
#4222 = ORIENTED_EDGE('',*,*,#4223,.T.);
#4223 = EDGE_CURVE('',#4108,#4224,#4226,.T.);
#4224 = VERTEX_POINT('',#4225);
#4225 = CARTESIAN_POINT('',(119.,8.820395386144,30.760374270026));
#4226 = SEAM_CURVE('',#4227,(#4231,#4238),.PCURVE_S1.);
#4227 = LINE('',#4228,#4229);
#4228 = CARTESIAN_POINT('',(120.,8.544758030327,29.799112574088));
#4229 = VECTOR('',#4230,1.);
#4230 = DIRECTION('',(-0.707106781187,0.194905043447,0.679714663693));
#4231 = PCURVE('',#4145,#4232);
#4232 = DEFINITIONAL_REPRESENTATION('',(#4233),#4237);
#4233 = LINE('',#4234,#4235);
#4234 = CARTESIAN_POINT('',(0.,0.));
#4235 = VECTOR('',#4236,1.);
#4236 = DIRECTION('',(-0.,-1.));
#4237 = ( GEOMETRIC_REPRESENTATION_CONTEXT(2) 
PARAMETRIC_REPRESENTATION_CONTEXT() REPRESENTATION_CONTEXT('2D SPACE',''
  ) );
#4238 = PCURVE('',#4145,#4239);
#4239 = DEFINITIONAL_REPRESENTATION('',(#4240),#4244);
#4240 = LINE('',#4241,#4242);
#4241 = CARTESIAN_POINT('',(6.283185307179,0.));
#4242 = VECTOR('',#4243,1.);
#4243 = DIRECTION('',(-0.,-1.));
#4244 = ( GEOMETRIC_REPRESENTATION_CONTEXT(2) 
PARAMETRIC_REPRESENTATION_CONTEXT() REPRESENTATION_CONTEXT('2D SPACE',''
  ) );
#4245 = ORIENTED_EDGE('',*,*,#4246,.F.);
#4246 = EDGE_CURVE('',#4224,#4224,#4247,.T.);
#4247 = SURFACE_CURVE('',#4248,(#4253,#4260),.PCURVE_S1.);
#4248 = CIRCLE('',#4249,119.);
#4249 = AXIS2_PLACEMENT_3D('',#4250,#4251,#4252);
#4250 = CARTESIAN_POINT('',(0.,8.820395386144,30.760374270026));
#4251 = DIRECTION('',(0.,0.275637355817,0.961261695938));
#4252 = DIRECTION('',(1.,0.,-0.));
#4253 = PCURVE('',#4145,#4254);
#4254 = DEFINITIONAL_REPRESENTATION('',(#4255),#4259);
#4255 = LINE('',#4256,#4257);
#4256 = CARTESIAN_POINT('',(6.28318530718,-1.));
#4257 = VECTOR('',#4258,1.);
#4258 = DIRECTION('',(-1.,0.));
#4259 = ( GEOMETRIC_REPRESENTATION_CONTEXT(2) 
PARAMETRIC_REPRESENTATION_CONTEXT() REPRESENTATION_CONTEXT('2D SPACE',''
  ) );
#4260 = PCURVE('',#4261,#4266);
#4261 = PLANE('',#4262);
#4262 = AXIS2_PLACEMENT_3D('',#4263,#4264,#4265);
#4263 = CARTESIAN_POINT('',(0.,8.820395386144,30.760374270026));
#4264 = DIRECTION('',(0.,0.275637355817,0.961261695938));
#4265 = DIRECTION('',(1.,0.,-0.));
#4266 = DEFINITIONAL_REPRESENTATION('',(#4267),#4271);
#4267 = CIRCLE('',#4268,119.);
#4268 = AXIS2_PLACEMENT_2D('',#4269,#4270);
#4269 = CARTESIAN_POINT('',(0.,0.));
#4270 = DIRECTION('',(1.,0.));
#4271 = ( GEOMETRIC_REPRESENTATION_CONTEXT(2) 
PARAMETRIC_REPRESENTATION_CONTEXT() REPRESENTATION_CONTEXT('2D SPACE',''
  ) );
#4272 = ORIENTED_EDGE('',*,*,#4223,.F.);
#4273 = ADVANCED_FACE('',(#4274,#4277),#4261,.T.);
#4274 = FACE_BOUND('',#4275,.T.);
#4275 = EDGE_LOOP('',(#4276));
#4276 = ORIENTED_EDGE('',*,*,#4246,.T.);
#4277 = FACE_BOUND('',#4278,.T.);
#4278 = EDGE_LOOP('',(#4279));
#4279 = ORIENTED_EDGE('',*,*,#4280,.F.);
#4280 = EDGE_CURVE('',#4281,#4281,#4283,.T.);
#4281 = VERTEX_POINT('',#4282);
#4282 = CARTESIAN_POINT('',(117.3,8.820395386144,30.760374270026));
#4283 = SURFACE_CURVE('',#4284,(#4289,#4296),.PCURVE_S1.);
#4284 = CIRCLE('',#4285,117.3);
#4285 = AXIS2_PLACEMENT_3D('',#4286,#4287,#4288);
#4286 = CARTESIAN_POINT('',(0.,8.820395386144,30.760374270026));
#4287 = DIRECTION('',(0.,0.275637355817,0.961261695938));
#4288 = DIRECTION('',(1.,0.,-0.));
#4289 = PCURVE('',#4261,#4290);
#4290 = DEFINITIONAL_REPRESENTATION('',(#4291),#4295);
#4291 = CIRCLE('',#4292,117.3);
#4292 = AXIS2_PLACEMENT_2D('',#4293,#4294);
#4293 = CARTESIAN_POINT('',(0.,0.));
#4294 = DIRECTION('',(1.,0.));
#4295 = ( GEOMETRIC_REPRESENTATION_CONTEXT(2) 
PARAMETRIC_REPRESENTATION_CONTEXT() REPRESENTATION_CONTEXT('2D SPACE',''
  ) );
#4296 = PCURVE('',#4297,#4302);
#4297 = CYLINDRICAL_SURFACE('',#4298,117.3);
#4298 = AXIS2_PLACEMENT_3D('',#4299,#4300,#4301);
#4299 = CARTESIAN_POINT('',(0.,3.114702120732,10.862257164103));
#4300 = DIRECTION('',(0.,0.275637355817,0.961261695938));
#4301 = DIRECTION('',(1.,0.,-0.));
#4302 = DEFINITIONAL_REPRESENTATION('',(#4303),#4307);
#4303 = LINE('',#4304,#4305);
#4304 = CARTESIAN_POINT('',(0.,20.7));
#4305 = VECTOR('',#4306,1.);
#4306 = DIRECTION('',(1.,0.));
#4307 = ( GEOMETRIC_REPRESENTATION_CONTEXT(2) 
PARAMETRIC_REPRESENTATION_CONTEXT() REPRESENTATION_CONTEXT('2D SPACE',''
  ) );
#4308 = ADVANCED_FACE('',(#4309),#4297,.F.);
#4309 = FACE_BOUND('',#4310,.F.);
#4310 = EDGE_LOOP('',(#4311,#4334,#4335,#4336));
#4311 = ORIENTED_EDGE('',*,*,#4312,.T.);
#4312 = EDGE_CURVE('',#4313,#4281,#4315,.T.);
#4313 = VERTEX_POINT('',#4314);
#4314 = CARTESIAN_POINT('',(117.3,7.111443780079,24.800551755209));
#4315 = SEAM_CURVE('',#4316,(#4320,#4327),.PCURVE_S1.);
#4316 = LINE('',#4317,#4318);
#4317 = CARTESIAN_POINT('',(117.3,3.114702120732,10.862257164103));
#4318 = VECTOR('',#4319,1.);
#4319 = DIRECTION('',(0.,0.275637355817,0.961261695938));
#4320 = PCURVE('',#4297,#4321);
#4321 = DEFINITIONAL_REPRESENTATION('',(#4322),#4326);
#4322 = LINE('',#4323,#4324);
#4323 = CARTESIAN_POINT('',(6.28318530718,0.));
#4324 = VECTOR('',#4325,1.);
#4325 = DIRECTION('',(0.,1.));
#4326 = ( GEOMETRIC_REPRESENTATION_CONTEXT(2) 
PARAMETRIC_REPRESENTATION_CONTEXT() REPRESENTATION_CONTEXT('2D SPACE',''
  ) );
#4327 = PCURVE('',#4297,#4328);
#4328 = DEFINITIONAL_REPRESENTATION('',(#4329),#4333);
#4329 = LINE('',#4330,#4331);
#4330 = CARTESIAN_POINT('',(4.138911435803E-13,0.));
#4331 = VECTOR('',#4332,1.);
#4332 = DIRECTION('',(0.,1.));
#4333 = ( GEOMETRIC_REPRESENTATION_CONTEXT(2) 
PARAMETRIC_REPRESENTATION_CONTEXT() REPRESENTATION_CONTEXT('2D SPACE',''
  ) );
#4334 = ORIENTED_EDGE('',*,*,#4280,.F.);
#4335 = ORIENTED_EDGE('',*,*,#4312,.F.);
#4336 = ORIENTED_EDGE('',*,*,#4337,.T.);
#4337 = EDGE_CURVE('',#4313,#4313,#4338,.T.);
#4338 = SURFACE_CURVE('',#4339,(#4344,#4351),.PCURVE_S1.);
#4339 = CIRCLE('',#4340,117.3);
#4340 = AXIS2_PLACEMENT_3D('',#4341,#4342,#4343);
#4341 = CARTESIAN_POINT('',(0.,7.111443780079,24.800551755209));
#4342 = DIRECTION('',(-0.,0.275637355817,0.961261695938));
#4343 = DIRECTION('',(1.,0.,0.));
#4344 = PCURVE('',#4297,#4345);
#4345 = DEFINITIONAL_REPRESENTATION('',(#4346),#4350);
#4346 = LINE('',#4347,#4348);
#4347 = CARTESIAN_POINT('',(0.,14.5));
#4348 = VECTOR('',#4349,1.);
#4349 = DIRECTION('',(1.,0.));
#4350 = ( GEOMETRIC_REPRESENTATION_CONTEXT(2) 
PARAMETRIC_REPRESENTATION_CONTEXT() REPRESENTATION_CONTEXT('2D SPACE',''
  ) );
#4351 = PCURVE('',#4352,#4357);
#4352 = PLANE('',#4353);
#4353 = AXIS2_PLACEMENT_3D('',#4354,#4355,#4356);
#4354 = CARTESIAN_POINT('',(-2.984353571442E-15,7.111443780079,
    24.800551755209));
#4355 = DIRECTION('',(0.,0.275637355817,0.961261695938));
#4356 = DIRECTION('',(1.,0.,-0.));
#4357 = DEFINITIONAL_REPRESENTATION('',(#4358),#4362);
#4358 = CIRCLE('',#4359,117.3);
#4359 = AXIS2_PLACEMENT_2D('',#4360,#4361);
#4360 = CARTESIAN_POINT('',(2.984353571442E-15,0.));
#4361 = DIRECTION('',(1.,0.));
#4362 = ( GEOMETRIC_REPRESENTATION_CONTEXT(2) 
PARAMETRIC_REPRESENTATION_CONTEXT() REPRESENTATION_CONTEXT('2D SPACE',''
  ) );
#4363 = ADVANCED_FACE('',(#4364,#4367),#4352,.T.);
#4364 = FACE_BOUND('',#4365,.T.);
#4365 = EDGE_LOOP('',(#4366));
#4366 = ORIENTED_EDGE('',*,*,#4337,.T.);
#4367 = FACE_BOUND('',#4368,.T.);
#4368 = EDGE_LOOP('',(#4369));
#4369 = ORIENTED_EDGE('',*,*,#4370,.F.);
#4370 = EDGE_CURVE('',#4371,#4371,#4373,.T.);
#4371 = VERTEX_POINT('',#4372);
#4372 = CARTESIAN_POINT('',(112.,7.111443780079,24.800551755209));
#4373 = SURFACE_CURVE('',#4374,(#4379,#4386),.PCURVE_S1.);
#4374 = CIRCLE('',#4375,112.);
#4375 = AXIS2_PLACEMENT_3D('',#4376,#4377,#4378);
#4376 = CARTESIAN_POINT('',(0.,7.111443780079,24.800551755209));
#4377 = DIRECTION('',(-0.,0.275637355817,0.961261695938));
#4378 = DIRECTION('',(1.,0.,0.));
#4379 = PCURVE('',#4352,#4380);
#4380 = DEFINITIONAL_REPRESENTATION('',(#4381),#4385);
#4381 = CIRCLE('',#4382,112.);
#4382 = AXIS2_PLACEMENT_2D('',#4383,#4384);
#4383 = CARTESIAN_POINT('',(2.984353571442E-15,0.));
#4384 = DIRECTION('',(1.,0.));
#4385 = ( GEOMETRIC_REPRESENTATION_CONTEXT(2) 
PARAMETRIC_REPRESENTATION_CONTEXT() REPRESENTATION_CONTEXT('2D SPACE',''
  ) );
#4386 = PCURVE('',#4387,#4392);
#4387 = CYLINDRICAL_SURFACE('',#4388,112.);
#4388 = AXIS2_PLACEMENT_3D('',#4389,#4390,#4391);
#4389 = CARTESIAN_POINT('',(0.,6.339659183791,22.109019006581));
#4390 = DIRECTION('',(0.,-0.275637355817,-0.961261695938));
#4391 = DIRECTION('',(1.,0.,0.));
#4392 = DEFINITIONAL_REPRESENTATION('',(#4393),#4397);
#4393 = LINE('',#4394,#4395);
#4394 = CARTESIAN_POINT('',(6.28318530718,-2.800000000001));
#4395 = VECTOR('',#4396,1.);
#4396 = DIRECTION('',(-1.,0.));
#4397 = ( GEOMETRIC_REPRESENTATION_CONTEXT(2) 
PARAMETRIC_REPRESENTATION_CONTEXT() REPRESENTATION_CONTEXT('2D SPACE',''
  ) );
#4398 = ADVANCED_FACE('',(#4399),#4387,.F.);
#4399 = FACE_BOUND('',#4400,.F.);
#4400 = EDGE_LOOP('',(#4401,#4430,#4451,#4452));
#4401 = ORIENTED_EDGE('',*,*,#4402,.T.);
#4402 = EDGE_CURVE('',#4403,#4403,#4405,.T.);
#4403 = VERTEX_POINT('',#4404);
#4404 = CARTESIAN_POINT('',(112.,6.339659183791,22.109019006581));
#4405 = SURFACE_CURVE('',#4406,(#4411,#4418),.PCURVE_S1.);
#4406 = CIRCLE('',#4407,112.);
#4407 = AXIS2_PLACEMENT_3D('',#4408,#4409,#4410);
#4408 = CARTESIAN_POINT('',(0.,6.339659183791,22.109019006581));
#4409 = DIRECTION('',(-0.,0.275637355817,0.961261695938));
#4410 = DIRECTION('',(1.,0.,0.));
#4411 = PCURVE('',#4387,#4412);
#4412 = DEFINITIONAL_REPRESENTATION('',(#4413),#4417);
#4413 = LINE('',#4414,#4415);
#4414 = CARTESIAN_POINT('',(6.28318530718,0.));
#4415 = VECTOR('',#4416,1.);
#4416 = DIRECTION('',(-1.,5.654319433713E-16));
#4417 = ( GEOMETRIC_REPRESENTATION_CONTEXT(2) 
PARAMETRIC_REPRESENTATION_CONTEXT() REPRESENTATION_CONTEXT('2D SPACE',''
  ) );
#4418 = PCURVE('',#4419,#4424);
#4419 = PLANE('',#4420);
#4420 = AXIS2_PLACEMENT_3D('',#4421,#4422,#4423);
#4421 = CARTESIAN_POINT('',(-2.984353571442E-15,6.339659183791,
    22.109019006581));
#4422 = DIRECTION('',(0.,0.275637355817,0.961261695938));
#4423 = DIRECTION('',(1.,0.,-0.));
#4424 = DEFINITIONAL_REPRESENTATION('',(#4425),#4429);
#4425 = CIRCLE('',#4426,112.);
#4426 = AXIS2_PLACEMENT_2D('',#4427,#4428);
#4427 = CARTESIAN_POINT('',(2.984353571442E-15,0.));
#4428 = DIRECTION('',(1.,0.));
#4429 = ( GEOMETRIC_REPRESENTATION_CONTEXT(2) 
PARAMETRIC_REPRESENTATION_CONTEXT() REPRESENTATION_CONTEXT('2D SPACE',''
  ) );
#4430 = ORIENTED_EDGE('',*,*,#4431,.T.);
#4431 = EDGE_CURVE('',#4403,#4371,#4432,.T.);
#4432 = SEAM_CURVE('',#4433,(#4437,#4444),.PCURVE_S1.);
#4433 = LINE('',#4434,#4435);
#4434 = CARTESIAN_POINT('',(112.,6.339659183791,22.109019006581));
#4435 = VECTOR('',#4436,1.);
#4436 = DIRECTION('',(0.,0.275637355817,0.961261695938));
#4437 = PCURVE('',#4387,#4438);
#4438 = DEFINITIONAL_REPRESENTATION('',(#4439),#4443);
#4439 = LINE('',#4440,#4441);
#4440 = CARTESIAN_POINT('',(-4.138911435803E-13,0.));
#4441 = VECTOR('',#4442,1.);
#4442 = DIRECTION('',(-0.,-1.));
#4443 = ( GEOMETRIC_REPRESENTATION_CONTEXT(2) 
PARAMETRIC_REPRESENTATION_CONTEXT() REPRESENTATION_CONTEXT('2D SPACE',''
  ) );
#4444 = PCURVE('',#4387,#4445);
#4445 = DEFINITIONAL_REPRESENTATION('',(#4446),#4450);
#4446 = LINE('',#4447,#4448);
#4447 = CARTESIAN_POINT('',(6.28318530718,0.));
#4448 = VECTOR('',#4449,1.);
#4449 = DIRECTION('',(-0.,-1.));
#4450 = ( GEOMETRIC_REPRESENTATION_CONTEXT(2) 
PARAMETRIC_REPRESENTATION_CONTEXT() REPRESENTATION_CONTEXT('2D SPACE',''
  ) );
#4451 = ORIENTED_EDGE('',*,*,#4370,.F.);
#4452 = ORIENTED_EDGE('',*,*,#4431,.F.);
#4453 = ADVANCED_FACE('',(#4454,#4485),#4419,.F.);
#4454 = FACE_BOUND('',#4455,.F.);
#4455 = EDGE_LOOP('',(#4456));
#4456 = ORIENTED_EDGE('',*,*,#4457,.T.);
#4457 = EDGE_CURVE('',#4458,#4458,#4460,.T.);
#4458 = VERTEX_POINT('',#4459);
#4459 = CARTESIAN_POINT('',(117.3,6.339659183791,22.109019006581));
#4460 = SURFACE_CURVE('',#4461,(#4466,#4473),.PCURVE_S1.);
#4461 = CIRCLE('',#4462,117.3);
#4462 = AXIS2_PLACEMENT_3D('',#4463,#4464,#4465);
#4463 = CARTESIAN_POINT('',(0.,6.339659183791,22.109019006581));
#4464 = DIRECTION('',(-0.,0.275637355817,0.961261695938));
#4465 = DIRECTION('',(1.,0.,0.));
#4466 = PCURVE('',#4419,#4467);
#4467 = DEFINITIONAL_REPRESENTATION('',(#4468),#4472);
#4468 = CIRCLE('',#4469,117.3);
#4469 = AXIS2_PLACEMENT_2D('',#4470,#4471);
#4470 = CARTESIAN_POINT('',(2.984353571442E-15,0.));
#4471 = DIRECTION('',(1.,0.));
#4472 = ( GEOMETRIC_REPRESENTATION_CONTEXT(2) 
PARAMETRIC_REPRESENTATION_CONTEXT() REPRESENTATION_CONTEXT('2D SPACE',''
  ) );
#4473 = PCURVE('',#4474,#4479);
#4474 = CYLINDRICAL_SURFACE('',#4475,117.3);
#4475 = AXIS2_PLACEMENT_3D('',#4476,#4477,#4478);
#4476 = CARTESIAN_POINT('',(0.,3.114702120732,10.862257164103));
#4477 = DIRECTION('',(0.,0.275637355817,0.961261695938));
#4478 = DIRECTION('',(1.,0.,-0.));
#4479 = DEFINITIONAL_REPRESENTATION('',(#4480),#4484);
#4480 = LINE('',#4481,#4482);
#4481 = CARTESIAN_POINT('',(0.,11.7));
#4482 = VECTOR('',#4483,1.);
#4483 = DIRECTION('',(1.,0.));
#4484 = ( GEOMETRIC_REPRESENTATION_CONTEXT(2) 
PARAMETRIC_REPRESENTATION_CONTEXT() REPRESENTATION_CONTEXT('2D SPACE',''
  ) );
#4485 = FACE_BOUND('',#4486,.F.);
#4486 = EDGE_LOOP('',(#4487));
#4487 = ORIENTED_EDGE('',*,*,#4402,.F.);
#4488 = ADVANCED_FACE('',(#4489),#4474,.F.);
#4489 = FACE_BOUND('',#4490,.F.);
#4490 = EDGE_LOOP('',(#4491,#4492,#4515,#4541));
#4491 = ORIENTED_EDGE('',*,*,#4457,.F.);
#4492 = ORIENTED_EDGE('',*,*,#4493,.F.);
#4493 = EDGE_CURVE('',#4494,#4458,#4496,.T.);
#4494 = VERTEX_POINT('',#4495);
#4495 = CARTESIAN_POINT('',(117.3,3.114702120732,10.862257164103));
#4496 = SEAM_CURVE('',#4497,(#4501,#4508),.PCURVE_S1.);
#4497 = LINE('',#4498,#4499);
#4498 = CARTESIAN_POINT('',(117.3,3.114702120732,10.862257164103));
#4499 = VECTOR('',#4500,1.);
#4500 = DIRECTION('',(0.,0.275637355817,0.961261695938));
#4501 = PCURVE('',#4474,#4502);
#4502 = DEFINITIONAL_REPRESENTATION('',(#4503),#4507);
#4503 = LINE('',#4504,#4505);
#4504 = CARTESIAN_POINT('',(0.,-0.));
#4505 = VECTOR('',#4506,1.);
#4506 = DIRECTION('',(0.,1.));
#4507 = ( GEOMETRIC_REPRESENTATION_CONTEXT(2) 
PARAMETRIC_REPRESENTATION_CONTEXT() REPRESENTATION_CONTEXT('2D SPACE',''
  ) );
#4508 = PCURVE('',#4474,#4509);
#4509 = DEFINITIONAL_REPRESENTATION('',(#4510),#4514);
#4510 = LINE('',#4511,#4512);
#4511 = CARTESIAN_POINT('',(6.28318530718,-0.));
#4512 = VECTOR('',#4513,1.);
#4513 = DIRECTION('',(0.,1.));
#4514 = ( GEOMETRIC_REPRESENTATION_CONTEXT(2) 
PARAMETRIC_REPRESENTATION_CONTEXT() REPRESENTATION_CONTEXT('2D SPACE',''
  ) );
#4515 = ORIENTED_EDGE('',*,*,#4516,.T.);
#4516 = EDGE_CURVE('',#4494,#4494,#4517,.T.);
#4517 = SURFACE_CURVE('',#4518,(#4523,#4529),.PCURVE_S1.);
#4518 = CIRCLE('',#4519,117.3);
#4519 = AXIS2_PLACEMENT_3D('',#4520,#4521,#4522);
#4520 = CARTESIAN_POINT('',(0.,3.114702120732,10.862257164103));
#4521 = DIRECTION('',(-0.,0.275637355817,0.961261695938));
#4522 = DIRECTION('',(1.,0.,0.));
#4523 = PCURVE('',#4474,#4524);
#4524 = DEFINITIONAL_REPRESENTATION('',(#4525),#4528);
#4525 = B_SPLINE_CURVE_WITH_KNOTS('',1,(#4526,#4527),.UNSPECIFIED.,.F.,
  .F.,(2,2),(0.,6.28318530718),.PIECEWISE_BEZIER_KNOTS.);
#4526 = CARTESIAN_POINT('',(0.,0.));
#4527 = CARTESIAN_POINT('',(6.28318530718,0.));
#4528 = ( GEOMETRIC_REPRESENTATION_CONTEXT(2) 
PARAMETRIC_REPRESENTATION_CONTEXT() REPRESENTATION_CONTEXT('2D SPACE',''
  ) );
#4529 = PCURVE('',#4530,#4535);
#4530 = CONICAL_SURFACE('',#4531,109.5,0.785398163397);
#4531 = AXIS2_PLACEMENT_3D('',#4532,#4533,#4534);
#4532 = CARTESIAN_POINT('',(0.,0.964730745359,3.364415935784));
#4533 = DIRECTION('',(0.,0.275637355817,0.961261695938));
#4534 = DIRECTION('',(1.,0.,-0.));
#4535 = DEFINITIONAL_REPRESENTATION('',(#4536),#4540);
#4536 = LINE('',#4537,#4538);
#4537 = CARTESIAN_POINT('',(0.,7.8));
#4538 = VECTOR('',#4539,1.);
#4539 = DIRECTION('',(1.,0.));
#4540 = ( GEOMETRIC_REPRESENTATION_CONTEXT(2) 
PARAMETRIC_REPRESENTATION_CONTEXT() REPRESENTATION_CONTEXT('2D SPACE',''
  ) );
#4541 = ORIENTED_EDGE('',*,*,#4493,.T.);
#4542 = ADVANCED_FACE('',(#4543),#4530,.F.);
#4543 = FACE_BOUND('',#4544,.F.);
#4544 = EDGE_LOOP('',(#4545,#4546,#4569,#4596));
#4545 = ORIENTED_EDGE('',*,*,#4516,.F.);
#4546 = ORIENTED_EDGE('',*,*,#4547,.F.);
#4547 = EDGE_CURVE('',#4548,#4494,#4550,.T.);
#4548 = VERTEX_POINT('',#4549);
#4549 = CARTESIAN_POINT('',(109.5,0.964730745359,3.364415935784));
#4550 = SEAM_CURVE('',#4551,(#4555,#4562),.PCURVE_S1.);
#4551 = LINE('',#4552,#4553);
#4552 = CARTESIAN_POINT('',(109.5,0.964730745359,3.364415935784));
#4553 = VECTOR('',#4554,1.);
#4554 = DIRECTION('',(0.707106781187,0.194905043447,0.679714663693));
#4555 = PCURVE('',#4530,#4556);
#4556 = DEFINITIONAL_REPRESENTATION('',(#4557),#4561);
#4557 = LINE('',#4558,#4559);
#4558 = CARTESIAN_POINT('',(0.,-0.));
#4559 = VECTOR('',#4560,1.);
#4560 = DIRECTION('',(0.,1.));
#4561 = ( GEOMETRIC_REPRESENTATION_CONTEXT(2) 
PARAMETRIC_REPRESENTATION_CONTEXT() REPRESENTATION_CONTEXT('2D SPACE',''
  ) );
#4562 = PCURVE('',#4530,#4563);
#4563 = DEFINITIONAL_REPRESENTATION('',(#4564),#4568);
#4564 = LINE('',#4565,#4566);
#4565 = CARTESIAN_POINT('',(6.28318530718,-0.));
#4566 = VECTOR('',#4567,1.);
#4567 = DIRECTION('',(0.,1.));
#4568 = ( GEOMETRIC_REPRESENTATION_CONTEXT(2) 
PARAMETRIC_REPRESENTATION_CONTEXT() REPRESENTATION_CONTEXT('2D SPACE',''
  ) );
#4569 = ORIENTED_EDGE('',*,*,#4570,.T.);
#4570 = EDGE_CURVE('',#4548,#4548,#4571,.T.);
#4571 = SURFACE_CURVE('',#4572,(#4577,#4584),.PCURVE_S1.);
#4572 = CIRCLE('',#4573,109.5);
#4573 = AXIS2_PLACEMENT_3D('',#4574,#4575,#4576);
#4574 = CARTESIAN_POINT('',(0.,0.964730745359,3.364415935784));
#4575 = DIRECTION('',(-0.,0.275637355817,0.961261695938));
#4576 = DIRECTION('',(1.,0.,0.));
#4577 = PCURVE('',#4530,#4578);
#4578 = DEFINITIONAL_REPRESENTATION('',(#4579),#4583);
#4579 = LINE('',#4580,#4581);
#4580 = CARTESIAN_POINT('',(0.,0.));
#4581 = VECTOR('',#4582,1.);
#4582 = DIRECTION('',(1.,0.));
#4583 = ( GEOMETRIC_REPRESENTATION_CONTEXT(2) 
PARAMETRIC_REPRESENTATION_CONTEXT() REPRESENTATION_CONTEXT('2D SPACE',''
  ) );
#4584 = PCURVE('',#4585,#4590);
#4585 = PLANE('',#4586);
#4586 = AXIS2_PLACEMENT_3D('',#4587,#4588,#4589);
#4587 = CARTESIAN_POINT('',(0.,0.964730745359,3.364415935784));
#4588 = DIRECTION('',(0.,0.275637355817,0.961261695938));
#4589 = DIRECTION('',(1.,0.,-0.));
#4590 = DEFINITIONAL_REPRESENTATION('',(#4591),#4595);
#4591 = CIRCLE('',#4592,109.5);
#4592 = AXIS2_PLACEMENT_2D('',#4593,#4594);
#4593 = CARTESIAN_POINT('',(0.,0.));
#4594 = DIRECTION('',(1.,0.));
#4595 = ( GEOMETRIC_REPRESENTATION_CONTEXT(2) 
PARAMETRIC_REPRESENTATION_CONTEXT() REPRESENTATION_CONTEXT('2D SPACE',''
  ) );
#4596 = ORIENTED_EDGE('',*,*,#4547,.T.);
#4597 = ADVANCED_FACE('',(#4598),#4585,.T.);
#4598 = FACE_BOUND('',#4599,.T.);
#4599 = EDGE_LOOP('',(#4600));
#4600 = ORIENTED_EDGE('',*,*,#4570,.T.);
#4601 = ( GEOMETRIC_REPRESENTATION_CONTEXT(3) 
GLOBAL_UNCERTAINTY_ASSIGNED_CONTEXT((#4605)) 
GLOBAL_UNIT_ASSIGNED_CONTEXT((#4602,#4603,#4604)) REPRESENTATION_CONTEXT
('Context #1','3D Context with UNIT and UNCERTAINTY') );
#4602 = ( LENGTH_UNIT() NAMED_UNIT(*) SI_UNIT(.MILLI.,.METRE.) );
#4603 = ( NAMED_UNIT(*) PLANE_ANGLE_UNIT() SI_UNIT($,.RADIAN.) );
#4604 = ( NAMED_UNIT(*) SI_UNIT($,.STERADIAN.) SOLID_ANGLE_UNIT() );
#4605 = UNCERTAINTY_MEASURE_WITH_UNIT(LENGTH_MEASURE(1.E-07),#4602,
  'distance_accuracy_value','confusion accuracy');
#4606 = CONTEXT_DEPENDENT_SHAPE_REPRESENTATION(#4607,#4609);
#4607 = ( REPRESENTATION_RELATIONSHIP('','',#3590,#10) 
REPRESENTATION_RELATIONSHIP_WITH_TRANSFORMATION(#4608) 
SHAPE_REPRESENTATION_RELATIONSHIP() );
#4608 = ITEM_DEFINED_TRANSFORMATION('','',#11,#19);
#4609 = PRODUCT_DEFINITION_SHAPE('Placement','Placement of an item',
  #4610);
#4610 = NEXT_ASSEMBLY_USAGE_OCCURRENCE('35','=>[0:1:1:3]','',#5,#3585,$
  );
#4611 = PRODUCT_RELATED_PRODUCT_CATEGORY('part',$,(#3587));
#4612 = SHAPE_DEFINITION_REPRESENTATION(#4613,#4619);
#4613 = PRODUCT_DEFINITION_SHAPE('','',#4614);
#4614 = PRODUCT_DEFINITION('design','',#4615,#4618);
#4615 = PRODUCT_DEFINITION_FORMATION('','',#4616);
#4616 = PRODUCT('dial','dial','',(#4617));
#4617 = PRODUCT_CONTEXT('',#2,'mechanical');
#4618 = PRODUCT_DEFINITION_CONTEXT('part definition',#2,'design');
#4619 = ADVANCED_BREP_SHAPE_REPRESENTATION('',(#11,#4620),#4858);
#4620 = MANIFOLD_SOLID_BREP('',#4621);
#4621 = CLOSED_SHELL('',(#4622,#4710,#4766,#4801,#4851));
#4622 = ADVANCED_FACE('',(#4623),#4636,.T.);
#4623 = FACE_BOUND('',#4624,.T.);
#4624 = EDGE_LOOP('',(#4625,#4659,#4682,#4709));
#4625 = ORIENTED_EDGE('',*,*,#4626,.T.);
#4626 = EDGE_CURVE('',#4627,#4627,#4629,.T.);
#4627 = VERTEX_POINT('',#4628);
#4628 = CARTESIAN_POINT('',(117.,0.,0.));
#4629 = SURFACE_CURVE('',#4630,(#4635,#4647),.PCURVE_S1.);
#4630 = CIRCLE('',#4631,117.);
#4631 = AXIS2_PLACEMENT_3D('',#4632,#4633,#4634);
#4632 = CARTESIAN_POINT('',(0.,0.,0.));
#4633 = DIRECTION('',(0.,0.,1.));
#4634 = DIRECTION('',(1.,0.,-0.));
#4635 = PCURVE('',#4636,#4641);
#4636 = CYLINDRICAL_SURFACE('',#4637,117.);
#4637 = AXIS2_PLACEMENT_3D('',#4638,#4639,#4640);
#4638 = CARTESIAN_POINT('',(0.,0.,0.));
#4639 = DIRECTION('',(0.,0.,1.));
#4640 = DIRECTION('',(1.,0.,-0.));
#4641 = DEFINITIONAL_REPRESENTATION('',(#4642),#4646);
#4642 = LINE('',#4643,#4644);
#4643 = CARTESIAN_POINT('',(0.,0.));
#4644 = VECTOR('',#4645,1.);
#4645 = DIRECTION('',(1.,0.));
#4646 = ( GEOMETRIC_REPRESENTATION_CONTEXT(2) 
PARAMETRIC_REPRESENTATION_CONTEXT() REPRESENTATION_CONTEXT('2D SPACE',''
  ) );
#4647 = PCURVE('',#4648,#4653);
#4648 = PLANE('',#4649);
#4649 = AXIS2_PLACEMENT_3D('',#4650,#4651,#4652);
#4650 = CARTESIAN_POINT('',(0.,0.,0.));
#4651 = DIRECTION('',(0.,0.,1.));
#4652 = DIRECTION('',(1.,0.,-0.));
#4653 = DEFINITIONAL_REPRESENTATION('',(#4654),#4658);
#4654 = CIRCLE('',#4655,117.);
#4655 = AXIS2_PLACEMENT_2D('',#4656,#4657);
#4656 = CARTESIAN_POINT('',(0.,0.));
#4657 = DIRECTION('',(1.,0.));
#4658 = ( GEOMETRIC_REPRESENTATION_CONTEXT(2) 
PARAMETRIC_REPRESENTATION_CONTEXT() REPRESENTATION_CONTEXT('2D SPACE',''
  ) );
#4659 = ORIENTED_EDGE('',*,*,#4660,.T.);
#4660 = EDGE_CURVE('',#4627,#4661,#4663,.T.);
#4661 = VERTEX_POINT('',#4662);
#4662 = CARTESIAN_POINT('',(117.,0.,5.4));
#4663 = SEAM_CURVE('',#4664,(#4668,#4675),.PCURVE_S1.);
#4664 = LINE('',#4665,#4666);
#4665 = CARTESIAN_POINT('',(117.,0.,0.));
#4666 = VECTOR('',#4667,1.);
#4667 = DIRECTION('',(0.,0.,1.));
#4668 = PCURVE('',#4636,#4669);
#4669 = DEFINITIONAL_REPRESENTATION('',(#4670),#4674);
#4670 = LINE('',#4671,#4672);
#4671 = CARTESIAN_POINT('',(6.28318530718,0.));
#4672 = VECTOR('',#4673,1.);
#4673 = DIRECTION('',(0.,1.));
#4674 = ( GEOMETRIC_REPRESENTATION_CONTEXT(2) 
PARAMETRIC_REPRESENTATION_CONTEXT() REPRESENTATION_CONTEXT('2D SPACE',''
  ) );
#4675 = PCURVE('',#4636,#4676);
#4676 = DEFINITIONAL_REPRESENTATION('',(#4677),#4681);
#4677 = LINE('',#4678,#4679);
#4678 = CARTESIAN_POINT('',(4.138911435803E-13,0.));
#4679 = VECTOR('',#4680,1.);
#4680 = DIRECTION('',(0.,1.));
#4681 = ( GEOMETRIC_REPRESENTATION_CONTEXT(2) 
PARAMETRIC_REPRESENTATION_CONTEXT() REPRESENTATION_CONTEXT('2D SPACE',''
  ) );
#4682 = ORIENTED_EDGE('',*,*,#4683,.F.);
#4683 = EDGE_CURVE('',#4661,#4661,#4684,.T.);
#4684 = SURFACE_CURVE('',#4685,(#4690,#4697),.PCURVE_S1.);
#4685 = CIRCLE('',#4686,117.);
#4686 = AXIS2_PLACEMENT_3D('',#4687,#4688,#4689);
#4687 = CARTESIAN_POINT('',(0.,0.,5.4));
#4688 = DIRECTION('',(0.,0.,1.));
#4689 = DIRECTION('',(1.,0.,-0.));
#4690 = PCURVE('',#4636,#4691);
#4691 = DEFINITIONAL_REPRESENTATION('',(#4692),#4696);
#4692 = LINE('',#4693,#4694);
#4693 = CARTESIAN_POINT('',(0.,5.4));
#4694 = VECTOR('',#4695,1.);
#4695 = DIRECTION('',(1.,0.));
#4696 = ( GEOMETRIC_REPRESENTATION_CONTEXT(2) 
PARAMETRIC_REPRESENTATION_CONTEXT() REPRESENTATION_CONTEXT('2D SPACE',''
  ) );
#4697 = PCURVE('',#4698,#4703);
#4698 = TOROIDAL_SURFACE('',#4699,108.,15.);
#4699 = AXIS2_PLACEMENT_3D('',#4700,#4701,#4702);
#4700 = CARTESIAN_POINT('',(0.,0.,17.4));
#4701 = DIRECTION('',(-0.,-0.,-1.));
#4702 = DIRECTION('',(1.,0.,-0.));
#4703 = DEFINITIONAL_REPRESENTATION('',(#4704),#4708);
#4704 = LINE('',#4705,#4706);
#4705 = CARTESIAN_POINT('',(6.28318530718,0.927295218002));
#4706 = VECTOR('',#4707,1.);
#4707 = DIRECTION('',(-1.,0.));
#4708 = ( GEOMETRIC_REPRESENTATION_CONTEXT(2) 
PARAMETRIC_REPRESENTATION_CONTEXT() REPRESENTATION_CONTEXT('2D SPACE',''
  ) );
#4709 = ORIENTED_EDGE('',*,*,#4660,.F.);
#4710 = ADVANCED_FACE('',(#4711),#4698,.F.);
#4711 = FACE_BOUND('',#4712,.F.);
#4712 = EDGE_LOOP('',(#4713,#4737,#4764,#4765));
#4713 = ORIENTED_EDGE('',*,*,#4714,.T.);
#4714 = EDGE_CURVE('',#4661,#4715,#4717,.T.);
#4715 = VERTEX_POINT('',#4716);
#4716 = CARTESIAN_POINT('',(108.,0.,2.4));
#4717 = SEAM_CURVE('',#4718,(#4723,#4730),.PCURVE_S1.);
#4718 = CIRCLE('',#4719,15.);
#4719 = AXIS2_PLACEMENT_3D('',#4720,#4721,#4722);
#4720 = CARTESIAN_POINT('',(108.,0.,17.4));
#4721 = DIRECTION('',(0.,1.,0.));
#4722 = DIRECTION('',(0.6,0.,-0.8));
#4723 = PCURVE('',#4698,#4724);
#4724 = DEFINITIONAL_REPRESENTATION('',(#4725),#4729);
#4725 = LINE('',#4726,#4727);
#4726 = CARTESIAN_POINT('',(6.28318530718,0.927295218002));
#4727 = VECTOR('',#4728,1.);
#4728 = DIRECTION('',(-0.,1.));
#4729 = ( GEOMETRIC_REPRESENTATION_CONTEXT(2) 
PARAMETRIC_REPRESENTATION_CONTEXT() REPRESENTATION_CONTEXT('2D SPACE',''
  ) );
#4730 = PCURVE('',#4698,#4731);
#4731 = DEFINITIONAL_REPRESENTATION('',(#4732),#4736);
#4732 = LINE('',#4733,#4734);
#4733 = CARTESIAN_POINT('',(-4.138911435803E-13,0.927295218002));
#4734 = VECTOR('',#4735,1.);
#4735 = DIRECTION('',(-0.,1.));
#4736 = ( GEOMETRIC_REPRESENTATION_CONTEXT(2) 
PARAMETRIC_REPRESENTATION_CONTEXT() REPRESENTATION_CONTEXT('2D SPACE',''
  ) );
#4737 = ORIENTED_EDGE('',*,*,#4738,.T.);
#4738 = EDGE_CURVE('',#4715,#4715,#4739,.T.);
#4739 = SURFACE_CURVE('',#4740,(#4745,#4752),.PCURVE_S1.);
#4740 = CIRCLE('',#4741,108.);
#4741 = AXIS2_PLACEMENT_3D('',#4742,#4743,#4744);
#4742 = CARTESIAN_POINT('',(0.,0.,2.4));
#4743 = DIRECTION('',(0.,0.,1.));
#4744 = DIRECTION('',(1.,0.,-0.));
#4745 = PCURVE('',#4698,#4746);
#4746 = DEFINITIONAL_REPRESENTATION('',(#4747),#4751);
#4747 = LINE('',#4748,#4749);
#4748 = CARTESIAN_POINT('',(6.28318530718,1.570796326795));
#4749 = VECTOR('',#4750,1.);
#4750 = DIRECTION('',(-1.,0.));
#4751 = ( GEOMETRIC_REPRESENTATION_CONTEXT(2) 
PARAMETRIC_REPRESENTATION_CONTEXT() REPRESENTATION_CONTEXT('2D SPACE',''
  ) );
#4752 = PCURVE('',#4753,#4758);
#4753 = PLANE('',#4754);
#4754 = AXIS2_PLACEMENT_3D('',#4755,#4756,#4757);
#4755 = CARTESIAN_POINT('',(0.,0.,2.4));
#4756 = DIRECTION('',(0.,0.,1.));
#4757 = DIRECTION('',(1.,0.,-0.));
#4758 = DEFINITIONAL_REPRESENTATION('',(#4759),#4763);
#4759 = CIRCLE('',#4760,108.);
#4760 = AXIS2_PLACEMENT_2D('',#4761,#4762);
#4761 = CARTESIAN_POINT('',(0.,0.));
#4762 = DIRECTION('',(1.,0.));
#4763 = ( GEOMETRIC_REPRESENTATION_CONTEXT(2) 
PARAMETRIC_REPRESENTATION_CONTEXT() REPRESENTATION_CONTEXT('2D SPACE',''
  ) );
#4764 = ORIENTED_EDGE('',*,*,#4714,.F.);
#4765 = ORIENTED_EDGE('',*,*,#4683,.F.);
#4766 = ADVANCED_FACE('',(#4767,#4770),#4753,.T.);
#4767 = FACE_BOUND('',#4768,.T.);
#4768 = EDGE_LOOP('',(#4769));
#4769 = ORIENTED_EDGE('',*,*,#4738,.T.);
#4770 = FACE_BOUND('',#4771,.T.);
#4771 = EDGE_LOOP('',(#4772));
#4772 = ORIENTED_EDGE('',*,*,#4773,.F.);
#4773 = EDGE_CURVE('',#4774,#4774,#4776,.T.);
#4774 = VERTEX_POINT('',#4775);
#4775 = CARTESIAN_POINT('',(5.,0.,2.4));
#4776 = SURFACE_CURVE('',#4777,(#4782,#4789),.PCURVE_S1.);
#4777 = CIRCLE('',#4778,5.);
#4778 = AXIS2_PLACEMENT_3D('',#4779,#4780,#4781);
#4779 = CARTESIAN_POINT('',(0.,0.,2.4));
#4780 = DIRECTION('',(0.,0.,1.));
#4781 = DIRECTION('',(1.,0.,-0.));
#4782 = PCURVE('',#4753,#4783);
#4783 = DEFINITIONAL_REPRESENTATION('',(#4784),#4788);
#4784 = CIRCLE('',#4785,5.);
#4785 = AXIS2_PLACEMENT_2D('',#4786,#4787);
#4786 = CARTESIAN_POINT('',(0.,0.));
#4787 = DIRECTION('',(1.,0.));
#4788 = ( GEOMETRIC_REPRESENTATION_CONTEXT(2) 
PARAMETRIC_REPRESENTATION_CONTEXT() REPRESENTATION_CONTEXT('2D SPACE',''
  ) );
#4789 = PCURVE('',#4790,#4795);
#4790 = CYLINDRICAL_SURFACE('',#4791,5.);
#4791 = AXIS2_PLACEMENT_3D('',#4792,#4793,#4794);
#4792 = CARTESIAN_POINT('',(0.,0.,2.4));
#4793 = DIRECTION('',(-0.,-0.,-1.));
#4794 = DIRECTION('',(1.,0.,0.));
#4795 = DEFINITIONAL_REPRESENTATION('',(#4796),#4800);
#4796 = LINE('',#4797,#4798);
#4797 = CARTESIAN_POINT('',(6.28318530718,0.));
#4798 = VECTOR('',#4799,1.);
#4799 = DIRECTION('',(-1.,0.));
#4800 = ( GEOMETRIC_REPRESENTATION_CONTEXT(2) 
PARAMETRIC_REPRESENTATION_CONTEXT() REPRESENTATION_CONTEXT('2D SPACE',''
  ) );
#4801 = ADVANCED_FACE('',(#4802),#4790,.F.);
#4802 = FACE_BOUND('',#4803,.F.);
#4803 = EDGE_LOOP('',(#4804,#4827,#4849,#4850));
#4804 = ORIENTED_EDGE('',*,*,#4805,.T.);
#4805 = EDGE_CURVE('',#4774,#4806,#4808,.T.);
#4806 = VERTEX_POINT('',#4807);
#4807 = CARTESIAN_POINT('',(5.,0.,0.));
#4808 = SEAM_CURVE('',#4809,(#4813,#4820),.PCURVE_S1.);
#4809 = LINE('',#4810,#4811);
#4810 = CARTESIAN_POINT('',(5.,0.,2.4));
#4811 = VECTOR('',#4812,1.);
#4812 = DIRECTION('',(0.,0.,-1.));
#4813 = PCURVE('',#4790,#4814);
#4814 = DEFINITIONAL_REPRESENTATION('',(#4815),#4819);
#4815 = LINE('',#4816,#4817);
#4816 = CARTESIAN_POINT('',(6.28318530718,0.));
#4817 = VECTOR('',#4818,1.);
#4818 = DIRECTION('',(-0.,1.));
#4819 = ( GEOMETRIC_REPRESENTATION_CONTEXT(2) 
PARAMETRIC_REPRESENTATION_CONTEXT() REPRESENTATION_CONTEXT('2D SPACE',''
  ) );
#4820 = PCURVE('',#4790,#4821);
#4821 = DEFINITIONAL_REPRESENTATION('',(#4822),#4826);
#4822 = LINE('',#4823,#4824);
#4823 = CARTESIAN_POINT('',(-4.138911435803E-13,0.));
#4824 = VECTOR('',#4825,1.);
#4825 = DIRECTION('',(-0.,1.));
#4826 = ( GEOMETRIC_REPRESENTATION_CONTEXT(2) 
PARAMETRIC_REPRESENTATION_CONTEXT() REPRESENTATION_CONTEXT('2D SPACE',''
  ) );
#4827 = ORIENTED_EDGE('',*,*,#4828,.T.);
#4828 = EDGE_CURVE('',#4806,#4806,#4829,.T.);
#4829 = SURFACE_CURVE('',#4830,(#4835,#4842),.PCURVE_S1.);
#4830 = CIRCLE('',#4831,5.);
#4831 = AXIS2_PLACEMENT_3D('',#4832,#4833,#4834);
#4832 = CARTESIAN_POINT('',(0.,0.,0.));
#4833 = DIRECTION('',(0.,0.,1.));
#4834 = DIRECTION('',(1.,0.,-0.));
#4835 = PCURVE('',#4790,#4836);
#4836 = DEFINITIONAL_REPRESENTATION('',(#4837),#4841);
#4837 = LINE('',#4838,#4839);
#4838 = CARTESIAN_POINT('',(6.28318530718,2.4));
#4839 = VECTOR('',#4840,1.);
#4840 = DIRECTION('',(-1.,0.));
#4841 = ( GEOMETRIC_REPRESENTATION_CONTEXT(2) 
PARAMETRIC_REPRESENTATION_CONTEXT() REPRESENTATION_CONTEXT('2D SPACE',''
  ) );
#4842 = PCURVE('',#4648,#4843);
#4843 = DEFINITIONAL_REPRESENTATION('',(#4844),#4848);
#4844 = CIRCLE('',#4845,5.);
#4845 = AXIS2_PLACEMENT_2D('',#4846,#4847);
#4846 = CARTESIAN_POINT('',(0.,0.));
#4847 = DIRECTION('',(1.,0.));
#4848 = ( GEOMETRIC_REPRESENTATION_CONTEXT(2) 
PARAMETRIC_REPRESENTATION_CONTEXT() REPRESENTATION_CONTEXT('2D SPACE',''
  ) );
#4849 = ORIENTED_EDGE('',*,*,#4805,.F.);
#4850 = ORIENTED_EDGE('',*,*,#4773,.F.);
#4851 = ADVANCED_FACE('',(#4852,#4855),#4648,.F.);
#4852 = FACE_BOUND('',#4853,.T.);
#4853 = EDGE_LOOP('',(#4854));
#4854 = ORIENTED_EDGE('',*,*,#4828,.T.);
#4855 = FACE_BOUND('',#4856,.T.);
#4856 = EDGE_LOOP('',(#4857));
#4857 = ORIENTED_EDGE('',*,*,#4626,.F.);
#4858 = ( GEOMETRIC_REPRESENTATION_CONTEXT(3) 
GLOBAL_UNCERTAINTY_ASSIGNED_CONTEXT((#4862)) 
GLOBAL_UNIT_ASSIGNED_CONTEXT((#4859,#4860,#4861)) REPRESENTATION_CONTEXT
('Context #1','3D Context with UNIT and UNCERTAINTY') );
#4859 = ( LENGTH_UNIT() NAMED_UNIT(*) SI_UNIT(.MILLI.,.METRE.) );
#4860 = ( NAMED_UNIT(*) PLANE_ANGLE_UNIT() SI_UNIT($,.RADIAN.) );
#4861 = ( NAMED_UNIT(*) SI_UNIT($,.STERADIAN.) SOLID_ANGLE_UNIT() );
#4862 = UNCERTAINTY_MEASURE_WITH_UNIT(LENGTH_MEASURE(1.E-07),#4859,
  'distance_accuracy_value','confusion accuracy');
#4863 = CONTEXT_DEPENDENT_SHAPE_REPRESENTATION(#4864,#4866);
#4864 = ( REPRESENTATION_RELATIONSHIP('','',#4619,#10) 
REPRESENTATION_RELATIONSHIP_WITH_TRANSFORMATION(#4865) 
SHAPE_REPRESENTATION_RELATIONSHIP() );
#4865 = ITEM_DEFINED_TRANSFORMATION('','',#11,#23);
#4866 = PRODUCT_DEFINITION_SHAPE('Placement','Placement of an item',
  #4867);
#4867 = NEXT_ASSEMBLY_USAGE_OCCURRENCE('36','=>[0:1:1:4]','',#5,#4614,$
  );
#4868 = PRODUCT_RELATED_PRODUCT_CATEGORY('part',$,(#4616));
#4869 = MECHANICAL_DESIGN_GEOMETRIC_PRESENTATION_REPRESENTATION('',(
    #4870),#4858);
#4870 = STYLED_ITEM('color',(#4871),#4620);
#4871 = PRESENTATION_STYLE_ASSIGNMENT((#4872));
#4872 = SURFACE_STYLE_USAGE(.BOTH.,#4873);
#4873 = SURFACE_SIDE_STYLE('',(#4874));
#4874 = SURFACE_STYLE_FILL_AREA(#4875);
#4875 = FILL_AREA_STYLE('',(#4876));
#4876 = FILL_AREA_STYLE_COLOUR('',#4877);
#4877 = COLOUR_RGB('',1.,0.843389171228,0.234795084186);
#4878 = MECHANICAL_DESIGN_GEOMETRIC_PRESENTATION_REPRESENTATION('',(
    #4879),#4601);
#4879 = STYLED_ITEM('color',(#4880),#3591);
#4880 = PRESENTATION_STYLE_ASSIGNMENT((#4881));
#4881 = SURFACE_STYLE_USAGE(.BOTH.,#4882);
#4882 = SURFACE_SIDE_STYLE('',(#4883));
#4883 = SURFACE_STYLE_FILL_AREA(#4884);
#4884 = FILL_AREA_STYLE('',(#4885));
#4885 = FILL_AREA_STYLE_COLOUR('',#4886);
#4886 = COLOUR_RGB('',0.973148228365,0.754780651117,0.171844088395);
#4887 = MECHANICAL_DESIGN_GEOMETRIC_PRESENTATION_REPRESENTATION('',(
    #4888),#3572);
#4888 = STYLED_ITEM('color',(#4889),#41);
#4889 = PRESENTATION_STYLE_ASSIGNMENT((#4890));
#4890 = SURFACE_STYLE_USAGE(.BOTH.,#4891);
#4891 = SURFACE_SIDE_STYLE('',(#4892));
#4892 = SURFACE_STYLE_FILL_AREA(#4893);
#4893 = FILL_AREA_STYLE('',(#4894));
#4894 = FILL_AREA_STYLE_COLOUR('',#4895);
#4895 = COLOUR_RGB('',0.982207072223,0.785776927019,0.205984157713);
ENDSEC;
END-ISO-10303-21;
