ISO-10303-21;
HEADER;
FILE_DESCRIPTION(('Open CASCADE Model'),'2;1');
FILE_NAME('workbench','2026-09-26T01:57:08',('Author'),('Open CASCADE'),
  'Open CASCADE STEP processor 7.8','build123d','Unknown');
FILE_SCHEMA(('AUTOMOTIVE_DESIGN { 1 0 10303 214 1 1 1 1 }'));
ENDSEC;
DATA;
#1 = APPLICATION_PROTOCOL_DEFINITION('international standard',
  'automotive_design',2000,#2);
#2 = APPLICATION_CONTEXT(
  'core data for automotive mechanical design processes');
#3 = SHAPE_DEFINITION_REPRESENTATION(#4,#10);
#4 = PRODUCT_DEFINITION_SHAPE('','',#5);
#5 = PRODUCT_DEFINITION('design','',#6,#9);
#6 = PRODUCT_DEFINITION_FORMATION('','',#7);
#7 = PRODUCT('workbench','workbench','',(#8));
#8 = PRODUCT_CONTEXT('',#2,'mechanical');
#9 = PRODUCT_DEFINITION_CONTEXT('part definition',#2,'design');
#10 = SHAPE_REPRESENTATION('',(#11,#15,#19,#23,#27),#31);
#11 = AXIS2_PLACEMENT_3D('',#12,#13,#14);
#12 = CARTESIAN_POINT('',(0.,0.,0.));
#13 = DIRECTION('',(0.,0.,1.));
#14 = DIRECTION('',(1.,0.,-0.));
#15 = AXIS2_PLACEMENT_3D('',#16,#17,#18);
#16 = CARTESIAN_POINT('',(0.,-10.,0.));
#17 = DIRECTION('',(0.,0.,1.));
#18 = DIRECTION('',(1.,0.,0.));
#19 = AXIS2_PLACEMENT_3D('',#20,#21,#22);
#20 = CARTESIAN_POINT('',(0.,-7.70603691393,168.));
#21 = DIRECTION('',(0.,-1.,2.22044604925E-16));
#22 = DIRECTION('',(1.,0.,0.));
#23 = AXIS2_PLACEMENT_3D('',#24,#25,#26);
#24 = CARTESIAN_POINT('',(0.,0.,0.));
#25 = DIRECTION('',(0.,0.,1.));
#26 = DIRECTION('',(1.,0.,-0.));
#27 = AXIS2_PLACEMENT_3D('',#28,#29,#30);
#28 = CARTESIAN_POINT('',(0.,-12.87944090963,144.51626326375));
#29 = DIRECTION('',(0.,-0.961261695938,0.275637355817));
#30 = DIRECTION('',(1.,0.,0.));
#31 = ( GEOMETRIC_REPRESENTATION_CONTEXT(3) 
GLOBAL_UNCERTAINTY_ASSIGNED_CONTEXT((#35)) GLOBAL_UNIT_ASSIGNED_CONTEXT(
(#32,#33,#34)) REPRESENTATION_CONTEXT('Context #1',
  '3D Context with UNIT and UNCERTAINTY') );
#32 = ( LENGTH_UNIT() NAMED_UNIT(*) SI_UNIT(.MILLI.,.METRE.) );
#33 = ( NAMED_UNIT(*) PLANE_ANGLE_UNIT() SI_UNIT($,.RADIAN.) );
#34 = ( NAMED_UNIT(*) SI_UNIT($,.STERADIAN.) SOLID_ANGLE_UNIT() );
#35 = UNCERTAINTY_MEASURE_WITH_UNIT(LENGTH_MEASURE(1.E-06),#32,
  'distance_accuracy_value','confusion accuracy');
#36 = PRODUCT_RELATED_PRODUCT_CATEGORY('part',$,(#7));
#37 = SHAPE_DEFINITION_REPRESENTATION(#38,#44);
#38 = PRODUCT_DEFINITION_SHAPE('','',#39);
#39 = PRODUCT_DEFINITION('design','',#40,#43);
#40 = PRODUCT_DEFINITION_FORMATION('','',#41);
#41 = PRODUCT('base','base','',(#42));
#42 = PRODUCT_CONTEXT('',#2,'mechanical');
#43 = PRODUCT_DEFINITION_CONTEXT('part definition',#2,'design');
#44 = ADVANCED_BREP_SHAPE_REPRESENTATION('',(#11,#45),#5100);
#45 = MANIFOLD_SOLID_BREP('',#46);
#46 = CLOSED_SHELL('',(#47,#167,#311,#512,#695,#761,#1120,#1226,#1945,
    #1978,#2332,#2450,#2568,#2634,#2887,#2935,#3050,#3099,#3135,#3200,
    #3227,#3373,#3480,#3580,#3640,#3699,#3836,#3936,#3968,#4182,#4297,
    #4347,#4374,#4496,#4568,#4616,#4664,#4711,#4758,#4806,#4854,#4881,
    #4957,#5006,#5055,#5082,#5093));
#47 = ADVANCED_FACE('',(#48),#62,.F.);
#48 = FACE_BOUND('',#49,.F.);
#49 = EDGE_LOOP('',(#50,#85,#113,#141));
#50 = ORIENTED_EDGE('',*,*,#51,.T.);
#51 = EDGE_CURVE('',#52,#54,#56,.T.);
#52 = VERTEX_POINT('',#53);
#53 = CARTESIAN_POINT('',(-24.,89.958002495322,159.16004990644));
#54 = VERTEX_POINT('',#55);
#55 = CARTESIAN_POINT('',(-24.,82.,-2.84217094304E-14));
#56 = SURFACE_CURVE('',#57,(#61,#73),.PCURVE_S1.);
#57 = LINE('',#58,#59);
#58 = CARTESIAN_POINT('',(-24.,90.,160.));
#59 = VECTOR('',#60,1.);
#60 = DIRECTION('',(0.,-4.993761694388E-02,-0.998752338878));
#61 = PCURVE('',#62,#67);
#62 = PLANE('',#63);
#63 = AXIS2_PLACEMENT_3D('',#64,#65,#66);
#64 = CARTESIAN_POINT('',(0.,90.,160.));
#65 = DIRECTION('',(0.,-0.998752338878,4.993761694388E-02));
#66 = DIRECTION('',(0.,-4.993761694388E-02,-0.998752338878));
#67 = DEFINITIONAL_REPRESENTATION('',(#68),#72);
#68 = LINE('',#69,#70);
#69 = CARTESIAN_POINT('',(-0.,-24.));
#70 = VECTOR('',#71,1.);
#71 = DIRECTION('',(1.,0.));
#72 = ( GEOMETRIC_REPRESENTATION_CONTEXT(2) 
PARAMETRIC_REPRESENTATION_CONTEXT() REPRESENTATION_CONTEXT('2D SPACE',''
  ) );
#73 = PCURVE('',#74,#79);
#74 = CYLINDRICAL_SURFACE('',#75,18.);
#75 = AXIS2_PLACEMENT_3D('',#76,#77,#78);
#76 = CARTESIAN_POINT('',(-24.,72.022457900199,160.89887710499));
#77 = DIRECTION('',(0.,-4.993761694388E-02,-0.998752338878));
#78 = DIRECTION('',(-1.,-0.,0.));
#79 = DEFINITIONAL_REPRESENTATION('',(#80),#84);
#80 = LINE('',#81,#82);
#81 = CARTESIAN_POINT('',(1.570796326795,0.));
#82 = VECTOR('',#83,1.);
#83 = DIRECTION('',(0.,1.));
#84 = ( GEOMETRIC_REPRESENTATION_CONTEXT(2) 
PARAMETRIC_REPRESENTATION_CONTEXT() REPRESENTATION_CONTEXT('2D SPACE',''
  ) );
#85 = ORIENTED_EDGE('',*,*,#86,.T.);
#86 = EDGE_CURVE('',#54,#87,#89,.T.);
#87 = VERTEX_POINT('',#88);
#88 = CARTESIAN_POINT('',(24.,82.,-2.84217094304E-14));
#89 = SURFACE_CURVE('',#90,(#94,#101),.PCURVE_S1.);
#90 = LINE('',#91,#92);
#91 = CARTESIAN_POINT('',(-42.,82.,0.));
#92 = VECTOR('',#93,1.);
#93 = DIRECTION('',(1.,0.,0.));
#94 = PCURVE('',#62,#95);
#95 = DEFINITIONAL_REPRESENTATION('',(#96),#100);
#96 = LINE('',#97,#98);
#97 = CARTESIAN_POINT('',(160.199875156,-42.));
#98 = VECTOR('',#99,1.);
#99 = DIRECTION('',(0.,1.));
#100 = ( GEOMETRIC_REPRESENTATION_CONTEXT(2) 
PARAMETRIC_REPRESENTATION_CONTEXT() REPRESENTATION_CONTEXT('2D SPACE',''
  ) );
#101 = PCURVE('',#102,#107);
#102 = PLANE('',#103);
#103 = AXIS2_PLACEMENT_3D('',#104,#105,#106);
#104 = CARTESIAN_POINT('',(0.,82.,0.));
#105 = DIRECTION('',(-0.,0.,1.));
#106 = DIRECTION('',(0.,-1.,0.));
#107 = DEFINITIONAL_REPRESENTATION('',(#108),#112);
#108 = LINE('',#109,#110);
#109 = CARTESIAN_POINT('',(0.,-42.));
#110 = VECTOR('',#111,1.);
#111 = DIRECTION('',(0.,1.));
#112 = ( GEOMETRIC_REPRESENTATION_CONTEXT(2) 
PARAMETRIC_REPRESENTATION_CONTEXT() REPRESENTATION_CONTEXT('2D SPACE',''
  ) );
#113 = ORIENTED_EDGE('',*,*,#114,.F.);
#114 = EDGE_CURVE('',#115,#87,#117,.T.);
#115 = VERTEX_POINT('',#116);
#116 = CARTESIAN_POINT('',(24.,89.958002495322,159.16004990644));
#117 = SURFACE_CURVE('',#118,(#122,#129),.PCURVE_S1.);
#118 = LINE('',#119,#120);
#119 = CARTESIAN_POINT('',(24.,90.,160.));
#120 = VECTOR('',#121,1.);
#121 = DIRECTION('',(0.,-4.993761694388E-02,-0.998752338878));
#122 = PCURVE('',#62,#123);
#123 = DEFINITIONAL_REPRESENTATION('',(#124),#128);
#124 = LINE('',#125,#126);
#125 = CARTESIAN_POINT('',(0.,24.));
#126 = VECTOR('',#127,1.);
#127 = DIRECTION('',(1.,0.));
#128 = ( GEOMETRIC_REPRESENTATION_CONTEXT(2) 
PARAMETRIC_REPRESENTATION_CONTEXT() REPRESENTATION_CONTEXT('2D SPACE',''
  ) );
#129 = PCURVE('',#130,#135);
#130 = CYLINDRICAL_SURFACE('',#131,18.);
#131 = AXIS2_PLACEMENT_3D('',#132,#133,#134);
#132 = CARTESIAN_POINT('',(24.,72.022457900199,160.89887710499));
#133 = DIRECTION('',(0.,-4.993761694388E-02,-0.998752338878));
#134 = DIRECTION('',(-0.,0.998752338878,-4.993761694388E-02));
#135 = DEFINITIONAL_REPRESENTATION('',(#136),#140);
#136 = LINE('',#137,#138);
#137 = CARTESIAN_POINT('',(0.,0.));
#138 = VECTOR('',#139,1.);
#139 = DIRECTION('',(0.,1.));
#140 = ( GEOMETRIC_REPRESENTATION_CONTEXT(2) 
PARAMETRIC_REPRESENTATION_CONTEXT() REPRESENTATION_CONTEXT('2D SPACE',''
  ) );
#141 = ORIENTED_EDGE('',*,*,#142,.F.);
#142 = EDGE_CURVE('',#52,#115,#143,.T.);
#143 = SURFACE_CURVE('',#144,(#148,#155),.PCURVE_S1.);
#144 = LINE('',#145,#146);
#145 = CARTESIAN_POINT('',(-24.,89.958002495322,159.16004990644));
#146 = VECTOR('',#147,1.);
#147 = DIRECTION('',(1.,0.,0.));
#148 = PCURVE('',#62,#149);
#149 = DEFINITIONAL_REPRESENTATION('',(#150),#154);
#150 = LINE('',#151,#152);
#151 = CARTESIAN_POINT('',(0.840999375785,-24.));
#152 = VECTOR('',#153,1.);
#153 = DIRECTION('',(0.,1.));
#154 = ( GEOMETRIC_REPRESENTATION_CONTEXT(2) 
PARAMETRIC_REPRESENTATION_CONTEXT() REPRESENTATION_CONTEXT('2D SPACE',''
  ) );
#155 = PCURVE('',#156,#161);
#156 = CYLINDRICAL_SURFACE('',#157,0.8);
#157 = AXIS2_PLACEMENT_3D('',#158,#159,#160);
#158 = CARTESIAN_POINT('',(-24.,89.15900062422,159.2));
#159 = DIRECTION('',(1.,0.,0.));
#160 = DIRECTION('',(0.,0.998752338878,-4.993761694388E-02));
#161 = DEFINITIONAL_REPRESENTATION('',(#162),#166);
#162 = LINE('',#163,#164);
#163 = CARTESIAN_POINT('',(0.,0.));
#164 = VECTOR('',#165,1.);
#165 = DIRECTION('',(0.,1.));
#166 = ( GEOMETRIC_REPRESENTATION_CONTEXT(2) 
PARAMETRIC_REPRESENTATION_CONTEXT() REPRESENTATION_CONTEXT('2D SPACE',''
  ) );
#167 = ADVANCED_FACE('',(#168),#74,.T.);
#168 = FACE_BOUND('',#169,.T.);
#169 = EDGE_LOOP('',(#170,#200,#281,#282));
#170 = ORIENTED_EDGE('',*,*,#171,.F.);
#171 = EDGE_CURVE('',#172,#174,#176,.T.);
#172 = VERTEX_POINT('',#173);
#173 = CARTESIAN_POINT('',(-42.,71.937514044949,159.2));
#174 = VERTEX_POINT('',#175);
#175 = CARTESIAN_POINT('',(-42.,63.977514044949,2.84217094304E-14));
#176 = SURFACE_CURVE('',#177,(#181,#188),.PCURVE_S1.);
#177 = LINE('',#178,#179);
#178 = CARTESIAN_POINT('',(-42.,72.022457900199,160.89887710499));
#179 = VECTOR('',#180,1.);
#180 = DIRECTION('',(0.,-4.993761694388E-02,-0.998752338878));
#181 = PCURVE('',#74,#182);
#182 = DEFINITIONAL_REPRESENTATION('',(#183),#187);
#183 = LINE('',#184,#185);
#184 = CARTESIAN_POINT('',(0.,0.));
#185 = VECTOR('',#186,1.);
#186 = DIRECTION('',(0.,1.));
#187 = ( GEOMETRIC_REPRESENTATION_CONTEXT(2) 
PARAMETRIC_REPRESENTATION_CONTEXT() REPRESENTATION_CONTEXT('2D SPACE',''
  ) );
#188 = PCURVE('',#189,#194);
#189 = PLANE('',#190);
#190 = AXIS2_PLACEMENT_3D('',#191,#192,#193);
#191 = CARTESIAN_POINT('',(-42.,40.627476658587,81.363544527636));
#192 = DIRECTION('',(-1.,-0.,-0.));
#193 = DIRECTION('',(0.,-1.,0.));
#194 = DEFINITIONAL_REPRESENTATION('',(#195),#199);
#195 = LINE('',#196,#197);
#196 = CARTESIAN_POINT('',(-31.39498124161,79.535332577354));
#197 = VECTOR('',#198,1.);
#198 = DIRECTION('',(4.993761694388E-02,-0.998752338878));
#199 = ( GEOMETRIC_REPRESENTATION_CONTEXT(2) 
PARAMETRIC_REPRESENTATION_CONTEXT() REPRESENTATION_CONTEXT('2D SPACE',''
  ) );
#200 = ORIENTED_EDGE('',*,*,#201,.T.);
#201 = EDGE_CURVE('',#172,#52,#202,.T.);
#202 = SURFACE_CURVE('',#203,(#218,#231),.PCURVE_S1.);
#203 = B_SPLINE_CURVE_WITH_KNOTS('',7,(#204,#205,#206,#207,#208,#209,
    #210,#211,#212,#213,#214,#215,#216,#217),.UNSPECIFIED.,.F.,.F.,(8,6,
    8),(288.4499795469,288.48995481551,316.78197661298),.UNSPECIFIED.);
#204 = CARTESIAN_POINT('',(-42.,71.937514044949,159.2));
#205 = CARTESIAN_POINT('',(-42.,71.943228330664,159.19998733185));
#206 = CARTESIAN_POINT('',(-41.99999788839,71.948942619536,
    159.19997466368));
#207 = CARTESIAN_POINT('',(-41.99999366522,71.95465690139,
    159.19996199554));
#208 = CARTESIAN_POINT('',(-41.99998733045,71.960371182964,
    159.1999493274));
#209 = CARTESIAN_POINT('',(-41.99997888407,71.96608547323,
    159.19993665919));
#210 = CARTESIAN_POINT('',(-41.99996832606,71.971799768716,
    159.19992399091));
#211 = CARTESIAN_POINT('',(-41.99098893378,76.021720864285,
    159.19094559514));
#212 = CARTESIAN_POINT('',(-40.92428056792,80.061514735179,
    159.18198963613));
#213 = CARTESIAN_POINT('',(-38.80300729173,83.763121421906,
    159.17378344974));
#214 = CARTESIAN_POINT('',(-35.76030209185,86.797100670064,
    159.16705734966));
#215 = CARTESIAN_POINT('',(-32.05952058372,88.904219185719,
    159.1623860546));
#216 = CARTESIAN_POINT('',(-28.029736116,89.958002495322,159.16004990644
    ));
#217 = CARTESIAN_POINT('',(-24.,89.958002495322,159.16004990644));
#218 = PCURVE('',#74,#219);
#219 = DEFINITIONAL_REPRESENTATION('',(#220),#230);
#220 = B_SPLINE_CURVE_WITH_KNOTS('',8,(#221,#222,#223,#224,#225,#226,
    #227,#228,#229),.UNSPECIFIED.,.F.,.F.,(9,9),(288.4499795469,
    316.78197661298),.PIECEWISE_BEZIER_KNOTS.);
#221 = CARTESIAN_POINT('',(-5.399394900511E-16,1.70099937578));
#222 = CARTESIAN_POINT('',(0.196647868468,1.531882208891));
#223 = CARTESIAN_POINT('',(0.39321528438,1.36283575097));
#224 = CARTESIAN_POINT('',(0.58964276624,1.203868308996));
#225 = CARTESIAN_POINT('',(0.786003407783,1.064864482629));
#226 = CARTESIAN_POINT('',(0.982262117079,0.954460693569));
#227 = CARTESIAN_POINT('',(1.178460213119,0.878823143016));
#228 = CARTESIAN_POINT('',(1.374629593616,0.84099937578));
#229 = CARTESIAN_POINT('',(1.570796326795,0.84099937578));
#230 = ( GEOMETRIC_REPRESENTATION_CONTEXT(2) 
PARAMETRIC_REPRESENTATION_CONTEXT() REPRESENTATION_CONTEXT('2D SPACE',''
  ) );
#231 = PCURVE('',#232,#275);
#232 = ( BOUNDED_SURFACE() B_SPLINE_SURFACE(2,7,(
    (#233,#234,#235,#236,#237,#238,#239,#240,#241,#242,#243,#244,#245
      ,#246)
    ,(#247,#248,#249,#250,#251,#252,#253,#254,#255,#256,#257,#258,#259
      ,#260)
    ,(#261,#262,#263,#264,#265,#266,#267,#268,#269,#270,#271,#272,#273
,#274
    )),.UNSPECIFIED.,.F.,.F.,.F.) B_SPLINE_SURFACE_WITH_KNOTS((3,3),(8,6
    ,8),(0.,28.331997066081),(288.4499795469,288.48995481551,
316.78197661298),.UNSPECIFIED.) GEOMETRIC_REPRESENTATION_ITEM() 
RATIONAL_B_SPLINE_SURFACE((
    (1.,1.,1.,1.,1.,1.,1.,1.,1.,1.,1.,1.,1.,1.)
    ,(0.707106781187,0.707101182602,0.707095583958,0.707089985278
      ,0.707084386542,0.707078787722,0.707073188824,0.703105041055
      ,0.699120884869,0.695441807514,0.692402288611,0.690284291124
      ,0.689225065946,0.689225065946)
,(1.,1.,1.,1.,1.,1.,1.,1.,1.,1.,1.,1.,1.,1.
))) REPRESENTATION_ITEM('') SURFACE() );
#233 = CARTESIAN_POINT('',(-42.,71.937514044949,159.2));
#234 = CARTESIAN_POINT('',(-42.,71.943228330664,159.19998733185));
#235 = CARTESIAN_POINT('',(-41.99999788839,71.948942619536,
    159.19997466368));
#236 = CARTESIAN_POINT('',(-41.99999366522,71.95465690139,
    159.19996199554));
#237 = CARTESIAN_POINT('',(-41.99998733045,71.960371182964,
    159.1999493274));
#238 = CARTESIAN_POINT('',(-41.99997888407,71.96608547323,
    159.19993665919));
#239 = CARTESIAN_POINT('',(-41.99996832606,71.971799768716,
    159.19992399091));
#240 = CARTESIAN_POINT('',(-41.99098893378,76.021720864285,
    159.19094559514));
#241 = CARTESIAN_POINT('',(-40.92428056792,80.061514735179,
    159.18198963613));
#242 = CARTESIAN_POINT('',(-38.80300729173,83.763121421906,
    159.17378344974));
#243 = CARTESIAN_POINT('',(-35.76030209185,86.797100670064,
    159.16705734966));
#244 = CARTESIAN_POINT('',(-32.05952058372,88.904219185719,
    159.1623860546));
#245 = CARTESIAN_POINT('',(-28.029736116,89.958002495322,159.16004990644
    ));
#246 = CARTESIAN_POINT('',(-24.,89.958002495322,159.16004990644));
#247 = CARTESIAN_POINT('',(-42.,71.937514044949,160.));
#248 = CARTESIAN_POINT('',(-42.00001266825,71.943228375907,160.));
#249 = CARTESIAN_POINT('',(-42.00002322532,71.948942689669,160.));
#250 = CARTESIAN_POINT('',(-42.0000316712,71.954656993322,160.));
#251 = CARTESIAN_POINT('',(-42.00003800593,71.960371281625,160.));
#252 = CARTESIAN_POINT('',(-42.00004222959,71.966085548155,160.));
#253 = CARTESIAN_POINT('',(-42.00004434217,71.971799796436,160.));
#254 = CARTESIAN_POINT('',(-42.00004533902,76.044534364784,160.));
#255 = CARTESIAN_POINT('',(-40.93058872317,80.104678632204,160.));
#256 = CARTESIAN_POINT('',(-38.79962016342,83.812992709133,160.));
#257 = CARTESIAN_POINT('',(-35.75687850282,86.838467671052,160.));
#258 = CARTESIAN_POINT('',(-32.06608529353,88.942794051467,160.));
#259 = CARTESIAN_POINT('',(-28.03917206374,90.,160.));
#260 = CARTESIAN_POINT('',(-24.,90.,160.));
#261 = CARTESIAN_POINT('',(-41.2,71.937514044949,160.));
#262 = CARTESIAN_POINT('',(-41.2,71.943228330664,160.));
#263 = CARTESIAN_POINT('',(-41.19999787621,71.948978645971,160.));
#264 = CARTESIAN_POINT('',(-41.19999366662,71.954643909759,160.));
#265 = CARTESIAN_POINT('',(-41.1999873497,71.960315136519,160.));
#266 = CARTESIAN_POINT('',(-41.19997889309,71.966102445279,160.));
#267 = CARTESIAN_POINT('',(-41.19996830223,71.971942068533,160.));
#268 = CARTESIAN_POINT('',(-41.19101471008,75.842568393831,160.));
#269 = CARTESIAN_POINT('',(-40.17120594681,79.702878314204,160.));
#270 = CARTESIAN_POINT('',(-38.14406175386,83.239981355498,160.));
#271 = CARTESIAN_POINT('',(-35.23647468457,86.138921392186,160.));
#272 = CARTESIAN_POINT('',(-31.70048881731,88.152155444053,160.));
#273 = CARTESIAN_POINT('',(-27.85021735761,89.15900062422,160.));
#274 = CARTESIAN_POINT('',(-24.,89.15900062422,160.));
#275 = DEFINITIONAL_REPRESENTATION('',(#276),#280);
#276 = LINE('',#277,#278);
#277 = CARTESIAN_POINT('',(0.,0.));
#278 = VECTOR('',#279,1.);
#279 = DIRECTION('',(0.,1.));
#280 = ( GEOMETRIC_REPRESENTATION_CONTEXT(2) 
PARAMETRIC_REPRESENTATION_CONTEXT() REPRESENTATION_CONTEXT('2D SPACE',''
  ) );
#281 = ORIENTED_EDGE('',*,*,#51,.T.);
#282 = ORIENTED_EDGE('',*,*,#283,.F.);
#283 = EDGE_CURVE('',#174,#54,#284,.T.);
#284 = SURFACE_CURVE('',#285,(#290,#300),.PCURVE_S1.);
#285 = ELLIPSE('',#286,18.022485955051,18.);
#286 = AXIS2_PLACEMENT_3D('',#287,#288,#289);
#287 = CARTESIAN_POINT('',(-24.,63.977514044949,2.051682826227E-15));
#288 = DIRECTION('',(0.,-0.,-1.));
#289 = DIRECTION('',(0.,-1.,0.));
#290 = PCURVE('',#74,#291);
#291 = DEFINITIONAL_REPRESENTATION('',(#292),#299);
#292 = B_SPLINE_CURVE_WITH_KNOTS('',5,(#293,#294,#295,#296,#297,#298),
  .UNSPECIFIED.,.F.,.F.,(6,6),(1.570796326795,3.14159265359),
  .PIECEWISE_BEZIER_KNOTS.);
#293 = CARTESIAN_POINT('',(-6.661338147751E-16,161.099875156));
#294 = CARTESIAN_POINT('',(0.314159265359,160.81713181718));
#295 = CARTESIAN_POINT('',(0.628318497043,160.53413261087));
#296 = CARTESIAN_POINT('',(0.942477875025,160.31060230297));
#297 = CARTESIAN_POINT('',(1.256637061436,160.199875156));
#298 = CARTESIAN_POINT('',(1.570796326795,160.199875156));
#299 = ( GEOMETRIC_REPRESENTATION_CONTEXT(2) 
PARAMETRIC_REPRESENTATION_CONTEXT() REPRESENTATION_CONTEXT('2D SPACE',''
  ) );
#300 = PCURVE('',#102,#301);
#301 = DEFINITIONAL_REPRESENTATION('',(#302),#310);
#302 = ( BOUNDED_CURVE() B_SPLINE_CURVE(2,(#303,#304,#305,#306,#307,#308
,#309),.UNSPECIFIED.,.T.,.F.) B_SPLINE_CURVE_WITH_KNOTS((1,2,2,2,2,1),(
    -2.094395102393,0.,2.094395102393,4.188790204786,6.28318530718,
8.377580409573),.UNSPECIFIED.) CURVE() GEOMETRIC_REPRESENTATION_ITEM() 
RATIONAL_B_SPLINE_CURVE((1.,0.5,1.,0.5,1.,0.5,1.)) REPRESENTATION_ITEM(
  '') );
#303 = CARTESIAN_POINT('',(36.044971910102,-24.));
#304 = CARTESIAN_POINT('',(36.044971910102,-55.17691453624));
#305 = CARTESIAN_POINT('',(9.011242977526,-39.58845726812));
#306 = CARTESIAN_POINT('',(-18.02248595505,-24.));
#307 = CARTESIAN_POINT('',(9.011242977525,-8.41154273188));
#308 = CARTESIAN_POINT('',(36.044971910102,7.17691453624));
#309 = CARTESIAN_POINT('',(36.044971910102,-24.));
#310 = ( GEOMETRIC_REPRESENTATION_CONTEXT(2) 
PARAMETRIC_REPRESENTATION_CONTEXT() REPRESENTATION_CONTEXT('2D SPACE',''
  ) );
#311 = ADVANCED_FACE('',(#312),#156,.T.);
#312 = FACE_BOUND('',#313,.T.);
#313 = EDGE_LOOP('',(#314,#378,#406,#511));
#314 = ORIENTED_EDGE('',*,*,#315,.T.);
#315 = EDGE_CURVE('',#52,#316,#318,.T.);
#316 = VERTEX_POINT('',#317);
#317 = CARTESIAN_POINT('',(-24.,89.15900062422,160.));
#318 = SURFACE_CURVE('',#319,(#324,#330),.PCURVE_S1.);
#319 = CIRCLE('',#320,0.8);
#320 = AXIS2_PLACEMENT_3D('',#321,#322,#323);
#321 = CARTESIAN_POINT('',(-24.,89.15900062422,159.2));
#322 = DIRECTION('',(1.,0.,0.));
#323 = DIRECTION('',(0.,0.998752338878,-4.993761694388E-02));
#324 = PCURVE('',#156,#325);
#325 = DEFINITIONAL_REPRESENTATION('',(#326),#329);
#326 = B_SPLINE_CURVE_WITH_KNOTS('',1,(#327,#328),.UNSPECIFIED.,.F.,.F.,
  (2,2),(0.,1.620754722517),.PIECEWISE_BEZIER_KNOTS.);
#327 = CARTESIAN_POINT('',(0.,0.));
#328 = CARTESIAN_POINT('',(1.620754722517,0.));
#329 = ( GEOMETRIC_REPRESENTATION_CONTEXT(2) 
PARAMETRIC_REPRESENTATION_CONTEXT() REPRESENTATION_CONTEXT('2D SPACE',''
  ) );
#330 = PCURVE('',#232,#331);
#331 = DEFINITIONAL_REPRESENTATION('',(#332),#377);
#332 = B_SPLINE_CURVE_WITH_KNOTS('',8,(#333,#334,#335,#336,#337,#338,
    #339,#340,#341,#342,#343,#344,#345,#346,#347,#348,#349,#350,#351,
    #352,#353,#354,#355,#356,#357,#358,#359,#360,#361,#362,#363,#364,
    #365,#366,#367,#368,#369,#370,#371,#372,#373,#374,#375,#376),
  .UNSPECIFIED.,.F.,.F.,(9,7,7,7,7,7,9),(0.,0.202594340315,
    0.405188680629,0.810377361258,1.215566041888,1.418160382202,
    1.620754722517),.UNSPECIFIED.);
#333 = CARTESIAN_POINT('',(2.22044604925E-16,316.78197661298));
#334 = CARTESIAN_POINT('',(0.495128316163,316.78197661298));
#335 = CARTESIAN_POINT('',(0.984111842316,316.78197661297));
#336 = CARTESIAN_POINT('',(1.467324888177,316.78197661298));
#337 = CARTESIAN_POINT('',(1.945118737087,316.78197661297));
#338 = CARTESIAN_POINT('',(2.417823562501,316.78197661298));
#339 = CARTESIAN_POINT('',(2.885775001261,316.78197661297));
#340 = CARTESIAN_POINT('',(3.34926495347,316.78197661298));
#341 = CARTESIAN_POINT('',(4.267906413932,316.78197661298));
#342 = CARTESIAN_POINT('',(4.723057346974,316.78197661297));
#343 = CARTESIAN_POINT('',(5.17432830073,316.78197661298));
#344 = CARTESIAN_POINT('',(5.621998711439,316.78197661297));
#345 = CARTESIAN_POINT('',(6.066335871783,316.78197661298));
#346 = CARTESIAN_POINT('',(6.507595248844,316.78197661297));
#347 = CARTESIAN_POINT('',(6.946022881912,316.78197661298));
#348 = CARTESIAN_POINT('',(8.253533816602,316.78197661298));
#349 = CARTESIAN_POINT('',(9.114844264675,316.78197661297));
#350 = CARTESIAN_POINT('',(9.967709861548,316.78197661299));
#351 = CARTESIAN_POINT('',(10.813929366875,316.78197661296));
#352 = CARTESIAN_POINT('',(11.655217006244,316.78197661299));
#353 = CARTESIAN_POINT('',(12.493234010586,316.78197661297));
#354 = CARTESIAN_POINT('',(13.329616331587,316.78197661298));
#355 = CARTESIAN_POINT('',(15.002380734493,316.78197661297));
#356 = CARTESIAN_POINT('',(15.838763055495,316.78197661298));
#357 = CARTESIAN_POINT('',(16.676780059836,316.78197661297));
#358 = CARTESIAN_POINT('',(17.518067699204,316.78197661298));
#359 = CARTESIAN_POINT('',(18.364287204532,316.78197661297));
#360 = CARTESIAN_POINT('',(19.217152801405,316.78197661298));
#361 = CARTESIAN_POINT('',(20.078463249478,316.78197661298));
#362 = CARTESIAN_POINT('',(21.385974184168,316.78197661298));
#363 = CARTESIAN_POINT('',(21.824401817236,316.78197661298));
#364 = CARTESIAN_POINT('',(22.265661194296,316.78197661298));
#365 = CARTESIAN_POINT('',(22.709998354641,316.78197661297));
#366 = CARTESIAN_POINT('',(23.15766876535,316.78197661298));
#367 = CARTESIAN_POINT('',(23.608939719106,316.78197661297));
#368 = CARTESIAN_POINT('',(24.064090652148,316.78197661298));
#369 = CARTESIAN_POINT('',(24.98273211261,316.78197661297));
#370 = CARTESIAN_POINT('',(25.44622206482,316.78197661298));
#371 = CARTESIAN_POINT('',(25.914173503579,316.78197661296));
#372 = CARTESIAN_POINT('',(26.386878328994,316.78197661299));
#373 = CARTESIAN_POINT('',(26.864672177903,316.78197661296));
#374 = CARTESIAN_POINT('',(27.347885223764,316.78197661298));
#375 = CARTESIAN_POINT('',(27.836868749918,316.78197661297));
#376 = CARTESIAN_POINT('',(28.331997066081,316.78197661298));
#377 = ( GEOMETRIC_REPRESENTATION_CONTEXT(2) 
PARAMETRIC_REPRESENTATION_CONTEXT() REPRESENTATION_CONTEXT('2D SPACE',''
  ) );
#378 = ORIENTED_EDGE('',*,*,#379,.T.);
#379 = EDGE_CURVE('',#316,#380,#382,.T.);
#380 = VERTEX_POINT('',#381);
#381 = CARTESIAN_POINT('',(24.,89.15900062422,160.));
#382 = SURFACE_CURVE('',#383,(#387,#394),.PCURVE_S1.);
#383 = LINE('',#384,#385);
#384 = CARTESIAN_POINT('',(-24.,89.15900062422,160.));
#385 = VECTOR('',#386,1.);
#386 = DIRECTION('',(1.,0.,0.));
#387 = PCURVE('',#156,#388);
#388 = DEFINITIONAL_REPRESENTATION('',(#389),#393);
#389 = LINE('',#390,#391);
#390 = CARTESIAN_POINT('',(1.620754722517,0.));
#391 = VECTOR('',#392,1.);
#392 = DIRECTION('',(0.,1.));
#393 = ( GEOMETRIC_REPRESENTATION_CONTEXT(2) 
PARAMETRIC_REPRESENTATION_CONTEXT() REPRESENTATION_CONTEXT('2D SPACE',''
  ) );
#394 = PCURVE('',#395,#400);
#395 = PLANE('',#396);
#396 = AXIS2_PLACEMENT_3D('',#397,#398,#399);
#397 = CARTESIAN_POINT('',(0.,0.,160.));
#398 = DIRECTION('',(0.,0.,-1.));
#399 = DIRECTION('',(0.,1.,0.));
#400 = DEFINITIONAL_REPRESENTATION('',(#401),#405);
#401 = LINE('',#402,#403);
#402 = CARTESIAN_POINT('',(89.15900062422,-24.));
#403 = VECTOR('',#404,1.);
#404 = DIRECTION('',(0.,1.));
#405 = ( GEOMETRIC_REPRESENTATION_CONTEXT(2) 
PARAMETRIC_REPRESENTATION_CONTEXT() REPRESENTATION_CONTEXT('2D SPACE',''
  ) );
#406 = ORIENTED_EDGE('',*,*,#407,.F.);
#407 = EDGE_CURVE('',#115,#380,#408,.T.);
#408 = SURFACE_CURVE('',#409,(#414,#420),.PCURVE_S1.);
#409 = CIRCLE('',#410,0.8);
#410 = AXIS2_PLACEMENT_3D('',#411,#412,#413);
#411 = CARTESIAN_POINT('',(24.,89.15900062422,159.2));
#412 = DIRECTION('',(1.,0.,0.));
#413 = DIRECTION('',(0.,0.998752338878,-4.993761694388E-02));
#414 = PCURVE('',#156,#415);
#415 = DEFINITIONAL_REPRESENTATION('',(#416),#419);
#416 = B_SPLINE_CURVE_WITH_KNOTS('',1,(#417,#418),.UNSPECIFIED.,.F.,.F.,
  (2,2),(0.,1.620754722517),.PIECEWISE_BEZIER_KNOTS.);
#417 = CARTESIAN_POINT('',(0.,48.));
#418 = CARTESIAN_POINT('',(1.620754722517,48.));
#419 = ( GEOMETRIC_REPRESENTATION_CONTEXT(2) 
PARAMETRIC_REPRESENTATION_CONTEXT() REPRESENTATION_CONTEXT('2D SPACE',''
  ) );
#420 = PCURVE('',#421,#464);
#421 = ( BOUNDED_SURFACE() B_SPLINE_SURFACE(2,7,(
    (#422,#423,#424,#425,#426,#427,#428,#429,#430,#431,#432,#433,#434
      ,#435)
    ,(#436,#437,#438,#439,#440,#441,#442,#443,#444,#445,#446,#447,#448
      ,#449)
    ,(#450,#451,#452,#453,#454,#455,#456,#457,#458,#459,#460,#461,#462
,#463
    )),.UNSPECIFIED.,.F.,.F.,.F.) B_SPLINE_SURFACE_WITH_KNOTS((3,3),(8,6
    ,8),(0.,28.331997066105),(48.,76.292021797488,76.331997066105),
.UNSPECIFIED.) GEOMETRIC_REPRESENTATION_ITEM() RATIONAL_B_SPLINE_SURFACE
((
    (1.,1.,1.,1.,1.,1.,1.,1.,1.,1.,1.,1.,1.,1.)
    ,(0.689225065946,0.689225065946,0.690284291124,0.692402288611
      ,0.695441807514,0.699120884869,0.703105041055,0.707073188824
      ,0.707078787722,0.707084386542,0.707089985278,0.707095583958
      ,0.707101182602,0.707106781187)
,(1.,1.,1.,1.,1.,1.,1.,1.,1.,1.,1.,1.,1.,1.
))) REPRESENTATION_ITEM('') SURFACE() );
#422 = CARTESIAN_POINT('',(24.,89.958002495322,159.16004990644));
#423 = CARTESIAN_POINT('',(28.029736116007,89.958002495322,
    159.16004990644));
#424 = CARTESIAN_POINT('',(32.059520583722,88.904219185719,
    159.1623860546));
#425 = CARTESIAN_POINT('',(35.760302091858,86.797100670063,
    159.16705734966));
#426 = CARTESIAN_POINT('',(38.803007291733,83.763121421907,
    159.17378344974));
#427 = CARTESIAN_POINT('',(40.92428056793,80.061514735179,
    159.18198963613));
#428 = CARTESIAN_POINT('',(41.990988933787,76.021720864285,
    159.19094559514));
#429 = CARTESIAN_POINT('',(41.999968326068,71.971799768716,
    159.19992399091));
#430 = CARTESIAN_POINT('',(41.99997888407,71.96608547323,159.19993665919
    ));
#431 = CARTESIAN_POINT('',(41.999987330457,71.960371182964,
    159.1999493274));
#432 = CARTESIAN_POINT('',(41.999993665225,71.95465690139,
    159.19996199554));
#433 = CARTESIAN_POINT('',(41.999997888399,71.948942619536,
    159.19997466368));
#434 = CARTESIAN_POINT('',(42.,71.943228330664,159.19998733185));
#435 = CARTESIAN_POINT('',(42.,71.937514044949,159.2));
#436 = CARTESIAN_POINT('',(24.,90.,160.));
#437 = CARTESIAN_POINT('',(28.039172063742,90.,160.));
#438 = CARTESIAN_POINT('',(32.066085293537,88.942794051467,160.));
#439 = CARTESIAN_POINT('',(35.756878502829,86.838467671053,160.));
#440 = CARTESIAN_POINT('',(38.79962016342,83.812992709131,160.));
#441 = CARTESIAN_POINT('',(40.930588723177,80.104678632205,160.));
#442 = CARTESIAN_POINT('',(42.000045339027,76.044534364783,160.));
#443 = CARTESIAN_POINT('',(42.000044342177,71.971799796436,160.));
#444 = CARTESIAN_POINT('',(42.000042229594,71.966085548155,160.));
#445 = CARTESIAN_POINT('',(42.000038005937,71.960371281625,160.));
#446 = CARTESIAN_POINT('',(42.0000316712,71.954656993322,160.));
#447 = CARTESIAN_POINT('',(42.000023225322,71.948942689669,160.));
#448 = CARTESIAN_POINT('',(42.00001266825,71.943228375907,160.));
#449 = CARTESIAN_POINT('',(42.,71.937514044949,160.));
#450 = CARTESIAN_POINT('',(24.,89.15900062422,160.));
#451 = CARTESIAN_POINT('',(27.850217357619,89.15900062422,160.));
#452 = CARTESIAN_POINT('',(31.700488817314,88.152155444053,160.));
#453 = CARTESIAN_POINT('',(35.236474684573,86.138921392185,160.));
#454 = CARTESIAN_POINT('',(38.144061753858,83.239981355499,160.));
#455 = CARTESIAN_POINT('',(40.171205946819,79.702878314203,160.));
#456 = CARTESIAN_POINT('',(41.191014710082,75.842568393831,160.));
#457 = CARTESIAN_POINT('',(41.199968302236,71.971942068533,160.));
#458 = CARTESIAN_POINT('',(41.199978893092,71.966102445279,160.));
#459 = CARTESIAN_POINT('',(41.199987349709,71.96031513652,160.));
#460 = CARTESIAN_POINT('',(41.199993666628,71.954643909759,160.));
#461 = CARTESIAN_POINT('',(41.199997876216,71.948978645971,160.));
#462 = CARTESIAN_POINT('',(41.2,71.943228330664,160.));
#463 = CARTESIAN_POINT('',(41.2,71.937514044949,160.));
#464 = DEFINITIONAL_REPRESENTATION('',(#465),#510);
#465 = B_SPLINE_CURVE_WITH_KNOTS('',8,(#466,#467,#468,#469,#470,#471,
    #472,#473,#474,#475,#476,#477,#478,#479,#480,#481,#482,#483,#484,
    #485,#486,#487,#488,#489,#490,#491,#492,#493,#494,#495,#496,#497,
    #498,#499,#500,#501,#502,#503,#504,#505,#506,#507,#508,#509),
  .UNSPECIFIED.,.F.,.F.,(9,7,7,7,7,7,9),(0.,0.202594340315,
    0.405188680629,0.810377361258,1.215566041888,1.418160382202,
    1.620754722517),.UNSPECIFIED.);
#466 = CARTESIAN_POINT('',(-2.22044604925E-16,48.));
#467 = CARTESIAN_POINT('',(0.495128316163,48.));
#468 = CARTESIAN_POINT('',(0.984111842317,47.999999999999));
#469 = CARTESIAN_POINT('',(1.467324888179,48.000000000001));
#470 = CARTESIAN_POINT('',(1.945118737089,47.999999999998));
#471 = CARTESIAN_POINT('',(2.417823562503,48.000000000001));
#472 = CARTESIAN_POINT('',(2.885775001264,47.999999999999));
#473 = CARTESIAN_POINT('',(3.349264953474,48.));
#474 = CARTESIAN_POINT('',(4.267906413936,48.));
#475 = CARTESIAN_POINT('',(4.723057346979,47.999999999999));
#476 = CARTESIAN_POINT('',(5.174328300735,48.000000000002));
#477 = CARTESIAN_POINT('',(5.621998711445,47.999999999998));
#478 = CARTESIAN_POINT('',(6.066335871789,48.000000000002));
#479 = CARTESIAN_POINT('',(6.507595248851,47.999999999999));
#480 = CARTESIAN_POINT('',(6.946022881919,48.));
#481 = CARTESIAN_POINT('',(8.25353381661,48.));
#482 = CARTESIAN_POINT('',(9.114844264684,48.));
#483 = CARTESIAN_POINT('',(9.967709861557,47.999999999999));
#484 = CARTESIAN_POINT('',(10.813929366886,48.));
#485 = CARTESIAN_POINT('',(11.655217006254,47.999999999999));
#486 = CARTESIAN_POINT('',(12.493234010597,48.));
#487 = CARTESIAN_POINT('',(13.329616331599,48.));
#488 = CARTESIAN_POINT('',(15.002380734507,48.));
#489 = CARTESIAN_POINT('',(15.838763055509,48.));
#490 = CARTESIAN_POINT('',(16.676780059852,48.));
#491 = CARTESIAN_POINT('',(17.51806769922,48.));
#492 = CARTESIAN_POINT('',(18.364287204549,48.));
#493 = CARTESIAN_POINT('',(19.217152801422,48.));
#494 = CARTESIAN_POINT('',(20.078463249496,48.));
#495 = CARTESIAN_POINT('',(21.385974184188,48.));
#496 = CARTESIAN_POINT('',(21.824401817256,48.000000000001));
#497 = CARTESIAN_POINT('',(22.265661194316,47.999999999998));
#498 = CARTESIAN_POINT('',(22.709998354663,48.000000000002));
#499 = CARTESIAN_POINT('',(23.15766876537,47.999999999998));
#500 = CARTESIAN_POINT('',(23.608939719128,48.));
#501 = CARTESIAN_POINT('',(24.06409065217,48.));
#502 = CARTESIAN_POINT('',(24.982732112633,48.));
#503 = CARTESIAN_POINT('',(25.446222064843,48.000000000001));
#504 = CARTESIAN_POINT('',(25.914173503603,47.999999999997));
#505 = CARTESIAN_POINT('',(26.386878329017,48.000000000003));
#506 = CARTESIAN_POINT('',(26.864672177926,47.999999999997));
#507 = CARTESIAN_POINT('',(27.347885223788,48.000000000001));
#508 = CARTESIAN_POINT('',(27.836868749942,47.999999999999));
#509 = CARTESIAN_POINT('',(28.331997066105,48.));
#510 = ( GEOMETRIC_REPRESENTATION_CONTEXT(2) 
PARAMETRIC_REPRESENTATION_CONTEXT() REPRESENTATION_CONTEXT('2D SPACE',''
  ) );
#511 = ORIENTED_EDGE('',*,*,#142,.F.);
#512 = ADVANCED_FACE('',(#513),#102,.F.);
#513 = FACE_BOUND('',#514,.F.);
#514 = EDGE_LOOP('',(#515,#516,#517,#540,#577,#605,#638,#666));
#515 = ORIENTED_EDGE('',*,*,#86,.F.);
#516 = ORIENTED_EDGE('',*,*,#283,.F.);
#517 = ORIENTED_EDGE('',*,*,#518,.T.);
#518 = EDGE_CURVE('',#174,#519,#521,.T.);
#519 = VERTEX_POINT('',#520);
#520 = CARTESIAN_POINT('',(-42.,9.056543147557,-6.217248937901E-15));
#521 = SURFACE_CURVE('',#522,(#526,#533),.PCURVE_S1.);
#522 = LINE('',#523,#524);
#523 = CARTESIAN_POINT('',(-42.,82.,0.));
#524 = VECTOR('',#525,1.);
#525 = DIRECTION('',(0.,-1.,0.));
#526 = PCURVE('',#102,#527);
#527 = DEFINITIONAL_REPRESENTATION('',(#528),#532);
#528 = LINE('',#529,#530);
#529 = CARTESIAN_POINT('',(0.,-42.));
#530 = VECTOR('',#531,1.);
#531 = DIRECTION('',(1.,0.));
#532 = ( GEOMETRIC_REPRESENTATION_CONTEXT(2) 
PARAMETRIC_REPRESENTATION_CONTEXT() REPRESENTATION_CONTEXT('2D SPACE',''
  ) );
#533 = PCURVE('',#189,#534);
#534 = DEFINITIONAL_REPRESENTATION('',(#535),#539);
#535 = LINE('',#536,#537);
#536 = CARTESIAN_POINT('',(-41.37252334141,-81.36354452763));
#537 = VECTOR('',#538,1.);
#538 = DIRECTION('',(1.,0.));
#539 = ( GEOMETRIC_REPRESENTATION_CONTEXT(2) 
PARAMETRIC_REPRESENTATION_CONTEXT() REPRESENTATION_CONTEXT('2D SPACE',''
  ) );
#540 = ORIENTED_EDGE('',*,*,#541,.F.);
#541 = EDGE_CURVE('',#542,#519,#544,.T.);
#542 = VERTEX_POINT('',#543);
#543 = CARTESIAN_POINT('',(-24.,-10.,0.));
#544 = SURFACE_CURVE('',#545,(#550,#561),.PCURVE_S1.);
#545 = ELLIPSE('',#546,19.056543147557,18.);
#546 = AXIS2_PLACEMENT_3D('',#547,#548,#549);
#547 = CARTESIAN_POINT('',(-24.,9.056543147557,1.612170235922E-16));
#548 = DIRECTION('',(0.,0.,-1.));
#549 = DIRECTION('',(0.,1.,0.));
#550 = PCURVE('',#102,#551);
#551 = DEFINITIONAL_REPRESENTATION('',(#552),#560);
#552 = ( BOUNDED_CURVE() B_SPLINE_CURVE(2,(#553,#554,#555,#556,#557,#558
,#559),.UNSPECIFIED.,.T.,.F.) B_SPLINE_CURVE_WITH_KNOTS((1,2,2,2,2,1),(
    -2.094395102393,0.,2.094395102393,4.188790204786,6.28318530718,
8.377580409573),.UNSPECIFIED.) CURVE() GEOMETRIC_REPRESENTATION_ITEM() 
RATIONAL_B_SPLINE_CURVE((1.,0.5,1.,0.5,1.,0.5,1.)) REPRESENTATION_ITEM(
  '') );
#553 = CARTESIAN_POINT('',(53.886913704886,-24.));
#554 = CARTESIAN_POINT('',(53.886913704886,7.17691453624));
#555 = CARTESIAN_POINT('',(82.471728426222,-8.41154273188));
#556 = CARTESIAN_POINT('',(111.05654314755,-24.));
#557 = CARTESIAN_POINT('',(82.471728426222,-39.58845726812));
#558 = CARTESIAN_POINT('',(53.886913704886,-55.17691453624));
#559 = CARTESIAN_POINT('',(53.886913704886,-24.));
#560 = ( GEOMETRIC_REPRESENTATION_CONTEXT(2) 
PARAMETRIC_REPRESENTATION_CONTEXT() REPRESENTATION_CONTEXT('2D SPACE',''
  ) );
#561 = PCURVE('',#562,#567);
#562 = CYLINDRICAL_SURFACE('',#563,18.);
#563 = AXIS2_PLACEMENT_3D('',#564,#565,#566);
#564 = CARTESIAN_POINT('',(-24.,7.002034287711,-5.91023096668));
#565 = DIRECTION('',(0.,0.328346164816,0.944557460428));
#566 = DIRECTION('',(0.,-0.944557460428,0.328346164816));
#567 = DEFINITIONAL_REPRESENTATION('',(#568),#576);
#568 = B_SPLINE_CURVE_WITH_KNOTS('',6,(#569,#570,#571,#572,#573,#574,
    #575),.UNSPECIFIED.,.F.,.F.,(7,7),(3.14159265359,4.712388980385),
  .PIECEWISE_BEZIER_KNOTS.);
#569 = CARTESIAN_POINT('',(6.28318530718,4.218847493576E-15));
#570 = CARTESIAN_POINT('',(6.021385919381,4.705146825335E-15));
#571 = CARTESIAN_POINT('',(5.759586794936,0.514519488641));
#572 = CARTESIAN_POINT('',(5.4977869381,1.544329522394));
#573 = CARTESIAN_POINT('',(5.235987685,2.981035606185));
#574 = CARTESIAN_POINT('',(4.974188368184,4.619026687771));
#575 = CARTESIAN_POINT('',(4.712388980385,6.257142857143));
#576 = ( GEOMETRIC_REPRESENTATION_CONTEXT(2) 
PARAMETRIC_REPRESENTATION_CONTEXT() REPRESENTATION_CONTEXT('2D SPACE',''
  ) );
#577 = ORIENTED_EDGE('',*,*,#578,.T.);
#578 = EDGE_CURVE('',#542,#579,#581,.T.);
#579 = VERTEX_POINT('',#580);
#580 = CARTESIAN_POINT('',(24.,-10.,0.));
#581 = SURFACE_CURVE('',#582,(#586,#593),.PCURVE_S1.);
#582 = LINE('',#583,#584);
#583 = CARTESIAN_POINT('',(-42.,-10.,0.));
#584 = VECTOR('',#585,1.);
#585 = DIRECTION('',(1.,0.,0.));
#586 = PCURVE('',#102,#587);
#587 = DEFINITIONAL_REPRESENTATION('',(#588),#592);
#588 = LINE('',#589,#590);
#589 = CARTESIAN_POINT('',(92.,-42.));
#590 = VECTOR('',#591,1.);
#591 = DIRECTION('',(0.,1.));
#592 = ( GEOMETRIC_REPRESENTATION_CONTEXT(2) 
PARAMETRIC_REPRESENTATION_CONTEXT() REPRESENTATION_CONTEXT('2D SPACE',''
  ) );
#593 = PCURVE('',#594,#599);
#594 = PLANE('',#595);
#595 = AXIS2_PLACEMENT_3D('',#596,#597,#598);
#596 = CARTESIAN_POINT('',(0.,-10.,0.));
#597 = DIRECTION('',(0.,0.944557460428,-0.328346164816));
#598 = DIRECTION('',(0.,0.328346164816,0.944557460428));
#599 = DEFINITIONAL_REPRESENTATION('',(#600),#604);
#600 = LINE('',#601,#602);
#601 = CARTESIAN_POINT('',(0.,-42.));
#602 = VECTOR('',#603,1.);
#603 = DIRECTION('',(0.,1.));
#604 = ( GEOMETRIC_REPRESENTATION_CONTEXT(2) 
PARAMETRIC_REPRESENTATION_CONTEXT() REPRESENTATION_CONTEXT('2D SPACE',''
  ) );
#605 = ORIENTED_EDGE('',*,*,#606,.T.);
#606 = EDGE_CURVE('',#579,#607,#609,.T.);
#607 = VERTEX_POINT('',#608);
#608 = CARTESIAN_POINT('',(42.,9.056543147557,-6.217248937901E-15));
#609 = SURFACE_CURVE('',#610,(#615,#622),.PCURVE_S1.);
#610 = ELLIPSE('',#611,19.056543147557,18.);
#611 = AXIS2_PLACEMENT_3D('',#612,#613,#614);
#612 = CARTESIAN_POINT('',(24.,9.056543147557,1.612170235922E-16));
#613 = DIRECTION('',(-0.,0.,1.));
#614 = DIRECTION('',(0.,1.,0.));
#615 = PCURVE('',#102,#616);
#616 = DEFINITIONAL_REPRESENTATION('',(#617),#621);
#617 = ELLIPSE('',#618,19.056543147557,18.);
#618 = AXIS2_PLACEMENT_2D('',#619,#620);
#619 = CARTESIAN_POINT('',(72.943456852443,24.));
#620 = DIRECTION('',(-1.,0.));
#621 = ( GEOMETRIC_REPRESENTATION_CONTEXT(2) 
PARAMETRIC_REPRESENTATION_CONTEXT() REPRESENTATION_CONTEXT('2D SPACE',''
  ) );
#622 = PCURVE('',#623,#628);
#623 = CYLINDRICAL_SURFACE('',#624,18.);
#624 = AXIS2_PLACEMENT_3D('',#625,#626,#627);
#625 = CARTESIAN_POINT('',(24.,7.002034287711,-5.91023096668));
#626 = DIRECTION('',(0.,0.328346164816,0.944557460428));
#627 = DIRECTION('',(0.,-0.944557460428,0.328346164816));
#628 = DEFINITIONAL_REPRESENTATION('',(#629),#637);
#629 = B_SPLINE_CURVE_WITH_KNOTS('',6,(#630,#631,#632,#633,#634,#635,
    #636),.UNSPECIFIED.,.F.,.F.,(7,7),(3.14159265359,4.712388980385),
  .PIECEWISE_BEZIER_KNOTS.);
#630 = CARTESIAN_POINT('',(-2.22044604925E-16,4.218847493576E-15));
#631 = CARTESIAN_POINT('',(0.261799387799,4.705146825335E-15));
#632 = CARTESIAN_POINT('',(0.523598512244,0.514519488641));
#633 = CARTESIAN_POINT('',(0.78539836908,1.544329522394));
#634 = CARTESIAN_POINT('',(1.04719762218,2.981035606185));
#635 = CARTESIAN_POINT('',(1.308996938996,4.619026687771));
#636 = CARTESIAN_POINT('',(1.570796326795,6.257142857143));
#637 = ( GEOMETRIC_REPRESENTATION_CONTEXT(2) 
PARAMETRIC_REPRESENTATION_CONTEXT() REPRESENTATION_CONTEXT('2D SPACE',''
  ) );
#638 = ORIENTED_EDGE('',*,*,#639,.F.);
#639 = EDGE_CURVE('',#640,#607,#642,.T.);
#640 = VERTEX_POINT('',#641);
#641 = CARTESIAN_POINT('',(42.,63.977514044949,2.84217094304E-14));
#642 = SURFACE_CURVE('',#643,(#647,#654),.PCURVE_S1.);
#643 = LINE('',#644,#645);
#644 = CARTESIAN_POINT('',(42.,82.,0.));
#645 = VECTOR('',#646,1.);
#646 = DIRECTION('',(0.,-1.,0.));
#647 = PCURVE('',#102,#648);
#648 = DEFINITIONAL_REPRESENTATION('',(#649),#653);
#649 = LINE('',#650,#651);
#650 = CARTESIAN_POINT('',(0.,42.));
#651 = VECTOR('',#652,1.);
#652 = DIRECTION('',(1.,0.));
#653 = ( GEOMETRIC_REPRESENTATION_CONTEXT(2) 
PARAMETRIC_REPRESENTATION_CONTEXT() REPRESENTATION_CONTEXT('2D SPACE',''
  ) );
#654 = PCURVE('',#655,#660);
#655 = PLANE('',#656);
#656 = AXIS2_PLACEMENT_3D('',#657,#658,#659);
#657 = CARTESIAN_POINT('',(42.,40.627476658587,81.363544527636));
#658 = DIRECTION('',(-1.,-0.,-0.));
#659 = DIRECTION('',(0.,-1.,0.));
#660 = DEFINITIONAL_REPRESENTATION('',(#661),#665);
#661 = LINE('',#662,#663);
#662 = CARTESIAN_POINT('',(-41.37252334141,-81.36354452763));
#663 = VECTOR('',#664,1.);
#664 = DIRECTION('',(1.,0.));
#665 = ( GEOMETRIC_REPRESENTATION_CONTEXT(2) 
PARAMETRIC_REPRESENTATION_CONTEXT() REPRESENTATION_CONTEXT('2D SPACE',''
  ) );
#666 = ORIENTED_EDGE('',*,*,#667,.F.);
#667 = EDGE_CURVE('',#87,#640,#668,.T.);
#668 = SURFACE_CURVE('',#669,(#674,#685),.PCURVE_S1.);
#669 = ELLIPSE('',#670,18.022485955051,18.);
#670 = AXIS2_PLACEMENT_3D('',#671,#672,#673);
#671 = CARTESIAN_POINT('',(24.,63.977514044949,2.051682826227E-15));
#672 = DIRECTION('',(0.,-0.,-1.));
#673 = DIRECTION('',(0.,-1.,0.));
#674 = PCURVE('',#102,#675);
#675 = DEFINITIONAL_REPRESENTATION('',(#676),#684);
#676 = ( BOUNDED_CURVE() B_SPLINE_CURVE(2,(#677,#678,#679,#680,#681,#682
,#683),.UNSPECIFIED.,.T.,.F.) B_SPLINE_CURVE_WITH_KNOTS((1,2,2,2,2,1),(
    -2.094395102393,0.,2.094395102393,4.188790204786,6.28318530718,
8.377580409573),.UNSPECIFIED.) CURVE() GEOMETRIC_REPRESENTATION_ITEM() 
RATIONAL_B_SPLINE_CURVE((1.,0.5,1.,0.5,1.,0.5,1.)) REPRESENTATION_ITEM(
  '') );
#677 = CARTESIAN_POINT('',(36.044971910102,24.));
#678 = CARTESIAN_POINT('',(36.044971910102,-7.17691453624));
#679 = CARTESIAN_POINT('',(9.011242977526,8.41154273188));
#680 = CARTESIAN_POINT('',(-18.02248595505,24.));
#681 = CARTESIAN_POINT('',(9.011242977525,39.58845726812));
#682 = CARTESIAN_POINT('',(36.044971910102,55.17691453624));
#683 = CARTESIAN_POINT('',(36.044971910102,24.));
#684 = ( GEOMETRIC_REPRESENTATION_CONTEXT(2) 
PARAMETRIC_REPRESENTATION_CONTEXT() REPRESENTATION_CONTEXT('2D SPACE',''
  ) );
#685 = PCURVE('',#130,#686);
#686 = DEFINITIONAL_REPRESENTATION('',(#687),#694);
#687 = B_SPLINE_CURVE_WITH_KNOTS('',5,(#688,#689,#690,#691,#692,#693),
  .UNSPECIFIED.,.F.,.F.,(6,6),(3.14159265359,4.712388980385),
  .PIECEWISE_BEZIER_KNOTS.);
#688 = CARTESIAN_POINT('',(0.,160.199875156));
#689 = CARTESIAN_POINT('',(0.314159265359,160.199875156));
#690 = CARTESIAN_POINT('',(0.628318451769,160.31060230297));
#691 = CARTESIAN_POINT('',(0.942477829752,160.53413261087));
#692 = CARTESIAN_POINT('',(1.256637061436,160.81713181718));
#693 = CARTESIAN_POINT('',(1.570796326795,161.099875156));
#694 = ( GEOMETRIC_REPRESENTATION_CONTEXT(2) 
PARAMETRIC_REPRESENTATION_CONTEXT() REPRESENTATION_CONTEXT('2D SPACE',''
  ) );
#695 = ADVANCED_FACE('',(#696),#130,.T.);
#696 = FACE_BOUND('',#697,.T.);
#697 = EDGE_LOOP('',(#698,#699,#739,#760));
#698 = ORIENTED_EDGE('',*,*,#114,.F.);
#699 = ORIENTED_EDGE('',*,*,#700,.T.);
#700 = EDGE_CURVE('',#115,#701,#703,.T.);
#701 = VERTEX_POINT('',#702);
#702 = CARTESIAN_POINT('',(42.,71.937514044949,159.2));
#703 = SURFACE_CURVE('',#704,(#719,#732),.PCURVE_S1.);
#704 = B_SPLINE_CURVE_WITH_KNOTS('',7,(#705,#706,#707,#708,#709,#710,
    #711,#712,#713,#714,#715,#716,#717,#718),.UNSPECIFIED.,.F.,.F.,(8,6,
    8),(48.,76.292021797488,76.331997066105),.UNSPECIFIED.);
#705 = CARTESIAN_POINT('',(24.,89.958002495322,159.16004990644));
#706 = CARTESIAN_POINT('',(28.029736116007,89.958002495322,
    159.16004990644));
#707 = CARTESIAN_POINT('',(32.059520583722,88.904219185719,
    159.1623860546));
#708 = CARTESIAN_POINT('',(35.760302091858,86.797100670063,
    159.16705734966));
#709 = CARTESIAN_POINT('',(38.803007291733,83.763121421907,
    159.17378344974));
#710 = CARTESIAN_POINT('',(40.92428056793,80.061514735179,
    159.18198963613));
#711 = CARTESIAN_POINT('',(41.990988933787,76.021720864285,
    159.19094559514));
#712 = CARTESIAN_POINT('',(41.999968326068,71.971799768716,
    159.19992399091));
#713 = CARTESIAN_POINT('',(41.99997888407,71.96608547323,159.19993665919
    ));
#714 = CARTESIAN_POINT('',(41.999987330457,71.960371182964,
    159.1999493274));
#715 = CARTESIAN_POINT('',(41.999993665225,71.95465690139,
    159.19996199554));
#716 = CARTESIAN_POINT('',(41.999997888399,71.948942619536,
    159.19997466368));
#717 = CARTESIAN_POINT('',(42.,71.943228330664,159.19998733185));
#718 = CARTESIAN_POINT('',(42.,71.937514044949,159.2));
#719 = PCURVE('',#130,#720);
#720 = DEFINITIONAL_REPRESENTATION('',(#721),#731);
#721 = B_SPLINE_CURVE_WITH_KNOTS('',8,(#722,#723,#724,#725,#726,#727,
    #728,#729,#730),.UNSPECIFIED.,.F.,.F.,(9,9),(48.,76.331997066105),
  .PIECEWISE_BEZIER_KNOTS.);
#722 = CARTESIAN_POINT('',(4.501949375456E-17,0.84099937578));
#723 = CARTESIAN_POINT('',(0.196166733179,0.84099937578));
#724 = CARTESIAN_POINT('',(0.392336113675,0.878823143012));
#725 = CARTESIAN_POINT('',(0.588534209718,0.954460693586));
#726 = CARTESIAN_POINT('',(0.784792919008,1.064864482598));
#727 = CARTESIAN_POINT('',(0.981153560558,1.203868309029));
#728 = CARTESIAN_POINT('',(1.177581042413,1.362835750949));
#729 = CARTESIAN_POINT('',(1.374148458327,1.531882208897));
#730 = CARTESIAN_POINT('',(1.570796326795,1.70099937578));
#731 = ( GEOMETRIC_REPRESENTATION_CONTEXT(2) 
PARAMETRIC_REPRESENTATION_CONTEXT() REPRESENTATION_CONTEXT('2D SPACE',''
  ) );
#732 = PCURVE('',#421,#733);
#733 = DEFINITIONAL_REPRESENTATION('',(#734),#738);
#734 = LINE('',#735,#736);
#735 = CARTESIAN_POINT('',(0.,0.));
#736 = VECTOR('',#737,1.);
#737 = DIRECTION('',(0.,1.));
#738 = ( GEOMETRIC_REPRESENTATION_CONTEXT(2) 
PARAMETRIC_REPRESENTATION_CONTEXT() REPRESENTATION_CONTEXT('2D SPACE',''
  ) );
#739 = ORIENTED_EDGE('',*,*,#740,.T.);
#740 = EDGE_CURVE('',#701,#640,#741,.T.);
#741 = SURFACE_CURVE('',#742,(#746,#753),.PCURVE_S1.);
#742 = LINE('',#743,#744);
#743 = CARTESIAN_POINT('',(42.,72.022457900199,160.89887710499));
#744 = VECTOR('',#745,1.);
#745 = DIRECTION('',(0.,-4.993761694388E-02,-0.998752338878));
#746 = PCURVE('',#130,#747);
#747 = DEFINITIONAL_REPRESENTATION('',(#748),#752);
#748 = LINE('',#749,#750);
#749 = CARTESIAN_POINT('',(1.570796326795,0.));
#750 = VECTOR('',#751,1.);
#751 = DIRECTION('',(0.,1.));
#752 = ( GEOMETRIC_REPRESENTATION_CONTEXT(2) 
PARAMETRIC_REPRESENTATION_CONTEXT() REPRESENTATION_CONTEXT('2D SPACE',''
  ) );
#753 = PCURVE('',#655,#754);
#754 = DEFINITIONAL_REPRESENTATION('',(#755),#759);
#755 = LINE('',#756,#757);
#756 = CARTESIAN_POINT('',(-31.39498124161,79.535332577354));
#757 = VECTOR('',#758,1.);
#758 = DIRECTION('',(4.993761694388E-02,-0.998752338878));
#759 = ( GEOMETRIC_REPRESENTATION_CONTEXT(2) 
PARAMETRIC_REPRESENTATION_CONTEXT() REPRESENTATION_CONTEXT('2D SPACE',''
  ) );
#760 = ORIENTED_EDGE('',*,*,#667,.F.);
#761 = ADVANCED_FACE('',(#762),#189,.T.);
#762 = FACE_BOUND('',#763,.T.);
#763 = EDGE_LOOP('',(#764,#794,#820,#821,#822,#845));
#764 = ORIENTED_EDGE('',*,*,#765,.T.);
#765 = EDGE_CURVE('',#766,#768,#770,.T.);
#766 = VERTEX_POINT('',#767);
#767 = CARTESIAN_POINT('',(-42.,10.550346777718,131.49023672636));
#768 = VERTEX_POINT('',#769);
#769 = CARTESIAN_POINT('',(-42.,18.495993536902,159.2));
#770 = SURFACE_CURVE('',#771,(#775,#782),.PCURVE_S1.);
#771 = LINE('',#772,#773);
#772 = CARTESIAN_POINT('',(-42.,4.112422781985,109.03852759529));
#773 = VECTOR('',#774,1.);
#774 = DIRECTION('',(0.,0.275637355817,0.961261695938));
#775 = PCURVE('',#189,#776);
#776 = DEFINITIONAL_REPRESENTATION('',(#777),#781);
#777 = LINE('',#778,#779);
#778 = CARTESIAN_POINT('',(36.515053876602,27.674983067654));
#779 = VECTOR('',#780,1.);
#780 = DIRECTION('',(-0.275637355817,0.961261695938));
#781 = ( GEOMETRIC_REPRESENTATION_CONTEXT(2) 
PARAMETRIC_REPRESENTATION_CONTEXT() REPRESENTATION_CONTEXT('2D SPACE',''
  ) );
#782 = PCURVE('',#783,#788);
#783 = CYLINDRICAL_SURFACE('',#784,18.);
#784 = AXIS2_PLACEMENT_3D('',#785,#786,#787);
#785 = CARTESIAN_POINT('',(-24.,4.112422781985,109.03852759529));
#786 = DIRECTION('',(0.,0.275637355817,0.961261695938));
#787 = DIRECTION('',(-1.,0.,0.));
#788 = DEFINITIONAL_REPRESENTATION('',(#789),#793);
#789 = LINE('',#790,#791);
#790 = CARTESIAN_POINT('',(0.,0.));
#791 = VECTOR('',#792,1.);
#792 = DIRECTION('',(0.,1.));
#793 = ( GEOMETRIC_REPRESENTATION_CONTEXT(2) 
PARAMETRIC_REPRESENTATION_CONTEXT() REPRESENTATION_CONTEXT('2D SPACE',''
  ) );
#794 = ORIENTED_EDGE('',*,*,#795,.T.);
#795 = EDGE_CURVE('',#768,#172,#796,.T.);
#796 = SURFACE_CURVE('',#797,(#801,#808),.PCURVE_S1.);
#797 = LINE('',#798,#799);
#798 = CARTESIAN_POINT('',(-42.,18.725389845509,159.2));
#799 = VECTOR('',#800,1.);
#800 = DIRECTION('',(0.,1.,0.));
#801 = PCURVE('',#189,#802);
#802 = DEFINITIONAL_REPRESENTATION('',(#803),#807);
#803 = LINE('',#804,#805);
#804 = CARTESIAN_POINT('',(21.902086813078,77.836455472364));
#805 = VECTOR('',#806,1.);
#806 = DIRECTION('',(-1.,0.));
#807 = ( GEOMETRIC_REPRESENTATION_CONTEXT(2) 
PARAMETRIC_REPRESENTATION_CONTEXT() REPRESENTATION_CONTEXT('2D SPACE',''
  ) );
#808 = PCURVE('',#809,#814);
#809 = CYLINDRICAL_SURFACE('',#810,0.8);
#810 = AXIS2_PLACEMENT_3D('',#811,#812,#813);
#811 = CARTESIAN_POINT('',(-41.2,18.725389845509,159.2));
#812 = DIRECTION('',(0.,1.,0.));
#813 = DIRECTION('',(-1.,0.,0.));
#814 = DEFINITIONAL_REPRESENTATION('',(#815),#819);
#815 = LINE('',#816,#817);
#816 = CARTESIAN_POINT('',(0.,0.));
#817 = VECTOR('',#818,1.);
#818 = DIRECTION('',(0.,1.));
#819 = ( GEOMETRIC_REPRESENTATION_CONTEXT(2) 
PARAMETRIC_REPRESENTATION_CONTEXT() REPRESENTATION_CONTEXT('2D SPACE',''
  ) );
#820 = ORIENTED_EDGE('',*,*,#171,.T.);
#821 = ORIENTED_EDGE('',*,*,#518,.T.);
#822 = ORIENTED_EDGE('',*,*,#823,.T.);
#823 = EDGE_CURVE('',#519,#824,#826,.T.);
#824 = VERTEX_POINT('',#825);
#825 = CARTESIAN_POINT('',(-42.,35.832540353069,77.026841276131));
#826 = SURFACE_CURVE('',#827,(#831,#838),.PCURVE_S1.);
#827 = LINE('',#828,#829);
#828 = CARTESIAN_POINT('',(-42.,7.002034287711,-5.91023096668));
#829 = VECTOR('',#830,1.);
#830 = DIRECTION('',(0.,0.328346164816,0.944557460428));
#831 = PCURVE('',#189,#832);
#832 = DEFINITIONAL_REPRESENTATION('',(#833),#837);
#833 = LINE('',#834,#835);
#834 = CARTESIAN_POINT('',(33.625442370876,-87.27377549431));
#835 = VECTOR('',#836,1.);
#836 = DIRECTION('',(-0.328346164816,0.944557460428));
#837 = ( GEOMETRIC_REPRESENTATION_CONTEXT(2) 
PARAMETRIC_REPRESENTATION_CONTEXT() REPRESENTATION_CONTEXT('2D SPACE',''
  ) );
#838 = PCURVE('',#562,#839);
#839 = DEFINITIONAL_REPRESENTATION('',(#840),#844);
#840 = LINE('',#841,#842);
#841 = CARTESIAN_POINT('',(4.712388980385,0.));
#842 = VECTOR('',#843,1.);
#843 = DIRECTION('',(-0.,1.));
#844 = ( GEOMETRIC_REPRESENTATION_CONTEXT(2) 
PARAMETRIC_REPRESENTATION_CONTEXT() REPRESENTATION_CONTEXT('2D SPACE',''
  ) );
#845 = ORIENTED_EDGE('',*,*,#846,.T.);
#846 = EDGE_CURVE('',#824,#766,#847,.T.);
#847 = SURFACE_CURVE('',#848,(#901,#957),.PCURVE_S1.);
#848 = B_SPLINE_CURVE_WITH_KNOTS('',11,(#849,#850,#851,#852,#853,#854,
    #855,#856,#857,#858,#859,#860,#861,#862,#863,#864,#865,#866,#867,
    #868,#869,#870,#871,#872,#873,#874,#875,#876,#877,#878,#879,#880,
    #881,#882,#883,#884,#885,#886,#887,#888,#889,#890,#891,#892,#893,
    #894,#895,#896,#897,#898,#899,#900),.UNSPECIFIED.,.F.,.F.,(12,10,10,
    10,10,12),(-13.3243456672,0.,15.372198207036,30.744396414072,
    61.488792828143,64.089021524346),.UNSPECIFIED.);
#849 = CARTESIAN_POINT('',(-42.,17.251314414806,48.347069129967));
#850 = CARTESIAN_POINT('',(-42.,19.428498973443,51.17709737208));
#851 = CARTESIAN_POINT('',(-41.99999999999,21.492623951716,
    53.933416036801));
#852 = CARTESIAN_POINT('',(-42.00000000002,23.445202736508,
    56.617978514124));
#853 = CARTESIAN_POINT('',(-41.99999999995,25.28791425648,
    59.233104333535));
#854 = CARTESIAN_POINT('',(-42.00000000005,27.022644263051,
    61.781593815456));
#855 = CARTESIAN_POINT('',(-41.99999999994,28.651469060723,
    64.266819411345));
#856 = CARTESIAN_POINT('',(-42.00000000004,30.176581689342,
    66.692793736748));
#857 = CARTESIAN_POINT('',(-41.99999999997,31.600160554887,
    69.064214291676));
#858 = CARTESIAN_POINT('',(-42.,32.924180512486,71.386484874363));
#859 = CARTESIAN_POINT('',(-41.99999999999,34.150166398336,
    73.665713683031));
#860 = CARTESIAN_POINT('',(-42.,36.581087874131,78.496390974674));
#861 = CARTESIAN_POINT('',(-41.99999999999,37.753829492425,
    81.035782493093));
#862 = CARTESIAN_POINT('',(-42.00000000001,38.799085225906,
    83.539259866999));
#863 = CARTESIAN_POINT('',(-41.99999999996,39.717771553916,
    86.020276551492));
#864 = CARTESIAN_POINT('',(-42.00000000004,40.507927697739,
    88.495356010557));
#865 = CARTESIAN_POINT('',(-41.99999999995,41.164547583607,
    90.981722127051));
#866 = CARTESIAN_POINT('',(-42.00000000003,41.677821382182,
    93.497909367863));
#867 = CARTESIAN_POINT('',(-41.99999999998,42.0294809817,96.063179865699
    ));
#868 = CARTESIAN_POINT('',(-42.,42.189856263228,98.689555308791));
#869 = CARTESIAN_POINT('',(-41.99999999999,42.12113491045,101.3677688423
    ));
#870 = CARTESIAN_POINT('',(-42.,41.469220568476,106.76314349482));
#871 = CARTESIAN_POINT('',(-41.99999999999,40.886156069578,
    109.4803362333));
#872 = CARTESIAN_POINT('',(-42.00000000001,40.016231327872,
    112.18482541722));
#873 = CARTESIAN_POINT('',(-41.99999999998,38.844590942523,
    114.82115800567));
#874 = CARTESIAN_POINT('',(-42.00000000002,37.36289306293,
    117.31439040436));
#875 = CARTESIAN_POINT('',(-41.99999999998,35.629893319216,
    119.56469476968));
#876 = CARTESIAN_POINT('',(-42.00000000001,33.739691078674,
    121.52969565977));
#877 = CARTESIAN_POINT('',(-41.99999999999,31.765748338316,
    123.22973396286));
#878 = CARTESIAN_POINT('',(-42.,29.751283212349,124.68055296977));
#879 = CARTESIAN_POINT('',(-41.99999999999,27.729454335343,
    125.91562006569));
#880 = CARTESIAN_POINT('',(-42.,21.692500949275,129.06039687918));
#881 = CARTESIAN_POINT('',(-41.99999999999,17.706188840163,
    130.41009369025));
#882 = CARTESIAN_POINT('',(-42.00000000001,13.901659754424,
    131.2513567986));
#883 = CARTESIAN_POINT('',(-41.99999999998,10.208921660014,
    131.82107402535));
#884 = CARTESIAN_POINT('',(-42.00000000002,6.563450794142,
    132.15083788564));
#885 = CARTESIAN_POINT('',(-41.99999999997,2.981450355445,
    132.33267759334));
#886 = CARTESIAN_POINT('',(-42.00000000001,-0.568093018394,
    132.38354929492));
#887 = CARTESIAN_POINT('',(-41.99999999998,-4.056035420075,
    132.34906072401));
#888 = CARTESIAN_POINT('',(-42.,-7.473719166552,132.25265772626));
#889 = CARTESIAN_POINT('',(-41.99999999999,-10.79240814192,
    132.12253442346));
#890 = CARTESIAN_POINT('',(-42.,-14.24887551427,131.97087037204));
#891 = CARTESIAN_POINT('',(-42.,-14.51841237724,131.95904354186));
#892 = CARTESIAN_POINT('',(-42.,-14.78794924021,131.94721671168));
#893 = CARTESIAN_POINT('',(-42.,-15.05748610317,131.9353898815));
#894 = CARTESIAN_POINT('',(-42.,-15.32702296614,131.92356305131));
#895 = CARTESIAN_POINT('',(-42.,-15.59655982911,131.91173622113));
#896 = CARTESIAN_POINT('',(-42.,-15.86609669208,131.89990939095));
#897 = CARTESIAN_POINT('',(-42.,-16.13563355505,131.88808256077));
#898 = CARTESIAN_POINT('',(-42.,-16.40517041802,131.87625573058));
#899 = CARTESIAN_POINT('',(-42.,-16.67470728098,131.8644289004));
#900 = CARTESIAN_POINT('',(-42.,-16.94424414395,131.85260207022));
#901 = PCURVE('',#189,#902);
#902 = DEFINITIONAL_REPRESENTATION('',(#903),#956);
#903 = B_SPLINE_CURVE_WITH_KNOTS('',11,(#904,#905,#906,#907,#908,#909,
    #910,#911,#912,#913,#914,#915,#916,#917,#918,#919,#920,#921,#922,
    #923,#924,#925,#926,#927,#928,#929,#930,#931,#932,#933,#934,#935,
    #936,#937,#938,#939,#940,#941,#942,#943,#944,#945,#946,#947,#948,
    #949,#950,#951,#952,#953,#954,#955),.UNSPECIFIED.,.F.,.F.,(12,10,10,
    10,10,12),(-13.3243456672,0.,15.372198207036,30.744396414072,
    61.488792828143,64.089021524346),.UNSPECIFIED.);
#904 = CARTESIAN_POINT('',(23.376162243781,-33.01647539766));
#905 = CARTESIAN_POINT('',(21.198977685144,-30.18644715555));
#906 = CARTESIAN_POINT('',(19.134852706871,-27.43012849083));
#907 = CARTESIAN_POINT('',(17.182273922079,-24.74556601351));
#908 = CARTESIAN_POINT('',(15.339562402107,-22.1304401941));
#909 = CARTESIAN_POINT('',(13.604832395536,-19.58195071218));
#910 = CARTESIAN_POINT('',(11.976007597864,-17.09672511629));
#911 = CARTESIAN_POINT('',(10.450894969245,-14.67075079088));
#912 = CARTESIAN_POINT('',(9.0273161037,-12.29933023596));
#913 = CARTESIAN_POINT('',(7.703296146101,-9.977059653273));
#914 = CARTESIAN_POINT('',(6.477310260251,-7.697830844605));
#915 = CARTESIAN_POINT('',(4.046388784456,-2.867153552962));
#916 = CARTESIAN_POINT('',(2.873647166162,-0.327762034543));
#917 = CARTESIAN_POINT('',(1.828391432681,2.175715339363));
#918 = CARTESIAN_POINT('',(0.909705104671,4.656732023856));
#919 = CARTESIAN_POINT('',(0.119548960848,7.131811482921));
#920 = CARTESIAN_POINT('',(-0.53707092502,9.618177599415));
#921 = CARTESIAN_POINT('',(-1.050344723595,12.134364840227));
#922 = CARTESIAN_POINT('',(-1.402004323113,14.699635338063));
#923 = CARTESIAN_POINT('',(-1.562379604641,17.326010781155));
#924 = CARTESIAN_POINT('',(-1.493658251863,20.004224314664));
#925 = CARTESIAN_POINT('',(-0.841743909889,25.399598967184));
#926 = CARTESIAN_POINT('',(-0.258679410991,28.116791705664));
#927 = CARTESIAN_POINT('',(0.611245330715,30.821280889584));
#928 = CARTESIAN_POINT('',(1.782885716064,33.457613478034));
#929 = CARTESIAN_POINT('',(3.264583595657,35.950845876724));
#930 = CARTESIAN_POINT('',(4.997583339371,38.201150242044));
#931 = CARTESIAN_POINT('',(6.887785579913,40.166151132134));
#932 = CARTESIAN_POINT('',(8.861728320271,41.866189435224));
#933 = CARTESIAN_POINT('',(10.876193446238,43.317008442134));
#934 = CARTESIAN_POINT('',(12.898022323244,44.552075538054));
#935 = CARTESIAN_POINT('',(18.934975709312,47.696852351544));
#936 = CARTESIAN_POINT('',(22.921287818424,49.046549162614));
#937 = CARTESIAN_POINT('',(26.725816904163,49.887812270964));
#938 = CARTESIAN_POINT('',(30.418554998573,50.457529497714));
#939 = CARTESIAN_POINT('',(34.064025864445,50.787293358004));
#940 = CARTESIAN_POINT('',(37.646026303142,50.969133065704));
#941 = CARTESIAN_POINT('',(41.195569676981,51.020004767284));
#942 = CARTESIAN_POINT('',(44.683512078662,50.985516196374));
#943 = CARTESIAN_POINT('',(48.101195825139,50.889113198624));
#944 = CARTESIAN_POINT('',(51.419884800507,50.758989895824));
#945 = CARTESIAN_POINT('',(54.876352172857,50.607325844404));
#946 = CARTESIAN_POINT('',(55.145889035827,50.595499014224));
#947 = CARTESIAN_POINT('',(55.415425898797,50.583672184044));
#948 = CARTESIAN_POINT('',(55.684962761757,50.571845353864));
#949 = CARTESIAN_POINT('',(55.954499624727,50.560018523674));
#950 = CARTESIAN_POINT('',(56.224036487697,50.548191693494));
#951 = CARTESIAN_POINT('',(56.493573350667,50.536364863314));
#952 = CARTESIAN_POINT('',(56.763110213637,50.524538033134));
#953 = CARTESIAN_POINT('',(57.032647076607,50.512711202944));
#954 = CARTESIAN_POINT('',(57.302183939567,50.500884372764));
#955 = CARTESIAN_POINT('',(57.571720802537,50.489057542584));
#956 = ( GEOMETRIC_REPRESENTATION_CONTEXT(2) 
PARAMETRIC_REPRESENTATION_CONTEXT() REPRESENTATION_CONTEXT('2D SPACE',''
  ) );
#957 = PCURVE('',#958,#1115);
#958 = ( BOUNDED_SURFACE() B_SPLINE_SURFACE(2,11,(
    (#959,#960,#961,#962,#963,#964,#965,#966,#967,#968,#969,#970,#971
      ,#972,#973,#974,#975,#976,#977,#978,#979,#980,#981,#982,#983,#984
      ,#985,#986,#987,#988,#989,#990,#991,#992,#993,#994,#995,#996,#997
      ,#998,#999,#1000,#1001,#1002,#1003,#1004,#1005,#1006,#1007,#1008
      ,#1009,#1010)
    ,(#1011,#1012,#1013,#1014,#1015,#1016,#1017,#1018,#1019,#1020,#1021
      ,#1022,#1023,#1024,#1025,#1026,#1027,#1028,#1029,#1030,#1031,#1032
      ,#1033,#1034,#1035,#1036,#1037,#1038,#1039,#1040,#1041,#1042,#1043
      ,#1044,#1045,#1046,#1047,#1048,#1049,#1050,#1051,#1052,#1053,#1054
      ,#1055,#1056,#1057,#1058,#1059,#1060,#1061,#1062)
    ,(#1063,#1064,#1065,#1066,#1067,#1068,#1069,#1070,#1071,#1072,#1073
      ,#1074,#1075,#1076,#1077,#1078,#1079,#1080,#1081,#1082,#1083,#1084
      ,#1085,#1086,#1087,#1088,#1089,#1090,#1091,#1092,#1093,#1094,#1095
      ,#1096,#1097,#1098,#1099,#1100,#1101,#1102,#1103,#1104,#1105,#1106
      ,#1107,#1108,#1109,#1110,#1111,#1112,#1113,#1114
)),.UNSPECIFIED.,.F.,.F.,.F.) B_SPLINE_SURFACE_WITH_KNOTS((3,3),(12,10,
    10,10,10,12),(0.,74.813138495351),(-13.3243456672,0.,15.372198207036
    ,30.744396414072,61.488792828143,64.089021524346),.UNSPECIFIED.) 
GEOMETRIC_REPRESENTATION_ITEM() RATIONAL_B_SPLINE_SURFACE((
    (1.,1.,1.,1.,1.,1.,1.,1.,1.,1.,1.,1.,1.,1.,1.,1.,1.,1.,1.,1.,1.,1.
      ,1.,1.,1.,1.,1.,1.,1.,1.,1.,1.,1.,1.,1.,1.,1.,1.,1.,1.,1.,1.,1.,1.
      ,1.,1.,1.,1.,1.,1.,1.,1.)
    ,(0.707106781187,0.707106781187,0.707106781186,0.707106781187
      ,0.707106781186,0.707106781188,0.707106781185,0.707106781187
      ,0.707106781186,0.707106781187,0.707106781187,0.707106781187
      ,0.707106781187,0.707106781187,0.707106781186,0.707106781187
      ,0.707106781186,0.707106781187,0.707106781186,0.707106781187
      ,0.707106781187,0.707106781187,0.707106781186,0.707106781187
      ,0.707106781186,0.707106781187,0.707106781186,0.707106781187
      ,0.707106781186,0.707106781187,0.707106781187,0.707106781187
      ,0.707106781186,0.707106781187,0.707106781186,0.707106781187
      ,0.707106781186,0.707106781187,0.707106781186,0.707106781187
      ,0.707106781187,0.707106781187,0.707106781187,0.707106781187
      ,0.707106781187,0.707106781187,0.707106781187,0.707106781187
      ,0.707106781187,0.707106781187,0.707106781187,0.707106781187)
    ,(1.,1.,1.,1.,1.,1.,1.,1.,1.,1.,1.,1.,1.,1.,1.,1.,1.,1.,1.,1.,1.,1.
      ,1.,1.,1.,1.,1.,1.,1.,1.,1.,1.,1.,1.,1.,1.,1.,1.,1.,1.,1.,1.,1.,1.
,1.,1.,1.,1.,1.,1.,1.,1.))) REPRESENTATION_ITEM('') SURFACE() );
#959 = CARTESIAN_POINT('',(-24.,2.924082684839,59.243418562498));
#960 = CARTESIAN_POINT('',(-24.,4.99066010734,61.928013319737));
#961 = CARTESIAN_POINT('',(-23.99999999999,6.935315303808,64.52387518723
    ));
#962 = CARTESIAN_POINT('',(-24.00000000001,8.759100377162,
    67.031286457387));
#963 = CARTESIAN_POINT('',(-23.99999999998,10.463293667142,
    69.450696499374));
#964 = CARTESIAN_POINT('',(-24.00000000002,12.049410958224,
    71.782733284385));
#965 = CARTESIAN_POINT('',(-23.99999999997,13.519207715117,
    74.028213414884));
#966 = CARTESIAN_POINT('',(-24.00000000001,14.874672347113,
    76.188150665096));
#967 = CARTESIAN_POINT('',(-23.99999999999,16.118010499625,
    78.263763023182));
#968 = CARTESIAN_POINT('',(-24.,17.25162037471,80.256478245445));
#969 = CARTESIAN_POINT('',(-23.99999999999,18.278059078966,
    82.167937913328));
#970 = CARTESIAN_POINT('',(-24.,20.263636363637,86.11363636364));
#971 = CARTESIAN_POINT('',(-23.99999999999,21.188181818178,
    88.121590909076));
#972 = CARTESIAN_POINT('',(-24.00000000001,21.977728192459,
    90.026704545497));
#973 = CARTESIAN_POINT('',(-23.99999999997,22.636367315228,
    91.831818181735));
#974 = CARTESIAN_POINT('',(-24.00000000003,23.168191015421,
    93.539772727388));
#975 = CARTESIAN_POINT('',(-23.99999999996,23.577291121666,
    95.153409090792));
#976 = CARTESIAN_POINT('',(-24.00000000002,23.867759462989,
    96.675568181907));
#977 = CARTESIAN_POINT('',(-23.99999999998,24.043687868007,
    98.109090909042));
#978 = CARTESIAN_POINT('',(-24.,24.10916816567,99.456818181837));
#979 = CARTESIAN_POINT('',(-23.99999999999,24.068292184716,
    100.72159090908));
#980 = CARTESIAN_POINT('',(-24.,23.782011323256,103.09090909091));
#981 = CARTESIAN_POINT('',(-23.99999999999,23.536606442738,
    104.19545454544));
#982 = CARTESIAN_POINT('',(-24.,23.193028941263,105.22272727275));
#983 = CARTESIAN_POINT('',(-23.99999999999,22.755370647603,
    106.17556818177));
#984 = CARTESIAN_POINT('',(-24.00000000001,22.227723390637,
    107.05681818187));
#985 = CARTESIAN_POINT('',(-23.99999999999,21.614178999089,
    107.86931818176));
#986 = CARTESIAN_POINT('',(-24.,20.918829301863,108.61590909095));
#987 = CARTESIAN_POINT('',(-23.99999999999,20.145766127694,
    109.29943181815));
#988 = CARTESIAN_POINT('',(-24.,19.299081305445,109.92272727273));
#989 = CARTESIAN_POINT('',(-24.,18.382866663902,110.48863636363));
#990 = CARTESIAN_POINT('',(-24.,15.437908767856,112.02272727273));
#991 = CARTESIAN_POINT('',(-23.99999999999,13.212851541928,
    112.82727272725));
#992 = CARTESIAN_POINT('',(-24.,10.758776984599,113.43636363639));
#993 = CARTESIAN_POINT('',(-23.99999999998,8.108419726367,
    113.87272727267));
#994 = CARTESIAN_POINT('',(-24.00000000001,5.294514397723,
    114.15909090916));
#995 = CARTESIAN_POINT('',(-23.99999999998,2.349795629173,114.3181818181
    ));
#996 = CARTESIAN_POINT('',(-24.00000000001,-0.693001948799,
    114.37272727278));
#997 = CARTESIAN_POINT('',(-23.99999999999,-3.801143705685,
    114.34545454542));
#998 = CARTESIAN_POINT('',(-24.,-6.941895010999,114.2590909091));
#999 = CARTESIAN_POINT('',(-23.99999999999,-10.08252123423,
    114.13636363636));
#1000 = CARTESIAN_POINT('',(-24.,-13.45312925765,113.98846695067));
#1001 = CARTESIAN_POINT('',(-24.,-13.71730984045,113.97687514517));
#1002 = CARTESIAN_POINT('',(-24.,-13.98282949329,113.9652245835));
#1003 = CARTESIAN_POINT('',(-24.,-14.24968821617,113.95351526566));
#1004 = CARTESIAN_POINT('',(-24.,-14.5178860091,113.94174719165));
#1005 = CARTESIAN_POINT('',(-24.,-14.78742287206,113.92992036147));
#1006 = CARTESIAN_POINT('',(-24.,-15.05829880508,113.91803477511));
#1007 = CARTESIAN_POINT('',(-24.,-15.33051380813,113.90609043259));
#1008 = CARTESIAN_POINT('',(-24.,-15.60406788123,113.89408733389));
#1009 = CARTESIAN_POINT('',(-24.,-15.87896102437,113.88202547903));
#1010 = CARTESIAN_POINT('',(-24.,-16.15519323755,113.86990486799));
#1011 = CARTESIAN_POINT('',(-42.,2.924082684839,59.243418562498));
#1012 = CARTESIAN_POINT('',(-42.,4.99066010734,61.928013319734));
#1013 = CARTESIAN_POINT('',(-42.,6.935315303809,64.523875187244));
#1014 = CARTESIAN_POINT('',(-41.99999999999,8.759100377157,
    67.031286457351));
#1015 = CARTESIAN_POINT('',(-42.,10.463293667153,69.450696499441));
#1016 = CARTESIAN_POINT('',(-41.99999999999,12.049410958207,
    71.782733284293));
#1017 = CARTESIAN_POINT('',(-42.,13.519207715136,74.028213414976));
#1018 = CARTESIAN_POINT('',(-41.99999999999,14.874672347098,
    76.188150665026));
#1019 = CARTESIAN_POINT('',(-42.,16.118010499634,78.263763023221));
#1020 = CARTESIAN_POINT('',(-41.99999999999,17.251620374706,
    80.25647824543));
#1021 = CARTESIAN_POINT('',(-42.,18.278059078967,82.167937913331));
#1022 = CARTESIAN_POINT('',(-42.,20.263636363636,86.113636363636));
#1023 = CARTESIAN_POINT('',(-41.99999999999,21.188181818181,
    88.12159090909));
#1024 = CARTESIAN_POINT('',(-42.,21.97772819245,90.026704545456));
#1025 = CARTESIAN_POINT('',(-41.99999999999,22.636367315246,
    91.831818181816));
#1026 = CARTESIAN_POINT('',(-42.,23.168191015396,93.539772727274));
#1027 = CARTESIAN_POINT('',(-41.99999999999,23.577291121693,
    95.153409090908));
#1028 = CARTESIAN_POINT('',(-42.,23.867759462968,96.675568181818));
#1029 = CARTESIAN_POINT('',(-41.99999999999,24.043687868019,
    98.109090909091));
#1030 = CARTESIAN_POINT('',(-42.,24.109168165666,99.456818181818));
#1031 = CARTESIAN_POINT('',(-42.,24.068292184717,100.72159090909));
#1032 = CARTESIAN_POINT('',(-42.,23.782011323255,103.0909090909));
#1033 = CARTESIAN_POINT('',(-41.99999999999,23.53660644274,
    104.19545454545));
#1034 = CARTESIAN_POINT('',(-42.,23.193028941259,105.22272727272));
#1035 = CARTESIAN_POINT('',(-41.99999999999,22.755370647611,
    106.17556818181));
#1036 = CARTESIAN_POINT('',(-42.,22.227723390629,107.05681818182));
#1037 = CARTESIAN_POINT('',(-41.99999999999,21.614178999096,
    107.86931818181));
#1038 = CARTESIAN_POINT('',(-42.,20.918829301859,108.6159090909));
#1039 = CARTESIAN_POINT('',(-41.99999999999,20.145766127696,
    109.29943181818));
#1040 = CARTESIAN_POINT('',(-42.,19.299081305444,109.92272727272));
#1041 = CARTESIAN_POINT('',(-42.,18.382866663902,110.48863636363));
#1042 = CARTESIAN_POINT('',(-42.,15.437908767856,112.02272727272));
#1043 = CARTESIAN_POINT('',(-42.,13.212851541928,112.82727272727));
#1044 = CARTESIAN_POINT('',(-41.99999999999,10.758776984599,
    113.43636363637));
#1045 = CARTESIAN_POINT('',(-42.,8.108419726365,113.87272727271));
#1046 = CARTESIAN_POINT('',(-41.99999999999,5.294514397728,
    114.15909090911));
#1047 = CARTESIAN_POINT('',(-42.,2.349795629167,114.31818181815));
#1048 = CARTESIAN_POINT('',(-41.99999999999,-0.693001948794,
    114.37272727274));
#1049 = CARTESIAN_POINT('',(-42.,-3.801143705688,114.34545454544));
#1050 = CARTESIAN_POINT('',(-42.,-6.941895010997,114.25909090909));
#1051 = CARTESIAN_POINT('',(-42.,-10.08252123423,114.13636363636));
#1052 = CARTESIAN_POINT('',(-42.,-13.45312925765,113.98846695067));
#1053 = CARTESIAN_POINT('',(-42.,-13.71730984045,113.97687514517));
#1054 = CARTESIAN_POINT('',(-42.,-13.98282949329,113.9652245835));
#1055 = CARTESIAN_POINT('',(-42.,-14.24968821617,113.95351526566));
#1056 = CARTESIAN_POINT('',(-42.,-14.5178860091,113.94174719165));
#1057 = CARTESIAN_POINT('',(-42.,-14.78742287206,113.92992036147));
#1058 = CARTESIAN_POINT('',(-42.,-15.05829880508,113.91803477511));
#1059 = CARTESIAN_POINT('',(-42.,-15.33051380813,113.90609043259));
#1060 = CARTESIAN_POINT('',(-42.,-15.60406788123,113.89408733389));
#1061 = CARTESIAN_POINT('',(-42.,-15.87896102437,113.88202547903));
#1062 = CARTESIAN_POINT('',(-42.,-16.15519323755,113.86990486799));
#1063 = CARTESIAN_POINT('',(-42.,17.251314414806,48.347069129967));
#1064 = CARTESIAN_POINT('',(-42.,19.428498973443,51.17709737208));
#1065 = CARTESIAN_POINT('',(-41.99999999999,21.492623951716,
    53.933416036801));
#1066 = CARTESIAN_POINT('',(-42.00000000002,23.445202736508,
    56.617978514124));
#1067 = CARTESIAN_POINT('',(-41.99999999995,25.28791425648,
    59.233104333535));
#1068 = CARTESIAN_POINT('',(-42.00000000005,27.022644263051,
    61.781593815456));
#1069 = CARTESIAN_POINT('',(-41.99999999994,28.651469060723,
    64.266819411345));
#1070 = CARTESIAN_POINT('',(-42.00000000004,30.176581689342,
    66.692793736748));
#1071 = CARTESIAN_POINT('',(-41.99999999997,31.600160554887,
    69.064214291676));
#1072 = CARTESIAN_POINT('',(-42.,32.924180512486,71.386484874363));
#1073 = CARTESIAN_POINT('',(-41.99999999999,34.150166398336,
    73.665713683031));
#1074 = CARTESIAN_POINT('',(-42.,36.581087874131,78.496390974674));
#1075 = CARTESIAN_POINT('',(-41.99999999999,37.753829492425,
    81.035782493093));
#1076 = CARTESIAN_POINT('',(-42.00000000001,38.799085225906,
    83.539259866999));
#1077 = CARTESIAN_POINT('',(-41.99999999996,39.717771553916,
    86.020276551492));
#1078 = CARTESIAN_POINT('',(-42.00000000004,40.507927697739,
    88.495356010557));
#1079 = CARTESIAN_POINT('',(-41.99999999995,41.164547583607,
    90.981722127051));
#1080 = CARTESIAN_POINT('',(-42.00000000003,41.677821382182,
    93.497909367863));
#1081 = CARTESIAN_POINT('',(-41.99999999998,42.0294809817,
    96.063179865699));
#1082 = CARTESIAN_POINT('',(-42.,42.189856263228,98.689555308791));
#1083 = CARTESIAN_POINT('',(-41.99999999999,42.12113491045,
    101.3677688423));
#1084 = CARTESIAN_POINT('',(-42.,41.469220568476,106.76314349482));
#1085 = CARTESIAN_POINT('',(-41.99999999999,40.886156069578,
    109.4803362333));
#1086 = CARTESIAN_POINT('',(-42.00000000001,40.016231327872,
    112.18482541722));
#1087 = CARTESIAN_POINT('',(-41.99999999998,38.844590942523,
    114.82115800567));
#1088 = CARTESIAN_POINT('',(-42.00000000002,37.36289306293,
    117.31439040436));
#1089 = CARTESIAN_POINT('',(-41.99999999998,35.629893319216,
    119.56469476968));
#1090 = CARTESIAN_POINT('',(-42.00000000001,33.739691078674,
    121.52969565977));
#1091 = CARTESIAN_POINT('',(-41.99999999999,31.765748338316,
    123.22973396286));
#1092 = CARTESIAN_POINT('',(-42.,29.751283212349,124.68055296977));
#1093 = CARTESIAN_POINT('',(-41.99999999999,27.729454335343,
    125.91562006569));
#1094 = CARTESIAN_POINT('',(-42.,21.692500949275,129.06039687918));
#1095 = CARTESIAN_POINT('',(-41.99999999999,17.706188840163,
    130.41009369025));
#1096 = CARTESIAN_POINT('',(-42.00000000001,13.901659754424,
    131.2513567986));
#1097 = CARTESIAN_POINT('',(-41.99999999998,10.208921660014,
    131.82107402535));
#1098 = CARTESIAN_POINT('',(-42.00000000002,6.563450794142,
    132.15083788564));
#1099 = CARTESIAN_POINT('',(-41.99999999997,2.981450355445,
    132.33267759334));
#1100 = CARTESIAN_POINT('',(-42.00000000001,-0.568093018394,
    132.38354929492));
#1101 = CARTESIAN_POINT('',(-41.99999999998,-4.056035420075,
    132.34906072401));
#1102 = CARTESIAN_POINT('',(-42.,-7.473719166552,132.25265772626));
#1103 = CARTESIAN_POINT('',(-41.99999999999,-10.79240814192,
    132.12253442346));
#1104 = CARTESIAN_POINT('',(-42.,-14.24887551427,131.97087037204));
#1105 = CARTESIAN_POINT('',(-42.,-14.51841237724,131.95904354186));
#1106 = CARTESIAN_POINT('',(-42.,-14.78794924021,131.94721671168));
#1107 = CARTESIAN_POINT('',(-42.,-15.05748610317,131.9353898815));
#1108 = CARTESIAN_POINT('',(-42.,-15.32702296614,131.92356305131));
#1109 = CARTESIAN_POINT('',(-42.,-15.59655982911,131.91173622113));
#1110 = CARTESIAN_POINT('',(-42.,-15.86609669208,131.89990939095));
#1111 = CARTESIAN_POINT('',(-42.,-16.13563355505,131.88808256077));
#1112 = CARTESIAN_POINT('',(-42.,-16.40517041802,131.87625573058));
#1113 = CARTESIAN_POINT('',(-42.,-16.67470728098,131.8644289004));
#1114 = CARTESIAN_POINT('',(-42.,-16.94424414395,131.85260207022));
#1115 = DEFINITIONAL_REPRESENTATION('',(#1116),#1119);
#1116 = B_SPLINE_CURVE_WITH_KNOTS('',1,(#1117,#1118),.UNSPECIFIED.,.F.,
  .F.,(2,2),(0.606013510397,41.730577511669),.PIECEWISE_BEZIER_KNOTS.);
#1117 = CARTESIAN_POINT('',(74.813138495351,0.606013510397));
#1118 = CARTESIAN_POINT('',(74.813137488963,41.730577982615));
#1119 = ( GEOMETRIC_REPRESENTATION_CONTEXT(2) 
PARAMETRIC_REPRESENTATION_CONTEXT() REPRESENTATION_CONTEXT('2D SPACE',''
  ) );
#1120 = ADVANCED_FACE('',(#1121),#232,.T.);
#1121 = FACE_BOUND('',#1122,.T.);
#1122 = EDGE_LOOP('',(#1123,#1181,#1224,#1225));
#1123 = ORIENTED_EDGE('',*,*,#1124,.T.);
#1124 = EDGE_CURVE('',#172,#1125,#1127,.T.);
#1125 = VERTEX_POINT('',#1126);
#1126 = CARTESIAN_POINT('',(-41.2,71.937514044949,160.));
#1127 = SURFACE_CURVE('',#1128,(#1133,#1175),.PCURVE_S1.);
#1128 = CIRCLE('',#1129,0.8);
#1129 = AXIS2_PLACEMENT_3D('',#1130,#1131,#1132);
#1130 = CARTESIAN_POINT('',(-41.2,71.937514044949,159.2));
#1131 = DIRECTION('',(0.,1.,0.));
#1132 = DIRECTION('',(-1.,0.,0.));
#1133 = PCURVE('',#232,#1134);
#1134 = DEFINITIONAL_REPRESENTATION('',(#1135),#1174);
#1135 = B_SPLINE_CURVE_WITH_KNOTS('',7,(#1136,#1137,#1138,#1139,#1140,
    #1141,#1142,#1143,#1144,#1145,#1146,#1147,#1148,#1149,#1150,#1151,
    #1152,#1153,#1154,#1155,#1156,#1157,#1158,#1159,#1160,#1161,#1162,
    #1163,#1164,#1165,#1166,#1167,#1168,#1169,#1170,#1171,#1172,#1173),
  .UNSPECIFIED.,.F.,.F.,(8,6,6,6,6,6,8),(0.,0.196349540849,
    0.392699081699,0.785398163397,1.178097245096,1.374446785946,
    1.570796326795),.UNSPECIFIED.);
#1136 = CARTESIAN_POINT('',(0.,288.4499795469));
#1137 = CARTESIAN_POINT('',(0.56194529629,288.4499795469));
#1138 = CARTESIAN_POINT('',(1.116274724218,288.44997954689));
#1139 = CARTESIAN_POINT('',(1.663536690223,288.4499795469));
#1140 = CARTESIAN_POINT('',(2.204226644421,288.44997954689));
#1141 = CARTESIAN_POINT('',(2.738843853746,288.4499795469));
#1142 = CARTESIAN_POINT('',(3.26783217469,288.44997954689));
#1143 = CARTESIAN_POINT('',(4.315408225202,288.4499795469));
#1144 = CARTESIAN_POINT('',(4.833995742094,288.44997954689));
#1145 = CARTESIAN_POINT('',(5.347811159995,288.4499795469));
#1146 = CARTESIAN_POINT('',(5.857264348756,288.44997954689));
#1147 = CARTESIAN_POINT('',(6.362743223755,288.4499795469));
#1148 = CARTESIAN_POINT('',(6.864616866118,288.44997954689));
#1149 = CARTESIAN_POINT('',(8.36050180215,288.4499795469));
#1150 = CARTESIAN_POINT('',(9.344776176987,288.44997954689));
#1151 = CARTESIAN_POINT('',(10.318934828324,288.44997954691));
#1152 = CARTESIAN_POINT('',(11.285633418186,288.44997954688));
#1153 = CARTESIAN_POINT('',(12.247398840787,288.4499795469));
#1154 = CARTESIAN_POINT('',(13.206698752081,288.44997954689));
#1155 = CARTESIAN_POINT('',(15.125298313999,288.4499795469));
#1156 = CARTESIAN_POINT('',(16.084598225293,288.4499795469));
#1157 = CARTESIAN_POINT('',(17.046363647892,288.44997954689));
#1158 = CARTESIAN_POINT('',(18.013062237756,288.4499795469));
#1159 = CARTESIAN_POINT('',(18.987220889091,288.44997954689));
#1160 = CARTESIAN_POINT('',(19.971495263929,288.4499795469));
#1161 = CARTESIAN_POINT('',(21.46738019996,288.4499795469));
#1162 = CARTESIAN_POINT('',(21.969253842323,288.44997954689));
#1163 = CARTESIAN_POINT('',(22.474732717322,288.4499795469));
#1164 = CARTESIAN_POINT('',(22.984185906084,288.44997954689));
#1165 = CARTESIAN_POINT('',(23.498001323986,288.4499795469));
#1166 = CARTESIAN_POINT('',(24.016588840877,288.44997954689));
#1167 = CARTESIAN_POINT('',(25.064164891388,288.4499795469));
#1168 = CARTESIAN_POINT('',(25.593153212332,288.4499795469));
#1169 = CARTESIAN_POINT('',(26.127770421657,288.4499795469));
#1170 = CARTESIAN_POINT('',(26.668460375859,288.44997954689));
#1171 = CARTESIAN_POINT('',(27.215722341863,288.4499795469));
#1172 = CARTESIAN_POINT('',(27.770051769791,288.44997954689));
#1173 = CARTESIAN_POINT('',(28.331997066081,288.4499795469));
#1174 = ( GEOMETRIC_REPRESENTATION_CONTEXT(2) 
PARAMETRIC_REPRESENTATION_CONTEXT() REPRESENTATION_CONTEXT('2D SPACE',''
  ) );
#1175 = PCURVE('',#809,#1176);
#1176 = DEFINITIONAL_REPRESENTATION('',(#1177),#1180);
#1177 = B_SPLINE_CURVE_WITH_KNOTS('',1,(#1178,#1179),.UNSPECIFIED.,.F.,
  .F.,(2,2),(0.,1.570796326795),.PIECEWISE_BEZIER_KNOTS.);
#1178 = CARTESIAN_POINT('',(0.,53.21212419944));
#1179 = CARTESIAN_POINT('',(1.570796326795,53.21212419944));
#1180 = ( GEOMETRIC_REPRESENTATION_CONTEXT(2) 
PARAMETRIC_REPRESENTATION_CONTEXT() REPRESENTATION_CONTEXT('2D SPACE',''
  ) );
#1181 = ORIENTED_EDGE('',*,*,#1182,.T.);
#1182 = EDGE_CURVE('',#1125,#316,#1183,.T.);
#1183 = SURFACE_CURVE('',#1184,(#1199,#1206),.PCURVE_S1.);
#1184 = B_SPLINE_CURVE_WITH_KNOTS('',7,(#1185,#1186,#1187,#1188,#1189,
    #1190,#1191,#1192,#1193,#1194,#1195,#1196,#1197,#1198),
  .UNSPECIFIED.,.F.,.F.,(8,6,8),(288.4499795469,288.48995481551,
    316.78197661298),.UNSPECIFIED.);
#1185 = CARTESIAN_POINT('',(-41.2,71.937514044949,160.));
#1186 = CARTESIAN_POINT('',(-41.2,71.943228330664,160.));
#1187 = CARTESIAN_POINT('',(-41.19999787621,71.948978645971,160.));
#1188 = CARTESIAN_POINT('',(-41.19999366662,71.954643909759,160.));
#1189 = CARTESIAN_POINT('',(-41.1999873497,71.960315136519,160.));
#1190 = CARTESIAN_POINT('',(-41.19997889309,71.966102445279,160.));
#1191 = CARTESIAN_POINT('',(-41.19996830223,71.971942068533,160.));
#1192 = CARTESIAN_POINT('',(-41.19101471008,75.842568393831,160.));
#1193 = CARTESIAN_POINT('',(-40.17120594681,79.702878314204,160.));
#1194 = CARTESIAN_POINT('',(-38.14406175386,83.239981355498,160.));
#1195 = CARTESIAN_POINT('',(-35.23647468457,86.138921392186,160.));
#1196 = CARTESIAN_POINT('',(-31.70048881731,88.152155444053,160.));
#1197 = CARTESIAN_POINT('',(-27.85021735761,89.15900062422,160.));
#1198 = CARTESIAN_POINT('',(-24.,89.15900062422,160.));
#1199 = PCURVE('',#232,#1200);
#1200 = DEFINITIONAL_REPRESENTATION('',(#1201),#1205);
#1201 = LINE('',#1202,#1203);
#1202 = CARTESIAN_POINT('',(28.331997066081,0.));
#1203 = VECTOR('',#1204,1.);
#1204 = DIRECTION('',(0.,1.));
#1205 = ( GEOMETRIC_REPRESENTATION_CONTEXT(2) 
PARAMETRIC_REPRESENTATION_CONTEXT() REPRESENTATION_CONTEXT('2D SPACE',''
  ) );
#1206 = PCURVE('',#395,#1207);
#1207 = DEFINITIONAL_REPRESENTATION('',(#1208),#1223);
#1208 = B_SPLINE_CURVE_WITH_KNOTS('',7,(#1209,#1210,#1211,#1212,#1213,
    #1214,#1215,#1216,#1217,#1218,#1219,#1220,#1221,#1222),
  .UNSPECIFIED.,.F.,.F.,(8,6,8),(288.4499795469,288.48995481551,
    316.78197661298),.UNSPECIFIED.);
#1209 = CARTESIAN_POINT('',(71.937514044949,-41.2));
#1210 = CARTESIAN_POINT('',(71.943228330664,-41.2));
#1211 = CARTESIAN_POINT('',(71.948978645971,-41.19999787621));
#1212 = CARTESIAN_POINT('',(71.954643909759,-41.19999366662));
#1213 = CARTESIAN_POINT('',(71.960315136519,-41.1999873497));
#1214 = CARTESIAN_POINT('',(71.966102445279,-41.19997889309));
#1215 = CARTESIAN_POINT('',(71.971942068533,-41.19996830223));
#1216 = CARTESIAN_POINT('',(75.842568393831,-41.19101471008));
#1217 = CARTESIAN_POINT('',(79.702878314204,-40.17120594681));
#1218 = CARTESIAN_POINT('',(83.239981355498,-38.14406175386));
#1219 = CARTESIAN_POINT('',(86.138921392186,-35.23647468457));
#1220 = CARTESIAN_POINT('',(88.152155444053,-31.70048881731));
#1221 = CARTESIAN_POINT('',(89.15900062422,-27.85021735761));
#1222 = CARTESIAN_POINT('',(89.15900062422,-24.));
#1223 = ( GEOMETRIC_REPRESENTATION_CONTEXT(2) 
PARAMETRIC_REPRESENTATION_CONTEXT() REPRESENTATION_CONTEXT('2D SPACE',''
  ) );
#1224 = ORIENTED_EDGE('',*,*,#315,.F.);
#1225 = ORIENTED_EDGE('',*,*,#201,.F.);
#1226 = ADVANCED_FACE('',(#1227,#1479),#395,.F.);
#1227 = FACE_BOUND('',#1228,.F.);
#1228 = EDGE_LOOP('',(#1229,#1230,#1275,#1303,#1366,#1394,#1457,#1478));
#1229 = ORIENTED_EDGE('',*,*,#379,.T.);
#1230 = ORIENTED_EDGE('',*,*,#1231,.T.);
#1231 = EDGE_CURVE('',#380,#1232,#1234,.T.);
#1232 = VERTEX_POINT('',#1233);
#1233 = CARTESIAN_POINT('',(41.2,71.937514044949,160.));
#1234 = SURFACE_CURVE('',#1235,(#1250,#1268),.PCURVE_S1.);
#1235 = B_SPLINE_CURVE_WITH_KNOTS('',7,(#1236,#1237,#1238,#1239,#1240,
    #1241,#1242,#1243,#1244,#1245,#1246,#1247,#1248,#1249),
  .UNSPECIFIED.,.F.,.F.,(8,6,8),(48.,76.292021797488,76.331997066105),
  .UNSPECIFIED.);
#1236 = CARTESIAN_POINT('',(24.,89.15900062422,160.));
#1237 = CARTESIAN_POINT('',(27.850217357619,89.15900062422,160.));
#1238 = CARTESIAN_POINT('',(31.700488817314,88.152155444053,160.));
#1239 = CARTESIAN_POINT('',(35.236474684573,86.138921392185,160.));
#1240 = CARTESIAN_POINT('',(38.144061753858,83.239981355499,160.));
#1241 = CARTESIAN_POINT('',(40.171205946819,79.702878314203,160.));
#1242 = CARTESIAN_POINT('',(41.191014710082,75.842568393831,160.));
#1243 = CARTESIAN_POINT('',(41.199968302236,71.971942068533,160.));
#1244 = CARTESIAN_POINT('',(41.199978893092,71.966102445279,160.));
#1245 = CARTESIAN_POINT('',(41.199987349709,71.96031513652,160.));
#1246 = CARTESIAN_POINT('',(41.199993666628,71.954643909759,160.));
#1247 = CARTESIAN_POINT('',(41.199997876216,71.948978645971,160.));
#1248 = CARTESIAN_POINT('',(41.2,71.943228330664,160.));
#1249 = CARTESIAN_POINT('',(41.2,71.937514044949,160.));
#1250 = PCURVE('',#395,#1251);
#1251 = DEFINITIONAL_REPRESENTATION('',(#1252),#1267);
#1252 = B_SPLINE_CURVE_WITH_KNOTS('',7,(#1253,#1254,#1255,#1256,#1257,
    #1258,#1259,#1260,#1261,#1262,#1263,#1264,#1265,#1266),
  .UNSPECIFIED.,.F.,.F.,(8,6,8),(48.,76.292021797488,76.331997066105),
  .UNSPECIFIED.);
#1253 = CARTESIAN_POINT('',(89.15900062422,24.));
#1254 = CARTESIAN_POINT('',(89.15900062422,27.850217357619));
#1255 = CARTESIAN_POINT('',(88.152155444053,31.700488817314));
#1256 = CARTESIAN_POINT('',(86.138921392185,35.236474684573));
#1257 = CARTESIAN_POINT('',(83.239981355499,38.144061753858));
#1258 = CARTESIAN_POINT('',(79.702878314203,40.171205946819));
#1259 = CARTESIAN_POINT('',(75.842568393831,41.191014710082));
#1260 = CARTESIAN_POINT('',(71.971942068533,41.199968302236));
#1261 = CARTESIAN_POINT('',(71.966102445279,41.199978893092));
#1262 = CARTESIAN_POINT('',(71.96031513652,41.199987349709));
#1263 = CARTESIAN_POINT('',(71.954643909759,41.199993666628));
#1264 = CARTESIAN_POINT('',(71.948978645971,41.199997876216));
#1265 = CARTESIAN_POINT('',(71.943228330664,41.2));
#1266 = CARTESIAN_POINT('',(71.937514044949,41.2));
#1267 = ( GEOMETRIC_REPRESENTATION_CONTEXT(2) 
PARAMETRIC_REPRESENTATION_CONTEXT() REPRESENTATION_CONTEXT('2D SPACE',''
  ) );
#1268 = PCURVE('',#421,#1269);
#1269 = DEFINITIONAL_REPRESENTATION('',(#1270),#1274);
#1270 = LINE('',#1271,#1272);
#1271 = CARTESIAN_POINT('',(28.331997066105,0.));
#1272 = VECTOR('',#1273,1.);
#1273 = DIRECTION('',(0.,1.));
#1274 = ( GEOMETRIC_REPRESENTATION_CONTEXT(2) 
PARAMETRIC_REPRESENTATION_CONTEXT() REPRESENTATION_CONTEXT('2D SPACE',''
  ) );
#1275 = ORIENTED_EDGE('',*,*,#1276,.T.);
#1276 = EDGE_CURVE('',#1232,#1277,#1279,.T.);
#1277 = VERTEX_POINT('',#1278);
#1278 = CARTESIAN_POINT('',(41.2,18.495993536902,160.));
#1279 = SURFACE_CURVE('',#1280,(#1284,#1291),.PCURVE_S1.);
#1280 = LINE('',#1281,#1282);
#1281 = CARTESIAN_POINT('',(41.2,71.977514044949,160.));
#1282 = VECTOR('',#1283,1.);
#1283 = DIRECTION('',(-0.,-1.,-0.));
#1284 = PCURVE('',#395,#1285);
#1285 = DEFINITIONAL_REPRESENTATION('',(#1286),#1290);
#1286 = LINE('',#1287,#1288);
#1287 = CARTESIAN_POINT('',(71.977514044949,41.2));
#1288 = VECTOR('',#1289,1.);
#1289 = DIRECTION('',(-1.,0.));
#1290 = ( GEOMETRIC_REPRESENTATION_CONTEXT(2) 
PARAMETRIC_REPRESENTATION_CONTEXT() REPRESENTATION_CONTEXT('2D SPACE',''
  ) );
#1291 = PCURVE('',#1292,#1297);
#1292 = CYLINDRICAL_SURFACE('',#1293,0.8);
#1293 = AXIS2_PLACEMENT_3D('',#1294,#1295,#1296);
#1294 = CARTESIAN_POINT('',(41.2,71.977514044949,159.2));
#1295 = DIRECTION('',(-0.,-1.,-0.));
#1296 = DIRECTION('',(1.,-0.,0.));
#1297 = DEFINITIONAL_REPRESENTATION('',(#1298),#1302);
#1298 = LINE('',#1299,#1300);
#1299 = CARTESIAN_POINT('',(1.570796326795,0.));
#1300 = VECTOR('',#1301,1.);
#1301 = DIRECTION('',(0.,1.));
#1302 = ( GEOMETRIC_REPRESENTATION_CONTEXT(2) 
PARAMETRIC_REPRESENTATION_CONTEXT() REPRESENTATION_CONTEXT('2D SPACE',''
  ) );
#1303 = ORIENTED_EDGE('',*,*,#1304,.T.);
#1304 = EDGE_CURVE('',#1277,#1305,#1307,.T.);
#1305 = VERTEX_POINT('',#1306);
#1306 = CARTESIAN_POINT('',(24.,0.602843240082,160.));
#1307 = SURFACE_CURVE('',#1308,(#1318,#1331),.PCURVE_S1.);
#1308 = B_SPLINE_CURVE_WITH_KNOTS('',8,(#1309,#1310,#1311,#1312,#1313,
    #1314,#1315,#1316,#1317),.UNSPECIFIED.,.F.,.F.,(9,9),(
    129.77352287639,158.3909883065),.PIECEWISE_BEZIER_KNOTS.);
#1309 = CARTESIAN_POINT('',(41.200000023073,18.496185672309,160.));
#1310 = CARTESIAN_POINT('',(41.200037071062,15.002686535555,160.));
#1311 = CARTESIAN_POINT('',(40.450881242528,11.51833543041,160.));
#1312 = CARTESIAN_POINT('',(38.958619466083,8.230430041213,160.));
#1313 = CARTESIAN_POINT('',(36.774950351691,5.323753512012,160.));
#1314 = CARTESIAN_POINT('',(33.986379988438,2.988183737336,160.));
#1315 = CARTESIAN_POINT('',(30.78187925003,1.394760828069,160.));
#1316 = CARTESIAN_POINT('',(27.384534737901,0.602843240082,160.));
#1317 = CARTESIAN_POINT('',(24.,0.602843240082,160.));
#1318 = PCURVE('',#395,#1319);
#1319 = DEFINITIONAL_REPRESENTATION('',(#1320),#1330);
#1320 = B_SPLINE_CURVE_WITH_KNOTS('',8,(#1321,#1322,#1323,#1324,#1325,
    #1326,#1327,#1328,#1329),.UNSPECIFIED.,.F.,.F.,(9,9),(
    129.77352287639,158.3909883065),.PIECEWISE_BEZIER_KNOTS.);
#1321 = CARTESIAN_POINT('',(18.496185672309,41.200000023073));
#1322 = CARTESIAN_POINT('',(15.002686535555,41.200037071062));
#1323 = CARTESIAN_POINT('',(11.51833543041,40.450881242528));
#1324 = CARTESIAN_POINT('',(8.230430041213,38.958619466083));
#1325 = CARTESIAN_POINT('',(5.323753512012,36.774950351691));
#1326 = CARTESIAN_POINT('',(2.988183737336,33.986379988438));
#1327 = CARTESIAN_POINT('',(1.394760828069,30.78187925003));
#1328 = CARTESIAN_POINT('',(0.602843240082,27.384534737901));
#1329 = CARTESIAN_POINT('',(0.602843240082,24.));
#1330 = ( GEOMETRIC_REPRESENTATION_CONTEXT(2) 
PARAMETRIC_REPRESENTATION_CONTEXT() REPRESENTATION_CONTEXT('2D SPACE',''
  ) );
#1331 = PCURVE('',#1332,#1360);
#1332 = ( BOUNDED_SURFACE() B_SPLINE_SURFACE(2,8,(
    (#1333,#1334,#1335,#1336,#1337,#1338,#1339,#1340,#1341)
    ,(#1342,#1343,#1344,#1345,#1346,#1347,#1348,#1349,#1350)
    ,(#1351,#1352,#1353,#1354,#1355,#1356,#1357,#1358,#1359
)),.UNSPECIFIED.,.F.,.F.,.F.) B_SPLINE_SURFACE_WITH_KNOTS((3,3),(9,9),(
    0.,28.617465430107),(129.77352287639,158.3909883065),
.PIECEWISE_BEZIER_KNOTS.) GEOMETRIC_REPRESENTATION_ITEM() 
RATIONAL_B_SPLINE_SURFACE((
    (1.,1.,1.,1.,1.,1.,1.,1.,1.)
    ,(0.707106781187,0.726155119194,0.744567689506,0.761382714036
      ,0.775820216368,0.787149862214,0.794820751356,0.798635510047
      ,0.798635510047)
,(1.,1.,1.,1.,1.,1.,1.,1.,1.))) REPRESENTATION_ITEM('') SURFACE() );
#1333 = CARTESIAN_POINT('',(42.,18.495993536902,159.2));
#1334 = CARTESIAN_POINT('',(42.,14.848236573165,159.24310146872));
#1335 = CARTESIAN_POINT('',(41.21415153579,11.20993438089,
    159.28609160438));
#1336 = CARTESIAN_POINT('',(39.648861289531,7.778760536117,
    159.32663696867));
#1337 = CARTESIAN_POINT('',(37.360050324467,4.749213241319,
    159.36245731007));
#1338 = CARTESIAN_POINT('',(34.44243945425,2.31821317673,159.39115877295
    ));
#1339 = CARTESIAN_POINT('',(31.092530623267,0.659051659271,
    159.41076037922));
#1340 = CARTESIAN_POINT('',(27.540388604102,-0.166166116668,
    159.42050988465));
#1341 = CARTESIAN_POINT('',(24.,-0.166166116668,159.42050988465));
#1342 = CARTESIAN_POINT('',(42.,18.495993536902,160.));
#1343 = CARTESIAN_POINT('',(41.958029160536,14.943933794735,160.));
#1344 = CARTESIAN_POINT('',(41.174558357093,11.381220962051,160.));
#1345 = CARTESIAN_POINT('',(39.634012970313,7.981195320326,160.));
#1346 = CARTESIAN_POINT('',(37.363564576127,4.94014906965,160.));
#1347 = CARTESIAN_POINT('',(34.431907064091,2.480920675439,160.));
#1348 = CARTESIAN_POINT('',(31.059054001021,0.81623519443,160.));
#1349 = CARTESIAN_POINT('',(27.506711989524,-1.95399252334E-14,160.));
#1350 = CARTESIAN_POINT('',(24.,3.552713678801E-15,160.));
#1351 = CARTESIAN_POINT('',(41.200000023073,18.496185672309,160.));
#1352 = CARTESIAN_POINT('',(41.200037071062,15.002686535555,160.));
#1353 = CARTESIAN_POINT('',(40.450881242528,11.51833543041,160.));
#1354 = CARTESIAN_POINT('',(38.958619466083,8.230430041213,160.));
#1355 = CARTESIAN_POINT('',(36.774950351691,5.323753512012,160.));
#1356 = CARTESIAN_POINT('',(33.986379988438,2.988183737336,160.));
#1357 = CARTESIAN_POINT('',(30.78187925003,1.394760828069,160.));
#1358 = CARTESIAN_POINT('',(27.384534737901,0.602843240082,160.));
#1359 = CARTESIAN_POINT('',(24.,0.602843240082,160.));
#1360 = DEFINITIONAL_REPRESENTATION('',(#1361),#1365);
#1361 = LINE('',#1362,#1363);
#1362 = CARTESIAN_POINT('',(28.617465430114,0.));
#1363 = VECTOR('',#1364,1.);
#1364 = DIRECTION('',(-5.412756823915E-14,1.));
#1365 = ( GEOMETRIC_REPRESENTATION_CONTEXT(2) 
PARAMETRIC_REPRESENTATION_CONTEXT() REPRESENTATION_CONTEXT('2D SPACE',''
  ) );
#1366 = ORIENTED_EDGE('',*,*,#1367,.T.);
#1367 = EDGE_CURVE('',#1305,#1368,#1370,.T.);
#1368 = VERTEX_POINT('',#1369);
#1369 = CARTESIAN_POINT('',(-24.,0.602843240082,160.));
#1370 = SURFACE_CURVE('',#1371,(#1375,#1382),.PCURVE_S1.);
#1371 = LINE('',#1372,#1373);
#1372 = CARTESIAN_POINT('',(24.,0.602843240082,160.));
#1373 = VECTOR('',#1374,1.);
#1374 = DIRECTION('',(-1.,0.,0.));
#1375 = PCURVE('',#395,#1376);
#1376 = DEFINITIONAL_REPRESENTATION('',(#1377),#1381);
#1377 = LINE('',#1378,#1379);
#1378 = CARTESIAN_POINT('',(0.602843240082,24.));
#1379 = VECTOR('',#1380,1.);
#1380 = DIRECTION('',(0.,-1.));
#1381 = ( GEOMETRIC_REPRESENTATION_CONTEXT(2) 
PARAMETRIC_REPRESENTATION_CONTEXT() REPRESENTATION_CONTEXT('2D SPACE',''
  ) );
#1382 = PCURVE('',#1383,#1388);
#1383 = CYLINDRICAL_SURFACE('',#1384,0.8);
#1384 = AXIS2_PLACEMENT_3D('',#1385,#1386,#1387);
#1385 = CARTESIAN_POINT('',(24.,0.602843240082,159.2));
#1386 = DIRECTION('',(-1.,0.,0.));
#1387 = DIRECTION('',(0.,-0.961261695938,0.275637355817));
#1388 = DEFINITIONAL_REPRESENTATION('',(#1389),#1393);
#1389 = LINE('',#1390,#1391);
#1390 = CARTESIAN_POINT('',(1.291543646476,0.));
#1391 = VECTOR('',#1392,1.);
#1392 = DIRECTION('',(0.,1.));
#1393 = ( GEOMETRIC_REPRESENTATION_CONTEXT(2) 
PARAMETRIC_REPRESENTATION_CONTEXT() REPRESENTATION_CONTEXT('2D SPACE',''
  ) );
#1394 = ORIENTED_EDGE('',*,*,#1395,.T.);
#1395 = EDGE_CURVE('',#1368,#1396,#1398,.T.);
#1396 = VERTEX_POINT('',#1397);
#1397 = CARTESIAN_POINT('',(-41.20000002307,18.496185672309,160.));
#1398 = SURFACE_CURVE('',#1399,(#1409,#1422),.PCURVE_S1.);
#1399 = B_SPLINE_CURVE_WITH_KNOTS('',8,(#1400,#1401,#1402,#1403,#1404,
    #1405,#1406,#1407,#1408),.UNSPECIFIED.,.F.,.F.,(9,9),(206.3909883065
    ,235.0084537366),.PIECEWISE_BEZIER_KNOTS.);
#1400 = CARTESIAN_POINT('',(-24.,0.602843240082,160.));
#1401 = CARTESIAN_POINT('',(-27.3845347379,0.602843240082,160.));
#1402 = CARTESIAN_POINT('',(-30.78187925003,1.394760828068,160.));
#1403 = CARTESIAN_POINT('',(-33.98637998843,2.988183737336,160.));
#1404 = CARTESIAN_POINT('',(-36.77495035169,5.323753512011,160.));
#1405 = CARTESIAN_POINT('',(-38.95861946608,8.230430041213,160.));
#1406 = CARTESIAN_POINT('',(-40.45088124252,11.51833543041,160.));
#1407 = CARTESIAN_POINT('',(-41.20003707106,15.002686535555,160.));
#1408 = CARTESIAN_POINT('',(-41.20000002307,18.496185672309,160.));
#1409 = PCURVE('',#395,#1410);
#1410 = DEFINITIONAL_REPRESENTATION('',(#1411),#1421);
#1411 = B_SPLINE_CURVE_WITH_KNOTS('',8,(#1412,#1413,#1414,#1415,#1416,
    #1417,#1418,#1419,#1420),.UNSPECIFIED.,.F.,.F.,(9,9),(206.3909883065
    ,235.0084537366),.PIECEWISE_BEZIER_KNOTS.);
#1412 = CARTESIAN_POINT('',(0.602843240082,-24.));
#1413 = CARTESIAN_POINT('',(0.602843240082,-27.3845347379));
#1414 = CARTESIAN_POINT('',(1.394760828068,-30.78187925003));
#1415 = CARTESIAN_POINT('',(2.988183737336,-33.98637998843));
#1416 = CARTESIAN_POINT('',(5.323753512011,-36.77495035169));
#1417 = CARTESIAN_POINT('',(8.230430041213,-38.95861946608));
#1418 = CARTESIAN_POINT('',(11.51833543041,-40.45088124252));
#1419 = CARTESIAN_POINT('',(15.002686535555,-41.20003707106));
#1420 = CARTESIAN_POINT('',(18.496185672309,-41.20000002307));
#1421 = ( GEOMETRIC_REPRESENTATION_CONTEXT(2) 
PARAMETRIC_REPRESENTATION_CONTEXT() REPRESENTATION_CONTEXT('2D SPACE',''
  ) );
#1422 = PCURVE('',#1423,#1451);
#1423 = ( BOUNDED_SURFACE() B_SPLINE_SURFACE(2,8,(
    (#1424,#1425,#1426,#1427,#1428,#1429,#1430,#1431,#1432)
    ,(#1433,#1434,#1435,#1436,#1437,#1438,#1439,#1440,#1441)
    ,(#1442,#1443,#1444,#1445,#1446,#1447,#1448,#1449,#1450
)),.UNSPECIFIED.,.F.,.F.,.F.) B_SPLINE_SURFACE_WITH_KNOTS((3,3),(9,9),(
    0.,28.617465430107),(206.3909883065,235.0084537366),
.PIECEWISE_BEZIER_KNOTS.) GEOMETRIC_REPRESENTATION_ITEM() 
RATIONAL_B_SPLINE_SURFACE((
    (1.,1.,1.,1.,1.,1.,1.,1.,1.)
    ,(0.798635510047,0.798635510047,0.794820751356,0.787149862214
      ,0.775820216368,0.761382714036,0.744567689506,0.726155119194
      ,0.707106781187)
,(1.,1.,1.,1.,1.,1.,1.,1.,1.))) REPRESENTATION_ITEM('') SURFACE() );
#1424 = CARTESIAN_POINT('',(-24.,-0.166166116668,159.42050988465));
#1425 = CARTESIAN_POINT('',(-27.5403886041,-0.166166116668,
    159.42050988465));
#1426 = CARTESIAN_POINT('',(-31.09253062326,0.659051659271,
    159.41076037922));
#1427 = CARTESIAN_POINT('',(-34.44243945425,2.31821317673,
    159.39115877295));
#1428 = CARTESIAN_POINT('',(-37.36005032446,4.749213241319,
    159.36245731007));
#1429 = CARTESIAN_POINT('',(-39.64886128953,7.778760536117,
    159.32663696867));
#1430 = CARTESIAN_POINT('',(-41.21415153579,11.20993438089,
    159.28609160438));
#1431 = CARTESIAN_POINT('',(-42.,14.848236573165,159.24310146872));
#1432 = CARTESIAN_POINT('',(-42.,18.495993536902,159.2));
#1433 = CARTESIAN_POINT('',(-24.,1.24344978758E-14,160.));
#1434 = CARTESIAN_POINT('',(-27.50671198952,-1.59872115546E-14,160.));
#1435 = CARTESIAN_POINT('',(-31.05905400102,0.81623519443,160.));
#1436 = CARTESIAN_POINT('',(-34.43190706409,2.480920675439,160.));
#1437 = CARTESIAN_POINT('',(-37.36356457612,4.94014906965,160.));
#1438 = CARTESIAN_POINT('',(-39.63401297031,7.981195320326,160.));
#1439 = CARTESIAN_POINT('',(-41.17455835709,11.381220962051,160.));
#1440 = CARTESIAN_POINT('',(-41.95802916053,14.943933794735,160.));
#1441 = CARTESIAN_POINT('',(-42.,18.495993536902,160.));
#1442 = CARTESIAN_POINT('',(-24.,0.602843240082,160.));
#1443 = CARTESIAN_POINT('',(-27.3845347379,0.602843240082,160.));
#1444 = CARTESIAN_POINT('',(-30.78187925003,1.394760828068,160.));
#1445 = CARTESIAN_POINT('',(-33.98637998843,2.988183737336,160.));
#1446 = CARTESIAN_POINT('',(-36.77495035169,5.323753512011,160.));
#1447 = CARTESIAN_POINT('',(-38.95861946608,8.230430041213,160.));
#1448 = CARTESIAN_POINT('',(-40.45088124252,11.51833543041,160.));
#1449 = CARTESIAN_POINT('',(-41.20003707106,15.002686535555,160.));
#1450 = CARTESIAN_POINT('',(-41.20000002307,18.496185672309,160.));
#1451 = DEFINITIONAL_REPRESENTATION('',(#1452),#1456);
#1452 = LINE('',#1453,#1454);
#1453 = CARTESIAN_POINT('',(28.617465430107,0.));
#1454 = VECTOR('',#1455,1.);
#1455 = DIRECTION('',(0.,1.));
#1456 = ( GEOMETRIC_REPRESENTATION_CONTEXT(2) 
PARAMETRIC_REPRESENTATION_CONTEXT() REPRESENTATION_CONTEXT('2D SPACE',''
  ) );
#1457 = ORIENTED_EDGE('',*,*,#1458,.T.);
#1458 = EDGE_CURVE('',#1396,#1125,#1459,.T.);
#1459 = SURFACE_CURVE('',#1460,(#1464,#1471),.PCURVE_S1.);
#1460 = LINE('',#1461,#1462);
#1461 = CARTESIAN_POINT('',(-41.2,18.725389845509,160.));
#1462 = VECTOR('',#1463,1.);
#1463 = DIRECTION('',(0.,1.,0.));
#1464 = PCURVE('',#395,#1465);
#1465 = DEFINITIONAL_REPRESENTATION('',(#1466),#1470);
#1466 = LINE('',#1467,#1468);
#1467 = CARTESIAN_POINT('',(18.725389845509,-41.2));
#1468 = VECTOR('',#1469,1.);
#1469 = DIRECTION('',(1.,0.));
#1470 = ( GEOMETRIC_REPRESENTATION_CONTEXT(2) 
PARAMETRIC_REPRESENTATION_CONTEXT() REPRESENTATION_CONTEXT('2D SPACE',''
  ) );
#1471 = PCURVE('',#809,#1472);
#1472 = DEFINITIONAL_REPRESENTATION('',(#1473),#1477);
#1473 = LINE('',#1474,#1475);
#1474 = CARTESIAN_POINT('',(1.570796326795,0.));
#1475 = VECTOR('',#1476,1.);
#1476 = DIRECTION('',(0.,1.));
#1477 = ( GEOMETRIC_REPRESENTATION_CONTEXT(2) 
PARAMETRIC_REPRESENTATION_CONTEXT() REPRESENTATION_CONTEXT('2D SPACE',''
  ) );
#1478 = ORIENTED_EDGE('',*,*,#1182,.T.);
#1479 = FACE_BOUND('',#1480,.F.);
#1480 = EDGE_LOOP('',(#1481,#1511,#1599,#1627,#1715,#1743,#1831,#1859));
#1481 = ORIENTED_EDGE('',*,*,#1482,.F.);
#1482 = EDGE_CURVE('',#1483,#1485,#1487,.T.);
#1483 = VERTEX_POINT('',#1484);
#1484 = CARTESIAN_POINT('',(-39.8,39.0768,160.));
#1485 = VERTEX_POINT('',#1486);
#1486 = CARTESIAN_POINT('',(-39.8,71.96,160.));
#1487 = SURFACE_CURVE('',#1488,(#1492,#1499),.PCURVE_S1.);
#1488 = LINE('',#1489,#1490);
#1489 = CARTESIAN_POINT('',(-39.8,39.,160.));
#1490 = VECTOR('',#1491,1.);
#1491 = DIRECTION('',(0.,1.,0.));
#1492 = PCURVE('',#395,#1493);
#1493 = DEFINITIONAL_REPRESENTATION('',(#1494),#1498);
#1494 = LINE('',#1495,#1496);
#1495 = CARTESIAN_POINT('',(39.,-39.8));
#1496 = VECTOR('',#1497,1.);
#1497 = DIRECTION('',(1.,0.));
#1498 = ( GEOMETRIC_REPRESENTATION_CONTEXT(2) 
PARAMETRIC_REPRESENTATION_CONTEXT() REPRESENTATION_CONTEXT('2D SPACE',''
  ) );
#1499 = PCURVE('',#1500,#1505);
#1500 = CYLINDRICAL_SURFACE('',#1501,0.8);
#1501 = AXIS2_PLACEMENT_3D('',#1502,#1503,#1504);
#1502 = CARTESIAN_POINT('',(-39.8,39.,159.2));
#1503 = DIRECTION('',(0.,1.,0.));
#1504 = DIRECTION('',(0.,-0.,1.));
#1505 = DEFINITIONAL_REPRESENTATION('',(#1506),#1510);
#1506 = LINE('',#1507,#1508);
#1507 = CARTESIAN_POINT('',(0.,0.));
#1508 = VECTOR('',#1509,1.);
#1509 = DIRECTION('',(0.,1.));
#1510 = ( GEOMETRIC_REPRESENTATION_CONTEXT(2) 
PARAMETRIC_REPRESENTATION_CONTEXT() REPRESENTATION_CONTEXT('2D SPACE',''
  ) );
#1511 = ORIENTED_EDGE('',*,*,#1512,.F.);
#1512 = EDGE_CURVE('',#1513,#1483,#1515,.T.);
#1513 = VERTEX_POINT('',#1514);
#1514 = CARTESIAN_POINT('',(-24.,23.273122054552,160.));
#1515 = SURFACE_CURVE('',#1516,(#1531,#1549),.PCURVE_S1.);
#1516 = B_SPLINE_CURVE_WITH_KNOTS('',7,(#1517,#1518,#1519,#1520,#1521,
    #1522,#1523,#1524,#1525,#1526,#1527,#1528,#1529,#1530),
  .UNSPECIFIED.,.F.,.F.,(8,6,8),(232.68583470576,256.24777925725,
    256.32457960769),.UNSPECIFIED.);
#1517 = CARTESIAN_POINT('',(-23.99999999999,23.273122054552,160.));
#1518 = CARTESIAN_POINT('',(-27.52908700261,23.273122054551,160.));
#1519 = CARTESIAN_POINT('',(-31.05818841369,24.193059079369,160.));
#1520 = CARTESIAN_POINT('',(-34.30100973399,26.032353398875,160.));
#1521 = CARTESIAN_POINT('',(-36.97045517672,28.682295250029,160.));
#1522 = CARTESIAN_POINT('',(-38.83768338052,31.917506516253,160.));
#1523 = CARTESIAN_POINT('',(-39.78252105888,35.454881729956,160.));
#1524 = CARTESIAN_POINT('',(-39.79985977878,39.011299404818,160.));
#1525 = CARTESIAN_POINT('',(-39.7999062585,39.021870472202,160.));
#1526 = CARTESIAN_POINT('',(-39.79994386745,39.032878794196,160.));
#1527 = CARTESIAN_POINT('',(-39.79997203146,39.043949443553,160.));
#1528 = CARTESIAN_POINT('',(-39.79999057924,39.054828652592,160.));
#1529 = CARTESIAN_POINT('',(-39.8,39.065828571429,160.));
#1530 = CARTESIAN_POINT('',(-39.8,39.0768,160.));
#1531 = PCURVE('',#395,#1532);
#1532 = DEFINITIONAL_REPRESENTATION('',(#1533),#1548);
#1533 = B_SPLINE_CURVE_WITH_KNOTS('',7,(#1534,#1535,#1536,#1537,#1538,
    #1539,#1540,#1541,#1542,#1543,#1544,#1545,#1546,#1547),
  .UNSPECIFIED.,.F.,.F.,(8,6,8),(232.68583470576,256.24777925725,
    256.32457960769),.UNSPECIFIED.);
#1534 = CARTESIAN_POINT('',(23.273122054552,-23.99999999999));
#1535 = CARTESIAN_POINT('',(23.273122054551,-27.52908700261));
#1536 = CARTESIAN_POINT('',(24.193059079369,-31.05818841369));
#1537 = CARTESIAN_POINT('',(26.032353398875,-34.30100973399));
#1538 = CARTESIAN_POINT('',(28.682295250029,-36.97045517672));
#1539 = CARTESIAN_POINT('',(31.917506516253,-38.83768338052));
#1540 = CARTESIAN_POINT('',(35.454881729956,-39.78252105888));
#1541 = CARTESIAN_POINT('',(39.011299404818,-39.79985977878));
#1542 = CARTESIAN_POINT('',(39.021870472202,-39.7999062585));
#1543 = CARTESIAN_POINT('',(39.032878794196,-39.79994386745));
#1544 = CARTESIAN_POINT('',(39.043949443553,-39.79997203146));
#1545 = CARTESIAN_POINT('',(39.054828652592,-39.79999057924));
#1546 = CARTESIAN_POINT('',(39.065828571429,-39.8));
#1547 = CARTESIAN_POINT('',(39.0768,-39.8));
#1548 = ( GEOMETRIC_REPRESENTATION_CONTEXT(2) 
PARAMETRIC_REPRESENTATION_CONTEXT() REPRESENTATION_CONTEXT('2D SPACE',''
  ) );
#1549 = PCURVE('',#1550,#1593);
#1550 = ( BOUNDED_SURFACE() B_SPLINE_SURFACE(2,7,(
    (#1551,#1552,#1553,#1554,#1555,#1556,#1557,#1558,#1559,#1560,#1561
      ,#1562,#1563,#1564)
    ,(#1565,#1566,#1567,#1568,#1569,#1570,#1571,#1572,#1573,#1574,#1575
      ,#1576,#1577,#1578)
    ,(#1579,#1580,#1581,#1582,#1583,#1584,#1585,#1586,#1587,#1588,#1589
      ,#1590,#1591,#1592
)),.UNSPECIFIED.,.F.,.F.,.F.) B_SPLINE_SURFACE_WITH_KNOTS((3,3),(8,6,8),
  (0.,23.638744901924),(232.68583470576,256.24777925725,256.32457960769)
,.UNSPECIFIED.) GEOMETRIC_REPRESENTATION_ITEM() 
RATIONAL_B_SPLINE_SURFACE((
    (1.,1.,1.,1.,1.,1.,1.,1.,1.,1.,1.,1.,1.,1.)
    ,(0.740121836711,0.740121836711,0.73826002231,0.734537937475
      ,0.729127645264,0.722386668871,0.714891162406,0.70725564792
      ,0.707230838054,0.707206028664,0.707181218448,0.70715640675
      ,0.70713159453,0.707106781187)
,(1.,1.,1.,1.,1.,1.,1.,1.,1.,1.,1.,1.,1.,1.
))) REPRESENTATION_ITEM('') SURFACE() );
#1551 = CARTESIAN_POINT('',(-23.99999999999,23.273122054552,160.));
#1552 = CARTESIAN_POINT('',(-27.52908700261,23.273122054551,160.));
#1553 = CARTESIAN_POINT('',(-31.05818841369,24.193059079369,160.));
#1554 = CARTESIAN_POINT('',(-34.30100973399,26.032353398875,160.));
#1555 = CARTESIAN_POINT('',(-36.97045517672,28.682295250029,160.));
#1556 = CARTESIAN_POINT('',(-38.83768338052,31.917506516253,160.));
#1557 = CARTESIAN_POINT('',(-39.78252105888,35.454881729956,160.));
#1558 = CARTESIAN_POINT('',(-39.79985977878,39.011299404818,160.));
#1559 = CARTESIAN_POINT('',(-39.7999062585,39.021870472202,160.));
#1560 = CARTESIAN_POINT('',(-39.79994386745,39.032878794196,160.));
#1561 = CARTESIAN_POINT('',(-39.79997203146,39.043949443553,160.));
#1562 = CARTESIAN_POINT('',(-39.79999057924,39.054828652592,160.));
#1563 = CARTESIAN_POINT('',(-39.8,39.065828571429,160.));
#1564 = CARTESIAN_POINT('',(-39.8,39.0768,160.));
#1565 = CARTESIAN_POINT('',(-23.99999999999,24.,160.));
#1566 = CARTESIAN_POINT('',(-27.36597671978,23.999999999999,160.));
#1567 = CARTESIAN_POINT('',(-30.74886053707,24.883557771153,160.));
#1568 = CARTESIAN_POINT('',(-33.8604593305,26.663076122704,160.));
#1569 = CARTESIAN_POINT('',(-36.39759638829,29.229646931456,160.));
#1570 = CARTESIAN_POINT('',(-38.13714481047,32.325550081535,160.));
#1571 = CARTESIAN_POINT('',(-39.00018800369,35.669813424092,160.));
#1572 = CARTESIAN_POINT('',(-39.00019644602,39.010971895281,160.));
#1573 = CARTESIAN_POINT('',(-39.00018710812,39.021943477758,160.));
#1574 = CARTESIAN_POINT('',(-39.00016840985,39.032915045882,160.));
#1575 = CARTESIAN_POINT('',(-39.00014034977,39.043886500799,160.));
#1576 = CARTESIAN_POINT('',(-39.00010292729,39.054857777175,160.));
#1577 = CARTESIAN_POINT('',(-39.00005614421,39.065828956418,160.));
#1578 = CARTESIAN_POINT('',(-39.,39.0768,160.));
#1579 = CARTESIAN_POINT('',(-24.,24.069460940824,159.27644853308));
#1580 = CARTESIAN_POINT('',(-27.35038979246,24.069460940824,
    159.27644853308));
#1581 = CARTESIAN_POINT('',(-30.7008027108,24.943039954688,
    159.27203881896));
#1582 = CARTESIAN_POINT('',(-33.77917168308,26.689614716878,
    159.26322463228));
#1583 = CARTESIAN_POINT('',(-36.31292546276,29.205698160805,
    159.25047750042));
#1584 = CARTESIAN_POINT('',(-38.08495244757,32.276639842898,
    159.23479892799));
#1585 = CARTESIAN_POINT('',(-38.98258673195,35.634072355939,
    159.21761832195));
#1586 = CARTESIAN_POINT('',(-38.9998597024,39.010971331462,
    159.20033688143));
#1587 = CARTESIAN_POINT('',(-38.99990646916,39.021942909942,
    159.20028073162));
#1588 = CARTESIAN_POINT('',(-38.99994388139,39.03291429344,
    159.20022458519));
#1589 = CARTESIAN_POINT('',(-38.99997194047,39.043885679615,
    159.20016843919));
#1590 = CARTESIAN_POINT('',(-38.99999064701,39.054857160349,
    159.20011229213));
#1591 = CARTESIAN_POINT('',(-39.,39.065828571429,159.20005614618));
#1592 = CARTESIAN_POINT('',(-39.,39.0768,159.2));
#1593 = DEFINITIONAL_REPRESENTATION('',(#1594),#1598);
#1594 = LINE('',#1595,#1596);
#1595 = CARTESIAN_POINT('',(0.,0.));
#1596 = VECTOR('',#1597,1.);
#1597 = DIRECTION('',(0.,1.));
#1598 = ( GEOMETRIC_REPRESENTATION_CONTEXT(2) 
PARAMETRIC_REPRESENTATION_CONTEXT() REPRESENTATION_CONTEXT('2D SPACE',''
  ) );
#1599 = ORIENTED_EDGE('',*,*,#1600,.F.);
#1600 = EDGE_CURVE('',#1601,#1513,#1603,.T.);
#1601 = VERTEX_POINT('',#1602);
#1602 = CARTESIAN_POINT('',(24.,23.273122054552,160.));
#1603 = SURFACE_CURVE('',#1604,(#1608,#1615),.PCURVE_S1.);
#1604 = LINE('',#1605,#1606);
#1605 = CARTESIAN_POINT('',(24.,23.273122054552,160.));
#1606 = VECTOR('',#1607,1.);
#1607 = DIRECTION('',(-1.,-0.,-0.));
#1608 = PCURVE('',#395,#1609);
#1609 = DEFINITIONAL_REPRESENTATION('',(#1610),#1614);
#1610 = LINE('',#1611,#1612);
#1611 = CARTESIAN_POINT('',(23.273122054552,24.));
#1612 = VECTOR('',#1613,1.);
#1613 = DIRECTION('',(0.,-1.));
#1614 = ( GEOMETRIC_REPRESENTATION_CONTEXT(2) 
PARAMETRIC_REPRESENTATION_CONTEXT() REPRESENTATION_CONTEXT('2D SPACE',''
  ) );
#1615 = PCURVE('',#1616,#1621);
#1616 = CYLINDRICAL_SURFACE('',#1617,0.8);
#1617 = AXIS2_PLACEMENT_3D('',#1618,#1619,#1620);
#1618 = CARTESIAN_POINT('',(24.,23.273122054552,159.2));
#1619 = DIRECTION('',(-1.,-0.,-0.));
#1620 = DIRECTION('',(-0.,0.,1.));
#1621 = DEFINITIONAL_REPRESENTATION('',(#1622),#1626);
#1622 = LINE('',#1623,#1624);
#1623 = CARTESIAN_POINT('',(0.,0.));
#1624 = VECTOR('',#1625,1.);
#1625 = DIRECTION('',(0.,1.));
#1626 = ( GEOMETRIC_REPRESENTATION_CONTEXT(2) 
PARAMETRIC_REPRESENTATION_CONTEXT() REPRESENTATION_CONTEXT('2D SPACE',''
  ) );
#1627 = ORIENTED_EDGE('',*,*,#1628,.F.);
#1628 = EDGE_CURVE('',#1629,#1601,#1631,.T.);
#1629 = VERTEX_POINT('',#1630);
#1630 = CARTESIAN_POINT('',(39.8,39.0768,160.));
#1631 = SURFACE_CURVE('',#1632,(#1647,#1665),.PCURVE_S1.);
#1632 = B_SPLINE_CURVE_WITH_KNOTS('',7,(#1633,#1634,#1635,#1636,#1637,
    #1638,#1639,#1640,#1641,#1642,#1643,#1644,#1645,#1646),
  .UNSPECIFIED.,.F.,.F.,(8,6,8),(161.04708980384,161.12389015428,
    184.68583470578),.UNSPECIFIED.);
#1633 = CARTESIAN_POINT('',(39.8,39.0768,160.));
#1634 = CARTESIAN_POINT('',(39.8,39.065828571429,160.));
#1635 = CARTESIAN_POINT('',(39.799990579245,39.054828652592,160.));
#1636 = CARTESIAN_POINT('',(39.799972031462,39.043949443553,160.));
#1637 = CARTESIAN_POINT('',(39.799943867452,39.032878794196,160.));
#1638 = CARTESIAN_POINT('',(39.799906258503,39.021870472202,160.));
#1639 = CARTESIAN_POINT('',(39.799859778782,39.011299404818,160.));
#1640 = CARTESIAN_POINT('',(39.782521058884,35.454881729958,160.));
#1641 = CARTESIAN_POINT('',(38.837683380527,31.917506516251,160.));
#1642 = CARTESIAN_POINT('',(36.970455176728,28.68229525003,160.));
#1643 = CARTESIAN_POINT('',(34.301009733995,26.032353398874,160.));
#1644 = CARTESIAN_POINT('',(31.058188413694,24.19305907937,160.));
#1645 = CARTESIAN_POINT('',(27.529087002618,23.273122054551,160.));
#1646 = CARTESIAN_POINT('',(24.,23.273122054552,160.));
#1647 = PCURVE('',#395,#1648);
#1648 = DEFINITIONAL_REPRESENTATION('',(#1649),#1664);
#1649 = B_SPLINE_CURVE_WITH_KNOTS('',7,(#1650,#1651,#1652,#1653,#1654,
    #1655,#1656,#1657,#1658,#1659,#1660,#1661,#1662,#1663),
  .UNSPECIFIED.,.F.,.F.,(8,6,8),(161.04708980384,161.12389015428,
    184.68583470578),.UNSPECIFIED.);
#1650 = CARTESIAN_POINT('',(39.0768,39.8));
#1651 = CARTESIAN_POINT('',(39.065828571429,39.8));
#1652 = CARTESIAN_POINT('',(39.054828652592,39.799990579245));
#1653 = CARTESIAN_POINT('',(39.043949443553,39.799972031462));
#1654 = CARTESIAN_POINT('',(39.032878794196,39.799943867452));
#1655 = CARTESIAN_POINT('',(39.021870472202,39.799906258503));
#1656 = CARTESIAN_POINT('',(39.011299404818,39.799859778782));
#1657 = CARTESIAN_POINT('',(35.454881729958,39.782521058884));
#1658 = CARTESIAN_POINT('',(31.917506516251,38.837683380527));
#1659 = CARTESIAN_POINT('',(28.68229525003,36.970455176728));
#1660 = CARTESIAN_POINT('',(26.032353398874,34.301009733995));
#1661 = CARTESIAN_POINT('',(24.19305907937,31.058188413694));
#1662 = CARTESIAN_POINT('',(23.273122054551,27.529087002618));
#1663 = CARTESIAN_POINT('',(23.273122054552,24.));
#1664 = ( GEOMETRIC_REPRESENTATION_CONTEXT(2) 
PARAMETRIC_REPRESENTATION_CONTEXT() REPRESENTATION_CONTEXT('2D SPACE',''
  ) );
#1665 = PCURVE('',#1666,#1709);
#1666 = ( BOUNDED_SURFACE() B_SPLINE_SURFACE(2,7,(
    (#1667,#1668,#1669,#1670,#1671,#1672,#1673,#1674,#1675,#1676,#1677
      ,#1678,#1679,#1680)
    ,(#1681,#1682,#1683,#1684,#1685,#1686,#1687,#1688,#1689,#1690,#1691
      ,#1692,#1693,#1694)
    ,(#1695,#1696,#1697,#1698,#1699,#1700,#1701,#1702,#1703,#1704,#1705
      ,#1706,#1707,#1708
)),.UNSPECIFIED.,.F.,.F.,.F.) B_SPLINE_SURFACE_WITH_KNOTS((3,3),(8,6,8),
  (0.,23.638744901935),(161.04708980384,161.12389015428,184.68583470578)
,.UNSPECIFIED.) GEOMETRIC_REPRESENTATION_ITEM() 
RATIONAL_B_SPLINE_SURFACE((
    (1.,1.,1.,1.,1.,1.,1.,1.,1.,1.,1.,1.,1.,1.)
    ,(0.707106781187,0.70713159453,0.70715640675,0.707181218448
      ,0.707206028664,0.707230838054,0.70725564792,0.714891162406
      ,0.722386668871,0.729127645264,0.734537937475,0.73826002231
      ,0.740121836711,0.740121836711)
,(1.,1.,1.,1.,1.,1.,1.,1.,1.,1.,1.,1.,1.,1.
))) REPRESENTATION_ITEM('') SURFACE() );
#1667 = CARTESIAN_POINT('',(39.8,39.0768,160.));
#1668 = CARTESIAN_POINT('',(39.8,39.065828571429,160.));
#1669 = CARTESIAN_POINT('',(39.799990579245,39.054828652592,160.));
#1670 = CARTESIAN_POINT('',(39.799972031462,39.043949443553,160.));
#1671 = CARTESIAN_POINT('',(39.799943867452,39.032878794196,160.));
#1672 = CARTESIAN_POINT('',(39.799906258503,39.021870472202,160.));
#1673 = CARTESIAN_POINT('',(39.799859778782,39.011299404818,160.));
#1674 = CARTESIAN_POINT('',(39.782521058884,35.454881729958,160.));
#1675 = CARTESIAN_POINT('',(38.837683380527,31.917506516251,160.));
#1676 = CARTESIAN_POINT('',(36.970455176728,28.68229525003,160.));
#1677 = CARTESIAN_POINT('',(34.301009733995,26.032353398874,160.));
#1678 = CARTESIAN_POINT('',(31.058188413694,24.19305907937,160.));
#1679 = CARTESIAN_POINT('',(27.529087002618,23.273122054551,160.));
#1680 = CARTESIAN_POINT('',(24.,23.273122054552,160.));
#1681 = CARTESIAN_POINT('',(39.,39.0768,160.));
#1682 = CARTESIAN_POINT('',(39.000056144217,39.065828956417,160.));
#1683 = CARTESIAN_POINT('',(39.000102927296,39.054857777175,160.));
#1684 = CARTESIAN_POINT('',(39.000140349771,39.043886500799,160.));
#1685 = CARTESIAN_POINT('',(39.00016840986,39.032915045882,160.));
#1686 = CARTESIAN_POINT('',(39.000187108127,39.021943477758,160.));
#1687 = CARTESIAN_POINT('',(39.000196446025,39.010971895281,160.));
#1688 = CARTESIAN_POINT('',(39.000188003691,35.669813424094,160.));
#1689 = CARTESIAN_POINT('',(38.137144810471,32.325550081534,160.));
#1690 = CARTESIAN_POINT('',(36.397596388292,29.229646931457,160.));
#1691 = CARTESIAN_POINT('',(33.860459330504,26.663076122704,160.));
#1692 = CARTESIAN_POINT('',(30.748860537072,24.883557771153,160.));
#1693 = CARTESIAN_POINT('',(27.365976719784,23.999999999999,160.));
#1694 = CARTESIAN_POINT('',(24.,24.,160.));
#1695 = CARTESIAN_POINT('',(39.,39.0768,159.2));
#1696 = CARTESIAN_POINT('',(39.,39.065828571429,159.20005614618));
#1697 = CARTESIAN_POINT('',(38.999990647019,39.054857160349,
    159.20011229213));
#1698 = CARTESIAN_POINT('',(38.99997194047,39.043885679615,
    159.20016843919));
#1699 = CARTESIAN_POINT('',(38.999943881391,39.03291429344,
    159.20022458519));
#1700 = CARTESIAN_POINT('',(38.999906469169,39.021942909942,
    159.20028073162));
#1701 = CARTESIAN_POINT('',(38.999859702406,39.010971331462,
    159.20033688143));
#1702 = CARTESIAN_POINT('',(38.982586731955,35.634072355946,
    159.21761832195));
#1703 = CARTESIAN_POINT('',(38.084952447581,32.276639842884,
    159.23479892799));
#1704 = CARTESIAN_POINT('',(36.312925462758,29.205698160821,
    159.25047750042));
#1705 = CARTESIAN_POINT('',(33.779171683094,26.689614716868,
    159.26322463228));
#1706 = CARTESIAN_POINT('',(30.700802710798,24.943039954692,
    159.27203881896));
#1707 = CARTESIAN_POINT('',(27.350389792467,24.069460940824,
    159.27644853308));
#1708 = CARTESIAN_POINT('',(24.,24.069460940824,159.27644853308));
#1709 = DEFINITIONAL_REPRESENTATION('',(#1710),#1714);
#1710 = LINE('',#1711,#1712);
#1711 = CARTESIAN_POINT('',(0.,0.));
#1712 = VECTOR('',#1713,1.);
#1713 = DIRECTION('',(0.,1.));
#1714 = ( GEOMETRIC_REPRESENTATION_CONTEXT(2) 
PARAMETRIC_REPRESENTATION_CONTEXT() REPRESENTATION_CONTEXT('2D SPACE',''
  ) );
#1715 = ORIENTED_EDGE('',*,*,#1716,.F.);
#1716 = EDGE_CURVE('',#1717,#1629,#1719,.T.);
#1717 = VERTEX_POINT('',#1718);
#1718 = CARTESIAN_POINT('',(39.8,71.96,160.));
#1719 = SURFACE_CURVE('',#1720,(#1724,#1731),.PCURVE_S1.);
#1720 = LINE('',#1721,#1722);
#1721 = CARTESIAN_POINT('',(39.8,72.,160.));
#1722 = VECTOR('',#1723,1.);
#1723 = DIRECTION('',(0.,-1.,0.));
#1724 = PCURVE('',#395,#1725);
#1725 = DEFINITIONAL_REPRESENTATION('',(#1726),#1730);
#1726 = LINE('',#1727,#1728);
#1727 = CARTESIAN_POINT('',(72.,39.8));
#1728 = VECTOR('',#1729,1.);
#1729 = DIRECTION('',(-1.,0.));
#1730 = ( GEOMETRIC_REPRESENTATION_CONTEXT(2) 
PARAMETRIC_REPRESENTATION_CONTEXT() REPRESENTATION_CONTEXT('2D SPACE',''
  ) );
#1731 = PCURVE('',#1732,#1737);
#1732 = CYLINDRICAL_SURFACE('',#1733,0.8);
#1733 = AXIS2_PLACEMENT_3D('',#1734,#1735,#1736);
#1734 = CARTESIAN_POINT('',(39.8,72.,159.2));
#1735 = DIRECTION('',(0.,-1.,0.));
#1736 = DIRECTION('',(-0.,0.,1.));
#1737 = DEFINITIONAL_REPRESENTATION('',(#1738),#1742);
#1738 = LINE('',#1739,#1740);
#1739 = CARTESIAN_POINT('',(0.,0.));
#1740 = VECTOR('',#1741,1.);
#1741 = DIRECTION('',(0.,1.));
#1742 = ( GEOMETRIC_REPRESENTATION_CONTEXT(2) 
PARAMETRIC_REPRESENTATION_CONTEXT() REPRESENTATION_CONTEXT('2D SPACE',''
  ) );
#1743 = ORIENTED_EDGE('',*,*,#1744,.F.);
#1744 = EDGE_CURVE('',#1745,#1717,#1747,.T.);
#1745 = VERTEX_POINT('',#1746);
#1746 = CARTESIAN_POINT('',(24.,87.76099937578,160.));
#1747 = SURFACE_CURVE('',#1748,(#1763,#1781),.PCURVE_S1.);
#1748 = B_SPLINE_CURVE_WITH_KNOTS('',7,(#1749,#1750,#1751,#1752,#1753,
    #1754,#1755,#1756,#1757,#1758,#1759,#1760,#1761,#1762),
  .UNSPECIFIED.,.F.,.F.,(8,6,8),(104.56194490192,128.12388962104,
    128.16388980384),.UNSPECIFIED.);
#1749 = CARTESIAN_POINT('',(23.999999999999,87.76099937578,160.));
#1750 = CARTESIAN_POINT('',(27.536743798629,87.76099937578,160.));
#1751 = CARTESIAN_POINT('',(31.073515432998,86.837252546486,160.));
#1752 = CARTESIAN_POINT('',(34.321577468061,84.990136875897,160.));
#1753 = CARTESIAN_POINT('',(36.991705221306,82.330707153591,160.));
#1754 = CARTESIAN_POINT('',(38.853943905893,79.08659882208,160.));
#1755 = CARTESIAN_POINT('',(39.790942097681,75.54531100947,160.));
#1756 = CARTESIAN_POINT('',(39.799961949262,71.994114589989,160.));
#1757 = CARTESIAN_POINT('',(39.799974561726,71.988609207976,160.));
#1758 = CARTESIAN_POINT('',(39.79998476763,71.982875659781,160.));
#1759 = CARTESIAN_POINT('',(39.799992410455,71.977109599843,160.));
#1760 = CARTESIAN_POINT('',(39.79999744347,71.971443439917,160.));
#1761 = CARTESIAN_POINT('',(39.8,71.965714285714,160.));
#1762 = CARTESIAN_POINT('',(39.8,71.96,160.));
#1763 = PCURVE('',#395,#1764);
#1764 = DEFINITIONAL_REPRESENTATION('',(#1765),#1780);
#1765 = B_SPLINE_CURVE_WITH_KNOTS('',7,(#1766,#1767,#1768,#1769,#1770,
    #1771,#1772,#1773,#1774,#1775,#1776,#1777,#1778,#1779),
  .UNSPECIFIED.,.F.,.F.,(8,6,8),(104.56194490192,128.12388962104,
    128.16388980384),.UNSPECIFIED.);
#1766 = CARTESIAN_POINT('',(87.76099937578,23.999999999999));
#1767 = CARTESIAN_POINT('',(87.76099937578,27.536743798629));
#1768 = CARTESIAN_POINT('',(86.837252546486,31.073515432998));
#1769 = CARTESIAN_POINT('',(84.990136875897,34.321577468061));
#1770 = CARTESIAN_POINT('',(82.330707153591,36.991705221306));
#1771 = CARTESIAN_POINT('',(79.08659882208,38.853943905893));
#1772 = CARTESIAN_POINT('',(75.54531100947,39.790942097681));
#1773 = CARTESIAN_POINT('',(71.994114589989,39.799961949262));
#1774 = CARTESIAN_POINT('',(71.988609207976,39.799974561726));
#1775 = CARTESIAN_POINT('',(71.982875659781,39.79998476763));
#1776 = CARTESIAN_POINT('',(71.977109599843,39.799992410455));
#1777 = CARTESIAN_POINT('',(71.971443439917,39.79999744347));
#1778 = CARTESIAN_POINT('',(71.965714285714,39.8));
#1779 = CARTESIAN_POINT('',(71.96,39.8));
#1780 = ( GEOMETRIC_REPRESENTATION_CONTEXT(2) 
PARAMETRIC_REPRESENTATION_CONTEXT() REPRESENTATION_CONTEXT('2D SPACE',''
  ) );
#1781 = PCURVE('',#1782,#1825);
#1782 = ( BOUNDED_SURFACE() B_SPLINE_SURFACE(2,7,(
    (#1783,#1784,#1785,#1786,#1787,#1788,#1789,#1790,#1791,#1792,#1793
      ,#1794,#1795,#1796)
    ,(#1797,#1798,#1799,#1800,#1801,#1802,#1803,#1804,#1805,#1806,#1807
      ,#1808,#1809,#1810)
    ,(#1811,#1812,#1813,#1814,#1815,#1816,#1817,#1818,#1819,#1820,#1821
      ,#1822,#1823,#1824
)),.UNSPECIFIED.,.F.,.F.,.F.) B_SPLINE_SURFACE_WITH_KNOTS((3,3),(8,6,8),
  (0.,23.601944901924),(104.56194490192,128.12388962104,128.16388980384)
,.UNSPECIFIED.) GEOMETRIC_REPRESENTATION_ITEM() 
RATIONAL_B_SPLINE_SURFACE((
    (1.,1.,1.,1.,1.,1.,1.,1.,1.,1.,1.,1.,1.,1.)
    ,(0.724547312791,0.724547312791,0.723542626074,0.721533723145
      ,0.718629866076,0.715054787016,0.711119963548,0.70714718097
      ,0.707140447765,0.707133714596,0.707126981365,0.707120248026
      ,0.707113514647,0.707106781187)
,(1.,1.,1.,1.,1.,1.,1.,1.,1.,1.,1.,1.,1.,1.
))) REPRESENTATION_ITEM('') SURFACE() );
#1783 = CARTESIAN_POINT('',(23.999999999999,87.76099937578,160.));
#1784 = CARTESIAN_POINT('',(27.536743798629,87.76099937578,160.));
#1785 = CARTESIAN_POINT('',(31.073515432998,86.837252546486,160.));
#1786 = CARTESIAN_POINT('',(34.321577468061,84.990136875897,160.));
#1787 = CARTESIAN_POINT('',(36.991705221306,82.330707153591,160.));
#1788 = CARTESIAN_POINT('',(38.853943905893,79.08659882208,160.));
#1789 = CARTESIAN_POINT('',(39.790942097681,75.54531100947,160.));
#1790 = CARTESIAN_POINT('',(39.799961949262,71.994114589989,160.));
#1791 = CARTESIAN_POINT('',(39.799974561726,71.988609207976,160.));
#1792 = CARTESIAN_POINT('',(39.79998476763,71.982875659781,160.));
#1793 = CARTESIAN_POINT('',(39.799992410455,71.977109599843,160.));
#1794 = CARTESIAN_POINT('',(39.79999744347,71.971443439917,160.));
#1795 = CARTESIAN_POINT('',(39.8,71.965714285714,160.));
#1796 = CARTESIAN_POINT('',(39.8,71.96,160.));
#1797 = CARTESIAN_POINT('',(24.,87.,160.));
#1798 = CARTESIAN_POINT('',(27.365976719784,87.,160.));
#1799 = CARTESIAN_POINT('',(30.741269748111,86.117495164991,160.));
#1800 = CARTESIAN_POINT('',(33.842808633757,84.345654539811,160.));
#1801 = CARTESIAN_POINT('',(36.378545014059,81.793541870453,160.));
#1802 = CARTESIAN_POINT('',(38.128435835231,78.701420103339,160.));
#1803 = CARTESIAN_POINT('',(39.000052123289,75.347216050173,160.));
#1804 = CARTESIAN_POINT('',(39.000053321456,71.994285648253,160.));
#1805 = CARTESIAN_POINT('',(39.000050783566,71.988571340855,160.));
#1806 = CARTESIAN_POINT('',(39.000045706134,71.982857035402,160.));
#1807 = CARTESIAN_POINT('',(39.000038089051,71.977142745949,160.));
#1808 = CARTESIAN_POINT('',(39.000027932275,71.971428481776,160.));
#1809 = CARTESIAN_POINT('',(39.000015235938,71.9657142313,160.));
#1810 = CARTESIAN_POINT('',(39.,71.96,160.));
#1811 = CARTESIAN_POINT('',(24.,86.961997504678,159.23995009355));
#1812 = CARTESIAN_POINT('',(27.357449018813,86.961997504678,
    159.23995009355));
#1813 = CARTESIAN_POINT('',(30.714931286463,86.085072428119,
    159.23762064292));
#1814 = CARTESIAN_POINT('',(33.798295793433,84.331603566443,
    159.23296309283));
#1815 = CARTESIAN_POINT('',(36.333130042748,81.807016007882,
    159.22625006298));
#1816 = CARTESIAN_POINT('',(38.100970398174,78.72750722029,
    159.21804418526));
#1817 = CARTESIAN_POINT('',(38.990973130803,75.365963402146,
    159.20908139681));
#1818 = CARTESIAN_POINT('',(38.999961914792,71.994285728008,
    159.20009141681));
#1819 = CARTESIAN_POINT('',(38.999974609927,71.988571421107,
    159.20007618046));
#1820 = CARTESIAN_POINT('',(38.999984765948,71.982857141766,
    159.20006094436));
#1821 = CARTESIAN_POINT('',(38.999992382957,71.977142862044,
    159.20004570829));
#1822 = CARTESIAN_POINT('',(38.999997461,71.971428568956,159.20003047214
    ));
#1823 = CARTESIAN_POINT('',(39.,71.965714285714,159.20001523608));
#1824 = CARTESIAN_POINT('',(39.,71.96,159.2));
#1825 = DEFINITIONAL_REPRESENTATION('',(#1826),#1830);
#1826 = LINE('',#1827,#1828);
#1827 = CARTESIAN_POINT('',(0.,0.));
#1828 = VECTOR('',#1829,1.);
#1829 = DIRECTION('',(0.,1.));
#1830 = ( GEOMETRIC_REPRESENTATION_CONTEXT(2) 
PARAMETRIC_REPRESENTATION_CONTEXT() REPRESENTATION_CONTEXT('2D SPACE',''
  ) );
#1831 = ORIENTED_EDGE('',*,*,#1832,.F.);
#1832 = EDGE_CURVE('',#1833,#1745,#1835,.T.);
#1833 = VERTEX_POINT('',#1834);
#1834 = CARTESIAN_POINT('',(-23.99999999999,87.76099937578,160.));
#1835 = SURFACE_CURVE('',#1836,(#1840,#1847),.PCURVE_S1.);
#1836 = LINE('',#1837,#1838);
#1837 = CARTESIAN_POINT('',(-24.,87.76099937578,160.));
#1838 = VECTOR('',#1839,1.);
#1839 = DIRECTION('',(1.,0.,0.));
#1840 = PCURVE('',#395,#1841);
#1841 = DEFINITIONAL_REPRESENTATION('',(#1842),#1846);
#1842 = LINE('',#1843,#1844);
#1843 = CARTESIAN_POINT('',(87.76099937578,-24.));
#1844 = VECTOR('',#1845,1.);
#1845 = DIRECTION('',(0.,1.));
#1846 = ( GEOMETRIC_REPRESENTATION_CONTEXT(2) 
PARAMETRIC_REPRESENTATION_CONTEXT() REPRESENTATION_CONTEXT('2D SPACE',''
  ) );
#1847 = PCURVE('',#1848,#1853);
#1848 = CYLINDRICAL_SURFACE('',#1849,0.8);
#1849 = AXIS2_PLACEMENT_3D('',#1850,#1851,#1852);
#1850 = CARTESIAN_POINT('',(-24.,87.76099937578,159.2));
#1851 = DIRECTION('',(1.,0.,0.));
#1852 = DIRECTION('',(0.,-0.,1.));
#1853 = DEFINITIONAL_REPRESENTATION('',(#1854),#1858);
#1854 = LINE('',#1855,#1856);
#1855 = CARTESIAN_POINT('',(0.,0.));
#1856 = VECTOR('',#1857,1.);
#1857 = DIRECTION('',(0.,1.));
#1858 = ( GEOMETRIC_REPRESENTATION_CONTEXT(2) 
PARAMETRIC_REPRESENTATION_CONTEXT() REPRESENTATION_CONTEXT('2D SPACE',''
  ) );
#1859 = ORIENTED_EDGE('',*,*,#1860,.F.);
#1860 = EDGE_CURVE('',#1485,#1833,#1861,.T.);
#1861 = SURFACE_CURVE('',#1862,(#1877,#1895),.PCURVE_S1.);
#1862 = B_SPLINE_CURVE_WITH_KNOTS('',7,(#1863,#1864,#1865,#1866,#1867,
    #1868,#1869,#1870,#1871,#1872,#1873,#1874,#1875,#1876),
  .UNSPECIFIED.,.F.,.F.,(8,6,8),(32.96,33.000000182805,56.561944901874),
  .UNSPECIFIED.);
#1863 = CARTESIAN_POINT('',(-39.8,71.96,160.));
#1864 = CARTESIAN_POINT('',(-39.8,71.965714285714,160.));
#1865 = CARTESIAN_POINT('',(-39.79999744347,71.971443439917,160.));
#1866 = CARTESIAN_POINT('',(-39.79999241045,71.977109599843,160.));
#1867 = CARTESIAN_POINT('',(-39.79998476762,71.982875659781,160.));
#1868 = CARTESIAN_POINT('',(-39.79997456172,71.988609207976,160.));
#1869 = CARTESIAN_POINT('',(-39.79996194926,71.994114589989,160.));
#1870 = CARTESIAN_POINT('',(-39.79094209768,75.545311009462,160.));
#1871 = CARTESIAN_POINT('',(-38.85394390589,79.086598822082,160.));
#1872 = CARTESIAN_POINT('',(-36.9917052213,82.330707153594,160.));
#1873 = CARTESIAN_POINT('',(-34.32157746806,84.990136875893,160.));
#1874 = CARTESIAN_POINT('',(-31.07351543299,86.837252546489,160.));
#1875 = CARTESIAN_POINT('',(-27.53674379862,87.76099937578,160.));
#1876 = CARTESIAN_POINT('',(-23.99999999999,87.76099937578,160.));
#1877 = PCURVE('',#395,#1878);
#1878 = DEFINITIONAL_REPRESENTATION('',(#1879),#1894);
#1879 = B_SPLINE_CURVE_WITH_KNOTS('',7,(#1880,#1881,#1882,#1883,#1884,
    #1885,#1886,#1887,#1888,#1889,#1890,#1891,#1892,#1893),
  .UNSPECIFIED.,.F.,.F.,(8,6,8),(32.96,33.000000182805,56.561944901874),
  .UNSPECIFIED.);
#1880 = CARTESIAN_POINT('',(71.96,-39.8));
#1881 = CARTESIAN_POINT('',(71.965714285714,-39.8));
#1882 = CARTESIAN_POINT('',(71.971443439917,-39.79999744347));
#1883 = CARTESIAN_POINT('',(71.977109599843,-39.79999241045));
#1884 = CARTESIAN_POINT('',(71.982875659781,-39.79998476762));
#1885 = CARTESIAN_POINT('',(71.988609207976,-39.79997456172));
#1886 = CARTESIAN_POINT('',(71.994114589989,-39.79996194926));
#1887 = CARTESIAN_POINT('',(75.545311009462,-39.79094209768));
#1888 = CARTESIAN_POINT('',(79.086598822082,-38.85394390589));
#1889 = CARTESIAN_POINT('',(82.330707153594,-36.9917052213));
#1890 = CARTESIAN_POINT('',(84.990136875893,-34.32157746806));
#1891 = CARTESIAN_POINT('',(86.837252546489,-31.07351543299));
#1892 = CARTESIAN_POINT('',(87.76099937578,-27.53674379862));
#1893 = CARTESIAN_POINT('',(87.76099937578,-23.99999999999));
#1894 = ( GEOMETRIC_REPRESENTATION_CONTEXT(2) 
PARAMETRIC_REPRESENTATION_CONTEXT() REPRESENTATION_CONTEXT('2D SPACE',''
  ) );
#1895 = PCURVE('',#1896,#1939);
#1896 = ( BOUNDED_SURFACE() B_SPLINE_SURFACE(2,7,(
    (#1897,#1898,#1899,#1900,#1901,#1902,#1903,#1904,#1905,#1906,#1907
      ,#1908,#1909,#1910)
    ,(#1911,#1912,#1913,#1914,#1915,#1916,#1917,#1918,#1919,#1920,#1921
      ,#1922,#1923,#1924)
    ,(#1925,#1926,#1927,#1928,#1929,#1930,#1931,#1932,#1933,#1934,#1935
      ,#1936,#1937,#1938
)),.UNSPECIFIED.,.F.,.F.,.F.) B_SPLINE_SURFACE_WITH_KNOTS((3,3),(8,6,8),
  (0.,23.601944901874),(32.96,33.000000182805,56.561944901874),
.UNSPECIFIED.) GEOMETRIC_REPRESENTATION_ITEM() RATIONAL_B_SPLINE_SURFACE
((
    (1.,1.,1.,1.,1.,1.,1.,1.,1.,1.,1.,1.,1.,1.)
    ,(0.707106781187,0.707113514647,0.707120248026,0.707126981365
      ,0.707133714596,0.707140447765,0.70714718097,0.711119963548
      ,0.715054787016,0.718629866076,0.721533723145,0.723542626074
      ,0.724547312791,0.724547312791)
,(1.,1.,1.,1.,1.,1.,1.,1.,1.,1.,1.,1.,1.,1.
))) REPRESENTATION_ITEM('') SURFACE() );
#1897 = CARTESIAN_POINT('',(-39.8,71.96,160.));
#1898 = CARTESIAN_POINT('',(-39.8,71.965714285714,160.));
#1899 = CARTESIAN_POINT('',(-39.79999744347,71.971443439917,160.));
#1900 = CARTESIAN_POINT('',(-39.79999241045,71.977109599843,160.));
#1901 = CARTESIAN_POINT('',(-39.79998476762,71.982875659781,160.));
#1902 = CARTESIAN_POINT('',(-39.79997456172,71.988609207976,160.));
#1903 = CARTESIAN_POINT('',(-39.79996194926,71.994114589989,160.));
#1904 = CARTESIAN_POINT('',(-39.79094209768,75.545311009462,160.));
#1905 = CARTESIAN_POINT('',(-38.85394390589,79.086598822082,160.));
#1906 = CARTESIAN_POINT('',(-36.9917052213,82.330707153594,160.));
#1907 = CARTESIAN_POINT('',(-34.32157746806,84.990136875893,160.));
#1908 = CARTESIAN_POINT('',(-31.07351543299,86.837252546489,160.));
#1909 = CARTESIAN_POINT('',(-27.53674379862,87.76099937578,160.));
#1910 = CARTESIAN_POINT('',(-23.99999999999,87.76099937578,160.));
#1911 = CARTESIAN_POINT('',(-39.,71.96,160.));
#1912 = CARTESIAN_POINT('',(-39.00001523593,71.9657142313,160.));
#1913 = CARTESIAN_POINT('',(-39.00002793227,71.971428481777,160.));
#1914 = CARTESIAN_POINT('',(-39.00003808905,71.977142745949,160.));
#1915 = CARTESIAN_POINT('',(-39.00004570613,71.982857035401,160.));
#1916 = CARTESIAN_POINT('',(-39.00005078356,71.988571340855,160.));
#1917 = CARTESIAN_POINT('',(-39.00005332145,71.994285648253,160.));
#1918 = CARTESIAN_POINT('',(-39.00005212328,75.347216050163,160.));
#1919 = CARTESIAN_POINT('',(-38.12843583523,78.701420103344,160.));
#1920 = CARTESIAN_POINT('',(-36.37854501405,81.793541870453,160.));
#1921 = CARTESIAN_POINT('',(-33.84280863375,84.345654539808,
    159.99999999999));
#1922 = CARTESIAN_POINT('',(-30.74126974811,86.117495164993,160.));
#1923 = CARTESIAN_POINT('',(-27.36597671978,87.,160.));
#1924 = CARTESIAN_POINT('',(-23.99999999999,87.,160.));
#1925 = CARTESIAN_POINT('',(-39.,71.96,159.2));
#1926 = CARTESIAN_POINT('',(-39.,71.965714285714,159.20001523608));
#1927 = CARTESIAN_POINT('',(-38.999997461,71.971428568956,
    159.20003047214));
#1928 = CARTESIAN_POINT('',(-38.99999238295,71.977142862044,
    159.20004570829));
#1929 = CARTESIAN_POINT('',(-38.99998476594,71.982857141766,
    159.20006094436));
#1930 = CARTESIAN_POINT('',(-38.99997460992,71.988571421107,
    159.20007618046));
#1931 = CARTESIAN_POINT('',(-38.99996191479,71.994285728008,
    159.20009141681));
#1932 = CARTESIAN_POINT('',(-38.9909731308,75.365963402141,
    159.20908139681));
#1933 = CARTESIAN_POINT('',(-38.10097039817,78.727507220285,
    159.21804418526));
#1934 = CARTESIAN_POINT('',(-36.33313004275,81.807016007894,
    159.22625006298));
#1935 = CARTESIAN_POINT('',(-33.79829579342,84.331603566434,
    159.23296309283));
#1936 = CARTESIAN_POINT('',(-30.71493128646,86.085072428123,
    159.23762064292));
#1937 = CARTESIAN_POINT('',(-27.35744901881,86.961997504677,
    159.23995009355));
#1938 = CARTESIAN_POINT('',(-24.,86.961997504678,159.23995009355));
#1939 = DEFINITIONAL_REPRESENTATION('',(#1940),#1944);
#1940 = LINE('',#1941,#1942);
#1941 = CARTESIAN_POINT('',(0.,0.));
#1942 = VECTOR('',#1943,1.);
#1943 = DIRECTION('',(0.,1.));
#1944 = ( GEOMETRIC_REPRESENTATION_CONTEXT(2) 
PARAMETRIC_REPRESENTATION_CONTEXT() REPRESENTATION_CONTEXT('2D SPACE',''
  ) );
#1945 = ADVANCED_FACE('',(#1946),#421,.T.);
#1946 = FACE_BOUND('',#1947,.T.);
#1947 = EDGE_LOOP('',(#1948,#1949,#1950,#1977));
#1948 = ORIENTED_EDGE('',*,*,#407,.T.);
#1949 = ORIENTED_EDGE('',*,*,#1231,.T.);
#1950 = ORIENTED_EDGE('',*,*,#1951,.F.);
#1951 = EDGE_CURVE('',#701,#1232,#1952,.T.);
#1952 = SURFACE_CURVE('',#1953,(#1957,#1963),.PCURVE_S1.);
#1953 = ( BOUNDED_CURVE() B_SPLINE_CURVE(2,(#1954,#1955,#1956),
.UNSPECIFIED.,.F.,.F.) B_SPLINE_CURVE_WITH_KNOTS((3,3),(0.,
28.331997066105),.PIECEWISE_BEZIER_KNOTS.) CURVE() 
GEOMETRIC_REPRESENTATION_ITEM() RATIONAL_B_SPLINE_CURVE((1.,
0.707106781187,1.)) REPRESENTATION_ITEM('') );
#1954 = CARTESIAN_POINT('',(42.,71.937514044949,159.2));
#1955 = CARTESIAN_POINT('',(42.,71.937514044949,160.));
#1956 = CARTESIAN_POINT('',(41.2,71.937514044949,160.));
#1957 = PCURVE('',#421,#1958);
#1958 = DEFINITIONAL_REPRESENTATION('',(#1959),#1962);
#1959 = B_SPLINE_CURVE_WITH_KNOTS('',1,(#1960,#1961),.UNSPECIFIED.,.F.,
  .F.,(2,2),(0.,28.331997066105),.PIECEWISE_BEZIER_KNOTS.);
#1960 = CARTESIAN_POINT('',(0.,76.331997066105));
#1961 = CARTESIAN_POINT('',(28.331997066105,76.331997066105));
#1962 = ( GEOMETRIC_REPRESENTATION_CONTEXT(2) 
PARAMETRIC_REPRESENTATION_CONTEXT() REPRESENTATION_CONTEXT('2D SPACE',''
  ) );
#1963 = PCURVE('',#1292,#1964);
#1964 = DEFINITIONAL_REPRESENTATION('',(#1965),#1976);
#1965 = B_SPLINE_CURVE_WITH_KNOTS('',9,(#1966,#1967,#1968,#1969,#1970,
    #1971,#1972,#1973,#1974,#1975),.UNSPECIFIED.,.F.,.F.,(10,10),(0.,
    28.331997066105),.PIECEWISE_BEZIER_KNOTS.);
#1966 = CARTESIAN_POINT('',(-2.22044604925E-16,4.E-02));
#1967 = CARTESIAN_POINT('',(0.157134840264,4.E-02));
#1968 = CARTESIAN_POINT('',(0.325774716821,4.E-02));
#1969 = CARTESIAN_POINT('',(0.50456638687,4.E-02));
#1970 = CARTESIAN_POINT('',(0.690744851613,4.000000000001E-02));
#1971 = CARTESIAN_POINT('',(0.880051475182,4.E-02));
#1972 = CARTESIAN_POINT('',(1.066229939925,4.000000000001E-02));
#1973 = CARTESIAN_POINT('',(1.245021609974,4.E-02));
#1974 = CARTESIAN_POINT('',(1.413661486531,4.E-02));
#1975 = CARTESIAN_POINT('',(1.570796326795,4.E-02));
#1976 = ( GEOMETRIC_REPRESENTATION_CONTEXT(2) 
PARAMETRIC_REPRESENTATION_CONTEXT() REPRESENTATION_CONTEXT('2D SPACE',''
  ) );
#1977 = ORIENTED_EDGE('',*,*,#700,.F.);
#1978 = ADVANCED_FACE('',(#1979),#655,.F.);
#1979 = FACE_BOUND('',#1980,.F.);
#1980 = EDGE_LOOP('',(#1981,#2011,#2032,#2033,#2034,#2057));
#1981 = ORIENTED_EDGE('',*,*,#1982,.T.);
#1982 = EDGE_CURVE('',#1983,#1985,#1987,.T.);
#1983 = VERTEX_POINT('',#1984);
#1984 = CARTESIAN_POINT('',(42.,10.550346777718,131.49023672636));
#1985 = VERTEX_POINT('',#1986);
#1986 = CARTESIAN_POINT('',(42.,18.495993536902,159.2));
#1987 = SURFACE_CURVE('',#1988,(#1992,#1999),.PCURVE_S1.);
#1988 = LINE('',#1989,#1990);
#1989 = CARTESIAN_POINT('',(42.,4.112422781985,109.03852759529));
#1990 = VECTOR('',#1991,1.);
#1991 = DIRECTION('',(0.,0.275637355817,0.961261695938));
#1992 = PCURVE('',#655,#1993);
#1993 = DEFINITIONAL_REPRESENTATION('',(#1994),#1998);
#1994 = LINE('',#1995,#1996);
#1995 = CARTESIAN_POINT('',(36.515053876602,27.674983067654));
#1996 = VECTOR('',#1997,1.);
#1997 = DIRECTION('',(-0.275637355817,0.961261695938));
#1998 = ( GEOMETRIC_REPRESENTATION_CONTEXT(2) 
PARAMETRIC_REPRESENTATION_CONTEXT() REPRESENTATION_CONTEXT('2D SPACE',''
  ) );
#1999 = PCURVE('',#2000,#2005);
#2000 = CYLINDRICAL_SURFACE('',#2001,18.);
#2001 = AXIS2_PLACEMENT_3D('',#2002,#2003,#2004);
#2002 = CARTESIAN_POINT('',(24.,4.112422781985,109.03852759529));
#2003 = DIRECTION('',(0.,0.275637355817,0.961261695938));
#2004 = DIRECTION('',(0.,-0.961261695938,0.275637355817));
#2005 = DEFINITIONAL_REPRESENTATION('',(#2006),#2010);
#2006 = LINE('',#2007,#2008);
#2007 = CARTESIAN_POINT('',(1.570796326795,0.));
#2008 = VECTOR('',#2009,1.);
#2009 = DIRECTION('',(0.,1.));
#2010 = ( GEOMETRIC_REPRESENTATION_CONTEXT(2) 
PARAMETRIC_REPRESENTATION_CONTEXT() REPRESENTATION_CONTEXT('2D SPACE',''
  ) );
#2011 = ORIENTED_EDGE('',*,*,#2012,.F.);
#2012 = EDGE_CURVE('',#701,#1985,#2013,.T.);
#2013 = SURFACE_CURVE('',#2014,(#2018,#2025),.PCURVE_S1.);
#2014 = LINE('',#2015,#2016);
#2015 = CARTESIAN_POINT('',(42.,71.977514044949,159.2));
#2016 = VECTOR('',#2017,1.);
#2017 = DIRECTION('',(-0.,-1.,-0.));
#2018 = PCURVE('',#655,#2019);
#2019 = DEFINITIONAL_REPRESENTATION('',(#2020),#2024);
#2020 = LINE('',#2021,#2022);
#2021 = CARTESIAN_POINT('',(-31.35003738636,77.836455472364));
#2022 = VECTOR('',#2023,1.);
#2023 = DIRECTION('',(1.,0.));
#2024 = ( GEOMETRIC_REPRESENTATION_CONTEXT(2) 
PARAMETRIC_REPRESENTATION_CONTEXT() REPRESENTATION_CONTEXT('2D SPACE',''
  ) );
#2025 = PCURVE('',#1292,#2026);
#2026 = DEFINITIONAL_REPRESENTATION('',(#2027),#2031);
#2027 = LINE('',#2028,#2029);
#2028 = CARTESIAN_POINT('',(0.,0.));
#2029 = VECTOR('',#2030,1.);
#2030 = DIRECTION('',(0.,1.));
#2031 = ( GEOMETRIC_REPRESENTATION_CONTEXT(2) 
PARAMETRIC_REPRESENTATION_CONTEXT() REPRESENTATION_CONTEXT('2D SPACE',''
  ) );
#2032 = ORIENTED_EDGE('',*,*,#740,.T.);
#2033 = ORIENTED_EDGE('',*,*,#639,.T.);
#2034 = ORIENTED_EDGE('',*,*,#2035,.T.);
#2035 = EDGE_CURVE('',#607,#2036,#2038,.T.);
#2036 = VERTEX_POINT('',#2037);
#2037 = CARTESIAN_POINT('',(42.,35.832540353069,77.026841276131));
#2038 = SURFACE_CURVE('',#2039,(#2043,#2050),.PCURVE_S1.);
#2039 = LINE('',#2040,#2041);
#2040 = CARTESIAN_POINT('',(42.,7.002034287711,-5.91023096668));
#2041 = VECTOR('',#2042,1.);
#2042 = DIRECTION('',(0.,0.328346164816,0.944557460428));
#2043 = PCURVE('',#655,#2044);
#2044 = DEFINITIONAL_REPRESENTATION('',(#2045),#2049);
#2045 = LINE('',#2046,#2047);
#2046 = CARTESIAN_POINT('',(33.625442370876,-87.27377549431));
#2047 = VECTOR('',#2048,1.);
#2048 = DIRECTION('',(-0.328346164816,0.944557460428));
#2049 = ( GEOMETRIC_REPRESENTATION_CONTEXT(2) 
PARAMETRIC_REPRESENTATION_CONTEXT() REPRESENTATION_CONTEXT('2D SPACE',''
  ) );
#2050 = PCURVE('',#623,#2051);
#2051 = DEFINITIONAL_REPRESENTATION('',(#2052),#2056);
#2052 = LINE('',#2053,#2054);
#2053 = CARTESIAN_POINT('',(1.570796326795,0.));
#2054 = VECTOR('',#2055,1.);
#2055 = DIRECTION('',(0.,1.));
#2056 = ( GEOMETRIC_REPRESENTATION_CONTEXT(2) 
PARAMETRIC_REPRESENTATION_CONTEXT() REPRESENTATION_CONTEXT('2D SPACE',''
  ) );
#2057 = ORIENTED_EDGE('',*,*,#2058,.T.);
#2058 = EDGE_CURVE('',#2036,#1983,#2059,.T.);
#2059 = SURFACE_CURVE('',#2060,(#2113,#2169),.PCURVE_S1.);
#2060 = B_SPLINE_CURVE_WITH_KNOTS('',11,(#2061,#2062,#2063,#2064,#2065,
    #2066,#2067,#2068,#2069,#2070,#2071,#2072,#2073,#2074,#2075,#2076,
    #2077,#2078,#2079,#2080,#2081,#2082,#2083,#2084,#2085,#2086,#2087,
    #2088,#2089,#2090,#2091,#2092,#2093,#2094,#2095,#2096,#2097,#2098,
    #2099,#2100,#2101,#2102,#2103,#2104,#2105,#2106,#2107,#2108,#2109,
    #2110,#2111,#2112),.UNSPECIFIED.,.F.,.F.,(12,10,10,10,10,12),(
    -13.3243456672,0.,15.372198207036,30.744396414072,61.488792828143,
    64.089021524346),.UNSPECIFIED.);
#2061 = CARTESIAN_POINT('',(42.,17.251314414806,48.347069129967));
#2062 = CARTESIAN_POINT('',(42.000000000002,19.428498973443,
    51.17709737208));
#2063 = CARTESIAN_POINT('',(41.99999999999,21.492623951716,
    53.933416036801));
#2064 = CARTESIAN_POINT('',(42.000000000025,23.445202736508,
    56.617978514124));
#2065 = CARTESIAN_POINT('',(41.999999999956,25.28791425648,
    59.233104333535));
#2066 = CARTESIAN_POINT('',(42.000000000057,27.022644263051,
    61.781593815456));
#2067 = CARTESIAN_POINT('',(41.999999999944,28.651469060723,
    64.266819411345));
#2068 = CARTESIAN_POINT('',(42.000000000041,30.176581689342,
    66.692793736748));
#2069 = CARTESIAN_POINT('',(41.999999999978,31.600160554887,
    69.064214291676));
#2070 = CARTESIAN_POINT('',(42.000000000008,32.924180512486,
    71.386484874363));
#2071 = CARTESIAN_POINT('',(41.999999999998,34.150166398336,
    73.665713683031));
#2072 = CARTESIAN_POINT('',(42.000000000002,36.581087874131,
    78.496390974674));
#2073 = CARTESIAN_POINT('',(41.999999999994,37.753829492425,
    81.035782493093));
#2074 = CARTESIAN_POINT('',(42.000000000017,38.799085225906,
    83.539259866999));
#2075 = CARTESIAN_POINT('',(41.999999999967,39.717771553916,
    86.020276551492));
#2076 = CARTESIAN_POINT('',(42.000000000046,40.507927697739,
    88.495356010557));
#2077 = CARTESIAN_POINT('',(41.999999999953,41.164547583607,
    90.981722127051));
#2078 = CARTESIAN_POINT('',(42.000000000035,41.677821382182,
    93.497909367863));
#2079 = CARTESIAN_POINT('',(41.99999999998,42.0294809817,96.063179865699
    ));
#2080 = CARTESIAN_POINT('',(42.000000000008,42.189856263228,
    98.689555308791));
#2081 = CARTESIAN_POINT('',(41.999999999998,42.12113491045,
    101.3677688423));
#2082 = CARTESIAN_POINT('',(42.000000000001,41.469220568476,
    106.76314349482));
#2083 = CARTESIAN_POINT('',(41.999999999995,40.886156069578,
    109.4803362333));
#2084 = CARTESIAN_POINT('',(42.000000000011,40.016231327872,
    112.18482541722));
#2085 = CARTESIAN_POINT('',(41.999999999982,38.844590942523,
    114.82115800567));
#2086 = CARTESIAN_POINT('',(42.000000000021,37.36289306293,
    117.31439040436));
#2087 = CARTESIAN_POINT('',(41.99999999998,35.629893319216,
    119.56469476968));
#2088 = CARTESIAN_POINT('',(42.000000000015,33.739691078674,
    121.52969565977));
#2089 = CARTESIAN_POINT('',(41.999999999992,31.765748338316,
    123.22973396286));
#2090 = CARTESIAN_POINT('',(42.000000000003,29.751283212349,
    124.68055296977));
#2091 = CARTESIAN_POINT('',(41.999999999999,27.729454335343,
    125.91562006569));
#2092 = CARTESIAN_POINT('',(42.000000000001,21.692500949275,
    129.06039687918));
#2093 = CARTESIAN_POINT('',(41.999999999995,17.706188840163,
    130.41009369025));
#2094 = CARTESIAN_POINT('',(42.000000000012,13.901659754424,
    131.2513567986));
#2095 = CARTESIAN_POINT('',(41.99999999998,10.208921660014,
    131.82107402535));
#2096 = CARTESIAN_POINT('',(42.000000000026,6.563450794142,
    132.15083788564));
#2097 = CARTESIAN_POINT('',(41.999999999975,2.981450355445,
    132.33267759334));
#2098 = CARTESIAN_POINT('',(42.000000000019,-0.568093018394,
    132.38354929492));
#2099 = CARTESIAN_POINT('',(41.999999999989,-4.056035420075,
    132.34906072401));
#2100 = CARTESIAN_POINT('',(42.000000000004,-7.473719166552,
    132.25265772626));
#2101 = CARTESIAN_POINT('',(41.999999999999,-10.79240814192,
    132.12253442346));
#2102 = CARTESIAN_POINT('',(42.,-14.24887551427,131.97087037204));
#2103 = CARTESIAN_POINT('',(42.,-14.51841237724,131.95904354186));
#2104 = CARTESIAN_POINT('',(42.,-14.78794924021,131.94721671168));
#2105 = CARTESIAN_POINT('',(42.,-15.05748610317,131.9353898815));
#2106 = CARTESIAN_POINT('',(42.,-15.32702296614,131.92356305131));
#2107 = CARTESIAN_POINT('',(42.,-15.59655982911,131.91173622113));
#2108 = CARTESIAN_POINT('',(42.,-15.86609669208,131.89990939095));
#2109 = CARTESIAN_POINT('',(42.,-16.13563355505,131.88808256077));
#2110 = CARTESIAN_POINT('',(42.,-16.40517041802,131.87625573058));
#2111 = CARTESIAN_POINT('',(42.,-16.67470728098,131.8644289004));
#2112 = CARTESIAN_POINT('',(42.,-16.94424414395,131.85260207022));
#2113 = PCURVE('',#655,#2114);
#2114 = DEFINITIONAL_REPRESENTATION('',(#2115),#2168);
#2115 = B_SPLINE_CURVE_WITH_KNOTS('',11,(#2116,#2117,#2118,#2119,#2120,
    #2121,#2122,#2123,#2124,#2125,#2126,#2127,#2128,#2129,#2130,#2131,
    #2132,#2133,#2134,#2135,#2136,#2137,#2138,#2139,#2140,#2141,#2142,
    #2143,#2144,#2145,#2146,#2147,#2148,#2149,#2150,#2151,#2152,#2153,
    #2154,#2155,#2156,#2157,#2158,#2159,#2160,#2161,#2162,#2163,#2164,
    #2165,#2166,#2167),.UNSPECIFIED.,.F.,.F.,(12,10,10,10,10,12),(
    -13.3243456672,0.,15.372198207036,30.744396414072,61.488792828143,
    64.089021524346),.UNSPECIFIED.);
#2116 = CARTESIAN_POINT('',(23.376162243781,-33.01647539766));
#2117 = CARTESIAN_POINT('',(21.198977685144,-30.18644715555));
#2118 = CARTESIAN_POINT('',(19.134852706871,-27.43012849083));
#2119 = CARTESIAN_POINT('',(17.182273922079,-24.74556601351));
#2120 = CARTESIAN_POINT('',(15.339562402107,-22.1304401941));
#2121 = CARTESIAN_POINT('',(13.604832395536,-19.58195071218));
#2122 = CARTESIAN_POINT('',(11.976007597864,-17.09672511629));
#2123 = CARTESIAN_POINT('',(10.450894969245,-14.67075079088));
#2124 = CARTESIAN_POINT('',(9.0273161037,-12.29933023596));
#2125 = CARTESIAN_POINT('',(7.703296146101,-9.977059653273));
#2126 = CARTESIAN_POINT('',(6.477310260251,-7.697830844605));
#2127 = CARTESIAN_POINT('',(4.046388784456,-2.867153552962));
#2128 = CARTESIAN_POINT('',(2.873647166162,-0.327762034543));
#2129 = CARTESIAN_POINT('',(1.828391432681,2.175715339363));
#2130 = CARTESIAN_POINT('',(0.909705104671,4.656732023856));
#2131 = CARTESIAN_POINT('',(0.119548960848,7.131811482921));
#2132 = CARTESIAN_POINT('',(-0.53707092502,9.618177599415));
#2133 = CARTESIAN_POINT('',(-1.050344723595,12.134364840227));
#2134 = CARTESIAN_POINT('',(-1.402004323113,14.699635338063));
#2135 = CARTESIAN_POINT('',(-1.562379604641,17.326010781155));
#2136 = CARTESIAN_POINT('',(-1.493658251863,20.004224314664));
#2137 = CARTESIAN_POINT('',(-0.841743909889,25.399598967184));
#2138 = CARTESIAN_POINT('',(-0.258679410991,28.116791705664));
#2139 = CARTESIAN_POINT('',(0.611245330715,30.821280889584));
#2140 = CARTESIAN_POINT('',(1.782885716064,33.457613478034));
#2141 = CARTESIAN_POINT('',(3.264583595657,35.950845876724));
#2142 = CARTESIAN_POINT('',(4.997583339371,38.201150242044));
#2143 = CARTESIAN_POINT('',(6.887785579913,40.166151132134));
#2144 = CARTESIAN_POINT('',(8.861728320271,41.866189435224));
#2145 = CARTESIAN_POINT('',(10.876193446238,43.317008442134));
#2146 = CARTESIAN_POINT('',(12.898022323244,44.552075538054));
#2147 = CARTESIAN_POINT('',(18.934975709312,47.696852351544));
#2148 = CARTESIAN_POINT('',(22.921287818424,49.046549162614));
#2149 = CARTESIAN_POINT('',(26.725816904163,49.887812270964));
#2150 = CARTESIAN_POINT('',(30.418554998573,50.457529497714));
#2151 = CARTESIAN_POINT('',(34.064025864445,50.787293358004));
#2152 = CARTESIAN_POINT('',(37.646026303142,50.969133065704));
#2153 = CARTESIAN_POINT('',(41.195569676981,51.020004767284));
#2154 = CARTESIAN_POINT('',(44.683512078662,50.985516196374));
#2155 = CARTESIAN_POINT('',(48.101195825139,50.889113198624));
#2156 = CARTESIAN_POINT('',(51.419884800507,50.758989895824));
#2157 = CARTESIAN_POINT('',(54.876352172857,50.607325844404));
#2158 = CARTESIAN_POINT('',(55.145889035827,50.595499014224));
#2159 = CARTESIAN_POINT('',(55.415425898797,50.583672184044));
#2160 = CARTESIAN_POINT('',(55.684962761757,50.571845353864));
#2161 = CARTESIAN_POINT('',(55.954499624727,50.560018523674));
#2162 = CARTESIAN_POINT('',(56.224036487697,50.548191693494));
#2163 = CARTESIAN_POINT('',(56.493573350667,50.536364863314));
#2164 = CARTESIAN_POINT('',(56.763110213637,50.524538033134));
#2165 = CARTESIAN_POINT('',(57.032647076607,50.512711202944));
#2166 = CARTESIAN_POINT('',(57.302183939567,50.500884372764));
#2167 = CARTESIAN_POINT('',(57.571720802537,50.489057542584));
#2168 = ( GEOMETRIC_REPRESENTATION_CONTEXT(2) 
PARAMETRIC_REPRESENTATION_CONTEXT() REPRESENTATION_CONTEXT('2D SPACE',''
  ) );
#2169 = PCURVE('',#2170,#2327);
#2170 = ( BOUNDED_SURFACE() B_SPLINE_SURFACE(2,11,(
    (#2171,#2172,#2173,#2174,#2175,#2176,#2177,#2178,#2179,#2180,#2181
      ,#2182,#2183,#2184,#2185,#2186,#2187,#2188,#2189,#2190,#2191,#2192
      ,#2193,#2194,#2195,#2196,#2197,#2198,#2199,#2200,#2201,#2202,#2203
      ,#2204,#2205,#2206,#2207,#2208,#2209,#2210,#2211,#2212,#2213,#2214
      ,#2215,#2216,#2217,#2218,#2219,#2220,#2221,#2222)
    ,(#2223,#2224,#2225,#2226,#2227,#2228,#2229,#2230,#2231,#2232,#2233
      ,#2234,#2235,#2236,#2237,#2238,#2239,#2240,#2241,#2242,#2243,#2244
      ,#2245,#2246,#2247,#2248,#2249,#2250,#2251,#2252,#2253,#2254,#2255
      ,#2256,#2257,#2258,#2259,#2260,#2261,#2262,#2263,#2264,#2265,#2266
      ,#2267,#2268,#2269,#2270,#2271,#2272,#2273,#2274)
    ,(#2275,#2276,#2277,#2278,#2279,#2280,#2281,#2282,#2283,#2284,#2285
      ,#2286,#2287,#2288,#2289,#2290,#2291,#2292,#2293,#2294,#2295,#2296
      ,#2297,#2298,#2299,#2300,#2301,#2302,#2303,#2304,#2305,#2306,#2307
      ,#2308,#2309,#2310,#2311,#2312,#2313,#2314,#2315,#2316,#2317,#2318
      ,#2319,#2320,#2321,#2322,#2323,#2324,#2325,#2326
)),.UNSPECIFIED.,.F.,.F.,.F.) B_SPLINE_SURFACE_WITH_KNOTS((3,3),(12,10,
    10,10,10,12),(0.,74.813138495351),(-13.3243456672,0.,15.372198207036
    ,30.744396414072,61.488792828143,64.089021524346),.UNSPECIFIED.) 
GEOMETRIC_REPRESENTATION_ITEM() RATIONAL_B_SPLINE_SURFACE((
    (1.,1.,1.,1.,1.,1.,1.,1.,1.,1.,1.,1.,1.,1.,1.,1.,1.,1.,1.,1.,1.,1.
      ,1.,1.,1.,1.,1.,1.,1.,1.,1.,1.,1.,1.,1.,1.,1.,1.,1.,1.,1.,1.,1.,1.
      ,1.,1.,1.,1.,1.,1.,1.,1.)
    ,(0.707106781187,0.707106781187,0.707106781186,0.707106781187
      ,0.707106781186,0.707106781188,0.707106781185,0.707106781187
      ,0.707106781186,0.707106781187,0.707106781187,0.707106781187
      ,0.707106781187,0.707106781187,0.707106781186,0.707106781187
      ,0.707106781186,0.707106781187,0.707106781186,0.707106781187
      ,0.707106781187,0.707106781187,0.707106781186,0.707106781187
      ,0.707106781186,0.707106781187,0.707106781186,0.707106781187
      ,0.707106781186,0.707106781187,0.707106781187,0.707106781187
      ,0.707106781186,0.707106781187,0.707106781186,0.707106781187
      ,0.707106781186,0.707106781187,0.707106781186,0.707106781187
      ,0.707106781187,0.707106781187,0.707106781187,0.707106781187
      ,0.707106781187,0.707106781187,0.707106781187,0.707106781187
      ,0.707106781187,0.707106781187,0.707106781187,0.707106781187)
    ,(1.,1.,1.,1.,1.,1.,1.,1.,1.,1.,1.,1.,1.,1.,1.,1.,1.,1.,1.,1.,1.,1.
      ,1.,1.,1.,1.,1.,1.,1.,1.,1.,1.,1.,1.,1.,1.,1.,1.,1.,1.,1.,1.,1.,1.
,1.,1.,1.,1.,1.,1.,1.,1.))) REPRESENTATION_ITEM('') SURFACE() );
#2171 = CARTESIAN_POINT('',(24.,2.924082684839,59.243418562498));
#2172 = CARTESIAN_POINT('',(24.000000000001,4.99066010734,
    61.928013319737));
#2173 = CARTESIAN_POINT('',(23.999999999995,6.935315303808,
    64.52387518723));
#2174 = CARTESIAN_POINT('',(24.000000000011,8.759100377162,
    67.031286457387));
#2175 = CARTESIAN_POINT('',(23.999999999981,10.463293667142,
    69.450696499374));
#2176 = CARTESIAN_POINT('',(24.000000000025,12.049410958224,
    71.782733284385));
#2177 = CARTESIAN_POINT('',(23.999999999976,13.519207715117,
    74.028213414884));
#2178 = CARTESIAN_POINT('',(24.000000000017,14.874672347113,
    76.188150665096));
#2179 = CARTESIAN_POINT('',(23.999999999991,16.118010499625,
    78.263763023182));
#2180 = CARTESIAN_POINT('',(24.000000000003,17.25162037471,
    80.256478245445));
#2181 = CARTESIAN_POINT('',(23.999999999999,18.278059078966,
    82.167937913328));
#2182 = CARTESIAN_POINT('',(24.000000000001,20.263636363637,
    86.11363636364));
#2183 = CARTESIAN_POINT('',(23.999999999996,21.188181818178,
    88.121590909076));
#2184 = CARTESIAN_POINT('',(24.000000000011,21.977728192459,
    90.026704545497));
#2185 = CARTESIAN_POINT('',(23.999999999979,22.636367315228,
    91.831818181735));
#2186 = CARTESIAN_POINT('',(24.00000000003,23.168191015421,
    93.539772727388));
#2187 = CARTESIAN_POINT('',(23.999999999969,23.577291121666,
    95.153409090792));
#2188 = CARTESIAN_POINT('',(24.000000000023,23.867759462989,
    96.675568181907));
#2189 = CARTESIAN_POINT('',(23.999999999987,24.043687868007,
    98.109090909042));
#2190 = CARTESIAN_POINT('',(24.000000000005,24.10916816567,
    99.456818181837));
#2191 = CARTESIAN_POINT('',(23.999999999999,24.068292184716,
    100.72159090908));
#2192 = CARTESIAN_POINT('',(24.000000000001,23.782011323256,
    103.09090909091));
#2193 = CARTESIAN_POINT('',(23.999999999997,23.536606442738,
    104.19545454544));
#2194 = CARTESIAN_POINT('',(24.000000000006,23.193028941263,
    105.22272727275));
#2195 = CARTESIAN_POINT('',(23.99999999999,22.755370647603,
    106.17556818177));
#2196 = CARTESIAN_POINT('',(24.000000000012,22.227723390637,
    107.05681818187));
#2197 = CARTESIAN_POINT('',(23.99999999999,21.614178999089,
    107.86931818176));
#2198 = CARTESIAN_POINT('',(24.000000000007,20.918829301863,
    108.61590909095));
#2199 = CARTESIAN_POINT('',(23.999999999996,20.145766127694,
    109.29943181815));
#2200 = CARTESIAN_POINT('',(24.000000000001,19.299081305445,
    109.92272727273));
#2201 = CARTESIAN_POINT('',(24.,18.382866663902,110.48863636363));
#2202 = CARTESIAN_POINT('',(24.000000000001,15.437908767856,
    112.02272727273));
#2203 = CARTESIAN_POINT('',(23.999999999998,13.212851541928,
    112.82727272725));
#2204 = CARTESIAN_POINT('',(24.000000000006,10.758776984599,
    113.43636363639));
#2205 = CARTESIAN_POINT('',(23.999999999989,8.108419726367,
    113.87272727267));
#2206 = CARTESIAN_POINT('',(24.000000000014,5.294514397723,
    114.15909090916));
#2207 = CARTESIAN_POINT('',(23.999999999986,2.349795629173,
    114.3181818181));
#2208 = CARTESIAN_POINT('',(24.00000000001,-0.693001948799,
    114.37272727278));
#2209 = CARTESIAN_POINT('',(23.999999999994,-3.801143705685,
    114.34545454542));
#2210 = CARTESIAN_POINT('',(24.000000000002,-6.941895010999,
    114.2590909091));
#2211 = CARTESIAN_POINT('',(23.999999999999,-10.08252123423,
    114.13636363636));
#2212 = CARTESIAN_POINT('',(24.,-13.45312925765,113.98846695067));
#2213 = CARTESIAN_POINT('',(24.,-13.71730984045,113.97687514517));
#2214 = CARTESIAN_POINT('',(24.,-13.98282949329,113.9652245835));
#2215 = CARTESIAN_POINT('',(24.,-14.24968821617,113.95351526566));
#2216 = CARTESIAN_POINT('',(24.,-14.5178860091,113.94174719165));
#2217 = CARTESIAN_POINT('',(24.,-14.78742287206,113.92992036147));
#2218 = CARTESIAN_POINT('',(24.,-15.05829880508,113.91803477511));
#2219 = CARTESIAN_POINT('',(24.,-15.33051380813,113.90609043259));
#2220 = CARTESIAN_POINT('',(24.,-15.60406788123,113.89408733389));
#2221 = CARTESIAN_POINT('',(24.,-15.87896102437,113.88202547903));
#2222 = CARTESIAN_POINT('',(24.,-16.15519323755,113.86990486799));
#2223 = CARTESIAN_POINT('',(42.,2.924082684839,59.243418562498));
#2224 = CARTESIAN_POINT('',(42.,4.99066010734,61.928013319734));
#2225 = CARTESIAN_POINT('',(42.000000000001,6.935315303809,
    64.523875187244));
#2226 = CARTESIAN_POINT('',(41.999999999996,8.759100377157,
    67.031286457351));
#2227 = CARTESIAN_POINT('',(42.000000000006,10.463293667153,
    69.450696499441));
#2228 = CARTESIAN_POINT('',(41.999999999993,12.049410958207,
    71.782733284293));
#2229 = CARTESIAN_POINT('',(42.000000000007,13.519207715136,
    74.028213414976));
#2230 = CARTESIAN_POINT('',(41.999999999995,14.874672347098,
    76.188150665026));
#2231 = CARTESIAN_POINT('',(42.000000000002,16.118010499634,
    78.263763023221));
#2232 = CARTESIAN_POINT('',(41.999999999999,17.251620374706,
    80.25647824543));
#2233 = CARTESIAN_POINT('',(42.,18.278059078967,82.167937913331));
#2234 = CARTESIAN_POINT('',(42.,20.263636363636,86.113636363636));
#2235 = CARTESIAN_POINT('',(41.999999999999,21.188181818181,
    88.12159090909));
#2236 = CARTESIAN_POINT('',(42.000000000002,21.97772819245,
    90.026704545456));
#2237 = CARTESIAN_POINT('',(41.999999999996,22.636367315246,
    91.831818181816));
#2238 = CARTESIAN_POINT('',(42.000000000006,23.168191015396,
    93.539772727274));
#2239 = CARTESIAN_POINT('',(41.999999999994,23.577291121693,
    95.153409090908));
#2240 = CARTESIAN_POINT('',(42.000000000005,23.867759462968,
    96.675568181818));
#2241 = CARTESIAN_POINT('',(41.999999999997,24.043687868019,
    98.109090909091));
#2242 = CARTESIAN_POINT('',(42.000000000001,24.109168165666,
    99.456818181818));
#2243 = CARTESIAN_POINT('',(42.,24.068292184717,100.72159090909));
#2244 = CARTESIAN_POINT('',(42.,23.782011323255,103.0909090909));
#2245 = CARTESIAN_POINT('',(41.999999999999,23.53660644274,
    104.19545454545));
#2246 = CARTESIAN_POINT('',(42.000000000003,23.193028941259,
    105.22272727272));
#2247 = CARTESIAN_POINT('',(41.999999999996,22.755370647611,
    106.17556818181));
#2248 = CARTESIAN_POINT('',(42.000000000006,22.227723390629,
    107.05681818182));
#2249 = CARTESIAN_POINT('',(41.999999999994,21.614178999096,
    107.86931818181));
#2250 = CARTESIAN_POINT('',(42.000000000004,20.918829301859,
    108.6159090909));
#2251 = CARTESIAN_POINT('',(41.999999999997,20.145766127696,
    109.29943181818));
#2252 = CARTESIAN_POINT('',(42.000000000001,19.299081305444,
    109.92272727272));
#2253 = CARTESIAN_POINT('',(42.,18.382866663902,110.48863636363));
#2254 = CARTESIAN_POINT('',(42.,15.437908767856,112.02272727272));
#2255 = CARTESIAN_POINT('',(42.,13.212851541928,112.82727272727));
#2256 = CARTESIAN_POINT('',(41.999999999999,10.758776984599,
    113.43636363637));
#2257 = CARTESIAN_POINT('',(42.000000000002,8.108419726365,
    113.87272727271));
#2258 = CARTESIAN_POINT('',(41.999999999997,5.294514397728,
    114.15909090911));
#2259 = CARTESIAN_POINT('',(42.000000000003,2.349795629167,
    114.31818181815));
#2260 = CARTESIAN_POINT('',(41.999999999998,-0.693001948794,
    114.37272727274));
#2261 = CARTESIAN_POINT('',(42.000000000001,-3.801143705688,
    114.34545454544));
#2262 = CARTESIAN_POINT('',(42.,-6.941895010997,114.25909090909));
#2263 = CARTESIAN_POINT('',(42.,-10.08252123423,114.13636363636));
#2264 = CARTESIAN_POINT('',(42.,-13.45312925765,113.98846695067));
#2265 = CARTESIAN_POINT('',(42.,-13.71730984045,113.97687514517));
#2266 = CARTESIAN_POINT('',(42.,-13.98282949329,113.9652245835));
#2267 = CARTESIAN_POINT('',(42.,-14.24968821617,113.95351526566));
#2268 = CARTESIAN_POINT('',(42.,-14.5178860091,113.94174719165));
#2269 = CARTESIAN_POINT('',(42.,-14.78742287206,113.92992036147));
#2270 = CARTESIAN_POINT('',(42.,-15.05829880508,113.91803477511));
#2271 = CARTESIAN_POINT('',(42.,-15.33051380813,113.90609043259));
#2272 = CARTESIAN_POINT('',(42.,-15.60406788123,113.89408733389));
#2273 = CARTESIAN_POINT('',(42.,-15.87896102437,113.88202547903));
#2274 = CARTESIAN_POINT('',(42.,-16.15519323755,113.86990486799));
#2275 = CARTESIAN_POINT('',(42.,17.251314414806,48.347069129967));
#2276 = CARTESIAN_POINT('',(42.000000000002,19.428498973443,
    51.17709737208));
#2277 = CARTESIAN_POINT('',(41.99999999999,21.492623951716,
    53.933416036801));
#2278 = CARTESIAN_POINT('',(42.000000000025,23.445202736508,
    56.617978514124));
#2279 = CARTESIAN_POINT('',(41.999999999956,25.28791425648,
    59.233104333535));
#2280 = CARTESIAN_POINT('',(42.000000000057,27.022644263051,
    61.781593815456));
#2281 = CARTESIAN_POINT('',(41.999999999944,28.651469060723,
    64.266819411345));
#2282 = CARTESIAN_POINT('',(42.000000000041,30.176581689342,
    66.692793736748));
#2283 = CARTESIAN_POINT('',(41.999999999978,31.600160554887,
    69.064214291676));
#2284 = CARTESIAN_POINT('',(42.000000000008,32.924180512486,
    71.386484874363));
#2285 = CARTESIAN_POINT('',(41.999999999998,34.150166398336,
    73.665713683031));
#2286 = CARTESIAN_POINT('',(42.000000000002,36.581087874131,
    78.496390974674));
#2287 = CARTESIAN_POINT('',(41.999999999994,37.753829492425,
    81.035782493093));
#2288 = CARTESIAN_POINT('',(42.000000000017,38.799085225906,
    83.539259866999));
#2289 = CARTESIAN_POINT('',(41.999999999967,39.717771553916,
    86.020276551492));
#2290 = CARTESIAN_POINT('',(42.000000000046,40.507927697739,
    88.495356010557));
#2291 = CARTESIAN_POINT('',(41.999999999953,41.164547583607,
    90.981722127051));
#2292 = CARTESIAN_POINT('',(42.000000000035,41.677821382182,
    93.497909367863));
#2293 = CARTESIAN_POINT('',(41.99999999998,42.0294809817,96.063179865699
    ));
#2294 = CARTESIAN_POINT('',(42.000000000008,42.189856263228,
    98.689555308791));
#2295 = CARTESIAN_POINT('',(41.999999999998,42.12113491045,
    101.3677688423));
#2296 = CARTESIAN_POINT('',(42.000000000001,41.469220568476,
    106.76314349482));
#2297 = CARTESIAN_POINT('',(41.999999999995,40.886156069578,
    109.4803362333));
#2298 = CARTESIAN_POINT('',(42.000000000011,40.016231327872,
    112.18482541722));
#2299 = CARTESIAN_POINT('',(41.999999999982,38.844590942523,
    114.82115800567));
#2300 = CARTESIAN_POINT('',(42.000000000021,37.36289306293,
    117.31439040436));
#2301 = CARTESIAN_POINT('',(41.99999999998,35.629893319216,
    119.56469476968));
#2302 = CARTESIAN_POINT('',(42.000000000015,33.739691078674,
    121.52969565977));
#2303 = CARTESIAN_POINT('',(41.999999999992,31.765748338316,
    123.22973396286));
#2304 = CARTESIAN_POINT('',(42.000000000003,29.751283212349,
    124.68055296977));
#2305 = CARTESIAN_POINT('',(41.999999999999,27.729454335343,
    125.91562006569));
#2306 = CARTESIAN_POINT('',(42.000000000001,21.692500949275,
    129.06039687918));
#2307 = CARTESIAN_POINT('',(41.999999999995,17.706188840163,
    130.41009369025));
#2308 = CARTESIAN_POINT('',(42.000000000012,13.901659754424,
    131.2513567986));
#2309 = CARTESIAN_POINT('',(41.99999999998,10.208921660014,
    131.82107402535));
#2310 = CARTESIAN_POINT('',(42.000000000026,6.563450794142,
    132.15083788564));
#2311 = CARTESIAN_POINT('',(41.999999999975,2.981450355445,
    132.33267759334));
#2312 = CARTESIAN_POINT('',(42.000000000019,-0.568093018394,
    132.38354929492));
#2313 = CARTESIAN_POINT('',(41.999999999989,-4.056035420075,
    132.34906072401));
#2314 = CARTESIAN_POINT('',(42.000000000004,-7.473719166552,
    132.25265772626));
#2315 = CARTESIAN_POINT('',(41.999999999999,-10.79240814192,
    132.12253442346));
#2316 = CARTESIAN_POINT('',(42.,-14.24887551427,131.97087037204));
#2317 = CARTESIAN_POINT('',(42.,-14.51841237724,131.95904354186));
#2318 = CARTESIAN_POINT('',(42.,-14.78794924021,131.94721671168));
#2319 = CARTESIAN_POINT('',(42.,-15.05748610317,131.9353898815));
#2320 = CARTESIAN_POINT('',(42.,-15.32702296614,131.92356305131));
#2321 = CARTESIAN_POINT('',(42.,-15.59655982911,131.91173622113));
#2322 = CARTESIAN_POINT('',(42.,-15.86609669208,131.89990939095));
#2323 = CARTESIAN_POINT('',(42.,-16.13563355505,131.88808256077));
#2324 = CARTESIAN_POINT('',(42.,-16.40517041802,131.87625573058));
#2325 = CARTESIAN_POINT('',(42.,-16.67470728098,131.8644289004));
#2326 = CARTESIAN_POINT('',(42.,-16.94424414395,131.85260207022));
#2327 = DEFINITIONAL_REPRESENTATION('',(#2328),#2331);
#2328 = B_SPLINE_CURVE_WITH_KNOTS('',1,(#2329,#2330),.UNSPECIFIED.,.F.,
  .F.,(2,2),(0.606013510397,41.730577511669),.PIECEWISE_BEZIER_KNOTS.);
#2329 = CARTESIAN_POINT('',(74.813138495351,0.606013510397));
#2330 = CARTESIAN_POINT('',(74.813137488963,41.730577982615));
#2331 = ( GEOMETRIC_REPRESENTATION_CONTEXT(2) 
PARAMETRIC_REPRESENTATION_CONTEXT() REPRESENTATION_CONTEXT('2D SPACE',''
  ) );
#2332 = ADVANCED_FACE('',(#2333),#562,.T.);
#2333 = FACE_BOUND('',#2334,.T.);
#2334 = EDGE_LOOP('',(#2335,#2358,#2448,#2449));
#2335 = ORIENTED_EDGE('',*,*,#2336,.T.);
#2336 = EDGE_CURVE('',#542,#2337,#2339,.T.);
#2337 = VERTEX_POINT('',#2338);
#2338 = CARTESIAN_POINT('',(-24.,19.2,84.));
#2339 = SURFACE_CURVE('',#2340,(#2344,#2351),.PCURVE_S1.);
#2340 = LINE('',#2341,#2342);
#2341 = CARTESIAN_POINT('',(-24.,-10.,-3.552713678801E-15));
#2342 = VECTOR('',#2343,1.);
#2343 = DIRECTION('',(0.,0.328346164816,0.944557460428));
#2344 = PCURVE('',#562,#2345);
#2345 = DEFINITIONAL_REPRESENTATION('',(#2346),#2350);
#2346 = LINE('',#2347,#2348);
#2347 = CARTESIAN_POINT('',(6.28318530718,0.));
#2348 = VECTOR('',#2349,1.);
#2349 = DIRECTION('',(-0.,1.));
#2350 = ( GEOMETRIC_REPRESENTATION_CONTEXT(2) 
PARAMETRIC_REPRESENTATION_CONTEXT() REPRESENTATION_CONTEXT('2D SPACE',''
  ) );
#2351 = PCURVE('',#594,#2352);
#2352 = DEFINITIONAL_REPRESENTATION('',(#2353),#2357);
#2353 = LINE('',#2354,#2355);
#2354 = CARTESIAN_POINT('',(-3.577215557826E-15,-24.));
#2355 = VECTOR('',#2356,1.);
#2356 = DIRECTION('',(1.,0.));
#2357 = ( GEOMETRIC_REPRESENTATION_CONTEXT(2) 
PARAMETRIC_REPRESENTATION_CONTEXT() REPRESENTATION_CONTEXT('2D SPACE',''
  ) );
#2358 = ORIENTED_EDGE('',*,*,#2359,.T.);
#2359 = EDGE_CURVE('',#2337,#824,#2360,.T.);
#2360 = SURFACE_CURVE('',#2361,(#2388,#2418),.PCURVE_S1.);
#2361 = B_SPLINE_CURVE_WITH_KNOTS('',7,(#2362,#2363,#2364,#2365,#2366,
    #2367,#2368,#2369,#2370,#2371,#2372,#2373,#2374,#2375,#2376,#2377,
    #2378,#2379,#2380,#2381,#2382,#2383,#2384,#2385,#2386,#2387),
  .UNSPECIFIED.,.F.,.F.,(8,6,6,6,8),(0.,0.248323712535,0.499550429365,
    0.750835946694,1.),.UNSPECIFIED.);
#2362 = CARTESIAN_POINT('',(-24.,19.2,84.));
#2363 = CARTESIAN_POINT('',(-24.91430060325,19.2,84.));
#2364 = CARTESIAN_POINT('',(-25.84873397843,19.25000473417,
    83.978835431463));
#2365 = CARTESIAN_POINT('',(-26.7983260139,19.353978213075,
    83.934828530401));
#2366 = CARTESIAN_POINT('',(-27.7570862893,19.515333660396,
    83.866542884497));
#2367 = CARTESIAN_POINT('',(-28.71807588926,19.736617268384,
    83.772921050834));
#2368 = CARTESIAN_POINT('',(-29.67366456015,20.019166988777,
    83.653431351564));
#2369 = CARTESIAN_POINT('',(-31.56925508186,20.710709170383,
    83.361153366299));
#2370 = CARTESIAN_POINT('',(-32.50899426914,21.121159532933,
    83.18775057223));
#2371 = CARTESIAN_POINT('',(-33.42695301338,21.594223480337,
    82.988003629159));
#2372 = CARTESIAN_POINT('',(-34.31474176034,22.128415781453,
    82.762598524256));
#2373 = CARTESIAN_POINT('',(-35.1642388309,22.720700259465,
    82.512884925362));
#2374 = CARTESIAN_POINT('',(-35.9681081798,23.366571315489,
    82.240831284487));
#2375 = CARTESIAN_POINT('',(-37.47243699224,24.754275302471,
    81.656888670215));
#2376 = CARTESIAN_POINT('',(-38.17292109216,25.496175751596,
    81.344971418621));
#2377 = CARTESIAN_POINT('',(-38.81545672989,26.280364876763,
    81.01559555791));
#2378 = CARTESIAN_POINT('',(-39.39514460689,27.100083227485,
    80.671660333854));
#2379 = CARTESIAN_POINT('',(-39.90867847479,27.947846301977,
    80.31635210138));
#2380 = CARTESIAN_POINT('',(-40.35443188105,28.81592073793,
    79.95293901683));
#2381 = CARTESIAN_POINT('',(-41.10702824898,30.570101991256,
    79.219376521267));
#2382 = CARTESIAN_POINT('',(-41.41503547623,31.45604720246,
    78.849287901507));
#2383 = CARTESIAN_POINT('',(-41.65625946814,32.347201351723,
    78.477429585765));
#2384 = CARTESIAN_POINT('',(-41.83215900483,33.236449684062,
    78.106769177991));
#2385 = CARTESIAN_POINT('',(-41.94549330008,34.117324236322,
    77.739985617246));
#2386 = CARTESIAN_POINT('',(-42.00000043182,34.984235845315,
    77.379377183869));
#2387 = CARTESIAN_POINT('',(-42.,35.832540353116,77.026841276228));
#2388 = PCURVE('',#562,#2389);
#2389 = DEFINITIONAL_REPRESENTATION('',(#2390),#2417);
#2390 = B_SPLINE_CURVE_WITH_KNOTS('',7,(#2391,#2392,#2393,#2394,#2395,
    #2396,#2397,#2398,#2399,#2400,#2401,#2402,#2403,#2404,#2405,#2406,
    #2407,#2408,#2409,#2410,#2411,#2412,#2413,#2414,#2415,#2416),
  .UNSPECIFIED.,.F.,.F.,(8,6,6,6,8),(0.,0.248323712535,0.499550429365,
    0.750835946694,1.),.UNSPECIFIED.);
#2391 = CARTESIAN_POINT('',(6.28318530718,88.930534688598));
#2392 = CARTESIAN_POINT('',(6.232390829221,88.930534688598));
#2393 = CARTESIAN_POINT('',(6.18047786685,88.926962400177));
#2394 = CARTESIAN_POINT('',(6.127508683581,88.919534646512));
#2395 = CARTESIAN_POINT('',(6.073559683548,88.908015372529));
#2396 = CARTESIAN_POINT('',(6.018721408253,88.892241795106));
#2397 = CARTESIAN_POINT('',(5.963098367614,88.872151025276));
#2398 = CARTESIAN_POINT('',(5.849861499096,88.823142896913));
#2399 = CARTESIAN_POINT('',(5.792229001792,88.794123796507));
#2400 = CARTESIAN_POINT('',(5.734035884792,88.760780064072));
#2401 = CARTESIAN_POINT('',(5.675414599654,88.723271983966));
#2402 = CARTESIAN_POINT('',(5.616503792128,88.681877477993));
#2403 = CARTESIAN_POINT('',(5.557447698348,88.63697646608));
#2404 = CARTESIAN_POINT('',(5.439328227438,88.541056395332));
#2405 = CARTESIAN_POINT('',(5.380261009038,88.490032795448));
#2406 = CARTESIAN_POINT('',(5.321341775031,88.436403860667));
#2407 = CARTESIAN_POINT('',(5.262714457793,88.380688655569));
#2408 = CARTESIAN_POINT('',(5.204517115782,88.323439368015));
#2409 = CARTESIAN_POINT('',(5.146881396927,88.265203739607));
#2410 = CARTESIAN_POINT('',(5.033460972988,88.148290498653));
#2411 = CARTESIAN_POINT('',(4.977661348097,88.089617244175));
#2412 = CARTESIAN_POINT('',(4.92265117557,88.030982744988));
#2413 = CARTESIAN_POINT('',(4.868535346623,87.972853971032));
#2414 = CARTESIAN_POINT('',(4.815404449021,87.915637603285));
#2415 = CARTESIAN_POINT('',(4.763334877153,87.859669319294));
#2416 = CARTESIAN_POINT('',(4.712388980385,87.805216429395));
#2417 = ( GEOMETRIC_REPRESENTATION_CONTEXT(2) 
PARAMETRIC_REPRESENTATION_CONTEXT() REPRESENTATION_CONTEXT('2D SPACE',''
  ) );
#2418 = PCURVE('',#958,#2419);
#2419 = DEFINITIONAL_REPRESENTATION('',(#2420),#2447);
#2420 = B_SPLINE_CURVE_WITH_KNOTS('',7,(#2421,#2422,#2423,#2424,#2425,
    #2426,#2427,#2428,#2429,#2430,#2431,#2432,#2433,#2434,#2435,#2436,
    #2437,#2438,#2439,#2440,#2441,#2442,#2443,#2444,#2445,#2446),
  .UNSPECIFIED.,.F.,.F.,(8,6,6,6,8),(0.,0.248323712535,0.499550429365,
    0.750835946694,1.),.UNSPECIFIED.);
#2421 = CARTESIAN_POINT('',(0.,-2.102726270184E-13));
#2422 = CARTESIAN_POINT('',(2.687072458804,-2.161318651099E-13));
#2423 = CARTESIAN_POINT('',(5.367355810208,2.10981011502E-03));
#2424 = CARTESIAN_POINT('',(8.040903701185,6.496665290337E-03));
#2425 = CARTESIAN_POINT('',(10.707985600814,1.329225227914E-02));
#2426 = CARTESIAN_POINT('',(13.369084465642,2.257368704692E-02));
#2427 = CARTESIAN_POINT('',(16.024827385248,3.434580717309E-02));
#2428 = CARTESIAN_POINT('',(21.357853490385,6.290017817572E-02));
#2429 = CARTESIAN_POINT('',(24.03516675619,7.974014901579E-02));
#2430 = CARTESIAN_POINT('',(26.708343974822,9.898883183213E-02));
#2431 = CARTESIAN_POINT('',(29.3782661104,0.120499426529));
#2432 = CARTESIAN_POINT('',(32.046014251537,0.144050124204));
#2433 = CARTESIAN_POINT('',(34.712672821899,0.169363662582));
#2434 = CARTESIAN_POINT('',(40.046207231975,0.222906393043));
#2435 = CARTESIAN_POINT('',(42.713256451636,0.251137997454));
#2436 = CARTESIAN_POINT('',(45.381167058053,0.280518746917));
#2437 = CARTESIAN_POINT('',(48.051039183665,0.310713337603));
#2438 = CARTESIAN_POINT('',(50.723978960075,0.341386180456));
#2439 = CARTESIAN_POINT('',(53.400901937901,0.372225467704));
#2440 = CARTESIAN_POINT('',(58.741283625645,0.433423435634));
#2441 = CARTESIAN_POINT('',(61.404825341078,0.463785847223));
#2442 = CARTESIAN_POINT('',(64.073686599122,0.493771845123));
#2443 = CARTESIAN_POINT('',(66.748529488794,0.523149738758));
#2444 = CARTESIAN_POINT('',(69.429881543259,0.551734607575));
#2445 = CARTESIAN_POINT('',(72.11805585005,0.579388726531));
#2446 = CARTESIAN_POINT('',(74.813138495351,0.60601351045));
#2447 = ( GEOMETRIC_REPRESENTATION_CONTEXT(2) 
PARAMETRIC_REPRESENTATION_CONTEXT() REPRESENTATION_CONTEXT('2D SPACE',''
  ) );
#2448 = ORIENTED_EDGE('',*,*,#823,.F.);
#2449 = ORIENTED_EDGE('',*,*,#541,.F.);
#2450 = ADVANCED_FACE('',(#2451),#623,.T.);
#2451 = FACE_BOUND('',#2452,.T.);
#2452 = EDGE_LOOP('',(#2453,#2454,#2455,#2547));
#2453 = ORIENTED_EDGE('',*,*,#606,.T.);
#2454 = ORIENTED_EDGE('',*,*,#2035,.T.);
#2455 = ORIENTED_EDGE('',*,*,#2456,.F.);
#2456 = EDGE_CURVE('',#2457,#2036,#2459,.T.);
#2457 = VERTEX_POINT('',#2458);
#2458 = CARTESIAN_POINT('',(24.,19.2,84.));
#2459 = SURFACE_CURVE('',#2460,(#2487,#2517),.PCURVE_S1.);
#2460 = B_SPLINE_CURVE_WITH_KNOTS('',7,(#2461,#2462,#2463,#2464,#2465,
    #2466,#2467,#2468,#2469,#2470,#2471,#2472,#2473,#2474,#2475,#2476,
    #2477,#2478,#2479,#2480,#2481,#2482,#2483,#2484,#2485,#2486),
  .UNSPECIFIED.,.F.,.F.,(8,6,6,6,8),(0.,0.248323712535,0.499550429366,
    0.750835946695,1.),.UNSPECIFIED.);
#2461 = CARTESIAN_POINT('',(24.,19.2,84.));
#2462 = CARTESIAN_POINT('',(24.914300603255,19.2,84.));
#2463 = CARTESIAN_POINT('',(25.848733978432,19.25000473417,
    83.978835431463));
#2464 = CARTESIAN_POINT('',(26.798326013901,19.353978213074,
    83.934828530402));
#2465 = CARTESIAN_POINT('',(27.757086289308,19.515333660397,
    83.866542884496));
#2466 = CARTESIAN_POINT('',(28.718075889262,19.736617268384,
    83.772921050834));
#2467 = CARTESIAN_POINT('',(29.673664560154,20.019166988778,
    83.653431351564));
#2468 = CARTESIAN_POINT('',(31.569255081865,20.710709170384,
    83.361153366298));
#2469 = CARTESIAN_POINT('',(32.50899426914,21.121159532928,
    83.187750572232));
#2470 = CARTESIAN_POINT('',(33.426953013401,21.594223480347,
    82.988003629152));
#2471 = CARTESIAN_POINT('',(34.314741760323,22.12841578144,
    82.762598524263));
#2472 = CARTESIAN_POINT('',(35.164238830913,22.720700259473,
    82.512884925357));
#2473 = CARTESIAN_POINT('',(35.968108179801,23.366571315487,
    82.240831284488));
#2474 = CARTESIAN_POINT('',(37.472436992251,24.754275302473,
    81.656888670214));
#2475 = CARTESIAN_POINT('',(38.172921092156,25.496175751588,
    81.344971418625));
#2476 = CARTESIAN_POINT('',(38.815456729896,26.28036487678,
    81.015595557902));
#2477 = CARTESIAN_POINT('',(39.395144606884,27.100083227465,
    80.671660333863));
#2478 = CARTESIAN_POINT('',(39.908678474796,27.947846301989,
    80.316352101374));
#2479 = CARTESIAN_POINT('',(40.354431881053,28.815920737927,
    79.952939016832));
#2480 = CARTESIAN_POINT('',(41.107028248981,30.570101991256,
    79.219376521267));
#2481 = CARTESIAN_POINT('',(41.415035476239,31.45604720246,
    78.849287901507));
#2482 = CARTESIAN_POINT('',(41.656259468146,32.347201351724,
    78.477429585764));
#2483 = CARTESIAN_POINT('',(41.832159004831,33.236449684062,
    78.106769177991));
#2484 = CARTESIAN_POINT('',(41.945493300082,34.117324236321,
    77.739985617246));
#2485 = CARTESIAN_POINT('',(42.00000043182,34.984235845315,
    77.379377183869));
#2486 = CARTESIAN_POINT('',(42.,35.832540353116,77.026841276228));
#2487 = PCURVE('',#623,#2488);
#2488 = DEFINITIONAL_REPRESENTATION('',(#2489),#2516);
#2489 = B_SPLINE_CURVE_WITH_KNOTS('',7,(#2490,#2491,#2492,#2493,#2494,
    #2495,#2496,#2497,#2498,#2499,#2500,#2501,#2502,#2503,#2504,#2505,
    #2506,#2507,#2508,#2509,#2510,#2511,#2512,#2513,#2514,#2515),
  .UNSPECIFIED.,.F.,.F.,(8,6,6,6,8),(0.,0.248323712535,0.499550429366,
    0.750835946695,1.),.UNSPECIFIED.);
#2490 = CARTESIAN_POINT('',(0.,88.930534688598));
#2491 = CARTESIAN_POINT('',(5.079447795864E-02,88.930534688598));
#2492 = CARTESIAN_POINT('',(0.10270744033,88.926962400177));
#2493 = CARTESIAN_POINT('',(0.155676623599,88.919534646512));
#2494 = CARTESIAN_POINT('',(0.209625623632,88.908015372529));
#2495 = CARTESIAN_POINT('',(0.264463898926,88.892241795106));
#2496 = CARTESIAN_POINT('',(0.320086939566,88.872151025276));
#2497 = CARTESIAN_POINT('',(0.433323808085,88.823142896913));
#2498 = CARTESIAN_POINT('',(0.490956305388,88.794123796507));
#2499 = CARTESIAN_POINT('',(0.549149422389,88.760780064072));
#2500 = CARTESIAN_POINT('',(0.607770707525,88.723271983967));
#2501 = CARTESIAN_POINT('',(0.666681515053,88.681877477993));
#2502 = CARTESIAN_POINT('',(0.725737608832,88.63697646608));
#2503 = CARTESIAN_POINT('',(0.843857079742,88.541056395332));
#2504 = CARTESIAN_POINT('',(0.902924298141,88.490032795448));
#2505 = CARTESIAN_POINT('',(0.96184353215,88.436403860666));
#2506 = CARTESIAN_POINT('',(1.020470849386,88.38068865557));
#2507 = CARTESIAN_POINT('',(1.078668191398,88.323439368015));
#2508 = CARTESIAN_POINT('',(1.136303910253,88.265203739607));
#2509 = CARTESIAN_POINT('',(1.249724334192,88.148290498653));
#2510 = CARTESIAN_POINT('',(1.305523959083,88.089617244175));
#2511 = CARTESIAN_POINT('',(1.36053413161,88.030982744988));
#2512 = CARTESIAN_POINT('',(1.414649960557,87.972853971032));
#2513 = CARTESIAN_POINT('',(1.467780858159,87.915637603286));
#2514 = CARTESIAN_POINT('',(1.519850430027,87.859669319294));
#2515 = CARTESIAN_POINT('',(1.570796326795,87.805216429395));
#2516 = ( GEOMETRIC_REPRESENTATION_CONTEXT(2) 
PARAMETRIC_REPRESENTATION_CONTEXT() REPRESENTATION_CONTEXT('2D SPACE',''
  ) );
#2517 = PCURVE('',#2170,#2518);
#2518 = DEFINITIONAL_REPRESENTATION('',(#2519),#2546);
#2519 = B_SPLINE_CURVE_WITH_KNOTS('',7,(#2520,#2521,#2522,#2523,#2524,
    #2525,#2526,#2527,#2528,#2529,#2530,#2531,#2532,#2533,#2534,#2535,
    #2536,#2537,#2538,#2539,#2540,#2541,#2542,#2543,#2544,#2545),
  .UNSPECIFIED.,.F.,.F.,(8,6,6,6,8),(0.,0.248323712535,0.499550429366,
    0.750835946695,1.),.UNSPECIFIED.);
#2520 = CARTESIAN_POINT('',(0.,-2.102726270184E-13));
#2521 = CARTESIAN_POINT('',(2.687072458803,-2.161318651099E-13));
#2522 = CARTESIAN_POINT('',(5.36735581021,2.109810115024E-03));
#2523 = CARTESIAN_POINT('',(8.040903701179,6.49666529032E-03));
#2524 = CARTESIAN_POINT('',(10.707985600821,1.329225227917E-02));
#2525 = CARTESIAN_POINT('',(13.369084465637,2.25736870469E-02));
#2526 = CARTESIAN_POINT('',(16.024827385249,3.43458071731E-02));
#2527 = CARTESIAN_POINT('',(21.357853490393,6.290017817576E-02));
#2528 = CARTESIAN_POINT('',(24.035166756158,7.974014901561E-02));
#2529 = CARTESIAN_POINT('',(26.708343974886,9.898883183253E-02));
#2530 = CARTESIAN_POINT('',(29.378266110331,0.120499426529));
#2531 = CARTESIAN_POINT('',(32.046014251577,0.144050124204));
#2532 = CARTESIAN_POINT('',(34.712672821889,0.169363662581));
#2533 = CARTESIAN_POINT('',(40.046207231981,0.222906393043));
#2534 = CARTESIAN_POINT('',(42.71325645161,0.251137997454));
#2535 = CARTESIAN_POINT('',(45.381167058106,0.280518746918));
#2536 = CARTESIAN_POINT('',(48.051039183604,0.310713337603));
#2537 = CARTESIAN_POINT('',(50.723978960113,0.341386180456));
#2538 = CARTESIAN_POINT('',(53.40090193789,0.372225467704));
#2539 = CARTESIAN_POINT('',(58.741283625644,0.433423435634));
#2540 = CARTESIAN_POINT('',(61.404825341079,0.463785847223));
#2541 = CARTESIAN_POINT('',(64.073686599123,0.493771845123));
#2542 = CARTESIAN_POINT('',(66.748529488793,0.523149738758));
#2543 = CARTESIAN_POINT('',(69.429881543257,0.551734607575));
#2544 = CARTESIAN_POINT('',(72.118055850052,0.579388726531));
#2545 = CARTESIAN_POINT('',(74.813138495351,0.60601351045));
#2546 = ( GEOMETRIC_REPRESENTATION_CONTEXT(2) 
PARAMETRIC_REPRESENTATION_CONTEXT() REPRESENTATION_CONTEXT('2D SPACE',''
  ) );
#2547 = ORIENTED_EDGE('',*,*,#2548,.F.);
#2548 = EDGE_CURVE('',#579,#2457,#2549,.T.);
#2549 = SURFACE_CURVE('',#2550,(#2554,#2561),.PCURVE_S1.);
#2550 = LINE('',#2551,#2552);
#2551 = CARTESIAN_POINT('',(24.,-10.,-3.552713678801E-15));
#2552 = VECTOR('',#2553,1.);
#2553 = DIRECTION('',(0.,0.328346164816,0.944557460428));
#2554 = PCURVE('',#623,#2555);
#2555 = DEFINITIONAL_REPRESENTATION('',(#2556),#2560);
#2556 = LINE('',#2557,#2558);
#2557 = CARTESIAN_POINT('',(0.,0.));
#2558 = VECTOR('',#2559,1.);
#2559 = DIRECTION('',(0.,1.));
#2560 = ( GEOMETRIC_REPRESENTATION_CONTEXT(2) 
PARAMETRIC_REPRESENTATION_CONTEXT() REPRESENTATION_CONTEXT('2D SPACE',''
  ) );
#2561 = PCURVE('',#594,#2562);
#2562 = DEFINITIONAL_REPRESENTATION('',(#2563),#2567);
#2563 = LINE('',#2564,#2565);
#2564 = CARTESIAN_POINT('',(-3.577215557826E-15,24.));
#2565 = VECTOR('',#2566,1.);
#2566 = DIRECTION('',(1.,0.));
#2567 = ( GEOMETRIC_REPRESENTATION_CONTEXT(2) 
PARAMETRIC_REPRESENTATION_CONTEXT() REPRESENTATION_CONTEXT('2D SPACE',''
  ) );
#2568 = ADVANCED_FACE('',(#2569),#594,.F.);
#2569 = FACE_BOUND('',#2570,.F.);
#2570 = EDGE_LOOP('',(#2571,#2572,#2573,#2604,#2633));
#2571 = ORIENTED_EDGE('',*,*,#578,.F.);
#2572 = ORIENTED_EDGE('',*,*,#2336,.T.);
#2573 = ORIENTED_EDGE('',*,*,#2574,.F.);
#2574 = EDGE_CURVE('',#2575,#2337,#2577,.T.);
#2575 = VERTEX_POINT('',#2576);
#2576 = CARTESIAN_POINT('',(0.,19.2,84.));
#2577 = SURFACE_CURVE('',#2578,(#2582,#2589),.PCURVE_S1.);
#2578 = LINE('',#2579,#2580);
#2579 = CARTESIAN_POINT('',(0.,19.2,84.));
#2580 = VECTOR('',#2581,1.);
#2581 = DIRECTION('',(-1.,-0.,-0.));
#2582 = PCURVE('',#594,#2583);
#2583 = DEFINITIONAL_REPRESENTATION('',(#2584),#2588);
#2584 = LINE('',#2585,#2586);
#2585 = CARTESIAN_POINT('',(88.930534688598,0.));
#2586 = VECTOR('',#2587,1.);
#2587 = DIRECTION('',(0.,-1.));
#2588 = ( GEOMETRIC_REPRESENTATION_CONTEXT(2) 
PARAMETRIC_REPRESENTATION_CONTEXT() REPRESENTATION_CONTEXT('2D SPACE',''
  ) );
#2589 = PCURVE('',#2590,#2598);
#2590 = SURFACE_OF_LINEAR_EXTRUSION('',#2591,#2596);
#2591 = B_SPLINE_CURVE_WITH_KNOTS('',3,(#2592,#2593,#2594,#2595),
  .UNSPECIFIED.,.F.,.F.,(4,4),(0.,1.),.PIECEWISE_BEZIER_KNOTS.);
#2592 = CARTESIAN_POINT('',(0.,19.2,84.));
#2593 = CARTESIAN_POINT('',(0.,34.8,115.));
#2594 = CARTESIAN_POINT('',(0.,9.6,115.));
#2595 = CARTESIAN_POINT('',(0.,-13.1902877449,114.));
#2596 = VECTOR('',#2597,1.);
#2597 = DIRECTION('',(1.,0.,0.));
#2598 = DEFINITIONAL_REPRESENTATION('',(#2599),#2603);
#2599 = LINE('',#2600,#2601);
#2600 = CARTESIAN_POINT('',(0.,0.));
#2601 = VECTOR('',#2602,1.);
#2602 = DIRECTION('',(0.,-1.));
#2603 = ( GEOMETRIC_REPRESENTATION_CONTEXT(2) 
PARAMETRIC_REPRESENTATION_CONTEXT() REPRESENTATION_CONTEXT('2D SPACE',''
  ) );
#2604 = ORIENTED_EDGE('',*,*,#2605,.T.);
#2605 = EDGE_CURVE('',#2575,#2457,#2606,.T.);
#2606 = SURFACE_CURVE('',#2607,(#2611,#2618),.PCURVE_S1.);
#2607 = LINE('',#2608,#2609);
#2608 = CARTESIAN_POINT('',(0.,19.2,84.));
#2609 = VECTOR('',#2610,1.);
#2610 = DIRECTION('',(1.,0.,0.));
#2611 = PCURVE('',#594,#2612);
#2612 = DEFINITIONAL_REPRESENTATION('',(#2613),#2617);
#2613 = LINE('',#2614,#2615);
#2614 = CARTESIAN_POINT('',(88.930534688598,0.));
#2615 = VECTOR('',#2616,1.);
#2616 = DIRECTION('',(0.,1.));
#2617 = ( GEOMETRIC_REPRESENTATION_CONTEXT(2) 
PARAMETRIC_REPRESENTATION_CONTEXT() REPRESENTATION_CONTEXT('2D SPACE',''
  ) );
#2618 = PCURVE('',#2619,#2627);
#2619 = SURFACE_OF_LINEAR_EXTRUSION('',#2620,#2625);
#2620 = B_SPLINE_CURVE_WITH_KNOTS('',3,(#2621,#2622,#2623,#2624),
  .UNSPECIFIED.,.F.,.F.,(4,4),(0.,1.),.PIECEWISE_BEZIER_KNOTS.);
#2621 = CARTESIAN_POINT('',(0.,19.2,84.));
#2622 = CARTESIAN_POINT('',(0.,34.8,115.));
#2623 = CARTESIAN_POINT('',(0.,9.6,115.));
#2624 = CARTESIAN_POINT('',(0.,-13.1902877449,114.));
#2625 = VECTOR('',#2626,1.);
#2626 = DIRECTION('',(-1.,-0.,-0.));
#2627 = DEFINITIONAL_REPRESENTATION('',(#2628),#2632);
#2628 = LINE('',#2629,#2630);
#2629 = CARTESIAN_POINT('',(0.,0.));
#2630 = VECTOR('',#2631,1.);
#2631 = DIRECTION('',(0.,-1.));
#2632 = ( GEOMETRIC_REPRESENTATION_CONTEXT(2) 
PARAMETRIC_REPRESENTATION_CONTEXT() REPRESENTATION_CONTEXT('2D SPACE',''
  ) );
#2633 = ORIENTED_EDGE('',*,*,#2548,.F.);
#2634 = ADVANCED_FACE('',(#2635),#783,.T.);
#2635 = FACE_BOUND('',#2636,.T.);
#2636 = EDGE_LOOP('',(#2637,#2667,#2700,#2701));
#2637 = ORIENTED_EDGE('',*,*,#2638,.T.);
#2638 = EDGE_CURVE('',#2639,#2641,#2643,.T.);
#2639 = VERTEX_POINT('',#2640);
#2640 = CARTESIAN_POINT('',(-24.,-13.1902877449,114.));
#2641 = VERTEX_POINT('',#2642);
#2642 = CARTESIAN_POINT('',(-24.,-0.166166116668,159.42050988465));
#2643 = SURFACE_CURVE('',#2644,(#2648,#2655),.PCURVE_S1.);
#2644 = LINE('',#2645,#2646);
#2645 = CARTESIAN_POINT('',(-24.,-13.1902877449,114.));
#2646 = VECTOR('',#2647,1.);
#2647 = DIRECTION('',(0.,0.275637355817,0.961261695938));
#2648 = PCURVE('',#783,#2649);
#2649 = DEFINITIONAL_REPRESENTATION('',(#2650),#2654);
#2650 = LINE('',#2651,#2652);
#2651 = CARTESIAN_POINT('',(1.570796326795,0.));
#2652 = VECTOR('',#2653,1.);
#2653 = DIRECTION('',(0.,1.));
#2654 = ( GEOMETRIC_REPRESENTATION_CONTEXT(2) 
PARAMETRIC_REPRESENTATION_CONTEXT() REPRESENTATION_CONTEXT('2D SPACE',''
  ) );
#2655 = PCURVE('',#2656,#2661);
#2656 = PLANE('',#2657);
#2657 = AXIS2_PLACEMENT_3D('',#2658,#2659,#2660);
#2658 = CARTESIAN_POINT('',(0.,-13.1902877449,114.));
#2659 = DIRECTION('',(0.,0.961261695938,-0.275637355817));
#2660 = DIRECTION('',(0.,0.275637355817,0.961261695938));
#2661 = DEFINITIONAL_REPRESENTATION('',(#2662),#2666);
#2662 = LINE('',#2663,#2664);
#2663 = CARTESIAN_POINT('',(0.,-24.));
#2664 = VECTOR('',#2665,1.);
#2665 = DIRECTION('',(1.,0.));
#2666 = ( GEOMETRIC_REPRESENTATION_CONTEXT(2) 
PARAMETRIC_REPRESENTATION_CONTEXT() REPRESENTATION_CONTEXT('2D SPACE',''
  ) );
#2667 = ORIENTED_EDGE('',*,*,#2668,.T.);
#2668 = EDGE_CURVE('',#2641,#768,#2669,.T.);
#2669 = SURFACE_CURVE('',#2670,(#2680,#2693),.PCURVE_S1.);
#2670 = B_SPLINE_CURVE_WITH_KNOTS('',8,(#2671,#2672,#2673,#2674,#2675,
    #2676,#2677,#2678,#2679),.UNSPECIFIED.,.F.,.F.,(9,9),(206.3909883065
    ,235.0084537366),.PIECEWISE_BEZIER_KNOTS.);
#2671 = CARTESIAN_POINT('',(-24.,-0.166166116668,159.42050988465));
#2672 = CARTESIAN_POINT('',(-27.5403886041,-0.166166116668,
    159.42050988465));
#2673 = CARTESIAN_POINT('',(-31.09253062326,0.659051659271,
    159.41076037922));
#2674 = CARTESIAN_POINT('',(-34.44243945425,2.31821317673,
    159.39115877295));
#2675 = CARTESIAN_POINT('',(-37.36005032446,4.749213241319,
    159.36245731007));
#2676 = CARTESIAN_POINT('',(-39.64886128953,7.778760536117,
    159.32663696867));
#2677 = CARTESIAN_POINT('',(-41.21415153579,11.20993438089,
    159.28609160438));
#2678 = CARTESIAN_POINT('',(-42.,14.848236573165,159.24310146872));
#2679 = CARTESIAN_POINT('',(-42.,18.495993536902,159.2));
#2680 = PCURVE('',#783,#2681);
#2681 = DEFINITIONAL_REPRESENTATION('',(#2682),#2692);
#2682 = B_SPLINE_CURVE_WITH_KNOTS('',8,(#2683,#2684,#2685,#2686,#2687,
    #2688,#2689,#2690,#2691),.UNSPECIFIED.,.F.,.F.,(9,9),(206.3909883065
    ,235.0084537366),.PIECEWISE_BEZIER_KNOTS.);
#2683 = CARTESIAN_POINT('',(1.570796326795,47.250930809551));
#2684 = CARTESIAN_POINT('',(1.374108071011,47.250930809551));
#2685 = CARTESIAN_POINT('',(1.176764898789,47.469016387923));
#2686 = CARTESIAN_POINT('',(0.979075972777,47.907516882761));
#2687 = CARTESIAN_POINT('',(0.781845280002,48.549970070522));
#2688 = CARTESIAN_POINT('',(0.585671103344,49.350627756915));
#2689 = CARTESIAN_POINT('',(0.390415744083,50.257393012972));
#2690 = CARTESIAN_POINT('',(0.195462745567,51.218925151377));
#2691 = CARTESIAN_POINT('',(-1.12476522973E-16,52.182951444603));
#2692 = ( GEOMETRIC_REPRESENTATION_CONTEXT(2) 
PARAMETRIC_REPRESENTATION_CONTEXT() REPRESENTATION_CONTEXT('2D SPACE',''
  ) );
#2693 = PCURVE('',#1423,#2694);
#2694 = DEFINITIONAL_REPRESENTATION('',(#2695),#2699);
#2695 = LINE('',#2696,#2697);
#2696 = CARTESIAN_POINT('',(0.,0.));
#2697 = VECTOR('',#2698,1.);
#2698 = DIRECTION('',(0.,1.));
#2699 = ( GEOMETRIC_REPRESENTATION_CONTEXT(2) 
PARAMETRIC_REPRESENTATION_CONTEXT() REPRESENTATION_CONTEXT('2D SPACE',''
  ) );
#2700 = ORIENTED_EDGE('',*,*,#765,.F.);
#2701 = ORIENTED_EDGE('',*,*,#2702,.F.);
#2702 = EDGE_CURVE('',#2639,#766,#2703,.T.);
#2703 = SURFACE_CURVE('',#2704,(#2763,#2825),.PCURVE_S1.);
#2704 = B_SPLINE_CURVE_WITH_KNOTS('',8,(#2705,#2706,#2707,#2708,#2709,
    #2710,#2711,#2712,#2713,#2714,#2715,#2716,#2717,#2718,#2719,#2720,
    #2721,#2722,#2723,#2724,#2725,#2726,#2727,#2728,#2729,#2730,#2731,
    #2732,#2733,#2734,#2735,#2736,#2737,#2738,#2739,#2740,#2741,#2742,
    #2743,#2744,#2745,#2746,#2747,#2748,#2749,#2750,#2751,#2752,#2753,
    #2754,#2755,#2756,#2757,#2758,#2759,#2760,#2761,#2762),
  .UNSPECIFIED.,.F.,.F.,(9,7,7,7,7,7,7,7,9),(0.,0.130408635437,
    0.395991342363,0.638286380531,0.734524362394,0.982230911453,
    0.997566257944,0.999987686002,1.),.UNSPECIFIED.);
#2705 = CARTESIAN_POINT('',(-24.,-13.1902877449,114.));
#2706 = CARTESIAN_POINT('',(-24.47404926634,-13.1902877449,114.));
#2707 = CARTESIAN_POINT('',(-24.95342018602,-13.17110797866,
    114.01512348724));
#2708 = CARTESIAN_POINT('',(-25.43715623923,-13.13199528708,
    114.04596431863));
#2709 = CARTESIAN_POINT('',(-25.92420284395,-13.07231602274,
    114.09301971306));
#2710 = CARTESIAN_POINT('',(-26.4134179552,-12.99158703445,
    114.15666528195));
#2711 = CARTESIAN_POINT('',(-26.90358747142,-12.88950188981,
    114.23713358128));
#2712 = CARTESIAN_POINT('',(-27.39344544808,-12.76595233557,
    114.33449618523));
#2713 = CARTESIAN_POINT('',(-28.87604838841,-12.32593506404,
    114.68112689422));
#2714 = CARTESIAN_POINT('',(-29.86410196503,-11.94213685834,
    114.98332727797));
#2715 = CARTESIAN_POINT('',(-30.83451888345,-11.47055806848,
    115.35436815797));
#2716 = CARTESIAN_POINT('',(-31.77720617507,-10.91547507027,
    115.79060965003));
#2717 = CARTESIAN_POINT('',(-32.68406802108,-10.28373133269,
    116.28625037896));
#2718 = CARTESIAN_POINT('',(-33.5491469719,-9.583396744071,
    116.83434241509));
#2719 = CARTESIAN_POINT('',(-34.36832527465,-8.82288311824,
    117.42753525085));
#2720 = CARTESIAN_POINT('',(-35.84209583031,-7.269009400949,
    118.63435708444));
#2721 = CARTESIAN_POINT('',(-36.50506376353,-6.48412117478,
    119.24183177633));
#2722 = CARTESIAN_POINT('',(-37.12637888974,-5.661248881957,
    119.87600980946));
#2723 = CARTESIAN_POINT('',(-37.70531352822,-4.805720401137,
    120.53200004105));
#2724 = CARTESIAN_POINT('',(-38.24169738138,-3.922391194102,
    121.20523954121));
#2725 = CARTESIAN_POINT('',(-38.73572462373,-3.015568666915,
    121.89158290111));
#2726 = CARTESIAN_POINT('',(-39.18780116337,-2.089014416087,
    122.58732681375));
#2727 = CARTESIAN_POINT('',(-39.76152406499,-0.77139859321,
    123.56798869567));
#2728 = CARTESIAN_POINT('',(-39.91807202182,-0.394249329021,
    123.84772131192));
#2729 = CARTESIAN_POINT('',(-40.06809797396,-1.473734832898E-02,
    124.12819100069));
#2730 = CARTESIAN_POINT('',(-40.21163024044,0.366928310784,
    124.40919048202));
#2731 = CARTESIAN_POINT('',(-40.34869764551,0.750544421439,
    124.69051863679));
#2732 = CARTESIAN_POINT('',(-40.47932937603,1.135912975365,
    124.97198042755));
#2733 = CARTESIAN_POINT('',(-40.60355483893,1.522840590309,
    125.25338681932));
#2734 = CARTESIAN_POINT('',(-41.02473375469,2.910574824261,
    126.25825156283));
#2735 = CARTESIAN_POINT('',(-41.28580444352,3.919040007361,
    126.98033505618));
#2736 = CARTESIAN_POINT('',(-41.50514044011,4.933351629726,
    127.69771800318));
#2737 = CARTESIAN_POINT('',(-41.68322321099,5.950369958674,
    128.40747501366));
#2738 = CARTESIAN_POINT('',(-41.8205377835,6.966921675869,
    129.10683526182));
#2739 = CARTESIAN_POINT('',(-41.91765109409,7.979747297971,
    129.79320633141));
#2740 = CARTESIAN_POINT('',(-41.97530438705,8.985492882247,
    130.46421512806));
#2741 = CARTESIAN_POINT('',(-41.99569084552,10.042383957109,
    131.1582118787));
#2742 = CARTESIAN_POINT('',(-41.99673198305,10.103960449938,
    131.19860484218));
#2743 = CARTESIAN_POINT('',(-41.99762596638,10.16549585693,
    131.23893024228));
#2744 = CARTESIAN_POINT('',(-41.99837303873,10.226989364593,
    131.27918757715));
#2745 = CARTESIAN_POINT('',(-41.9989734474,10.288440158957,
    131.31937634891));
#2746 = CARTESIAN_POINT('',(-41.9994274438,10.349847425574,
    131.35949606361));
#2747 = CARTESIAN_POINT('',(-41.99973528345,10.411210349517,
    131.39954623124));
#2748 = CARTESIAN_POINT('',(-41.99992279644,10.482210098034,
    131.44583916865));
#2749 = CARTESIAN_POINT('',(-41.99994472942,10.491890944472,
    131.45215022863));
#2750 = CARTESIAN_POINT('',(-41.99996302593,10.501570666112,
    131.45845953918));
#2751 = CARTESIAN_POINT('',(-41.99997768699,10.511249266765,
    131.46476709619));
#2752 = CARTESIAN_POINT('',(-41.99998871363,10.520926742637,
    131.47107289797));
#2753 = CARTESIAN_POINT('',(-41.99999610688,10.530603082323,
    131.47737694529));
#2754 = CARTESIAN_POINT('',(-41.99999986778,10.540278266815,
    131.48367924129));
#2755 = CARTESIAN_POINT('',(-41.99999999801,10.550001465939,
    131.49001183257));
#2756 = CARTESIAN_POINT('',(-41.99999999858,10.550050927955,
    131.49004378187));
#2757 = CARTESIAN_POINT('',(-41.99999999905,10.550099970341,
    131.49007586652));
#2758 = CARTESIAN_POINT('',(-41.99999999943,10.5501487709,
    131.49010803181));
#2759 = CARTESIAN_POINT('',(-41.99999999971,10.550197836957,
    131.49014011407));
#2760 = CARTESIAN_POINT('',(-41.9999999999,10.550247471878,
    131.49017201341));
#2761 = CARTESIAN_POINT('',(-41.99999999999,10.550297241593,
    131.4902038665));
#2762 = CARTESIAN_POINT('',(-42.,10.550345441113,131.49023621928));
#2763 = PCURVE('',#783,#2764);
#2764 = DEFINITIONAL_REPRESENTATION('',(#2765),#2824);
#2765 = B_SPLINE_CURVE_WITH_KNOTS('',8,(#2766,#2767,#2768,#2769,#2770,
    #2771,#2772,#2773,#2774,#2775,#2776,#2777,#2778,#2779,#2780,#2781,
    #2782,#2783,#2784,#2785,#2786,#2787,#2788,#2789,#2790,#2791,#2792,
    #2793,#2794,#2795,#2796,#2797,#2798,#2799,#2800,#2801,#2802,#2803,
    #2804,#2805,#2806,#2807,#2808,#2809,#2810,#2811,#2812,#2813,#2814,
    #2815,#2816,#2817,#2818,#2819,#2820,#2821,#2822,#2823),
  .UNSPECIFIED.,.F.,.F.,(9,7,7,7,7,7,7,7,9),(0.,0.130408635437,
    0.395991342363,0.638286380531,0.734524362394,0.982230911453,
    0.997566257944,0.999987686002,1.),.UNSPECIFIED.);
#2766 = CARTESIAN_POINT('',(1.570796326795,1.42108547152E-14));
#2767 = CARTESIAN_POINT('',(1.544460256443,1.177427229877E-14));
#2768 = CARTESIAN_POINT('',(1.517828537142,1.982428904951E-02));
#2769 = CARTESIAN_POINT('',(1.490926481156,6.025131781807E-02));
#2770 = CARTESIAN_POINT('',(1.463782206848,0.121933700695));
#2771 = CARTESIAN_POINT('',(1.43642657394,0.205365673056));
#2772 = CARTESIAN_POINT('',(1.408893084904,0.310855246278));
#2773 = CARTESIAN_POINT('',(1.381217752496,0.438501060514));
#2774 = CARTESIAN_POINT('',(1.296866192366,0.89298908094));
#2775 = CARTESIAN_POINT('',(1.239843846729,1.289271856918));
#2776 = CARTESIAN_POINT('',(1.182718817791,1.775923973188));
#2777 = CARTESIAN_POINT('',(1.125781333612,2.348267819577));
#2778 = CARTESIAN_POINT('',(1.069255771643,2.998840440611));
#2779 = CARTESIAN_POINT('',(1.013306263123,3.718738694996));
#2780 = CARTESIAN_POINT('',(0.958045171508,4.498578211205));
#2781 = CARTESIAN_POINT('',(0.853813712472,6.086955456364));
#2782 = CARTESIAN_POINT('',(0.804699485962,6.887242124202));
#2783 = CARTESIAN_POINT('',(0.756213356648,7.723667518819));
#2784 = CARTESIAN_POINT('',(0.70834891834,8.590061409635));
#2785 = CARTESIAN_POINT('',(0.66108373046,9.480699280283));
#2786 = CARTESIAN_POINT('',(0.614383208808,10.390409025997));
#2787 = CARTESIAN_POINT('',(0.568202871241,11.314593963122));
#2788 = CARTESIAN_POINT('',(0.504333186902,12.620450808283));
#2789 = CARTESIAN_POINT('',(0.486251234865,12.993303483311));
#2790 = CARTESIAN_POINT('',(0.468241420412,13.367515930861));
#2791 = CARTESIAN_POINT('',(0.450301074918,13.742831281926));
#2792 = CARTESIAN_POINT('',(0.432427619945,14.119000191485));
#2793 = CARTESIAN_POINT('',(0.414618576717,14.495780599033));
#2794 = CARTESIAN_POINT('',(0.396871575598,14.872937489107));
#2795 = CARTESIAN_POINT('',(0.333659327822,16.221386871471));
#2796 = CARTESIAN_POINT('',(0.288532499137,17.1934687514));
#2797 = CARTESIAN_POINT('',(0.243763234629,18.16264367323));
#2798 = CARTESIAN_POINT('',(0.199322598231,19.125234143838));
#2799 = CARTESIAN_POINT('',(0.155193801579,20.077701989432));
#2800 = CARTESIAN_POINT('',(0.111373469196,21.016656784213));
#2801 = CARTESIAN_POINT('',(6.787259914918E-02,21.938892891538));
#2802 = CARTESIAN_POINT('',(2.204429763078E-02,22.897324046299));
#2803 = CARTESIAN_POINT('',(1.937383282672E-02,22.95312503654));
#2804 = CARTESIAN_POINT('',(1.670470015693E-02,23.008849755901));
#2805 = CARTESIAN_POINT('',(1.403690609318E-02,23.064497497751));
#2806 = CARTESIAN_POINT('',(1.137045731261E-02,23.120067559121));
#2807 = CARTESIAN_POINT('',(8.70536069775E-03,23.175559240707));
#2808 = CARTESIAN_POINT('',(6.041623336468E-03,23.230971846871));
#2809 = CARTESIAN_POINT('',(2.958868189928E-03,23.295041657339));
#2810 = CARTESIAN_POINT('',(2.538518529045E-03,23.303776640473));
#2811 = CARTESIAN_POINT('',(2.118202716149E-03,23.312509631908));
#2812 = CARTESIAN_POINT('',(1.697920371479E-03,23.321240628748));
#2813 = CARTESIAN_POINT('',(1.27767155874E-03,23.329969628329));
#2814 = CARTESIAN_POINT('',(8.574567850956E-04,23.338696628224));
#2815 = CARTESIAN_POINT('',(4.372770011735E-04,23.347421626238));
#2816 = CARTESIAN_POINT('',(1.49969920542E-05,23.35618898057));
#2817 = CARTESIAN_POINT('',(1.284479650466E-05,23.35623332579));
#2818 = CARTESIAN_POINT('',(1.071708310147E-05,23.356277685443));
#2819 = CARTESIAN_POINT('',(8.603519018837E-06,23.35632205596));
#2820 = CARTESIAN_POINT('',(6.474505058429E-06,23.356366419846));
#2821 = CARTESIAN_POINT('',(4.312310789073E-06,23.356410764705));
#2822 = CARTESIAN_POINT('',(2.142209686481E-06,23.35645510225));
#2823 = CARTESIAN_POINT('',(6.361427296042E-08,23.356499487328));
#2824 = ( GEOMETRIC_REPRESENTATION_CONTEXT(2) 
PARAMETRIC_REPRESENTATION_CONTEXT() REPRESENTATION_CONTEXT('2D SPACE',''
  ) );
#2825 = PCURVE('',#958,#2826);
#2826 = DEFINITIONAL_REPRESENTATION('',(#2827),#2886);
#2827 = B_SPLINE_CURVE_WITH_KNOTS('',8,(#2828,#2829,#2830,#2831,#2832,
    #2833,#2834,#2835,#2836,#2837,#2838,#2839,#2840,#2841,#2842,#2843,
    #2844,#2845,#2846,#2847,#2848,#2849,#2850,#2851,#2852,#2853,#2854,
    #2855,#2856,#2857,#2858,#2859,#2860,#2861,#2862,#2863,#2864,#2865,
    #2866,#2867,#2868,#2869,#2870,#2871,#2872,#2873,#2874,#2875,#2876,
    #2877,#2878,#2879,#2880,#2881,#2882,#2883,#2884,#2885),
  .UNSPECIFIED.,.F.,.F.,(9,7,7,7,7,7,7,7,9),(0.,0.130408635437,
    0.395991342363,0.638286380531,0.734524362394,0.982230911453,
    0.997566257944,0.999987686002,1.),.UNSPECIFIED.);
#2828 = CARTESIAN_POINT('',(0.,61.488792828143));
#2829 = CARTESIAN_POINT('',(1.393201232903,61.488792828143));
#2830 = CARTESIAN_POINT('',(2.784673320411,61.47098113675));
#2831 = CARTESIAN_POINT('',(4.173509880828,61.434658393902));
#2832 = CARTESIAN_POINT('',(5.558779569679,61.379246132088));
#2833 = CARTESIAN_POINT('',(6.939528098186,61.30431794233));
#2834 = CARTESIAN_POINT('',(8.314777430704,61.209625197766));
#2835 = CARTESIAN_POINT('',(9.683522161122,61.095117334848));
#2836 = CARTESIAN_POINT('',(13.816866342052,60.68773286358));
#2837 = CARTESIAN_POINT('',(16.558721148662,60.332900091897));
#2838 = CARTESIAN_POINT('',(19.26031867773,59.89783643798));
#2839 = CARTESIAN_POINT('',(21.916018011971,59.387274456905));
#2840 = CARTESIAN_POINT('',(24.523572910479,58.808534517292));
#2841 = CARTESIAN_POINT('',(27.083023263952,58.170166236552));
#2842 = CARTESIAN_POINT('',(29.596092864654,57.481065164412));
#2843 = CARTESIAN_POINT('',(34.318992075054,56.082838003872));
#2844 = CARTESIAN_POINT('',(36.53686579409,55.380536057861));
#2845 = CARTESIAN_POINT('',(38.723323186753,54.64904893984));
#2846 = CARTESIAN_POINT('',(40.88275139356,53.894231608306));
#2847 = CARTESIAN_POINT('',(43.019807451147,53.121543989463));
#2848 = CARTESIAN_POINT('',(45.139358054702,52.336009922207));
#2849 = CARTESIAN_POINT('',(47.246517573028,51.542246380452));
#2850 = CARTESIAN_POINT('',(50.180886636334,50.427617927767));
#2851 = CARTESIAN_POINT('',(51.013915601243,50.110140939083));
#2852 = CARTESIAN_POINT('',(51.84610641613,49.79232795473));
#2853 = CARTESIAN_POINT('',(52.677767016062,49.474449878774));
#2854 = CARTESIAN_POINT('',(53.509199942685,49.156773377301));
#2855 = CARTESIAN_POINT('',(54.340702733924,48.839560762198));
#2856 = CARTESIAN_POINT('',(55.172568313692,48.523069874945));
#2857 = CARTESIAN_POINT('',(58.147897667695,47.395448870362));
#2858 = CARTESIAN_POINT('',(60.294927165171,46.589839763517));
#2859 = CARTESIAN_POINT('',(62.45119838255,45.795003431489));
#2860 = CARTESIAN_POINT('',(64.621243406005,45.01510917926));
#2861 = CARTESIAN_POINT('',(66.809134920214,44.254177048417));
#2862 = CARTESIAN_POINT('',(69.018429642377,43.515890979428));
#2863 = CARTESIAN_POINT('',(71.252062101584,42.803386339743));
#2864 = CARTESIAN_POINT('',(73.652154095324,42.076769459437));
#2865 = CARTESIAN_POINT('',(73.792180878741,42.034516054121));
#2866 = CARTESIAN_POINT('',(73.93230954739,41.992371609638));
#2867 = CARTESIAN_POINT('',(74.072540591336,41.95033670702));
#2868 = CARTESIAN_POINT('',(74.212874489348,41.9084119173));
#2869 = CARTESIAN_POINT('',(74.353311708894,41.866597801512));
#2870 = CARTESIAN_POINT('',(74.493852706145,41.824894910685));
#2871 = CARTESIAN_POINT('',(74.656705593843,41.776736610034));
#2872 = CARTESIAN_POINT('',(74.678915865228,41.770172228768));
#2873 = CARTESIAN_POINT('',(74.701128734303,41.763610632833));
#2874 = CARTESIAN_POINT('',(74.723344199235,41.757051818905));
#2875 = CARTESIAN_POINT('',(74.745562262186,41.750495789559));
#2876 = CARTESIAN_POINT('',(74.76778292931,41.74394255327));
#2877 = CARTESIAN_POINT('',(74.79000621075,41.737392124409));
#2878 = CARTESIAN_POINT('',(74.81234514891,41.730811225892));
#2879 = CARTESIAN_POINT('',(74.812458017025,41.73077772172));
#2880 = CARTESIAN_POINT('',(74.812571110961,41.730744543504));
#2881 = CARTESIAN_POINT('',(74.812684342834,41.730711553428));
#2882 = CARTESIAN_POINT('',(74.812797439754,41.730678357477));
#2883 = CARTESIAN_POINT('',(74.812910232671,41.730644719835));
#2884 = CARTESIAN_POINT('',(74.81302294522,41.730610977277));
#2885 = CARTESIAN_POINT('',(74.813137488963,41.730577982615));
#2886 = ( GEOMETRIC_REPRESENTATION_CONTEXT(2) 
PARAMETRIC_REPRESENTATION_CONTEXT() REPRESENTATION_CONTEXT('2D SPACE',''
  ) );
#2887 = ADVANCED_FACE('',(#2888),#809,.T.);
#2888 = FACE_BOUND('',#2889,.T.);
#2889 = EDGE_LOOP('',(#2890,#2932,#2933,#2934));
#2890 = ORIENTED_EDGE('',*,*,#2891,.T.);
#2891 = EDGE_CURVE('',#768,#1396,#2892,.T.);
#2892 = SURFACE_CURVE('',#2893,(#2897,#2926),.PCURVE_S1.);
#2893 = ( BOUNDED_CURVE() B_SPLINE_CURVE(2,(#2894,#2895,#2896),
.UNSPECIFIED.,.F.,.F.) B_SPLINE_CURVE_WITH_KNOTS((3,3),(0.,
28.617465430107),.PIECEWISE_BEZIER_KNOTS.) CURVE() 
GEOMETRIC_REPRESENTATION_ITEM() RATIONAL_B_SPLINE_CURVE((1.,
0.707106781187,1.)) REPRESENTATION_ITEM('') );
#2894 = CARTESIAN_POINT('',(-42.,18.495993536902,159.2));
#2895 = CARTESIAN_POINT('',(-42.,18.495993536902,160.));
#2896 = CARTESIAN_POINT('',(-41.20000002307,18.496185672309,160.));
#2897 = PCURVE('',#809,#2898);
#2898 = DEFINITIONAL_REPRESENTATION('',(#2899),#2925);
#2899 = B_SPLINE_CURVE_WITH_KNOTS('',3,(#2900,#2901,#2902,#2903,#2904,
    #2905,#2906,#2907,#2908,#2909,#2910,#2911,#2912,#2913,#2914,#2915,
    #2916,#2917,#2918,#2919,#2920,#2921,#2922,#2923,#2924),
  .UNSPECIFIED.,.F.,.F.,(4,1,1,1,1,1,1,1,1,1,1,1,1,1,1,1,1,1,1,1,1,1,4),
  (0.,1.300793883187,2.601587766373,3.90238164956,5.203175532747,
    6.503969415933,7.80476329912,9.105557182307,10.406351065493,
    11.70714494868,13.007938831867,14.308732715053,15.60952659824,
    16.910320481427,18.211114364614,19.5119082478,20.812702130987,
    22.113496014174,23.41428989736,24.715083780547,26.015877663734,
    27.31667154692,28.617465430107),.QUASI_UNIFORM_KNOTS.);
#2900 = CARTESIAN_POINT('',(0.,-0.229396308607));
#2901 = CARTESIAN_POINT('',(2.142594356925E-02,-0.229396309231));
#2902 = CARTESIAN_POINT('',(6.485418360722E-02,-0.229396043522));
#2903 = CARTESIAN_POINT('',(0.131632037473,-0.22939479151));
#2904 = CARTESIAN_POINT('',(0.199959139902,-0.229392630001));
#2905 = CARTESIAN_POINT('',(0.269723626895,-0.229389515101));
#2906 = CARTESIAN_POINT('',(0.340796801935,-0.229385413788));
#2907 = CARTESIAN_POINT('',(0.413031380797,-0.229380306976));
#2908 = CARTESIAN_POINT('',(0.486263256232,-0.229374191035));
#2909 = CARTESIAN_POINT('',(0.560313038747,-0.22936707917));
#2910 = CARTESIAN_POINT('',(0.634988361032,-0.229359002098));
#2911 = CARTESIAN_POINT('',(0.710086622382,-0.229350008059));
#2912 = CARTESIAN_POINT('',(0.78539815746,-0.229340162061));
#2913 = CARTESIAN_POINT('',(0.860709692326,-0.229329544393));
#2914 = CARTESIAN_POINT('',(0.935807953049,-0.229318248453));
#2915 = CARTESIAN_POINT('',(1.010483274318,-0.229306378033));
#2916 = CARTESIAN_POINT('',(1.084533055472,-0.229294044203));
#2917 = CARTESIAN_POINT('',(1.157764929255,-0.229281362003));
#2918 = CARTESIAN_POINT('',(1.229999506242,-0.229268447143));
#2919 = CARTESIAN_POINT('',(1.301072679254,-0.229255412857));
#2920 = CARTESIAN_POINT('',(1.370837164139,-0.229242367219));
#2921 = CARTESIAN_POINT('',(1.439164264451,-0.229229410443));
#2922 = CARTESIAN_POINT('',(1.505942116261,-0.229216634505));
#2923 = CARTESIAN_POINT('',(1.549370355005,-0.229208289248));
#2924 = CARTESIAN_POINT('',(1.570796297957,-0.2292041732));
#2925 = ( GEOMETRIC_REPRESENTATION_CONTEXT(2) 
PARAMETRIC_REPRESENTATION_CONTEXT() REPRESENTATION_CONTEXT('2D SPACE',''
  ) );
#2926 = PCURVE('',#1423,#2927);
#2927 = DEFINITIONAL_REPRESENTATION('',(#2928),#2931);
#2928 = B_SPLINE_CURVE_WITH_KNOTS('',1,(#2929,#2930),.UNSPECIFIED.,.F.,
  .F.,(2,2),(0.,28.617465430107),.PIECEWISE_BEZIER_KNOTS.);
#2929 = CARTESIAN_POINT('',(0.,235.0084537366));
#2930 = CARTESIAN_POINT('',(28.617465430107,235.0084537366));
#2931 = ( GEOMETRIC_REPRESENTATION_CONTEXT(2) 
PARAMETRIC_REPRESENTATION_CONTEXT() REPRESENTATION_CONTEXT('2D SPACE',''
  ) );
#2932 = ORIENTED_EDGE('',*,*,#1458,.T.);
#2933 = ORIENTED_EDGE('',*,*,#1124,.F.);
#2934 = ORIENTED_EDGE('',*,*,#795,.F.);
#2935 = ADVANCED_FACE('',(#2936),#958,.F.);
#2936 = FACE_BOUND('',#2937,.F.);
#2937 = EDGE_LOOP('',(#2938,#2939,#2940,#2941));
#2938 = ORIENTED_EDGE('',*,*,#2359,.T.);
#2939 = ORIENTED_EDGE('',*,*,#846,.T.);
#2940 = ORIENTED_EDGE('',*,*,#2702,.F.);
#2941 = ORIENTED_EDGE('',*,*,#2942,.F.);
#2942 = EDGE_CURVE('',#2337,#2639,#2943,.T.);
#2943 = SURFACE_CURVE('',#2944,(#2997,#3004),.PCURVE_S1.);
#2944 = B_SPLINE_CURVE_WITH_KNOTS('',11,(#2945,#2946,#2947,#2948,#2949,
    #2950,#2951,#2952,#2953,#2954,#2955,#2956,#2957,#2958,#2959,#2960,
    #2961,#2962,#2963,#2964,#2965,#2966,#2967,#2968,#2969,#2970,#2971,
    #2972,#2973,#2974,#2975,#2976,#2977,#2978,#2979,#2980,#2981,#2982,
    #2983,#2984,#2985,#2986,#2987,#2988,#2989,#2990,#2991,#2992,#2993,
    #2994,#2995,#2996),.UNSPECIFIED.,.F.,.F.,(12,10,10,10,10,12),(
    -13.3243456672,0.,15.372198207036,30.744396414072,61.488792828143,
    64.089021524346),.UNSPECIFIED.);
#2945 = CARTESIAN_POINT('',(-24.,2.924082684839,59.243418562498));
#2946 = CARTESIAN_POINT('',(-24.,4.99066010734,61.928013319737));
#2947 = CARTESIAN_POINT('',(-23.99999999999,6.935315303808,
    64.52387518723));
#2948 = CARTESIAN_POINT('',(-24.00000000001,8.759100377162,
    67.031286457387));
#2949 = CARTESIAN_POINT('',(-23.99999999998,10.463293667142,
    69.450696499374));
#2950 = CARTESIAN_POINT('',(-24.00000000002,12.049410958224,
    71.782733284385));
#2951 = CARTESIAN_POINT('',(-23.99999999997,13.519207715117,
    74.028213414884));
#2952 = CARTESIAN_POINT('',(-24.00000000001,14.874672347113,
    76.188150665096));
#2953 = CARTESIAN_POINT('',(-23.99999999999,16.118010499625,
    78.263763023182));
#2954 = CARTESIAN_POINT('',(-24.,17.25162037471,80.256478245445));
#2955 = CARTESIAN_POINT('',(-23.99999999999,18.278059078966,
    82.167937913328));
#2956 = CARTESIAN_POINT('',(-24.,20.263636363637,86.11363636364));
#2957 = CARTESIAN_POINT('',(-23.99999999999,21.188181818178,
    88.121590909076));
#2958 = CARTESIAN_POINT('',(-24.00000000001,21.977728192459,
    90.026704545497));
#2959 = CARTESIAN_POINT('',(-23.99999999997,22.636367315228,
    91.831818181735));
#2960 = CARTESIAN_POINT('',(-24.00000000003,23.168191015421,
    93.539772727388));
#2961 = CARTESIAN_POINT('',(-23.99999999996,23.577291121666,
    95.153409090792));
#2962 = CARTESIAN_POINT('',(-24.00000000002,23.867759462989,
    96.675568181907));
#2963 = CARTESIAN_POINT('',(-23.99999999998,24.043687868007,
    98.109090909042));
#2964 = CARTESIAN_POINT('',(-24.,24.10916816567,99.456818181837));
#2965 = CARTESIAN_POINT('',(-23.99999999999,24.068292184716,
    100.72159090908));
#2966 = CARTESIAN_POINT('',(-24.,23.782011323256,103.09090909091));
#2967 = CARTESIAN_POINT('',(-23.99999999999,23.536606442738,
    104.19545454544));
#2968 = CARTESIAN_POINT('',(-24.,23.193028941263,105.22272727275));
#2969 = CARTESIAN_POINT('',(-23.99999999999,22.755370647603,
    106.17556818177));
#2970 = CARTESIAN_POINT('',(-24.00000000001,22.227723390637,
    107.05681818187));
#2971 = CARTESIAN_POINT('',(-23.99999999999,21.614178999089,
    107.86931818176));
#2972 = CARTESIAN_POINT('',(-24.,20.918829301863,108.61590909095));
#2973 = CARTESIAN_POINT('',(-23.99999999999,20.145766127694,
    109.29943181815));
#2974 = CARTESIAN_POINT('',(-24.,19.299081305445,109.92272727273));
#2975 = CARTESIAN_POINT('',(-24.,18.382866663902,110.48863636363));
#2976 = CARTESIAN_POINT('',(-24.,15.437908767856,112.02272727273));
#2977 = CARTESIAN_POINT('',(-23.99999999999,13.212851541928,
    112.82727272725));
#2978 = CARTESIAN_POINT('',(-24.,10.758776984599,113.43636363639));
#2979 = CARTESIAN_POINT('',(-23.99999999998,8.108419726367,
    113.87272727267));
#2980 = CARTESIAN_POINT('',(-24.00000000001,5.294514397723,
    114.15909090916));
#2981 = CARTESIAN_POINT('',(-23.99999999998,2.349795629173,
    114.3181818181));
#2982 = CARTESIAN_POINT('',(-24.00000000001,-0.693001948799,
    114.37272727278));
#2983 = CARTESIAN_POINT('',(-23.99999999999,-3.801143705685,
    114.34545454542));
#2984 = CARTESIAN_POINT('',(-24.,-6.941895010999,114.2590909091));
#2985 = CARTESIAN_POINT('',(-23.99999999999,-10.08252123423,
    114.13636363636));
#2986 = CARTESIAN_POINT('',(-24.,-13.45312925765,113.98846695067));
#2987 = CARTESIAN_POINT('',(-24.,-13.71730984045,113.97687514517));
#2988 = CARTESIAN_POINT('',(-24.,-13.98282949329,113.9652245835));
#2989 = CARTESIAN_POINT('',(-24.,-14.24968821617,113.95351526566));
#2990 = CARTESIAN_POINT('',(-24.,-14.5178860091,113.94174719165));
#2991 = CARTESIAN_POINT('',(-24.,-14.78742287206,113.92992036147));
#2992 = CARTESIAN_POINT('',(-24.,-15.05829880508,113.91803477511));
#2993 = CARTESIAN_POINT('',(-24.,-15.33051380813,113.90609043259));
#2994 = CARTESIAN_POINT('',(-24.,-15.60406788123,113.89408733389));
#2995 = CARTESIAN_POINT('',(-24.,-15.87896102437,113.88202547903));
#2996 = CARTESIAN_POINT('',(-24.,-16.15519323755,113.86990486799));
#2997 = PCURVE('',#958,#2998);
#2998 = DEFINITIONAL_REPRESENTATION('',(#2999),#3003);
#2999 = LINE('',#3000,#3001);
#3000 = CARTESIAN_POINT('',(0.,0.));
#3001 = VECTOR('',#3002,1.);
#3002 = DIRECTION('',(0.,1.));
#3003 = ( GEOMETRIC_REPRESENTATION_CONTEXT(2) 
PARAMETRIC_REPRESENTATION_CONTEXT() REPRESENTATION_CONTEXT('2D SPACE',''
  ) );
#3004 = PCURVE('',#2590,#3005);
#3005 = DEFINITIONAL_REPRESENTATION('',(#3006),#3049);
#3006 = B_SPLINE_CURVE_WITH_KNOTS('',11,(#3007,#3008,#3009,#3010,#3011,
    #3012,#3013,#3014,#3015,#3016,#3017,#3018,#3019,#3020,#3021,#3022,
    #3023,#3024,#3025,#3026,#3027,#3028,#3029,#3030,#3031,#3032,#3033,
    #3034,#3035,#3036,#3037,#3038,#3039,#3040,#3041,#3042,#3043,#3044,
    #3045,#3046,#3047,#3048),.UNSPECIFIED.,.F.,.F.,(12,10,10,10,12),(
    -13.3243456672,0.,15.372198207036,30.744396414072,61.488792828143),
  .UNSPECIFIED.);
#3007 = CARTESIAN_POINT('',(-0.216198275734,-24.));
#3008 = CARTESIAN_POINT('',(-0.19666253166,-24.));
#3009 = CARTESIAN_POINT('',(-0.17708537196,-23.99999999999));
#3010 = CARTESIAN_POINT('',(-0.157473070955,-24.));
#3011 = CARTESIAN_POINT('',(-0.13783189238,-23.99999999998));
#3012 = CARTESIAN_POINT('',(-0.118168055667,-24.00000000002));
#3013 = CARTESIAN_POINT('',(-9.848760822647E-02,-23.99999999998));
#3014 = CARTESIAN_POINT('',(-7.879620375958E-02,-24.00000000001));
#3015 = CARTESIAN_POINT('',(-5.909878657332E-02,-23.99999999999));
#3016 = CARTESIAN_POINT('',(-3.939918191744E-02,-24.));
#3017 = CARTESIAN_POINT('',(-1.969959232977E-02,-23.99999999999));
#3018 = CARTESIAN_POINT('',(2.272727272727E-02,-24.));
#3019 = CARTESIAN_POINT('',(4.545454545454E-02,-23.99999999999));
#3020 = CARTESIAN_POINT('',(6.818181818183E-02,-24.));
#3021 = CARTESIAN_POINT('',(9.090909090905E-02,-23.99999999998));
#3022 = CARTESIAN_POINT('',(0.113636363636,-24.00000000002));
#3023 = CARTESIAN_POINT('',(0.136363636364,-23.99999999997));
#3024 = CARTESIAN_POINT('',(0.159090909091,-24.00000000001));
#3025 = CARTESIAN_POINT('',(0.181818181818,-23.99999999999));
#3026 = CARTESIAN_POINT('',(0.204545454545,-24.));
#3027 = CARTESIAN_POINT('',(0.227272727273,-23.99999999999));
#3028 = CARTESIAN_POINT('',(0.272727272727,-24.));
#3029 = CARTESIAN_POINT('',(0.295454545455,-23.99999999999));
#3030 = CARTESIAN_POINT('',(0.318181818182,-24.00000000001));
#3031 = CARTESIAN_POINT('',(0.340909090909,-23.99999999998));
#3032 = CARTESIAN_POINT('',(0.363636363636,-24.00000000002));
#3033 = CARTESIAN_POINT('',(0.386363636364,-23.99999999998));
#3034 = CARTESIAN_POINT('',(0.409090909091,-24.00000000001));
#3035 = CARTESIAN_POINT('',(0.431818181818,-23.99999999999));
#3036 = CARTESIAN_POINT('',(0.454545454545,-24.));
#3037 = CARTESIAN_POINT('',(0.477272727273,-23.99999999999));
#3038 = CARTESIAN_POINT('',(0.545454545455,-24.));
#3039 = CARTESIAN_POINT('',(0.590909090909,-23.99999999999));
#3040 = CARTESIAN_POINT('',(0.636363636364,-24.00000000001));
#3041 = CARTESIAN_POINT('',(0.681818181818,-23.99999999997));
#3042 = CARTESIAN_POINT('',(0.727272727273,-24.00000000002));
#3043 = CARTESIAN_POINT('',(0.772727272727,-23.99999999997));
#3044 = CARTESIAN_POINT('',(0.818181818182,-24.00000000002));
#3045 = CARTESIAN_POINT('',(0.863636363636,-23.99999999998));
#3046 = CARTESIAN_POINT('',(0.909090909091,-24.));
#3047 = CARTESIAN_POINT('',(0.954545454545,-23.99999999999));
#3048 = CARTESIAN_POINT('',(1.,-24.));
#3049 = ( GEOMETRIC_REPRESENTATION_CONTEXT(2) 
PARAMETRIC_REPRESENTATION_CONTEXT() REPRESENTATION_CONTEXT('2D SPACE',''
  ) );
#3050 = ADVANCED_FACE('',(#3051),#1292,.T.);
#3051 = FACE_BOUND('',#3052,.T.);
#3052 = EDGE_LOOP('',(#3053,#3054,#3055,#3098));
#3053 = ORIENTED_EDGE('',*,*,#1951,.T.);
#3054 = ORIENTED_EDGE('',*,*,#1276,.T.);
#3055 = ORIENTED_EDGE('',*,*,#3056,.F.);
#3056 = EDGE_CURVE('',#1985,#1277,#3057,.T.);
#3057 = SURFACE_CURVE('',#3058,(#3063,#3069),.PCURVE_S1.);
#3058 = CIRCLE('',#3059,0.8);
#3059 = AXIS2_PLACEMENT_3D('',#3060,#3061,#3062);
#3060 = CARTESIAN_POINT('',(41.2,18.495993536902,159.2));
#3061 = DIRECTION('',(0.,-1.,0.));
#3062 = DIRECTION('',(1.,0.,0.));
#3063 = PCURVE('',#1292,#3064);
#3064 = DEFINITIONAL_REPRESENTATION('',(#3065),#3068);
#3065 = B_SPLINE_CURVE_WITH_KNOTS('',1,(#3066,#3067),.UNSPECIFIED.,.F.,
  .F.,(2,2),(0.,1.570796326795),.PIECEWISE_BEZIER_KNOTS.);
#3066 = CARTESIAN_POINT('',(0.,53.481520508048));
#3067 = CARTESIAN_POINT('',(1.570796326795,53.481520508048));
#3068 = ( GEOMETRIC_REPRESENTATION_CONTEXT(2) 
PARAMETRIC_REPRESENTATION_CONTEXT() REPRESENTATION_CONTEXT('2D SPACE',''
  ) );
#3069 = PCURVE('',#1332,#3070);
#3070 = DEFINITIONAL_REPRESENTATION('',(#3071),#3097);
#3071 = B_SPLINE_CURVE_WITH_KNOTS('',3,(#3072,#3073,#3074,#3075,#3076,
    #3077,#3078,#3079,#3080,#3081,#3082,#3083,#3084,#3085,#3086,#3087,
    #3088,#3089,#3090,#3091,#3092,#3093,#3094,#3095,#3096),
  .UNSPECIFIED.,.F.,.F.,(4,1,1,1,1,1,1,1,1,1,1,1,1,1,1,1,1,1,1,1,1,1,4),
  (0.,7.139983303613E-02,0.142799666072,0.214199499108,0.285599332145,
    0.356999165181,0.428398998217,0.499798831253,0.571198664289,
    0.642598497325,0.713998330361,0.785398163397,0.856797996434,
    0.92819782947,0.999597662506,1.070997495542,1.142397328578,
    1.213797161614,1.28519699465,1.356596827687,1.427996660723,
    1.499396493759,1.570796326795),.QUASI_UNIFORM_KNOTS.);
#3072 = CARTESIAN_POINT('',(0.,129.77352287639));
#3073 = CARTESIAN_POINT('',(0.481569022679,129.77352287608));
#3074 = CARTESIAN_POINT('',(1.430607117319,129.77352319681));
#3075 = CARTESIAN_POINT('',(2.816688604542,129.77352463608));
#3076 = CARTESIAN_POINT('',(4.170276613336,129.77352702911));
#3077 = CARTESIAN_POINT('',(5.495800393878,129.77353036647));
#3078 = CARTESIAN_POINT('',(6.797410269218,129.77353463544));
#3079 = CARTESIAN_POINT('',(8.078976731724,129.77353981952));
#3080 = CARTESIAN_POINT('',(9.344154403232,129.77354589854));
#3081 = CARTESIAN_POINT('',(10.59642163389,129.77355284866));
#3082 = CARTESIAN_POINT('',(11.839121167157,129.77356064233));
#3083 = CARTESIAN_POINT('',(13.075496354236,129.77356924834));
#3084 = CARTESIAN_POINT('',(14.30872552717,129.77357863175));
#3085 = CARTESIAN_POINT('',(15.541954845596,129.77358875399));
#3086 = CARTESIAN_POINT('',(16.778330467109,129.77359957281));
#3087 = CARTESIAN_POINT('',(18.021030717581,129.77361104238));
#3088 = CARTESIAN_POINT('',(19.273298937955,129.77362311331));
#3089 = CARTESIAN_POINT('',(20.538477856662,129.77363573273));
#3090 = CARTESIAN_POINT('',(21.820045805729,129.77364884439));
#3091 = CARTESIAN_POINT('',(23.1216573785,129.77366238879));
#3092 = CARTESIAN_POINT('',(24.447183054079,129.77367630332));
#3093 = CARTESIAN_POINT('',(25.80077306005,129.7736905224));
#3094 = CARTESIAN_POINT('',(27.186856830169,129.77370497793));
#3095 = CARTESIAN_POINT('',(28.135896044886,129.77371472497));
#3096 = CARTESIAN_POINT('',(28.617465430107,129.77371961426));
#3097 = ( GEOMETRIC_REPRESENTATION_CONTEXT(2) 
PARAMETRIC_REPRESENTATION_CONTEXT() REPRESENTATION_CONTEXT('2D SPACE',''
  ) );
#3098 = ORIENTED_EDGE('',*,*,#2012,.F.);
#3099 = ADVANCED_FACE('',(#3100),#1423,.T.);
#3100 = FACE_BOUND('',#3101,.T.);
#3101 = EDGE_LOOP('',(#3102,#3132,#3133,#3134));
#3102 = ORIENTED_EDGE('',*,*,#3103,.T.);
#3103 = EDGE_CURVE('',#2641,#1368,#3104,.T.);
#3104 = SURFACE_CURVE('',#3105,(#3110,#3126),.PCURVE_S1.);
#3105 = CIRCLE('',#3106,0.8);
#3106 = AXIS2_PLACEMENT_3D('',#3107,#3108,#3109);
#3107 = CARTESIAN_POINT('',(-24.,0.602843240082,159.2));
#3108 = DIRECTION('',(-1.,0.,0.));
#3109 = DIRECTION('',(0.,-0.961261695938,0.275637355817));
#3110 = PCURVE('',#1423,#3111);
#3111 = DEFINITIONAL_REPRESENTATION('',(#3112),#3125);
#3112 = B_SPLINE_CURVE_WITH_KNOTS('',11,(#3113,#3114,#3115,#3116,#3117,
    #3118,#3119,#3120,#3121,#3122,#3123,#3124),.UNSPECIFIED.,.F.,.F.,(12
    ,12),(0.,1.291543646476),.PIECEWISE_BEZIER_KNOTS.);
#3113 = CARTESIAN_POINT('',(-1.7763568394E-15,206.3909883065));
#3114 = CARTESIAN_POINT('',(2.791608734532,206.39098830648));
#3115 = CARTESIAN_POINT('',(5.462580287372,206.39098830656));
#3116 = CARTESIAN_POINT('',(8.047469322625,206.39098830637));
#3117 = CARTESIAN_POINT('',(10.574320911549,206.3909883067));
#3118 = CARTESIAN_POINT('',(13.067585697708,206.39098830626));
#3119 = CARTESIAN_POINT('',(15.549879732429,206.39098830672));
#3120 = CARTESIAN_POINT('',(18.043144518485,206.39098830633));
#3121 = CARTESIAN_POINT('',(20.569996107538,206.39098830659));
#3122 = CARTESIAN_POINT('',(23.154885142708,206.39098830646));
#3123 = CARTESIAN_POINT('',(25.825856695574,206.39098830651));
#3124 = CARTESIAN_POINT('',(28.617465430107,206.3909883065));
#3125 = ( GEOMETRIC_REPRESENTATION_CONTEXT(2) 
PARAMETRIC_REPRESENTATION_CONTEXT() REPRESENTATION_CONTEXT('2D SPACE',''
  ) );
#3126 = PCURVE('',#1383,#3127);
#3127 = DEFINITIONAL_REPRESENTATION('',(#3128),#3131);
#3128 = B_SPLINE_CURVE_WITH_KNOTS('',1,(#3129,#3130),.UNSPECIFIED.,.F.,
  .F.,(2,2),(0.,1.291543646476),.PIECEWISE_BEZIER_KNOTS.);
#3129 = CARTESIAN_POINT('',(0.,48.));
#3130 = CARTESIAN_POINT('',(1.291543646476,48.));
#3131 = ( GEOMETRIC_REPRESENTATION_CONTEXT(2) 
PARAMETRIC_REPRESENTATION_CONTEXT() REPRESENTATION_CONTEXT('2D SPACE',''
  ) );
#3132 = ORIENTED_EDGE('',*,*,#1395,.T.);
#3133 = ORIENTED_EDGE('',*,*,#2891,.F.);
#3134 = ORIENTED_EDGE('',*,*,#2668,.F.);
#3135 = ADVANCED_FACE('',(#3136),#1332,.T.);
#3136 = FACE_BOUND('',#3137,.T.);
#3137 = EDGE_LOOP('',(#3138,#3139,#3140,#3167));
#3138 = ORIENTED_EDGE('',*,*,#3056,.T.);
#3139 = ORIENTED_EDGE('',*,*,#1304,.T.);
#3140 = ORIENTED_EDGE('',*,*,#3141,.F.);
#3141 = EDGE_CURVE('',#3142,#1305,#3144,.T.);
#3142 = VERTEX_POINT('',#3143);
#3143 = CARTESIAN_POINT('',(24.,-0.166166116668,159.42050988465));
#3144 = SURFACE_CURVE('',#3145,(#3149,#3155),.PCURVE_S1.);
#3145 = ( BOUNDED_CURVE() B_SPLINE_CURVE(2,(#3146,#3147,#3148),
.UNSPECIFIED.,.F.,.F.) B_SPLINE_CURVE_WITH_KNOTS((3,3),(0.,
28.617465430107),.PIECEWISE_BEZIER_KNOTS.) CURVE() 
GEOMETRIC_REPRESENTATION_ITEM() RATIONAL_B_SPLINE_CURVE((1.,
0.798635510047,1.)) REPRESENTATION_ITEM('') );
#3146 = CARTESIAN_POINT('',(24.,-0.166166116668,159.42050988465));
#3147 = CARTESIAN_POINT('',(24.,3.552713678801E-15,160.));
#3148 = CARTESIAN_POINT('',(24.,0.602843240082,160.));
#3149 = PCURVE('',#1332,#3150);
#3150 = DEFINITIONAL_REPRESENTATION('',(#3151),#3154);
#3151 = B_SPLINE_CURVE_WITH_KNOTS('',1,(#3152,#3153),.UNSPECIFIED.,.F.,
  .F.,(2,2),(0.,28.617465430107),.PIECEWISE_BEZIER_KNOTS.);
#3152 = CARTESIAN_POINT('',(0.,158.3909883065));
#3153 = CARTESIAN_POINT('',(28.617465430107,158.3909883065));
#3154 = ( GEOMETRIC_REPRESENTATION_CONTEXT(2) 
PARAMETRIC_REPRESENTATION_CONTEXT() REPRESENTATION_CONTEXT('2D SPACE',''
  ) );
#3155 = PCURVE('',#1383,#3156);
#3156 = DEFINITIONAL_REPRESENTATION('',(#3157),#3166);
#3157 = B_SPLINE_CURVE_WITH_KNOTS('',7,(#3158,#3159,#3160,#3161,#3162,
    #3163,#3164,#3165),.UNSPECIFIED.,.F.,.F.,(8,8),(0.,28.617465430107),
  .PIECEWISE_BEZIER_KNOTS.);
#3158 = CARTESIAN_POINT('',(-1.110223024625E-16,0.));
#3159 = CARTESIAN_POINT('',(0.171947149472,0.));
#3160 = CARTESIAN_POINT('',(0.355438708502,0.));
#3161 = CARTESIAN_POINT('',(0.547688585163,0.));
#3162 = CARTESIAN_POINT('',(0.743855061313,0.));
#3163 = CARTESIAN_POINT('',(0.936104937974,0.));
#3164 = CARTESIAN_POINT('',(1.119596497004,0.));
#3165 = CARTESIAN_POINT('',(1.291543646476,0.));
#3166 = ( GEOMETRIC_REPRESENTATION_CONTEXT(2) 
PARAMETRIC_REPRESENTATION_CONTEXT() REPRESENTATION_CONTEXT('2D SPACE',''
  ) );
#3167 = ORIENTED_EDGE('',*,*,#3168,.F.);
#3168 = EDGE_CURVE('',#1985,#3142,#3169,.T.);
#3169 = SURFACE_CURVE('',#3170,(#3180,#3187),.PCURVE_S1.);
#3170 = B_SPLINE_CURVE_WITH_KNOTS('',8,(#3171,#3172,#3173,#3174,#3175,
    #3176,#3177,#3178,#3179),.UNSPECIFIED.,.F.,.F.,(9,9),(
    129.77352287639,158.3909883065),.PIECEWISE_BEZIER_KNOTS.);
#3171 = CARTESIAN_POINT('',(42.,18.495993536902,159.2));
#3172 = CARTESIAN_POINT('',(42.,14.848236573165,159.24310146872));
#3173 = CARTESIAN_POINT('',(41.21415153579,11.20993438089,
    159.28609160438));
#3174 = CARTESIAN_POINT('',(39.648861289531,7.778760536117,
    159.32663696867));
#3175 = CARTESIAN_POINT('',(37.360050324467,4.749213241319,
    159.36245731007));
#3176 = CARTESIAN_POINT('',(34.44243945425,2.31821317673,159.39115877295
    ));
#3177 = CARTESIAN_POINT('',(31.092530623267,0.659051659271,
    159.41076037922));
#3178 = CARTESIAN_POINT('',(27.540388604102,-0.166166116668,
    159.42050988465));
#3179 = CARTESIAN_POINT('',(24.,-0.166166116668,159.42050988465));
#3180 = PCURVE('',#1332,#3181);
#3181 = DEFINITIONAL_REPRESENTATION('',(#3182),#3186);
#3182 = LINE('',#3183,#3184);
#3183 = CARTESIAN_POINT('',(0.,0.));
#3184 = VECTOR('',#3185,1.);
#3185 = DIRECTION('',(0.,1.));
#3186 = ( GEOMETRIC_REPRESENTATION_CONTEXT(2) 
PARAMETRIC_REPRESENTATION_CONTEXT() REPRESENTATION_CONTEXT('2D SPACE',''
  ) );
#3187 = PCURVE('',#2000,#3188);
#3188 = DEFINITIONAL_REPRESENTATION('',(#3189),#3199);
#3189 = B_SPLINE_CURVE_WITH_KNOTS('',8,(#3190,#3191,#3192,#3193,#3194,
    #3195,#3196,#3197,#3198),.UNSPECIFIED.,.F.,.F.,(9,9),(
    129.77352287639,158.3909883065),.PIECEWISE_BEZIER_KNOTS.);
#3190 = CARTESIAN_POINT('',(1.570796326795,52.182951444603));
#3191 = CARTESIAN_POINT('',(1.375333581228,51.218925151377));
#3192 = CARTESIAN_POINT('',(1.180380582712,50.257393012972));
#3193 = CARTESIAN_POINT('',(0.985125223451,49.350627756914));
#3194 = CARTESIAN_POINT('',(0.788951046793,48.549970070523));
#3195 = CARTESIAN_POINT('',(0.591720354017,47.907516882761));
#3196 = CARTESIAN_POINT('',(0.394031428006,47.469016387923));
#3197 = CARTESIAN_POINT('',(0.196688255783,47.250930809551));
#3198 = CARTESIAN_POINT('',(1.110223024625E-16,47.250930809551));
#3199 = ( GEOMETRIC_REPRESENTATION_CONTEXT(2) 
PARAMETRIC_REPRESENTATION_CONTEXT() REPRESENTATION_CONTEXT('2D SPACE',''
  ) );
#3200 = ADVANCED_FACE('',(#3201),#1383,.T.);
#3201 = FACE_BOUND('',#3202,.T.);
#3202 = EDGE_LOOP('',(#3203,#3204,#3205,#3206));
#3203 = ORIENTED_EDGE('',*,*,#3141,.T.);
#3204 = ORIENTED_EDGE('',*,*,#1367,.T.);
#3205 = ORIENTED_EDGE('',*,*,#3103,.F.);
#3206 = ORIENTED_EDGE('',*,*,#3207,.F.);
#3207 = EDGE_CURVE('',#3142,#2641,#3208,.T.);
#3208 = SURFACE_CURVE('',#3209,(#3213,#3220),.PCURVE_S1.);
#3209 = LINE('',#3210,#3211);
#3210 = CARTESIAN_POINT('',(24.,-0.166166116668,159.42050988465));
#3211 = VECTOR('',#3212,1.);
#3212 = DIRECTION('',(-1.,0.,0.));
#3213 = PCURVE('',#1383,#3214);
#3214 = DEFINITIONAL_REPRESENTATION('',(#3215),#3219);
#3215 = LINE('',#3216,#3217);
#3216 = CARTESIAN_POINT('',(0.,0.));
#3217 = VECTOR('',#3218,1.);
#3218 = DIRECTION('',(0.,1.));
#3219 = ( GEOMETRIC_REPRESENTATION_CONTEXT(2) 
PARAMETRIC_REPRESENTATION_CONTEXT() REPRESENTATION_CONTEXT('2D SPACE',''
  ) );
#3220 = PCURVE('',#2656,#3221);
#3221 = DEFINITIONAL_REPRESENTATION('',(#3222),#3226);
#3222 = LINE('',#3223,#3224);
#3223 = CARTESIAN_POINT('',(47.250930809547,24.));
#3224 = VECTOR('',#3225,1.);
#3225 = DIRECTION('',(0.,-1.));
#3226 = ( GEOMETRIC_REPRESENTATION_CONTEXT(2) 
PARAMETRIC_REPRESENTATION_CONTEXT() REPRESENTATION_CONTEXT('2D SPACE',''
  ) );
#3227 = ADVANCED_FACE('',(#3228),#1500,.T.);
#3228 = FACE_BOUND('',#3229,.T.);
#3229 = EDGE_LOOP('',(#3230,#3288,#3316,#3372));
#3230 = ORIENTED_EDGE('',*,*,#3231,.T.);
#3231 = EDGE_CURVE('',#1483,#3232,#3234,.T.);
#3232 = VERTEX_POINT('',#3233);
#3233 = CARTESIAN_POINT('',(-39.,39.0768,159.2));
#3234 = SURFACE_CURVE('',#3235,(#3240,#3246),.PCURVE_S1.);
#3235 = CIRCLE('',#3236,0.8);
#3236 = AXIS2_PLACEMENT_3D('',#3237,#3238,#3239);
#3237 = CARTESIAN_POINT('',(-39.8,39.0768,159.2));
#3238 = DIRECTION('',(0.,1.,0.));
#3239 = DIRECTION('',(0.,-0.,1.));
#3240 = PCURVE('',#1500,#3241);
#3241 = DEFINITIONAL_REPRESENTATION('',(#3242),#3245);
#3242 = B_SPLINE_CURVE_WITH_KNOTS('',1,(#3243,#3244),.UNSPECIFIED.,.F.,
  .F.,(2,2),(0.,1.570796326795),.PIECEWISE_BEZIER_KNOTS.);
#3243 = CARTESIAN_POINT('',(0.,7.680000000001E-02));
#3244 = CARTESIAN_POINT('',(1.570796326795,7.680000000001E-02));
#3245 = ( GEOMETRIC_REPRESENTATION_CONTEXT(2) 
PARAMETRIC_REPRESENTATION_CONTEXT() REPRESENTATION_CONTEXT('2D SPACE',''
  ) );
#3246 = PCURVE('',#1550,#3247);
#3247 = DEFINITIONAL_REPRESENTATION('',(#3248),#3287);
#3248 = B_SPLINE_CURVE_WITH_KNOTS('',7,(#3249,#3250,#3251,#3252,#3253,
    #3254,#3255,#3256,#3257,#3258,#3259,#3260,#3261,#3262,#3263,#3264,
    #3265,#3266,#3267,#3268,#3269,#3270,#3271,#3272,#3273,#3274,#3275,
    #3276,#3277,#3278,#3279,#3280,#3281,#3282,#3283,#3284,#3285,#3286),
  .UNSPECIFIED.,.F.,.F.,(8,6,6,6,6,6,8),(0.,0.196349540849,
    0.392699081699,0.785398163397,1.178097245096,1.374446785946,
    1.570796326795),.UNSPECIFIED.);
#3249 = CARTESIAN_POINT('',(4.440892098501E-16,256.32457960769));
#3250 = CARTESIAN_POINT('',(0.468857930376,256.32457960769));
#3251 = CARTESIAN_POINT('',(0.931361576267,256.32457960769));
#3252 = CARTESIAN_POINT('',(1.387968499482,256.32457960769));
#3253 = CARTESIAN_POINT('',(1.839092077838,256.32457960769));
#3254 = CARTESIAN_POINT('',(2.285148873691,256.32457960769));
#3255 = CARTESIAN_POINT('',(2.726509217818,256.32457960769));
#3256 = CARTESIAN_POINT('',(3.600552193526,256.32457960769));
#3257 = CARTESIAN_POINT('',(4.033234647662,256.32457960769));
#3258 = CARTESIAN_POINT('',(4.461935510581,256.32457960769));
#3259 = CARTESIAN_POINT('',(4.886996756371,256.32457960768));
#3260 = CARTESIAN_POINT('',(5.308742041447,256.32457960769));
#3261 = CARTESIAN_POINT('',(5.727479307908,256.32457960769));
#3262 = CARTESIAN_POINT('',(6.975567902687,256.32457960769));
#3263 = CARTESIAN_POINT('',(7.796795252316,256.32457960769));
#3264 = CARTESIAN_POINT('',(8.609582568341,256.3245796077));
#3265 = CARTESIAN_POINT('',(9.416145597042,256.32457960768));
#3266 = CARTESIAN_POINT('',(10.218592647538,256.32457960769));
#3267 = CARTESIAN_POINT('',(11.018982603624,256.32457960769));
#3268 = CARTESIAN_POINT('',(12.619762298303,256.32457960769));
#3269 = CARTESIAN_POINT('',(13.420152254389,256.32457960769));
#3270 = CARTESIAN_POINT('',(14.222599304884,256.32457960768));
#3271 = CARTESIAN_POINT('',(15.029162333588,256.3245796077));
#3272 = CARTESIAN_POINT('',(15.841949649611,256.32457960768));
#3273 = CARTESIAN_POINT('',(16.663176999241,256.32457960769));
#3274 = CARTESIAN_POINT('',(17.91126559402,256.32457960769));
#3275 = CARTESIAN_POINT('',(18.330002860481,256.32457960769));
#3276 = CARTESIAN_POINT('',(18.751748145557,256.32457960769));
#3277 = CARTESIAN_POINT('',(19.176809391346,256.32457960768));
#3278 = CARTESIAN_POINT('',(19.605510254265,256.32457960769));
#3279 = CARTESIAN_POINT('',(20.038192708401,256.32457960769));
#3280 = CARTESIAN_POINT('',(20.912235684109,256.32457960769));
#3281 = CARTESIAN_POINT('',(21.353596028236,256.32457960769));
#3282 = CARTESIAN_POINT('',(21.799652824089,256.32457960769));
#3283 = CARTESIAN_POINT('',(22.250776402442,256.32457960769));
#3284 = CARTESIAN_POINT('',(22.707383325658,256.32457960769));
#3285 = CARTESIAN_POINT('',(23.169886971548,256.32457960769));
#3286 = CARTESIAN_POINT('',(23.638744901924,256.32457960769));
#3287 = ( GEOMETRIC_REPRESENTATION_CONTEXT(2) 
PARAMETRIC_REPRESENTATION_CONTEXT() REPRESENTATION_CONTEXT('2D SPACE',''
  ) );
#3288 = ORIENTED_EDGE('',*,*,#3289,.T.);
#3289 = EDGE_CURVE('',#3232,#3290,#3292,.T.);
#3290 = VERTEX_POINT('',#3291);
#3291 = CARTESIAN_POINT('',(-39.,71.96,159.2));
#3292 = SURFACE_CURVE('',#3293,(#3297,#3304),.PCURVE_S1.);
#3293 = LINE('',#3294,#3295);
#3294 = CARTESIAN_POINT('',(-39.,39.,159.2));
#3295 = VECTOR('',#3296,1.);
#3296 = DIRECTION('',(0.,1.,0.));
#3297 = PCURVE('',#1500,#3298);
#3298 = DEFINITIONAL_REPRESENTATION('',(#3299),#3303);
#3299 = LINE('',#3300,#3301);
#3300 = CARTESIAN_POINT('',(1.570796326795,0.));
#3301 = VECTOR('',#3302,1.);
#3302 = DIRECTION('',(0.,1.));
#3303 = ( GEOMETRIC_REPRESENTATION_CONTEXT(2) 
PARAMETRIC_REPRESENTATION_CONTEXT() REPRESENTATION_CONTEXT('2D SPACE',''
  ) );
#3304 = PCURVE('',#3305,#3310);
#3305 = PLANE('',#3306);
#3306 = AXIS2_PLACEMENT_3D('',#3307,#3308,#3309);
#3307 = CARTESIAN_POINT('',(-39.,56.9375,97.5));
#3308 = DIRECTION('',(-1.,0.,0.));
#3309 = DIRECTION('',(-0.,-0.999713962303,-2.391638717693E-02));
#3310 = DEFINITIONAL_REPRESENTATION('',(#3311),#3315);
#3311 = LINE('',#3312,#3313);
#3312 = CARTESIAN_POINT('',(16.456728110001,62.111351669107));
#3313 = VECTOR('',#3314,1.);
#3314 = DIRECTION('',(-0.999713962303,-2.391638717693E-02));
#3315 = ( GEOMETRIC_REPRESENTATION_CONTEXT(2) 
PARAMETRIC_REPRESENTATION_CONTEXT() REPRESENTATION_CONTEXT('2D SPACE',''
  ) );
#3316 = ORIENTED_EDGE('',*,*,#3317,.F.);
#3317 = EDGE_CURVE('',#1485,#3290,#3318,.T.);
#3318 = SURFACE_CURVE('',#3319,(#3324,#3330),.PCURVE_S1.);
#3319 = CIRCLE('',#3320,0.8);
#3320 = AXIS2_PLACEMENT_3D('',#3321,#3322,#3323);
#3321 = CARTESIAN_POINT('',(-39.8,71.96,159.2));
#3322 = DIRECTION('',(0.,1.,0.));
#3323 = DIRECTION('',(0.,-0.,1.));
#3324 = PCURVE('',#1500,#3325);
#3325 = DEFINITIONAL_REPRESENTATION('',(#3326),#3329);
#3326 = B_SPLINE_CURVE_WITH_KNOTS('',1,(#3327,#3328),.UNSPECIFIED.,.F.,
  .F.,(2,2),(0.,1.570796326795),.PIECEWISE_BEZIER_KNOTS.);
#3327 = CARTESIAN_POINT('',(0.,32.96));
#3328 = CARTESIAN_POINT('',(1.570796326795,32.96));
#3329 = ( GEOMETRIC_REPRESENTATION_CONTEXT(2) 
PARAMETRIC_REPRESENTATION_CONTEXT() REPRESENTATION_CONTEXT('2D SPACE',''
  ) );
#3330 = PCURVE('',#1896,#3331);
#3331 = DEFINITIONAL_REPRESENTATION('',(#3332),#3371);
#3332 = B_SPLINE_CURVE_WITH_KNOTS('',7,(#3333,#3334,#3335,#3336,#3337,
    #3338,#3339,#3340,#3341,#3342,#3343,#3344,#3345,#3346,#3347,#3348,
    #3349,#3350,#3351,#3352,#3353,#3354,#3355,#3356,#3357,#3358,#3359,
    #3360,#3361,#3362,#3363,#3364,#3365,#3366,#3367,#3368,#3369,#3370),
  .UNSPECIFIED.,.F.,.F.,(8,6,6,6,6,6,8),(0.,0.196349540849,
    0.392699081699,0.785398163397,1.178097245096,1.374446785946,
    1.570796326795),.UNSPECIFIED.);
#3333 = CARTESIAN_POINT('',(-3.774758283726E-15,32.96));
#3334 = CARTESIAN_POINT('',(0.468128028178,32.96));
#3335 = CARTESIAN_POINT('',(0.929911664007,32.96));
#3336 = CARTESIAN_POINT('',(1.385807756978,32.960000000001));
#3337 = CARTESIAN_POINT('',(1.836229041377,32.959999999999));
#3338 = CARTESIAN_POINT('',(2.281591431068,32.96));
#3339 = CARTESIAN_POINT('',(2.722264680311,32.96));
#3340 = CARTESIAN_POINT('',(3.594946975421,32.96));
#3341 = CARTESIAN_POINT('',(4.026955844119,32.959999999999));
#3342 = CARTESIAN_POINT('',(4.454989320008,32.960000000001));
#3343 = CARTESIAN_POINT('',(4.879388844799,32.959999999999));
#3344 = CARTESIAN_POINT('',(5.300477571053,32.960000000001));
#3345 = CARTESIAN_POINT('',(5.718562961473,32.96));
#3346 = CARTESIAN_POINT('',(6.964708574062,32.96));
#3347 = CARTESIAN_POINT('',(7.784657464677,32.96));
#3348 = CARTESIAN_POINT('',(8.596179460846,32.96));
#3349 = CARTESIAN_POINT('',(9.401486859453,32.96));
#3350 = CARTESIAN_POINT('',(10.202684687471,32.96));
#3351 = CARTESIAN_POINT('',(11.001828623492,32.96));
#3352 = CARTESIAN_POINT('',(12.600116278384,32.96));
#3353 = CARTESIAN_POINT('',(13.399260214406,32.960000000001));
#3354 = CARTESIAN_POINT('',(14.200458042423,32.959999999998));
#3355 = CARTESIAN_POINT('',(15.005765441031,32.960000000002));
#3356 = CARTESIAN_POINT('',(15.8172874372,32.959999999999));
#3357 = CARTESIAN_POINT('',(16.637236327815,32.96));
#3358 = CARTESIAN_POINT('',(17.883381940403,32.96));
#3359 = CARTESIAN_POINT('',(18.301467330824,32.96));
#3360 = CARTESIAN_POINT('',(18.722556057078,32.96));
#3361 = CARTESIAN_POINT('',(19.146955581869,32.96));
#3362 = CARTESIAN_POINT('',(19.574989057757,32.96));
#3363 = CARTESIAN_POINT('',(20.006997926454,32.96));
#3364 = CARTESIAN_POINT('',(20.879680221565,32.96));
#3365 = CARTESIAN_POINT('',(21.320353470808,32.96));
#3366 = CARTESIAN_POINT('',(21.7657158605,32.96));
#3367 = CARTESIAN_POINT('',(22.216137144895,32.96));
#3368 = CARTESIAN_POINT('',(22.672033237868,32.96));
#3369 = CARTESIAN_POINT('',(23.133816873696,32.96));
#3370 = CARTESIAN_POINT('',(23.601944901874,32.96));
#3371 = ( GEOMETRIC_REPRESENTATION_CONTEXT(2) 
PARAMETRIC_REPRESENTATION_CONTEXT() REPRESENTATION_CONTEXT('2D SPACE',''
  ) );
#3372 = ORIENTED_EDGE('',*,*,#1482,.F.);
#3373 = ADVANCED_FACE('',(#3374),#1550,.T.);
#3374 = FACE_BOUND('',#3375,.T.);
#3375 = EDGE_LOOP('',(#3376,#3404,#3478,#3479));
#3376 = ORIENTED_EDGE('',*,*,#3377,.T.);
#3377 = EDGE_CURVE('',#1513,#3378,#3380,.T.);
#3378 = VERTEX_POINT('',#3379);
#3379 = CARTESIAN_POINT('',(-24.,24.069460940824,159.27644853308));
#3380 = SURFACE_CURVE('',#3381,(#3386,#3398),.PCURVE_S1.);
#3381 = CIRCLE('',#3382,0.8);
#3382 = AXIS2_PLACEMENT_3D('',#3383,#3384,#3385);
#3383 = CARTESIAN_POINT('',(-24.,23.273122054552,159.2));
#3384 = DIRECTION('',(-1.,0.,0.));
#3385 = DIRECTION('',(0.,0.,1.));
#3386 = PCURVE('',#1550,#3387);
#3387 = DEFINITIONAL_REPRESENTATION('',(#3388),#3397);
#3388 = B_SPLINE_CURVE_WITH_KNOTS('',7,(#3389,#3390,#3391,#3392,#3393,
    #3394,#3395,#3396),.UNSPECIFIED.,.F.,.F.,(8,8),(0.,1.475089618708),
  .PIECEWISE_BEZIER_KNOTS.);
#3389 = CARTESIAN_POINT('',(0.,232.68583470576));
#3390 = CARTESIAN_POINT('',(3.703736333901,232.68583470576));
#3391 = CARTESIAN_POINT('',(7.055626368893,232.68583470577));
#3392 = CARTESIAN_POINT('',(10.249788742537,232.68583470576));
#3393 = CARTESIAN_POINT('',(13.388956159389,232.68583470577));
#3394 = CARTESIAN_POINT('',(16.583118533026,232.68583470576));
#3395 = CARTESIAN_POINT('',(19.935008568023,232.68583470577));
#3396 = CARTESIAN_POINT('',(23.638744901924,232.68583470576));
#3397 = ( GEOMETRIC_REPRESENTATION_CONTEXT(2) 
PARAMETRIC_REPRESENTATION_CONTEXT() REPRESENTATION_CONTEXT('2D SPACE',''
  ) );
#3398 = PCURVE('',#1616,#3399);
#3399 = DEFINITIONAL_REPRESENTATION('',(#3400),#3403);
#3400 = B_SPLINE_CURVE_WITH_KNOTS('',1,(#3401,#3402),.UNSPECIFIED.,.F.,
  .F.,(2,2),(0.,1.475089618708),.PIECEWISE_BEZIER_KNOTS.);
#3401 = CARTESIAN_POINT('',(0.,48.));
#3402 = CARTESIAN_POINT('',(1.475089618708,48.));
#3403 = ( GEOMETRIC_REPRESENTATION_CONTEXT(2) 
PARAMETRIC_REPRESENTATION_CONTEXT() REPRESENTATION_CONTEXT('2D SPACE',''
  ) );
#3404 = ORIENTED_EDGE('',*,*,#3405,.T.);
#3405 = EDGE_CURVE('',#3378,#3232,#3406,.T.);
#3406 = SURFACE_CURVE('',#3407,(#3422,#3429),.PCURVE_S1.);
#3407 = B_SPLINE_CURVE_WITH_KNOTS('',7,(#3408,#3409,#3410,#3411,#3412,
    #3413,#3414,#3415,#3416,#3417,#3418,#3419,#3420,#3421),
  .UNSPECIFIED.,.F.,.F.,(8,6,8),(232.68583470576,256.24777925725,
    256.32457960769),.UNSPECIFIED.);
#3408 = CARTESIAN_POINT('',(-24.,24.069460940824,159.27644853308));
#3409 = CARTESIAN_POINT('',(-27.35038979246,24.069460940824,
    159.27644853308));
#3410 = CARTESIAN_POINT('',(-30.7008027108,24.943039954688,
    159.27203881896));
#3411 = CARTESIAN_POINT('',(-33.77917168308,26.689614716878,
    159.26322463228));
#3412 = CARTESIAN_POINT('',(-36.31292546276,29.205698160805,
    159.25047750042));
#3413 = CARTESIAN_POINT('',(-38.08495244757,32.276639842898,
    159.23479892799));
#3414 = CARTESIAN_POINT('',(-38.98258673195,35.634072355939,
    159.21761832195));
#3415 = CARTESIAN_POINT('',(-38.9998597024,39.010971331462,
    159.20033688143));
#3416 = CARTESIAN_POINT('',(-38.99990646916,39.021942909942,
    159.20028073162));
#3417 = CARTESIAN_POINT('',(-38.99994388139,39.03291429344,
    159.20022458519));
#3418 = CARTESIAN_POINT('',(-38.99997194047,39.043885679615,
    159.20016843919));
#3419 = CARTESIAN_POINT('',(-38.99999064701,39.054857160349,
    159.20011229213));
#3420 = CARTESIAN_POINT('',(-39.,39.065828571429,159.20005614618));
#3421 = CARTESIAN_POINT('',(-39.,39.0768,159.2));
#3422 = PCURVE('',#1550,#3423);
#3423 = DEFINITIONAL_REPRESENTATION('',(#3424),#3428);
#3424 = LINE('',#3425,#3426);
#3425 = CARTESIAN_POINT('',(23.638744901924,0.));
#3426 = VECTOR('',#3427,1.);
#3427 = DIRECTION('',(0.,1.));
#3428 = ( GEOMETRIC_REPRESENTATION_CONTEXT(2) 
PARAMETRIC_REPRESENTATION_CONTEXT() REPRESENTATION_CONTEXT('2D SPACE',''
  ) );
#3429 = PCURVE('',#3430,#3449);
#3430 = B_SPLINE_SURFACE_WITH_KNOTS('',8,1,(
    (#3431,#3432)
    ,(#3433,#3434)
    ,(#3435,#3436)
    ,(#3437,#3438)
    ,(#3439,#3440)
    ,(#3441,#3442)
    ,(#3443,#3444)
    ,(#3445,#3446)
    ,(#3447,#3448
    )),.UNSPECIFIED.,.F.,.F.,.F.,(9,9),(2,2),(3.14159265359,
    4.712388980385),(0.,1.),.PIECEWISE_BEZIER_KNOTS.);
#3431 = CARTESIAN_POINT('',(-39.,51.,35.));
#3432 = CARTESIAN_POINT('',(-39.,39.,160.));
#3433 = CARTESIAN_POINT('',(-39.,48.054756887259,35.));
#3434 = CARTESIAN_POINT('',(-39.,36.054756887259,159.99999999999));
#3435 = CARTESIAN_POINT('',(-38.33908816558,45.109512847438,
    35.000000000001));
#3436 = CARTESIAN_POINT('',(-38.33908816558,33.109512847438,160.));
#3437 = CARTESIAN_POINT('',(-37.01727098806,42.337301484972,
    34.999999999998));
#3438 = CARTESIAN_POINT('',(-37.01727098806,30.337301484971,
    159.99999999999));
#3439 = CARTESIAN_POINT('',(-35.0888813367,39.911118663304,
    35.000000000002));
#3440 = CARTESIAN_POINT('',(-35.0888813367,27.911118663304,
    160.00000000001));
#3441 = CARTESIAN_POINT('',(-32.66269851502,37.982729011927,
    34.999999999999));
#3442 = CARTESIAN_POINT('',(-32.66269851502,25.982729011927,
    159.99999999999));
#3443 = CARTESIAN_POINT('',(-29.89048715256,36.660911834419,
    35.000000000001));
#3444 = CARTESIAN_POINT('',(-29.89048715256,24.660911834419,160.));
#3445 = CARTESIAN_POINT('',(-26.94524311274,36.,35.));
#3446 = CARTESIAN_POINT('',(-26.94524311274,24.,159.99999999999));
#3447 = CARTESIAN_POINT('',(-24.,36.,35.));
#3448 = CARTESIAN_POINT('',(-24.,24.,160.));
#3449 = DEFINITIONAL_REPRESENTATION('',(#3450),#3477);
#3450 = B_SPLINE_CURVE_WITH_KNOTS('',9,(#3451,#3452,#3453,#3454,#3455,
    #3456,#3457,#3458,#3459,#3460,#3461,#3462,#3463,#3464,#3465,#3466,
    #3467,#3468,#3469,#3470,#3471,#3472,#3473,#3474,#3475,#3476),
  .UNSPECIFIED.,.F.,.F.,(10,8,8,10),(232.68583470576,244.50520715673,
    250.41489338221,256.32457960769),.UNSPECIFIED.);
#3451 = CARTESIAN_POINT('',(4.712388980385,0.994211588265));
#3452 = CARTESIAN_POINT('',(4.625243895543,0.994211588265));
#3453 = CARTESIAN_POINT('',(4.538098444912,0.994206408967));
#3454 = CARTESIAN_POINT('',(4.450949738286,0.994196053246));
#3455 = CARTESIAN_POINT('',(4.363794788579,0.994180590892));
#3456 = CARTESIAN_POINT('',(4.276630511813,0.994160158617));
#3457 = CARTESIAN_POINT('',(4.189453727136,0.994134960049));
#3458 = CARTESIAN_POINT('',(4.102261156799,0.994105265735));
#3459 = CARTESIAN_POINT('',(4.015049426178,0.994071413142));
#3460 = CARTESIAN_POINT('',(3.884197882548,0.994015003408));
#3461 = CARTESIAN_POINT('',(3.840575144635,0.993995249465));
#3462 = CARTESIAN_POINT('',(3.796946372657,0.993974604648));
#3463 = CARTESIAN_POINT('',(3.75331108926,0.99395312878));
#3464 = CARTESIAN_POINT('',(3.709668817081,0.993930881684));
#3465 = CARTESIAN_POINT('',(3.666019078767,0.993907923184));
#3466 = CARTESIAN_POINT('',(3.622361396955,0.993884313105));
#3467 = CARTESIAN_POINT('',(3.57869529429,0.993860111268));
#3468 = CARTESIAN_POINT('',(3.491345292534,0.99381064373));
#3469 = CARTESIAN_POINT('',(3.447660827114,0.993785387993));
#3470 = CARTESIAN_POINT('',(3.403970369416,0.993759682646));
#3471 = CARTESIAN_POINT('',(3.360259303501,0.993733584276));
#3472 = CARTESIAN_POINT('',(3.316558311641,0.993707196806));
#3473 = CARTESIAN_POINT('',(3.27282085721,0.993680548467));
#3474 = CARTESIAN_POINT('',(3.229095554404,0.993653763505));
#3475 = CARTESIAN_POINT('',(3.185346401496,0.993626882336));
#3476 = CARTESIAN_POINT('',(3.14159265359,0.9936));
#3477 = ( GEOMETRIC_REPRESENTATION_CONTEXT(2) 
PARAMETRIC_REPRESENTATION_CONTEXT() REPRESENTATION_CONTEXT('2D SPACE',''
  ) );
#3478 = ORIENTED_EDGE('',*,*,#3231,.F.);
#3479 = ORIENTED_EDGE('',*,*,#1512,.F.);
#3480 = ADVANCED_FACE('',(#3481),#1896,.T.);
#3481 = FACE_BOUND('',#3482,.T.);
#3482 = EDGE_LOOP('',(#3483,#3484,#3552,#3579));
#3483 = ORIENTED_EDGE('',*,*,#3317,.T.);
#3484 = ORIENTED_EDGE('',*,*,#3485,.T.);
#3485 = EDGE_CURVE('',#3290,#3486,#3488,.T.);
#3486 = VERTEX_POINT('',#3487);
#3487 = CARTESIAN_POINT('',(-24.,86.961997504678,159.23995009355));
#3488 = SURFACE_CURVE('',#3489,(#3504,#3511),.PCURVE_S1.);
#3489 = B_SPLINE_CURVE_WITH_KNOTS('',7,(#3490,#3491,#3492,#3493,#3494,
    #3495,#3496,#3497,#3498,#3499,#3500,#3501,#3502,#3503),
  .UNSPECIFIED.,.F.,.F.,(8,6,8),(32.96,33.000000182805,56.561944901874),
  .UNSPECIFIED.);
#3490 = CARTESIAN_POINT('',(-39.,71.96,159.2));
#3491 = CARTESIAN_POINT('',(-39.,71.965714285714,159.20001523608));
#3492 = CARTESIAN_POINT('',(-38.999997461,71.971428568956,
    159.20003047214));
#3493 = CARTESIAN_POINT('',(-38.99999238295,71.977142862044,
    159.20004570829));
#3494 = CARTESIAN_POINT('',(-38.99998476594,71.982857141766,
    159.20006094436));
#3495 = CARTESIAN_POINT('',(-38.99997460992,71.988571421107,
    159.20007618046));
#3496 = CARTESIAN_POINT('',(-38.99996191479,71.994285728008,
    159.20009141681));
#3497 = CARTESIAN_POINT('',(-38.9909731308,75.365963402141,
    159.20908139681));
#3498 = CARTESIAN_POINT('',(-38.10097039817,78.727507220285,
    159.21804418526));
#3499 = CARTESIAN_POINT('',(-36.33313004275,81.807016007894,
    159.22625006298));
#3500 = CARTESIAN_POINT('',(-33.79829579342,84.331603566434,
    159.23296309283));
#3501 = CARTESIAN_POINT('',(-30.71493128646,86.085072428123,
    159.23762064292));
#3502 = CARTESIAN_POINT('',(-27.35744901881,86.961997504677,
    159.23995009355));
#3503 = CARTESIAN_POINT('',(-24.,86.961997504678,159.23995009355));
#3504 = PCURVE('',#1896,#3505);
#3505 = DEFINITIONAL_REPRESENTATION('',(#3506),#3510);
#3506 = LINE('',#3507,#3508);
#3507 = CARTESIAN_POINT('',(23.601944901874,0.));
#3508 = VECTOR('',#3509,1.);
#3509 = DIRECTION('',(0.,1.));
#3510 = ( GEOMETRIC_REPRESENTATION_CONTEXT(2) 
PARAMETRIC_REPRESENTATION_CONTEXT() REPRESENTATION_CONTEXT('2D SPACE',''
  ) );
#3511 = PCURVE('',#3512,#3531);
#3512 = B_SPLINE_SURFACE_WITH_KNOTS('',8,1,(
    (#3513,#3514)
    ,(#3515,#3516)
    ,(#3517,#3518)
    ,(#3519,#3520)
    ,(#3521,#3522)
    ,(#3523,#3524)
    ,(#3525,#3526)
    ,(#3527,#3528)
    ,(#3529,#3530
    )),.UNSPECIFIED.,.F.,.F.,.F.,(9,9),(2,2),(1.570796326795,
    3.14159265359),(0.,1.),.PIECEWISE_BEZIER_KNOTS.);
#3513 = CARTESIAN_POINT('',(-24.,80.75,35.));
#3514 = CARTESIAN_POINT('',(-24.,87.,160.));
#3515 = CARTESIAN_POINT('',(-26.94524311274,80.75,35.));
#3516 = CARTESIAN_POINT('',(-26.94524311274,86.999999999999,
    159.99999999999));
#3517 = CARTESIAN_POINT('',(-29.89048715256,80.089088165583,35.));
#3518 = CARTESIAN_POINT('',(-29.89048715256,86.339088165584,160.));
#3519 = CARTESIAN_POINT('',(-32.66269851502,78.767270988069,
    34.999999999999));
#3520 = CARTESIAN_POINT('',(-32.66269851502,85.017270988068,
    159.99999999999));
#3521 = CARTESIAN_POINT('',(-35.08888133669,76.838881336702,
    35.000000000001));
#3522 = CARTESIAN_POINT('',(-35.08888133669,83.088881336702,160.));
#3523 = CARTESIAN_POINT('',(-37.01727098807,74.412698515024,35.));
#3524 = CARTESIAN_POINT('',(-37.01727098807,80.662698515023,
    159.99999999999));
#3525 = CARTESIAN_POINT('',(-38.33908816558,71.640487152564,35.));
#3526 = CARTESIAN_POINT('',(-38.33908816558,77.890487152565,160.));
#3527 = CARTESIAN_POINT('',(-39.,68.69524311274,35.));
#3528 = CARTESIAN_POINT('',(-39.,74.94524311274,160.));
#3529 = CARTESIAN_POINT('',(-39.,65.75,35.));
#3530 = CARTESIAN_POINT('',(-39.,72.,160.));
#3531 = DEFINITIONAL_REPRESENTATION('',(#3532),#3551);
#3532 = B_SPLINE_CURVE_WITH_KNOTS('',9,(#3533,#3534,#3535,#3536,#3537,
    #3538,#3539,#3540,#3541,#3542,#3543,#3544,#3545,#3546,#3547,#3548,
    #3549,#3550),.UNSPECIFIED.,.F.,.F.,(10,8,10),(32.96,44.760972450937,
    56.561944901874),.UNSPECIFIED.);
#3533 = CARTESIAN_POINT('',(3.14159265359,0.9936));
#3534 = CARTESIAN_POINT('',(3.054190096026,0.993627968854));
#3535 = CARTESIAN_POINT('',(2.966804781549,0.993655932489));
#3536 = CARTESIAN_POINT('',(2.879450253765,0.993683573746));
#3537 = CARTESIAN_POINT('',(2.792105700106,0.993710592136));
#3538 = CARTESIAN_POINT('',(2.704797828889,0.993736670557));
#3539 = CARTESIAN_POINT('',(2.617496976883,0.993761534459));
#3540 = CARTESIAN_POINT('',(2.530219716321,0.99378490644));
#3541 = CARTESIAN_POINT('',(2.442955891612,0.993806547772));
#3542 = CARTESIAN_POINT('',(2.268456370298,0.993845939189));
#3543 = CARTESIAN_POINT('',(2.181220355739,0.993863690035));
#3544 = CARTESIAN_POINT('',(2.09399642789,0.993879280591));
#3545 = CARTESIAN_POINT('',(2.006782699488,0.993892526998));
#3546 = CARTESIAN_POINT('',(1.919577144946,0.993903278789));
#3547 = CARTESIAN_POINT('',(1.832377689893,0.993911420698));
#3548 = CARTESIAN_POINT('',(1.74518230073,0.993916874484));
#3549 = CARTESIAN_POINT('',(1.657989074171,0.993919600748));
#3550 = CARTESIAN_POINT('',(1.570796326795,0.993919600748));
#3551 = ( GEOMETRIC_REPRESENTATION_CONTEXT(2) 
PARAMETRIC_REPRESENTATION_CONTEXT() REPRESENTATION_CONTEXT('2D SPACE',''
  ) );
#3552 = ORIENTED_EDGE('',*,*,#3553,.F.);
#3553 = EDGE_CURVE('',#1833,#3486,#3554,.T.);
#3554 = SURFACE_CURVE('',#3555,(#3559,#3565),.PCURVE_S1.);
#3555 = ( BOUNDED_CURVE() B_SPLINE_CURVE(2,(#3556,#3557,#3558),
.UNSPECIFIED.,.F.,.F.) B_SPLINE_CURVE_WITH_KNOTS((3,3),(0.,
23.601944901874),.PIECEWISE_BEZIER_KNOTS.) CURVE() 
GEOMETRIC_REPRESENTATION_ITEM() RATIONAL_B_SPLINE_CURVE((1.,
0.724547312791,1.)) REPRESENTATION_ITEM('') );
#3556 = CARTESIAN_POINT('',(-23.99999999999,87.76099937578,160.));
#3557 = CARTESIAN_POINT('',(-23.99999999999,87.,160.));
#3558 = CARTESIAN_POINT('',(-24.,86.961997504678,159.23995009355));
#3559 = PCURVE('',#1896,#3560);
#3560 = DEFINITIONAL_REPRESENTATION('',(#3561),#3564);
#3561 = B_SPLINE_CURVE_WITH_KNOTS('',1,(#3562,#3563),.UNSPECIFIED.,.F.,
  .F.,(2,2),(0.,23.601944901874),.PIECEWISE_BEZIER_KNOTS.);
#3562 = CARTESIAN_POINT('',(0.,56.561944901874));
#3563 = CARTESIAN_POINT('',(23.601944901874,56.561944901874));
#3564 = ( GEOMETRIC_REPRESENTATION_CONTEXT(2) 
PARAMETRIC_REPRESENTATION_CONTEXT() REPRESENTATION_CONTEXT('2D SPACE',''
  ) );
#3565 = PCURVE('',#1848,#3566);
#3566 = DEFINITIONAL_REPRESENTATION('',(#3567),#3578);
#3567 = B_SPLINE_CURVE_WITH_KNOTS('',9,(#3568,#3569,#3570,#3571,#3572,
    #3573,#3574,#3575,#3576,#3577),.UNSPECIFIED.,.F.,.F.,(10,10),(0.,
    23.601944901874),.PIECEWISE_BEZIER_KNOTS.);
#3568 = CARTESIAN_POINT('',(0.,0.));
#3569 = CARTESIAN_POINT('',(0.153161125766,0.));
#3570 = CARTESIAN_POINT('',(0.316868769975,0.));
#3571 = CARTESIAN_POINT('',(0.489775606685,0.));
#3572 = CARTESIAN_POINT('',(0.66929598408,0.));
#3573 = CARTESIAN_POINT('',(0.851541946993,0.));
#3574 = CARTESIAN_POINT('',(1.031062324388,0.));
#3575 = CARTESIAN_POINT('',(1.203969161097,0.));
#3576 = CARTESIAN_POINT('',(1.367676805307,0.));
#3577 = CARTESIAN_POINT('',(1.520837931073,0.));
#3578 = ( GEOMETRIC_REPRESENTATION_CONTEXT(2) 
PARAMETRIC_REPRESENTATION_CONTEXT() REPRESENTATION_CONTEXT('2D SPACE',''
  ) );
#3579 = ORIENTED_EDGE('',*,*,#1860,.F.);
#3580 = ADVANCED_FACE('',(#3581),#1616,.T.);
#3581 = FACE_BOUND('',#3582,.T.);
#3582 = EDGE_LOOP('',(#3583,#3612,#3638,#3639));
#3583 = ORIENTED_EDGE('',*,*,#3584,.T.);
#3584 = EDGE_CURVE('',#1601,#3585,#3587,.T.);
#3585 = VERTEX_POINT('',#3586);
#3586 = CARTESIAN_POINT('',(24.,24.069460940824,159.27644853308));
#3587 = SURFACE_CURVE('',#3588,(#3592,#3606),.PCURVE_S1.);
#3588 = ( BOUNDED_CURVE() B_SPLINE_CURVE(2,(#3589,#3590,#3591),
.UNSPECIFIED.,.F.,.F.) B_SPLINE_CURVE_WITH_KNOTS((3,3),(0.,
23.638744901935),.PIECEWISE_BEZIER_KNOTS.) CURVE() 
GEOMETRIC_REPRESENTATION_ITEM() RATIONAL_B_SPLINE_CURVE((1.,
0.740121836711,1.)) REPRESENTATION_ITEM('') );
#3589 = CARTESIAN_POINT('',(24.,23.273122054552,160.));
#3590 = CARTESIAN_POINT('',(24.,24.,160.));
#3591 = CARTESIAN_POINT('',(24.,24.069460940824,159.27644853308));
#3592 = PCURVE('',#1616,#3593);
#3593 = DEFINITIONAL_REPRESENTATION('',(#3594),#3605);
#3594 = B_SPLINE_CURVE_WITH_KNOTS('',9,(#3595,#3596,#3597,#3598,#3599,
    #3600,#3601,#3602,#3603,#3604),.UNSPECIFIED.,.F.,.F.,(10,10),(0.,
    23.638744901935),.PIECEWISE_BEZIER_KNOTS.);
#3595 = CARTESIAN_POINT('',(0.,0.));
#3596 = CARTESIAN_POINT('',(0.149438400014,0.));
#3597 = CARTESIAN_POINT('',(0.308585273725,0.));
#3598 = CARTESIAN_POINT('',(0.476112797586,0.));
#3599 = CARTESIAN_POINT('',(0.649600392149,0.));
#3600 = CARTESIAN_POINT('',(0.825489226559,0.));
#3601 = CARTESIAN_POINT('',(0.998976821123,0.));
#3602 = CARTESIAN_POINT('',(1.166504344983,0.));
#3603 = CARTESIAN_POINT('',(1.325651218694,0.));
#3604 = CARTESIAN_POINT('',(1.475089618708,0.));
#3605 = ( GEOMETRIC_REPRESENTATION_CONTEXT(2) 
PARAMETRIC_REPRESENTATION_CONTEXT() REPRESENTATION_CONTEXT('2D SPACE',''
  ) );
#3606 = PCURVE('',#1666,#3607);
#3607 = DEFINITIONAL_REPRESENTATION('',(#3608),#3611);
#3608 = B_SPLINE_CURVE_WITH_KNOTS('',1,(#3609,#3610),.UNSPECIFIED.,.F.,
  .F.,(2,2),(0.,23.638744901935),.PIECEWISE_BEZIER_KNOTS.);
#3609 = CARTESIAN_POINT('',(0.,184.68583470578));
#3610 = CARTESIAN_POINT('',(23.638744901935,184.68583470578));
#3611 = ( GEOMETRIC_REPRESENTATION_CONTEXT(2) 
PARAMETRIC_REPRESENTATION_CONTEXT() REPRESENTATION_CONTEXT('2D SPACE',''
  ) );
#3612 = ORIENTED_EDGE('',*,*,#3613,.T.);
#3613 = EDGE_CURVE('',#3585,#3378,#3614,.T.);
#3614 = SURFACE_CURVE('',#3615,(#3619,#3626),.PCURVE_S1.);
#3615 = LINE('',#3616,#3617);
#3616 = CARTESIAN_POINT('',(24.,24.069460940824,159.27644853308));
#3617 = VECTOR('',#3618,1.);
#3618 = DIRECTION('',(-1.,-0.,-0.));
#3619 = PCURVE('',#1616,#3620);
#3620 = DEFINITIONAL_REPRESENTATION('',(#3621),#3625);
#3621 = LINE('',#3622,#3623);
#3622 = CARTESIAN_POINT('',(1.475089618708,0.));
#3623 = VECTOR('',#3624,1.);
#3624 = DIRECTION('',(0.,1.));
#3625 = ( GEOMETRIC_REPRESENTATION_CONTEXT(2) 
PARAMETRIC_REPRESENTATION_CONTEXT() REPRESENTATION_CONTEXT('2D SPACE',''
  ) );
#3626 = PCURVE('',#3627,#3632);
#3627 = PLANE('',#3628);
#3628 = AXIS2_PLACEMENT_3D('',#3629,#3630,#3631);
#3629 = CARTESIAN_POINT('',(0.,24.,160.));
#3630 = DIRECTION('',(0.,-0.995423607841,-9.556066635264E-02));
#3631 = DIRECTION('',(1.,0.,0.));
#3632 = DEFINITIONAL_REPRESENTATION('',(#3633),#3637);
#3633 = LINE('',#3634,#3635);
#3634 = CARTESIAN_POINT('',(24.,-0.72687794545));
#3635 = VECTOR('',#3636,1.);
#3636 = DIRECTION('',(-1.,0.));
#3637 = ( GEOMETRIC_REPRESENTATION_CONTEXT(2) 
PARAMETRIC_REPRESENTATION_CONTEXT() REPRESENTATION_CONTEXT('2D SPACE',''
  ) );
#3638 = ORIENTED_EDGE('',*,*,#3377,.F.);
#3639 = ORIENTED_EDGE('',*,*,#1600,.F.);
#3640 = ADVANCED_FACE('',(#3641),#1848,.T.);
#3641 = FACE_BOUND('',#3642,.T.);
#3642 = EDGE_LOOP('',(#3643,#3644,#3672,#3698));
#3643 = ORIENTED_EDGE('',*,*,#3553,.T.);
#3644 = ORIENTED_EDGE('',*,*,#3645,.T.);
#3645 = EDGE_CURVE('',#3486,#3646,#3648,.T.);
#3646 = VERTEX_POINT('',#3647);
#3647 = CARTESIAN_POINT('',(24.,86.961997504678,159.23995009355));
#3648 = SURFACE_CURVE('',#3649,(#3653,#3660),.PCURVE_S1.);
#3649 = LINE('',#3650,#3651);
#3650 = CARTESIAN_POINT('',(-24.,86.961997504678,159.23995009355));
#3651 = VECTOR('',#3652,1.);
#3652 = DIRECTION('',(1.,0.,0.));
#3653 = PCURVE('',#1848,#3654);
#3654 = DEFINITIONAL_REPRESENTATION('',(#3655),#3659);
#3655 = LINE('',#3656,#3657);
#3656 = CARTESIAN_POINT('',(1.520837931073,0.));
#3657 = VECTOR('',#3658,1.);
#3658 = DIRECTION('',(0.,1.));
#3659 = ( GEOMETRIC_REPRESENTATION_CONTEXT(2) 
PARAMETRIC_REPRESENTATION_CONTEXT() REPRESENTATION_CONTEXT('2D SPACE',''
  ) );
#3660 = PCURVE('',#3661,#3666);
#3661 = PLANE('',#3662);
#3662 = AXIS2_PLACEMENT_3D('',#3663,#3664,#3665);
#3663 = CARTESIAN_POINT('',(0.,87.,160.));
#3664 = DIRECTION('',(0.,0.998752338878,-4.993761694388E-02));
#3665 = DIRECTION('',(-1.,0.,-0.));
#3666 = DEFINITIONAL_REPRESENTATION('',(#3667),#3671);
#3667 = LINE('',#3668,#3669);
#3668 = CARTESIAN_POINT('',(24.,-0.760999375785));
#3669 = VECTOR('',#3670,1.);
#3670 = DIRECTION('',(-1.,0.));
#3671 = ( GEOMETRIC_REPRESENTATION_CONTEXT(2) 
PARAMETRIC_REPRESENTATION_CONTEXT() REPRESENTATION_CONTEXT('2D SPACE',''
  ) );
#3672 = ORIENTED_EDGE('',*,*,#3673,.F.);
#3673 = EDGE_CURVE('',#1745,#3646,#3674,.T.);
#3674 = SURFACE_CURVE('',#3675,(#3680,#3686),.PCURVE_S1.);
#3675 = CIRCLE('',#3676,0.8);
#3676 = AXIS2_PLACEMENT_3D('',#3677,#3678,#3679);
#3677 = CARTESIAN_POINT('',(24.,87.76099937578,159.2));
#3678 = DIRECTION('',(1.,0.,0.));
#3679 = DIRECTION('',(0.,-0.,1.));
#3680 = PCURVE('',#1848,#3681);
#3681 = DEFINITIONAL_REPRESENTATION('',(#3682),#3685);
#3682 = B_SPLINE_CURVE_WITH_KNOTS('',1,(#3683,#3684),.UNSPECIFIED.,.F.,
  .F.,(2,2),(0.,1.520837931073),.PIECEWISE_BEZIER_KNOTS.);
#3683 = CARTESIAN_POINT('',(0.,48.));
#3684 = CARTESIAN_POINT('',(1.520837931073,48.));
#3685 = ( GEOMETRIC_REPRESENTATION_CONTEXT(2) 
PARAMETRIC_REPRESENTATION_CONTEXT() REPRESENTATION_CONTEXT('2D SPACE',''
  ) );
#3686 = PCURVE('',#1782,#3687);
#3687 = DEFINITIONAL_REPRESENTATION('',(#3688),#3697);
#3688 = B_SPLINE_CURVE_WITH_KNOTS('',7,(#3689,#3690,#3691,#3692,#3693,
    #3694,#3695,#3696),.UNSPECIFIED.,.F.,.F.,(8,8),(0.,1.520837931073),
  .PIECEWISE_BEZIER_KNOTS.);
#3689 = CARTESIAN_POINT('',(0.,104.56194490192));
#3690 = CARTESIAN_POINT('',(3.71998876787,104.56194490192));
#3691 = CARTESIAN_POINT('',(7.063186511767,104.56194490192));
#3692 = CARTESIAN_POINT('',(10.241229830621,104.56194490192));
#3693 = CARTESIAN_POINT('',(13.360715071301,104.56194490192));
#3694 = CARTESIAN_POINT('',(16.538758390163,104.56194490192));
#3695 = CARTESIAN_POINT('',(19.881956134054,104.56194490192));
#3696 = CARTESIAN_POINT('',(23.601944901924,104.56194490192));
#3697 = ( GEOMETRIC_REPRESENTATION_CONTEXT(2) 
PARAMETRIC_REPRESENTATION_CONTEXT() REPRESENTATION_CONTEXT('2D SPACE',''
  ) );
#3698 = ORIENTED_EDGE('',*,*,#1832,.F.);
#3699 = ADVANCED_FACE('',(#3700),#1666,.T.);
#3700 = FACE_BOUND('',#3701,.T.);
#3701 = EDGE_LOOP('',(#3702,#3760,#3834,#3835));
#3702 = ORIENTED_EDGE('',*,*,#3703,.T.);
#3703 = EDGE_CURVE('',#1629,#3704,#3706,.T.);
#3704 = VERTEX_POINT('',#3705);
#3705 = CARTESIAN_POINT('',(39.,39.0768,159.2));
#3706 = SURFACE_CURVE('',#3707,(#3712,#3754),.PCURVE_S1.);
#3707 = CIRCLE('',#3708,0.8);
#3708 = AXIS2_PLACEMENT_3D('',#3709,#3710,#3711);
#3709 = CARTESIAN_POINT('',(39.8,39.0768,159.2));
#3710 = DIRECTION('',(0.,-1.,0.));
#3711 = DIRECTION('',(-0.,0.,1.));
#3712 = PCURVE('',#1666,#3713);
#3713 = DEFINITIONAL_REPRESENTATION('',(#3714),#3753);
#3714 = B_SPLINE_CURVE_WITH_KNOTS('',7,(#3715,#3716,#3717,#3718,#3719,
    #3720,#3721,#3722,#3723,#3724,#3725,#3726,#3727,#3728,#3729,#3730,
    #3731,#3732,#3733,#3734,#3735,#3736,#3737,#3738,#3739,#3740,#3741,
    #3742,#3743,#3744,#3745,#3746,#3747,#3748,#3749,#3750,#3751,#3752),
  .UNSPECIFIED.,.F.,.F.,(8,6,6,6,6,6,8),(0.,0.196349540849,
    0.392699081699,0.785398163397,1.178097245096,1.374446785946,
    1.570796326795),.UNSPECIFIED.);
#3715 = CARTESIAN_POINT('',(6.661338147751E-16,161.04708980384));
#3716 = CARTESIAN_POINT('',(0.468857930376,161.04708980384));
#3717 = CARTESIAN_POINT('',(0.931361576267,161.04708980384));
#3718 = CARTESIAN_POINT('',(1.387968499482,161.04708980384));
#3719 = CARTESIAN_POINT('',(1.839092077839,161.04708980384));
#3720 = CARTESIAN_POINT('',(2.285148873692,161.04708980384));
#3721 = CARTESIAN_POINT('',(2.726509217819,161.04708980384));
#3722 = CARTESIAN_POINT('',(3.600552193528,161.04708980384));
#3723 = CARTESIAN_POINT('',(4.033234647664,161.04708980384));
#3724 = CARTESIAN_POINT('',(4.461935510584,161.04708980385));
#3725 = CARTESIAN_POINT('',(4.886996756374,161.04708980384));
#3726 = CARTESIAN_POINT('',(5.30874204145,161.04708980384));
#3727 = CARTESIAN_POINT('',(5.727479307911,161.04708980384));
#3728 = CARTESIAN_POINT('',(6.97556790269,161.04708980384));
#3729 = CARTESIAN_POINT('',(7.79679525232,161.04708980384));
#3730 = CARTESIAN_POINT('',(8.609582568345,161.04708980385));
#3731 = CARTESIAN_POINT('',(9.416145597047,161.04708980384));
#3732 = CARTESIAN_POINT('',(10.218592647543,161.04708980384));
#3733 = CARTESIAN_POINT('',(11.018982603628,161.04708980384));
#3734 = CARTESIAN_POINT('',(12.619762298309,161.04708980384));
#3735 = CARTESIAN_POINT('',(13.420152254395,161.04708980385));
#3736 = CARTESIAN_POINT('',(14.222599304891,161.04708980384));
#3737 = CARTESIAN_POINT('',(15.029162333594,161.04708980385));
#3738 = CARTESIAN_POINT('',(15.841949649618,161.04708980384));
#3739 = CARTESIAN_POINT('',(16.663176999249,161.04708980384));
#3740 = CARTESIAN_POINT('',(17.911265594028,161.04708980384));
#3741 = CARTESIAN_POINT('',(18.330002860489,161.04708980384));
#3742 = CARTESIAN_POINT('',(18.751748145566,161.04708980385));
#3743 = CARTESIAN_POINT('',(19.176809391355,161.04708980384));
#3744 = CARTESIAN_POINT('',(19.605510254274,161.04708980384));
#3745 = CARTESIAN_POINT('',(20.03819270841,161.04708980384));
#3746 = CARTESIAN_POINT('',(20.91223568412,161.04708980384));
#3747 = CARTESIAN_POINT('',(21.353596028247,161.04708980384));
#3748 = CARTESIAN_POINT('',(21.7996528241,161.04708980384));
#3749 = CARTESIAN_POINT('',(22.250776402452,161.04708980384));
#3750 = CARTESIAN_POINT('',(22.707383325668,161.04708980384));
#3751 = CARTESIAN_POINT('',(23.169886971559,161.04708980384));
#3752 = CARTESIAN_POINT('',(23.638744901935,161.04708980384));
#3753 = ( GEOMETRIC_REPRESENTATION_CONTEXT(2) 
PARAMETRIC_REPRESENTATION_CONTEXT() REPRESENTATION_CONTEXT('2D SPACE',''
  ) );
#3754 = PCURVE('',#1732,#3755);
#3755 = DEFINITIONAL_REPRESENTATION('',(#3756),#3759);
#3756 = B_SPLINE_CURVE_WITH_KNOTS('',1,(#3757,#3758),.UNSPECIFIED.,.F.,
  .F.,(2,2),(0.,1.570796326795),.PIECEWISE_BEZIER_KNOTS.);
#3757 = CARTESIAN_POINT('',(0.,32.9232));
#3758 = CARTESIAN_POINT('',(1.570796326795,32.9232));
#3759 = ( GEOMETRIC_REPRESENTATION_CONTEXT(2) 
PARAMETRIC_REPRESENTATION_CONTEXT() REPRESENTATION_CONTEXT('2D SPACE',''
  ) );
#3760 = ORIENTED_EDGE('',*,*,#3761,.T.);
#3761 = EDGE_CURVE('',#3704,#3585,#3762,.T.);
#3762 = SURFACE_CURVE('',#3763,(#3778,#3785),.PCURVE_S1.);
#3763 = B_SPLINE_CURVE_WITH_KNOTS('',7,(#3764,#3765,#3766,#3767,#3768,
    #3769,#3770,#3771,#3772,#3773,#3774,#3775,#3776,#3777),
  .UNSPECIFIED.,.F.,.F.,(8,6,8),(161.04708980384,161.12389015428,
    184.68583470578),.UNSPECIFIED.);
#3764 = CARTESIAN_POINT('',(39.,39.0768,159.2));
#3765 = CARTESIAN_POINT('',(39.,39.065828571429,159.20005614618));
#3766 = CARTESIAN_POINT('',(38.999990647019,39.054857160349,
    159.20011229213));
#3767 = CARTESIAN_POINT('',(38.99997194047,39.043885679615,
    159.20016843919));
#3768 = CARTESIAN_POINT('',(38.999943881391,39.03291429344,
    159.20022458519));
#3769 = CARTESIAN_POINT('',(38.999906469169,39.021942909942,
    159.20028073162));
#3770 = CARTESIAN_POINT('',(38.999859702406,39.010971331462,
    159.20033688143));
#3771 = CARTESIAN_POINT('',(38.982586731955,35.634072355946,
    159.21761832195));
#3772 = CARTESIAN_POINT('',(38.084952447581,32.276639842884,
    159.23479892799));
#3773 = CARTESIAN_POINT('',(36.312925462758,29.205698160821,
    159.25047750042));
#3774 = CARTESIAN_POINT('',(33.779171683094,26.689614716868,
    159.26322463228));
#3775 = CARTESIAN_POINT('',(30.700802710798,24.943039954692,
    159.27203881896));
#3776 = CARTESIAN_POINT('',(27.350389792467,24.069460940824,
    159.27644853308));
#3777 = CARTESIAN_POINT('',(24.,24.069460940824,159.27644853308));
#3778 = PCURVE('',#1666,#3779);
#3779 = DEFINITIONAL_REPRESENTATION('',(#3780),#3784);
#3780 = LINE('',#3781,#3782);
#3781 = CARTESIAN_POINT('',(23.638744901935,0.));
#3782 = VECTOR('',#3783,1.);
#3783 = DIRECTION('',(0.,1.));
#3784 = ( GEOMETRIC_REPRESENTATION_CONTEXT(2) 
PARAMETRIC_REPRESENTATION_CONTEXT() REPRESENTATION_CONTEXT('2D SPACE',''
  ) );
#3785 = PCURVE('',#3786,#3805);
#3786 = B_SPLINE_SURFACE_WITH_KNOTS('',8,1,(
    (#3787,#3788)
    ,(#3789,#3790)
    ,(#3791,#3792)
    ,(#3793,#3794)
    ,(#3795,#3796)
    ,(#3797,#3798)
    ,(#3799,#3800)
    ,(#3801,#3802)
    ,(#3803,#3804
    )),.UNSPECIFIED.,.F.,.F.,.F.,(9,9),(2,2),(4.712388980385,
    6.28318530718),(0.,1.),.PIECEWISE_BEZIER_KNOTS.);
#3787 = CARTESIAN_POINT('',(24.,36.,35.));
#3788 = CARTESIAN_POINT('',(24.,24.,160.));
#3789 = CARTESIAN_POINT('',(26.94524311274,36.,35.));
#3790 = CARTESIAN_POINT('',(26.94524311274,24.,159.99999999999));
#3791 = CARTESIAN_POINT('',(29.890487152564,36.660911834419,
    35.000000000001));
#3792 = CARTESIAN_POINT('',(29.890487152564,24.660911834419,160.));
#3793 = CARTESIAN_POINT('',(32.662698515024,37.982729011926,
    34.999999999998));
#3794 = CARTESIAN_POINT('',(32.662698515024,25.982729011927,
    159.99999999998));
#3795 = CARTESIAN_POINT('',(35.0888813367,39.911118663304,
    35.000000000002));
#3796 = CARTESIAN_POINT('',(35.0888813367,27.911118663303,
    160.00000000001));
#3797 = CARTESIAN_POINT('',(37.01727098807,42.337301484973,
    34.999999999999));
#3798 = CARTESIAN_POINT('',(37.01727098807,30.337301484973,
    159.99999999998));
#3799 = CARTESIAN_POINT('',(38.339088165583,45.109512847437,
    35.000000000001));
#3800 = CARTESIAN_POINT('',(38.339088165583,33.109512847437,160.));
#3801 = CARTESIAN_POINT('',(39.,48.054756887259,35.));
#3802 = CARTESIAN_POINT('',(39.,36.054756887259,159.99999999999));
#3803 = CARTESIAN_POINT('',(39.,51.,35.));
#3804 = CARTESIAN_POINT('',(39.,39.,160.));
#3805 = DEFINITIONAL_REPRESENTATION('',(#3806),#3833);
#3806 = B_SPLINE_CURVE_WITH_KNOTS('',9,(#3807,#3808,#3809,#3810,#3811,
    #3812,#3813,#3814,#3815,#3816,#3817,#3818,#3819,#3820,#3821,#3822,
    #3823,#3824,#3825,#3826,#3827,#3828,#3829,#3830,#3831,#3832),
  .UNSPECIFIED.,.F.,.F.,(10,8,8,10),(161.04708980384,166.95677602933,
    172.86646225481,184.68583470578),.UNSPECIFIED.);
#3807 = CARTESIAN_POINT('',(6.28318530718,0.9936));
#3808 = CARTESIAN_POINT('',(6.239431559274,0.993626882337));
#3809 = CARTESIAN_POINT('',(6.195682406364,0.993653763504));
#3810 = CARTESIAN_POINT('',(6.151957103563,0.99368054847));
#3811 = CARTESIAN_POINT('',(6.108219649124,0.993707196803));
#3812 = CARTESIAN_POINT('',(6.064518657271,0.993733584279));
#3813 = CARTESIAN_POINT('',(6.020807591352,0.993759682645));
#3814 = CARTESIAN_POINT('',(5.977117133655,0.993785387994));
#3815 = CARTESIAN_POINT('',(5.933432668235,0.99381064373));
#3816 = CARTESIAN_POINT('',(5.846082666479,0.993860111268));
#3817 = CARTESIAN_POINT('',(5.802416563814,0.993884313105));
#3818 = CARTESIAN_POINT('',(5.758758882002,0.993907923184));
#3819 = CARTESIAN_POINT('',(5.715109143688,0.993930881684));
#3820 = CARTESIAN_POINT('',(5.671466871509,0.993953128779));
#3821 = CARTESIAN_POINT('',(5.627831588112,0.993974604648));
#3822 = CARTESIAN_POINT('',(5.584202816135,0.993995249465));
#3823 = CARTESIAN_POINT('',(5.540580078221,0.994015003408));
#3824 = CARTESIAN_POINT('',(5.409728534592,0.994071413142));
#3825 = CARTESIAN_POINT('',(5.32251680397,0.994105265735));
#3826 = CARTESIAN_POINT('',(5.235324233634,0.994134960049));
#3827 = CARTESIAN_POINT('',(5.148147448956,0.994160158617));
#3828 = CARTESIAN_POINT('',(5.060983172191,0.994180590892));
#3829 = CARTESIAN_POINT('',(4.973828222484,0.994196053246));
#3830 = CARTESIAN_POINT('',(4.886679515858,0.994206408967));
#3831 = CARTESIAN_POINT('',(4.799534065226,0.994211588265));
#3832 = CARTESIAN_POINT('',(4.712388980385,0.994211588265));
#3833 = ( GEOMETRIC_REPRESENTATION_CONTEXT(2) 
PARAMETRIC_REPRESENTATION_CONTEXT() REPRESENTATION_CONTEXT('2D SPACE',''
  ) );
#3834 = ORIENTED_EDGE('',*,*,#3584,.F.);
#3835 = ORIENTED_EDGE('',*,*,#1628,.F.);
#3836 = ADVANCED_FACE('',(#3837),#1782,.T.);
#3837 = FACE_BOUND('',#3838,.T.);
#3838 = EDGE_LOOP('',(#3839,#3840,#3908,#3935));
#3839 = ORIENTED_EDGE('',*,*,#3673,.T.);
#3840 = ORIENTED_EDGE('',*,*,#3841,.T.);
#3841 = EDGE_CURVE('',#3646,#3842,#3844,.T.);
#3842 = VERTEX_POINT('',#3843);
#3843 = CARTESIAN_POINT('',(39.,71.96,159.2));
#3844 = SURFACE_CURVE('',#3845,(#3860,#3867),.PCURVE_S1.);
#3845 = B_SPLINE_CURVE_WITH_KNOTS('',7,(#3846,#3847,#3848,#3849,#3850,
    #3851,#3852,#3853,#3854,#3855,#3856,#3857,#3858,#3859),
  .UNSPECIFIED.,.F.,.F.,(8,6,8),(104.56194490192,128.12388962104,
    128.16388980384),.UNSPECIFIED.);
#3846 = CARTESIAN_POINT('',(24.,86.961997504678,159.23995009355));
#3847 = CARTESIAN_POINT('',(27.357449018813,86.961997504678,
    159.23995009355));
#3848 = CARTESIAN_POINT('',(30.714931286463,86.085072428119,
    159.23762064292));
#3849 = CARTESIAN_POINT('',(33.798295793433,84.331603566443,
    159.23296309283));
#3850 = CARTESIAN_POINT('',(36.333130042748,81.807016007882,
    159.22625006298));
#3851 = CARTESIAN_POINT('',(38.100970398174,78.72750722029,
    159.21804418526));
#3852 = CARTESIAN_POINT('',(38.990973130803,75.365963402146,
    159.20908139681));
#3853 = CARTESIAN_POINT('',(38.999961914792,71.994285728008,
    159.20009141681));
#3854 = CARTESIAN_POINT('',(38.999974609927,71.988571421107,
    159.20007618046));
#3855 = CARTESIAN_POINT('',(38.999984765948,71.982857141766,
    159.20006094436));
#3856 = CARTESIAN_POINT('',(38.999992382957,71.977142862044,
    159.20004570829));
#3857 = CARTESIAN_POINT('',(38.999997461,71.971428568956,159.20003047214
    ));
#3858 = CARTESIAN_POINT('',(39.,71.965714285714,159.20001523608));
#3859 = CARTESIAN_POINT('',(39.,71.96,159.2));
#3860 = PCURVE('',#1782,#3861);
#3861 = DEFINITIONAL_REPRESENTATION('',(#3862),#3866);
#3862 = LINE('',#3863,#3864);
#3863 = CARTESIAN_POINT('',(23.601944901924,0.));
#3864 = VECTOR('',#3865,1.);
#3865 = DIRECTION('',(0.,1.));
#3866 = ( GEOMETRIC_REPRESENTATION_CONTEXT(2) 
PARAMETRIC_REPRESENTATION_CONTEXT() REPRESENTATION_CONTEXT('2D SPACE',''
  ) );
#3867 = PCURVE('',#3868,#3887);
#3868 = B_SPLINE_SURFACE_WITH_KNOTS('',8,1,(
    (#3869,#3870)
    ,(#3871,#3872)
    ,(#3873,#3874)
    ,(#3875,#3876)
    ,(#3877,#3878)
    ,(#3879,#3880)
    ,(#3881,#3882)
    ,(#3883,#3884)
    ,(#3885,#3886
    )),.UNSPECIFIED.,.F.,.F.,.F.,(9,9),(2,2),(0.,1.570796326795),(0.,1.)
  ,.PIECEWISE_BEZIER_KNOTS.);
#3869 = CARTESIAN_POINT('',(39.,65.75,35.));
#3870 = CARTESIAN_POINT('',(39.,72.,160.));
#3871 = CARTESIAN_POINT('',(39.,68.69524311274,35.));
#3872 = CARTESIAN_POINT('',(39.,74.94524311274,160.));
#3873 = CARTESIAN_POINT('',(38.339088165582,71.640487152563,35.));
#3874 = CARTESIAN_POINT('',(38.339088165582,77.890487152563,
    159.99999999999));
#3875 = CARTESIAN_POINT('',(37.017270988071,74.412698515026,
    35.000000000001));
#3876 = CARTESIAN_POINT('',(37.017270988071,80.662698515026,160.));
#3877 = CARTESIAN_POINT('',(35.0888813367,76.838881336699,
    34.999999999999));
#3878 = CARTESIAN_POINT('',(35.0888813367,83.088881336698,
    159.99999999999));
#3879 = CARTESIAN_POINT('',(32.662698515025,78.767270988071,
    35.000000000001));
#3880 = CARTESIAN_POINT('',(32.662698515025,85.017270988072,160.));
#3881 = CARTESIAN_POINT('',(29.890487152564,80.089088165582,35.));
#3882 = CARTESIAN_POINT('',(29.890487152564,86.339088165582,
    159.99999999999));
#3883 = CARTESIAN_POINT('',(26.94524311274,80.75,35.));
#3884 = CARTESIAN_POINT('',(26.94524311274,87.,160.));
#3885 = CARTESIAN_POINT('',(24.,80.75,35.));
#3886 = CARTESIAN_POINT('',(24.,87.,160.));
#3887 = DEFINITIONAL_REPRESENTATION('',(#3888),#3907);
#3888 = B_SPLINE_CURVE_WITH_KNOTS('',9,(#3889,#3890,#3891,#3892,#3893,
    #3894,#3895,#3896,#3897,#3898,#3899,#3900,#3901,#3902,#3903,#3904,
    #3905,#3906),.UNSPECIFIED.,.F.,.F.,(10,8,10),(104.56194490192,
    116.36291735288,128.16388980384),.UNSPECIFIED.);
#3889 = CARTESIAN_POINT('',(1.570796326795,0.993919600748));
#3890 = CARTESIAN_POINT('',(1.483603579418,0.993919600748));
#3891 = CARTESIAN_POINT('',(1.39641035286,0.993916874484));
#3892 = CARTESIAN_POINT('',(1.309214963697,0.993911420698));
#3893 = CARTESIAN_POINT('',(1.222015508644,0.993903278789));
#3894 = CARTESIAN_POINT('',(1.134809954101,0.993892526999));
#3895 = CARTESIAN_POINT('',(1.0475962257,0.993879280591));
#3896 = CARTESIAN_POINT('',(0.960372297851,0.993863690035));
#3897 = CARTESIAN_POINT('',(0.873136283292,0.993845939189));
#3898 = CARTESIAN_POINT('',(0.698636761978,0.993806547772));
#3899 = CARTESIAN_POINT('',(0.61137293727,0.99378490644));
#3900 = CARTESIAN_POINT('',(0.524095676704,0.993761534462));
#3901 = CARTESIAN_POINT('',(0.436794824708,0.99373667055));
#3902 = CARTESIAN_POINT('',(0.349486953475,0.993710592144));
#3903 = CARTESIAN_POINT('',(0.262142399833,0.993683573739));
#3904 = CARTESIAN_POINT('',(0.174787872037,0.993655932493));
#3905 = CARTESIAN_POINT('',(8.740255756562E-02,0.993627968853));
#3906 = CARTESIAN_POINT('',(2.942091015257E-15,0.9936));
#3907 = ( GEOMETRIC_REPRESENTATION_CONTEXT(2) 
PARAMETRIC_REPRESENTATION_CONTEXT() REPRESENTATION_CONTEXT('2D SPACE',''
  ) );
#3908 = ORIENTED_EDGE('',*,*,#3909,.F.);
#3909 = EDGE_CURVE('',#1717,#3842,#3910,.T.);
#3910 = SURFACE_CURVE('',#3911,(#3915,#3921),.PCURVE_S1.);
#3911 = ( BOUNDED_CURVE() B_SPLINE_CURVE(2,(#3912,#3913,#3914),
.UNSPECIFIED.,.F.,.F.) B_SPLINE_CURVE_WITH_KNOTS((3,3),(0.,
23.601944901924),.PIECEWISE_BEZIER_KNOTS.) CURVE() 
GEOMETRIC_REPRESENTATION_ITEM() RATIONAL_B_SPLINE_CURVE((1.,
0.707106781187,1.)) REPRESENTATION_ITEM('') );
#3912 = CARTESIAN_POINT('',(39.8,71.96,160.));
#3913 = CARTESIAN_POINT('',(39.,71.96,160.));
#3914 = CARTESIAN_POINT('',(39.,71.96,159.2));
#3915 = PCURVE('',#1782,#3916);
#3916 = DEFINITIONAL_REPRESENTATION('',(#3917),#3920);
#3917 = B_SPLINE_CURVE_WITH_KNOTS('',1,(#3918,#3919),.UNSPECIFIED.,.F.,
  .F.,(2,2),(0.,23.601944901924),.PIECEWISE_BEZIER_KNOTS.);
#3918 = CARTESIAN_POINT('',(0.,128.16388980384));
#3919 = CARTESIAN_POINT('',(23.601944901924,128.16388980384));
#3920 = ( GEOMETRIC_REPRESENTATION_CONTEXT(2) 
PARAMETRIC_REPRESENTATION_CONTEXT() REPRESENTATION_CONTEXT('2D SPACE',''
  ) );
#3921 = PCURVE('',#1732,#3922);
#3922 = DEFINITIONAL_REPRESENTATION('',(#3923),#3934);
#3923 = B_SPLINE_CURVE_WITH_KNOTS('',9,(#3924,#3925,#3926,#3927,#3928,
    #3929,#3930,#3931,#3932,#3933),.UNSPECIFIED.,.F.,.F.,(10,10),(0.,
    23.601944901924),.PIECEWISE_BEZIER_KNOTS.);
#3924 = CARTESIAN_POINT('',(1.110223024625E-16,4.E-02));
#3925 = CARTESIAN_POINT('',(0.157134840264,4.E-02));
#3926 = CARTESIAN_POINT('',(0.325774716821,4.000000000001E-02));
#3927 = CARTESIAN_POINT('',(0.504566386871,4.E-02));
#3928 = CARTESIAN_POINT('',(0.690744851611,4.000000000001E-02));
#3929 = CARTESIAN_POINT('',(0.880051475183,4.E-02));
#3930 = CARTESIAN_POINT('',(1.066229939925,4.000000000001E-02));
#3931 = CARTESIAN_POINT('',(1.245021609974,4.E-02));
#3932 = CARTESIAN_POINT('',(1.413661486531,4.E-02));
#3933 = CARTESIAN_POINT('',(1.570796326795,4.E-02));
#3934 = ( GEOMETRIC_REPRESENTATION_CONTEXT(2) 
PARAMETRIC_REPRESENTATION_CONTEXT() REPRESENTATION_CONTEXT('2D SPACE',''
  ) );
#3935 = ORIENTED_EDGE('',*,*,#1744,.F.);
#3936 = ADVANCED_FACE('',(#3937),#1732,.T.);
#3937 = FACE_BOUND('',#3938,.T.);
#3938 = EDGE_LOOP('',(#3939,#3940,#3966,#3967));
#3939 = ORIENTED_EDGE('',*,*,#3909,.T.);
#3940 = ORIENTED_EDGE('',*,*,#3941,.T.);
#3941 = EDGE_CURVE('',#3842,#3704,#3942,.T.);
#3942 = SURFACE_CURVE('',#3943,(#3947,#3954),.PCURVE_S1.);
#3943 = LINE('',#3944,#3945);
#3944 = CARTESIAN_POINT('',(39.,72.,159.2));
#3945 = VECTOR('',#3946,1.);
#3946 = DIRECTION('',(0.,-1.,0.));
#3947 = PCURVE('',#1732,#3948);
#3948 = DEFINITIONAL_REPRESENTATION('',(#3949),#3953);
#3949 = LINE('',#3950,#3951);
#3950 = CARTESIAN_POINT('',(1.570796326795,0.));
#3951 = VECTOR('',#3952,1.);
#3952 = DIRECTION('',(0.,1.));
#3953 = ( GEOMETRIC_REPRESENTATION_CONTEXT(2) 
PARAMETRIC_REPRESENTATION_CONTEXT() REPRESENTATION_CONTEXT('2D SPACE',''
  ) );
#3954 = PCURVE('',#3955,#3960);
#3955 = PLANE('',#3956);
#3956 = AXIS2_PLACEMENT_3D('',#3957,#3958,#3959);
#3957 = CARTESIAN_POINT('',(39.,56.9375,97.5));
#3958 = DIRECTION('',(1.,0.,-0.));
#3959 = DIRECTION('',(0.,0.999713962303,2.391638717693E-02));
#3960 = DEFINITIONAL_REPRESENTATION('',(#3961),#3965);
#3961 = LINE('',#3962,#3963);
#3962 = CARTESIAN_POINT('',(16.533832646012,61.322110892268));
#3963 = VECTOR('',#3964,1.);
#3964 = DIRECTION('',(-0.999713962303,2.391638717693E-02));
#3965 = ( GEOMETRIC_REPRESENTATION_CONTEXT(2) 
PARAMETRIC_REPRESENTATION_CONTEXT() REPRESENTATION_CONTEXT('2D SPACE',''
  ) );
#3966 = ORIENTED_EDGE('',*,*,#3703,.F.);
#3967 = ORIENTED_EDGE('',*,*,#1716,.F.);
#3968 = ADVANCED_FACE('',(#3969),#2000,.T.);
#3969 = FACE_BOUND('',#3970,.T.);
#3970 = EDGE_LOOP('',(#3971,#3994,#4180,#4181));
#3971 = ORIENTED_EDGE('',*,*,#3972,.F.);
#3972 = EDGE_CURVE('',#3973,#3142,#3975,.T.);
#3973 = VERTEX_POINT('',#3974);
#3974 = CARTESIAN_POINT('',(24.,-13.1902877449,114.));
#3975 = SURFACE_CURVE('',#3976,(#3980,#3987),.PCURVE_S1.);
#3976 = LINE('',#3977,#3978);
#3977 = CARTESIAN_POINT('',(24.,-13.1902877449,114.));
#3978 = VECTOR('',#3979,1.);
#3979 = DIRECTION('',(0.,0.275637355817,0.961261695938));
#3980 = PCURVE('',#2000,#3981);
#3981 = DEFINITIONAL_REPRESENTATION('',(#3982),#3986);
#3982 = LINE('',#3983,#3984);
#3983 = CARTESIAN_POINT('',(0.,0.));
#3984 = VECTOR('',#3985,1.);
#3985 = DIRECTION('',(0.,1.));
#3986 = ( GEOMETRIC_REPRESENTATION_CONTEXT(2) 
PARAMETRIC_REPRESENTATION_CONTEXT() REPRESENTATION_CONTEXT('2D SPACE',''
  ) );
#3987 = PCURVE('',#2656,#3988);
#3988 = DEFINITIONAL_REPRESENTATION('',(#3989),#3993);
#3989 = LINE('',#3990,#3991);
#3990 = CARTESIAN_POINT('',(0.,24.));
#3991 = VECTOR('',#3992,1.);
#3992 = DIRECTION('',(1.,0.));
#3993 = ( GEOMETRIC_REPRESENTATION_CONTEXT(2) 
PARAMETRIC_REPRESENTATION_CONTEXT() REPRESENTATION_CONTEXT('2D SPACE',''
  ) );
#3994 = ORIENTED_EDGE('',*,*,#3995,.T.);
#3995 = EDGE_CURVE('',#3973,#1983,#3996,.T.);
#3996 = SURFACE_CURVE('',#3997,(#4056,#4118),.PCURVE_S1.);
#3997 = B_SPLINE_CURVE_WITH_KNOTS('',8,(#3998,#3999,#4000,#4001,#4002,
    #4003,#4004,#4005,#4006,#4007,#4008,#4009,#4010,#4011,#4012,#4013,
    #4014,#4015,#4016,#4017,#4018,#4019,#4020,#4021,#4022,#4023,#4024,
    #4025,#4026,#4027,#4028,#4029,#4030,#4031,#4032,#4033,#4034,#4035,
    #4036,#4037,#4038,#4039,#4040,#4041,#4042,#4043,#4044,#4045,#4046,
    #4047,#4048,#4049,#4050,#4051,#4052,#4053,#4054,#4055),
  .UNSPECIFIED.,.F.,.F.,(9,7,7,7,7,7,7,7,9),(0.,0.130408635437,
    0.395991342362,0.63828638053,0.734524362393,0.982230911454,
    0.997566257944,0.999987686002,1.),.UNSPECIFIED.);
#3998 = CARTESIAN_POINT('',(24.,-13.1902877449,114.));
#3999 = CARTESIAN_POINT('',(24.474049266341,-13.1902877449,114.));
#4000 = CARTESIAN_POINT('',(24.953420186029,-13.17110797866,
    114.01512348724));
#4001 = CARTESIAN_POINT('',(25.437156239235,-13.13199528708,
    114.04596431863));
#4002 = CARTESIAN_POINT('',(25.924202843953,-13.07231602274,
    114.09301971306));
#4003 = CARTESIAN_POINT('',(26.413417955201,-12.99158703445,
    114.15666528195));
#4004 = CARTESIAN_POINT('',(26.903587471423,-12.88950188981,
    114.23713358128));
#4005 = CARTESIAN_POINT('',(27.39344544808,-12.76595233557,
    114.33449618523));
#4006 = CARTESIAN_POINT('',(28.876048388408,-12.32593506404,
    114.68112689422));
#4007 = CARTESIAN_POINT('',(29.864101965055,-11.94213685833,
    114.98332727797));
#4008 = CARTESIAN_POINT('',(30.834518883417,-11.4705580685,
    115.35436815796));
#4009 = CARTESIAN_POINT('',(31.777206175114,-10.91547507025,
    115.79060965005));
#4010 = CARTESIAN_POINT('',(32.68406802106,-10.2837313327,
    116.28625037895));
#4011 = CARTESIAN_POINT('',(33.549146971906,-9.583396744068,
    116.83434241509));
#4012 = CARTESIAN_POINT('',(34.368325274654,-8.82288311824,
    117.42753525085));
#4013 = CARTESIAN_POINT('',(35.842095830319,-7.269009400948,
    118.63435708444));
#4014 = CARTESIAN_POINT('',(36.505063763526,-6.484121174786,
    119.24183177633));
#4015 = CARTESIAN_POINT('',(37.126378889749,-5.66124888195,
    119.87600980946));
#4016 = CARTESIAN_POINT('',(37.705313528229,-4.805720401137,
    120.53200004105));
#4017 = CARTESIAN_POINT('',(38.24169738138,-3.922391194108,
    121.20523954121));
#4018 = CARTESIAN_POINT('',(38.735724623735,-3.015568666908,
    121.89158290111));
#4019 = CARTESIAN_POINT('',(39.187801163378,-2.08901441609,
    122.58732681375));
#4020 = CARTESIAN_POINT('',(39.761524064992,-0.77139859321,
    123.56798869567));
#4021 = CARTESIAN_POINT('',(39.918072021827,-0.394249329021,
    123.84772131192));
#4022 = CARTESIAN_POINT('',(40.068097973963,-1.473734832899E-02,
    124.12819100069));
#4023 = CARTESIAN_POINT('',(40.211630240448,0.366928310784,
    124.40919048202));
#4024 = CARTESIAN_POINT('',(40.348697645518,0.750544421439,
    124.69051863679));
#4025 = CARTESIAN_POINT('',(40.479329376038,1.135912975365,
    124.97198042755));
#4026 = CARTESIAN_POINT('',(40.603554838933,1.522840590309,
    125.25338681932));
#4027 = CARTESIAN_POINT('',(41.024733754696,2.91057482427,
    126.25825156284));
#4028 = CARTESIAN_POINT('',(41.285804443523,3.919040007331,
    126.98033505616));
#4029 = CARTESIAN_POINT('',(41.505140440114,4.933351629759,
    127.6977180032));
#4030 = CARTESIAN_POINT('',(41.683223210995,5.950369958673,
    128.40747501366));
#4031 = CARTESIAN_POINT('',(41.8205377835,6.966921675835,129.10683526179
    ));
#4032 = CARTESIAN_POINT('',(41.917651094101,7.979747298003,
    129.79320633143));
#4033 = CARTESIAN_POINT('',(41.975304387058,8.985492882236,
    130.46421512805));
#4034 = CARTESIAN_POINT('',(41.995690845528,10.042383957109,
    131.1582118787));
#4035 = CARTESIAN_POINT('',(41.996731983056,10.103960449938,
    131.19860484218));
#4036 = CARTESIAN_POINT('',(41.997625966386,10.16549585693,
    131.23893024228));
#4037 = CARTESIAN_POINT('',(41.998373038731,10.226989364593,
    131.27918757715));
#4038 = CARTESIAN_POINT('',(41.9989734474,10.288440158957,
    131.31937634891));
#4039 = CARTESIAN_POINT('',(41.999427443805,10.349847425574,
    131.35949606361));
#4040 = CARTESIAN_POINT('',(41.999735283458,10.411210349517,
    131.39954623124));
#4041 = CARTESIAN_POINT('',(41.999922796447,10.482210098032,
    131.44583916865));
#4042 = CARTESIAN_POINT('',(41.999944729429,10.491890944471,
    131.45215022863));
#4043 = CARTESIAN_POINT('',(41.999963025937,10.501570666112,
    131.45845953918));
#4044 = CARTESIAN_POINT('',(41.999977686998,10.511249266766,
    131.46476709619));
#4045 = CARTESIAN_POINT('',(41.999988713638,10.520926742638,
    131.47107289797));
#4046 = CARTESIAN_POINT('',(41.999996106889,10.530603082324,
    131.47737694529));
#4047 = CARTESIAN_POINT('',(41.999999867784,10.540278266815,
    131.48367924129));
#4048 = CARTESIAN_POINT('',(41.999999998017,10.550001465939,
    131.49001183257));
#4049 = CARTESIAN_POINT('',(41.999999998582,10.550050927955,
    131.49004378187));
#4050 = CARTESIAN_POINT('',(41.999999999053,10.550099970341,
    131.49007586652));
#4051 = CARTESIAN_POINT('',(41.99999999943,10.5501487709,131.49010803181
    ));
#4052 = CARTESIAN_POINT('',(41.999999999713,10.550197836957,
    131.49014011407));
#4053 = CARTESIAN_POINT('',(41.999999999903,10.550247471878,
    131.49017201341));
#4054 = CARTESIAN_POINT('',(41.999999999998,10.550297241593,
    131.4902038665));
#4055 = CARTESIAN_POINT('',(42.,10.550345441113,131.49023621928));
#4056 = PCURVE('',#2000,#4057);
#4057 = DEFINITIONAL_REPRESENTATION('',(#4058),#4117);
#4058 = B_SPLINE_CURVE_WITH_KNOTS('',8,(#4059,#4060,#4061,#4062,#4063,
    #4064,#4065,#4066,#4067,#4068,#4069,#4070,#4071,#4072,#4073,#4074,
    #4075,#4076,#4077,#4078,#4079,#4080,#4081,#4082,#4083,#4084,#4085,
    #4086,#4087,#4088,#4089,#4090,#4091,#4092,#4093,#4094,#4095,#4096,
    #4097,#4098,#4099,#4100,#4101,#4102,#4103,#4104,#4105,#4106,#4107,
    #4108,#4109,#4110,#4111,#4112,#4113,#4114,#4115,#4116),
  .UNSPECIFIED.,.F.,.F.,(9,7,7,7,7,7,7,7,9),(0.,0.130408635437,
    0.395991342362,0.63828638053,0.734524362393,0.982230911454,
    0.997566257944,0.999987686002,1.),.UNSPECIFIED.);
#4059 = CARTESIAN_POINT('',(0.,1.42108547152E-14));
#4060 = CARTESIAN_POINT('',(2.633607035226E-02,1.177444520593E-14));
#4061 = CARTESIAN_POINT('',(5.296778965262E-02,1.98242890495E-02));
#4062 = CARTESIAN_POINT('',(7.98698456391E-02,6.025131781808E-02));
#4063 = CARTESIAN_POINT('',(0.107014119947,0.121933700695));
#4064 = CARTESIAN_POINT('',(0.134369752855,0.205365673056));
#4065 = CARTESIAN_POINT('',(0.161903241891,0.310855246278));
#4066 = CARTESIAN_POINT('',(0.189578574299,0.438501060514));
#4067 = CARTESIAN_POINT('',(0.273930134429,0.892989080939));
#4068 = CARTESIAN_POINT('',(0.330952480067,1.289271856926));
#4069 = CARTESIAN_POINT('',(0.388077509002,1.775923973173));
#4070 = CARTESIAN_POINT('',(0.445014993185,2.348267819594));
#4071 = CARTESIAN_POINT('',(0.501540555151,2.998840440601));
#4072 = CARTESIAN_POINT('',(0.557490063672,3.718738694998));
#4073 = CARTESIAN_POINT('',(0.612751155287,4.498578211205));
#4074 = CARTESIAN_POINT('',(0.716982614323,6.086955456366));
#4075 = CARTESIAN_POINT('',(0.766096840832,6.887242124198));
#4076 = CARTESIAN_POINT('',(0.814582970147,7.723667518824));
#4077 = CARTESIAN_POINT('',(0.862447408455,8.590061409635));
#4078 = CARTESIAN_POINT('',(0.909712596335,9.480699280278));
#4079 = CARTESIAN_POINT('',(0.956413117988,10.390409026003));
#4080 = CARTESIAN_POINT('',(1.002593455553,11.314593963119));
#4081 = CARTESIAN_POINT('',(1.066463139893,12.620450808283));
#4082 = CARTESIAN_POINT('',(1.084545091929,12.993303483311));
#4083 = CARTESIAN_POINT('',(1.102554906383,13.367515930861));
#4084 = CARTESIAN_POINT('',(1.120495251877,13.742831281926));
#4085 = CARTESIAN_POINT('',(1.13836870685,14.119000191485));
#4086 = CARTESIAN_POINT('',(1.156177750078,14.495780599033));
#4087 = CARTESIAN_POINT('',(1.173924751197,14.872937489107));
#4088 = CARTESIAN_POINT('',(1.237136998974,16.221386871481));
#4089 = CARTESIAN_POINT('',(1.282263827657,17.193468751373));
#4090 = CARTESIAN_POINT('',(1.327033092167,18.162643673259));
#4091 = CARTESIAN_POINT('',(1.371473728564,19.125234143838));
#4092 = CARTESIAN_POINT('',(1.415602525215,20.077701989402));
#4093 = CARTESIAN_POINT('',(1.4594228576,21.016656784241));
#4094 = CARTESIAN_POINT('',(1.502923727645,21.938892891529));
#4095 = CARTESIAN_POINT('',(1.548752029164,22.897324046299));
#4096 = CARTESIAN_POINT('',(1.551422493968,22.95312503654));
#4097 = CARTESIAN_POINT('',(1.554091626638,23.008849755901));
#4098 = CARTESIAN_POINT('',(1.556759420702,23.064497497751));
#4099 = CARTESIAN_POINT('',(1.559425869482,23.120067559121));
#4100 = CARTESIAN_POINT('',(1.562090966097,23.175559240707));
#4101 = CARTESIAN_POINT('',(1.564754703458,23.230971846871));
#4102 = CARTESIAN_POINT('',(1.567837458605,23.295041657338));
#4103 = CARTESIAN_POINT('',(1.568257808266,23.303776640472));
#4104 = CARTESIAN_POINT('',(1.568678124079,23.312509631908));
#4105 = CARTESIAN_POINT('',(1.569098406423,23.321240628748));
#4106 = CARTESIAN_POINT('',(1.569518655236,23.32996962833));
#4107 = CARTESIAN_POINT('',(1.56993887001,23.338696628224));
#4108 = CARTESIAN_POINT('',(1.570359049794,23.347421626238));
#4109 = CARTESIAN_POINT('',(1.570781329803,23.35618898057));
#4110 = CARTESIAN_POINT('',(1.570783481998,23.35623332579));
#4111 = CARTESIAN_POINT('',(1.570785609712,23.356277685444));
#4112 = CARTESIAN_POINT('',(1.570787723276,23.35632205596));
#4113 = CARTESIAN_POINT('',(1.57078985229,23.356366419846));
#4114 = CARTESIAN_POINT('',(1.570792014484,23.356410764705));
#4115 = CARTESIAN_POINT('',(1.570794184585,23.356455102251));
#4116 = CARTESIAN_POINT('',(1.570796263181,23.356499487328));
#4117 = ( GEOMETRIC_REPRESENTATION_CONTEXT(2) 
PARAMETRIC_REPRESENTATION_CONTEXT() REPRESENTATION_CONTEXT('2D SPACE',''
  ) );
#4118 = PCURVE('',#2170,#4119);
#4119 = DEFINITIONAL_REPRESENTATION('',(#4120),#4179);
#4120 = B_SPLINE_CURVE_WITH_KNOTS('',8,(#4121,#4122,#4123,#4124,#4125,
    #4126,#4127,#4128,#4129,#4130,#4131,#4132,#4133,#4134,#4135,#4136,
    #4137,#4138,#4139,#4140,#4141,#4142,#4143,#4144,#4145,#4146,#4147,
    #4148,#4149,#4150,#4151,#4152,#4153,#4154,#4155,#4156,#4157,#4158,
    #4159,#4160,#4161,#4162,#4163,#4164,#4165,#4166,#4167,#4168,#4169,
    #4170,#4171,#4172,#4173,#4174,#4175,#4176,#4177,#4178),
  .UNSPECIFIED.,.F.,.F.,(9,7,7,7,7,7,7,7,9),(0.,0.130408635437,
    0.395991342362,0.63828638053,0.734524362393,0.982230911454,
    0.997566257944,0.999987686002,1.),.UNSPECIFIED.);
#4121 = CARTESIAN_POINT('',(0.,61.488792828143));
#4122 = CARTESIAN_POINT('',(1.393201232904,61.488792828143));
#4123 = CARTESIAN_POINT('',(2.784673320411,61.47098113675));
#4124 = CARTESIAN_POINT('',(4.173509880828,61.434658393902));
#4125 = CARTESIAN_POINT('',(5.55877956968,61.379246132088));
#4126 = CARTESIAN_POINT('',(6.939528098186,61.30431794233));
#4127 = CARTESIAN_POINT('',(8.314777430704,61.209625197766));
#4128 = CARTESIAN_POINT('',(9.683522161122,61.095117334848));
#4129 = CARTESIAN_POINT('',(13.816866342038,60.687732863581));
#4130 = CARTESIAN_POINT('',(16.558721148713,60.332900091888));
#4131 = CARTESIAN_POINT('',(19.260318677644,59.897836438005));
#4132 = CARTESIAN_POINT('',(21.91601801205,59.387274456873));
#4133 = CARTESIAN_POINT('',(24.523572910441,58.808534517314));
#4134 = CARTESIAN_POINT('',(27.083023263959,58.170166236545));
#4135 = CARTESIAN_POINT('',(29.596092864653,57.481065164412));
#4136 = CARTESIAN_POINT('',(34.318992075059,56.08283800387));
#4137 = CARTESIAN_POINT('',(36.536865794073,55.380536057866));
#4138 = CARTESIAN_POINT('',(38.723323186772,54.649048939834));
#4139 = CARTESIAN_POINT('',(40.882751393559,53.894231608306));
#4140 = CARTESIAN_POINT('',(43.019807451128,53.121543989468));
#4141 = CARTESIAN_POINT('',(45.13935805472,52.336009922201));
#4142 = CARTESIAN_POINT('',(47.246517573022,51.542246380454));
#4143 = CARTESIAN_POINT('',(50.180886636334,50.427617927767));
#4144 = CARTESIAN_POINT('',(51.013915601243,50.110140939083));
#4145 = CARTESIAN_POINT('',(51.84610641613,49.79232795473));
#4146 = CARTESIAN_POINT('',(52.677767016062,49.474449878774));
#4147 = CARTESIAN_POINT('',(53.509199942685,49.156773377301));
#4148 = CARTESIAN_POINT('',(54.340702733924,48.839560762198));
#4149 = CARTESIAN_POINT('',(55.172568313692,48.523069874945));
#4150 = CARTESIAN_POINT('',(58.147897667716,47.395448870354));
#4151 = CARTESIAN_POINT('',(60.294927165104,46.589839763539));
#4152 = CARTESIAN_POINT('',(62.451198382628,45.795003431466));
#4153 = CARTESIAN_POINT('',(64.621243406002,45.015109179259));
#4154 = CARTESIAN_POINT('',(66.809134920137,44.25417704844));
#4155 = CARTESIAN_POINT('',(69.01842964245,43.515890979407));
#4156 = CARTESIAN_POINT('',(71.25206210156,42.80338633975));
#4157 = CARTESIAN_POINT('',(73.652154095324,42.076769459437));
#4158 = CARTESIAN_POINT('',(73.792180878741,42.034516054121));
#4159 = CARTESIAN_POINT('',(73.93230954739,41.992371609638));
#4160 = CARTESIAN_POINT('',(74.072540591336,41.95033670702));
#4161 = CARTESIAN_POINT('',(74.212874489348,41.9084119173));
#4162 = CARTESIAN_POINT('',(74.353311708894,41.866597801512));
#4163 = CARTESIAN_POINT('',(74.493852706145,41.824894910685));
#4164 = CARTESIAN_POINT('',(74.65670559384,41.776736610035));
#4165 = CARTESIAN_POINT('',(74.678915865226,41.770172228769));
#4166 = CARTESIAN_POINT('',(74.701128734302,41.763610632833));
#4167 = CARTESIAN_POINT('',(74.723344199236,41.757051818904));
#4168 = CARTESIAN_POINT('',(74.745562262188,41.750495789559));
#4169 = CARTESIAN_POINT('',(74.76778292931,41.74394255327));
#4170 = CARTESIAN_POINT('',(74.79000621075,41.737392124409));
#4171 = CARTESIAN_POINT('',(74.81234514891,41.730811225892));
#4172 = CARTESIAN_POINT('',(74.812458017025,41.73077772172));
#4173 = CARTESIAN_POINT('',(74.812571110961,41.730744543504));
#4174 = CARTESIAN_POINT('',(74.812684342834,41.730711553427));
#4175 = CARTESIAN_POINT('',(74.812797439754,41.730678357477));
#4176 = CARTESIAN_POINT('',(74.81291023267,41.730644719835));
#4177 = CARTESIAN_POINT('',(74.81302294522,41.730610977277));
#4178 = CARTESIAN_POINT('',(74.813137488963,41.730577982615));
#4179 = ( GEOMETRIC_REPRESENTATION_CONTEXT(2) 
PARAMETRIC_REPRESENTATION_CONTEXT() REPRESENTATION_CONTEXT('2D SPACE',''
  ) );
#4180 = ORIENTED_EDGE('',*,*,#1982,.T.);
#4181 = ORIENTED_EDGE('',*,*,#3168,.T.);
#4182 = ADVANCED_FACE('',(#4183),#2170,.T.);
#4183 = FACE_BOUND('',#4184,.T.);
#4184 = EDGE_LOOP('',(#4185,#4186,#4187,#4188));
#4185 = ORIENTED_EDGE('',*,*,#2456,.T.);
#4186 = ORIENTED_EDGE('',*,*,#2058,.T.);
#4187 = ORIENTED_EDGE('',*,*,#3995,.F.);
#4188 = ORIENTED_EDGE('',*,*,#4189,.F.);
#4189 = EDGE_CURVE('',#2457,#3973,#4190,.T.);
#4190 = SURFACE_CURVE('',#4191,(#4244,#4251),.PCURVE_S1.);
#4191 = B_SPLINE_CURVE_WITH_KNOTS('',11,(#4192,#4193,#4194,#4195,#4196,
    #4197,#4198,#4199,#4200,#4201,#4202,#4203,#4204,#4205,#4206,#4207,
    #4208,#4209,#4210,#4211,#4212,#4213,#4214,#4215,#4216,#4217,#4218,
    #4219,#4220,#4221,#4222,#4223,#4224,#4225,#4226,#4227,#4228,#4229,
    #4230,#4231,#4232,#4233,#4234,#4235,#4236,#4237,#4238,#4239,#4240,
    #4241,#4242,#4243),.UNSPECIFIED.,.F.,.F.,(12,10,10,10,10,12),(
    -13.3243456672,0.,15.372198207036,30.744396414072,61.488792828143,
    64.089021524346),.UNSPECIFIED.);
#4192 = CARTESIAN_POINT('',(24.,2.924082684839,59.243418562498));
#4193 = CARTESIAN_POINT('',(24.000000000001,4.99066010734,
    61.928013319737));
#4194 = CARTESIAN_POINT('',(23.999999999995,6.935315303808,
    64.52387518723));
#4195 = CARTESIAN_POINT('',(24.000000000011,8.759100377162,
    67.031286457387));
#4196 = CARTESIAN_POINT('',(23.999999999981,10.463293667142,
    69.450696499374));
#4197 = CARTESIAN_POINT('',(24.000000000025,12.049410958224,
    71.782733284385));
#4198 = CARTESIAN_POINT('',(23.999999999976,13.519207715117,
    74.028213414884));
#4199 = CARTESIAN_POINT('',(24.000000000017,14.874672347113,
    76.188150665096));
#4200 = CARTESIAN_POINT('',(23.999999999991,16.118010499625,
    78.263763023182));
#4201 = CARTESIAN_POINT('',(24.000000000003,17.25162037471,
    80.256478245445));
#4202 = CARTESIAN_POINT('',(23.999999999999,18.278059078966,
    82.167937913328));
#4203 = CARTESIAN_POINT('',(24.000000000001,20.263636363637,
    86.11363636364));
#4204 = CARTESIAN_POINT('',(23.999999999996,21.188181818178,
    88.121590909076));
#4205 = CARTESIAN_POINT('',(24.000000000011,21.977728192459,
    90.026704545497));
#4206 = CARTESIAN_POINT('',(23.999999999979,22.636367315228,
    91.831818181735));
#4207 = CARTESIAN_POINT('',(24.00000000003,23.168191015421,
    93.539772727388));
#4208 = CARTESIAN_POINT('',(23.999999999969,23.577291121666,
    95.153409090792));
#4209 = CARTESIAN_POINT('',(24.000000000023,23.867759462989,
    96.675568181907));
#4210 = CARTESIAN_POINT('',(23.999999999987,24.043687868007,
    98.109090909042));
#4211 = CARTESIAN_POINT('',(24.000000000005,24.10916816567,
    99.456818181837));
#4212 = CARTESIAN_POINT('',(23.999999999999,24.068292184716,
    100.72159090908));
#4213 = CARTESIAN_POINT('',(24.000000000001,23.782011323256,
    103.09090909091));
#4214 = CARTESIAN_POINT('',(23.999999999997,23.536606442738,
    104.19545454544));
#4215 = CARTESIAN_POINT('',(24.000000000006,23.193028941263,
    105.22272727275));
#4216 = CARTESIAN_POINT('',(23.99999999999,22.755370647603,
    106.17556818177));
#4217 = CARTESIAN_POINT('',(24.000000000012,22.227723390637,
    107.05681818187));
#4218 = CARTESIAN_POINT('',(23.99999999999,21.614178999089,
    107.86931818176));
#4219 = CARTESIAN_POINT('',(24.000000000007,20.918829301863,
    108.61590909095));
#4220 = CARTESIAN_POINT('',(23.999999999996,20.145766127694,
    109.29943181815));
#4221 = CARTESIAN_POINT('',(24.000000000001,19.299081305445,
    109.92272727273));
#4222 = CARTESIAN_POINT('',(24.,18.382866663902,110.48863636363));
#4223 = CARTESIAN_POINT('',(24.000000000001,15.437908767856,
    112.02272727273));
#4224 = CARTESIAN_POINT('',(23.999999999998,13.212851541928,
    112.82727272725));
#4225 = CARTESIAN_POINT('',(24.000000000006,10.758776984599,
    113.43636363639));
#4226 = CARTESIAN_POINT('',(23.999999999989,8.108419726367,
    113.87272727267));
#4227 = CARTESIAN_POINT('',(24.000000000014,5.294514397723,
    114.15909090916));
#4228 = CARTESIAN_POINT('',(23.999999999986,2.349795629173,
    114.3181818181));
#4229 = CARTESIAN_POINT('',(24.00000000001,-0.693001948799,
    114.37272727278));
#4230 = CARTESIAN_POINT('',(23.999999999994,-3.801143705685,
    114.34545454542));
#4231 = CARTESIAN_POINT('',(24.000000000002,-6.941895010999,
    114.2590909091));
#4232 = CARTESIAN_POINT('',(23.999999999999,-10.08252123423,
    114.13636363636));
#4233 = CARTESIAN_POINT('',(24.,-13.45312925765,113.98846695067));
#4234 = CARTESIAN_POINT('',(24.,-13.71730984045,113.97687514517));
#4235 = CARTESIAN_POINT('',(24.,-13.98282949329,113.9652245835));
#4236 = CARTESIAN_POINT('',(24.,-14.24968821617,113.95351526566));
#4237 = CARTESIAN_POINT('',(24.,-14.5178860091,113.94174719165));
#4238 = CARTESIAN_POINT('',(24.,-14.78742287206,113.92992036147));
#4239 = CARTESIAN_POINT('',(24.,-15.05829880508,113.91803477511));
#4240 = CARTESIAN_POINT('',(24.,-15.33051380813,113.90609043259));
#4241 = CARTESIAN_POINT('',(24.,-15.60406788123,113.89408733389));
#4242 = CARTESIAN_POINT('',(24.,-15.87896102437,113.88202547903));
#4243 = CARTESIAN_POINT('',(24.,-16.15519323755,113.86990486799));
#4244 = PCURVE('',#2170,#4245);
#4245 = DEFINITIONAL_REPRESENTATION('',(#4246),#4250);
#4246 = LINE('',#4247,#4248);
#4247 = CARTESIAN_POINT('',(0.,0.));
#4248 = VECTOR('',#4249,1.);
#4249 = DIRECTION('',(0.,1.));
#4250 = ( GEOMETRIC_REPRESENTATION_CONTEXT(2) 
PARAMETRIC_REPRESENTATION_CONTEXT() REPRESENTATION_CONTEXT('2D SPACE',''
  ) );
#4251 = PCURVE('',#2619,#4252);
#4252 = DEFINITIONAL_REPRESENTATION('',(#4253),#4296);
#4253 = B_SPLINE_CURVE_WITH_KNOTS('',11,(#4254,#4255,#4256,#4257,#4258,
    #4259,#4260,#4261,#4262,#4263,#4264,#4265,#4266,#4267,#4268,#4269,
    #4270,#4271,#4272,#4273,#4274,#4275,#4276,#4277,#4278,#4279,#4280,
    #4281,#4282,#4283,#4284,#4285,#4286,#4287,#4288,#4289,#4290,#4291,
    #4292,#4293,#4294,#4295),.UNSPECIFIED.,.F.,.F.,(12,10,10,10,12),(
    -13.3243456672,0.,15.372198207036,30.744396414072,61.488792828143),
  .UNSPECIFIED.);
#4254 = CARTESIAN_POINT('',(-0.216198275734,-24.));
#4255 = CARTESIAN_POINT('',(-0.19666253166,-24.));
#4256 = CARTESIAN_POINT('',(-0.17708537196,-23.99999999999));
#4257 = CARTESIAN_POINT('',(-0.157473070955,-24.));
#4258 = CARTESIAN_POINT('',(-0.13783189238,-23.99999999998));
#4259 = CARTESIAN_POINT('',(-0.118168055667,-24.00000000002));
#4260 = CARTESIAN_POINT('',(-9.848760822647E-02,-23.99999999998));
#4261 = CARTESIAN_POINT('',(-7.879620375958E-02,-24.00000000001));
#4262 = CARTESIAN_POINT('',(-5.909878657332E-02,-23.99999999999));
#4263 = CARTESIAN_POINT('',(-3.939918191744E-02,-24.));
#4264 = CARTESIAN_POINT('',(-1.969959232977E-02,-23.99999999999));
#4265 = CARTESIAN_POINT('',(2.272727272727E-02,-24.));
#4266 = CARTESIAN_POINT('',(4.545454545454E-02,-23.99999999999));
#4267 = CARTESIAN_POINT('',(6.818181818183E-02,-24.));
#4268 = CARTESIAN_POINT('',(9.090909090905E-02,-23.99999999998));
#4269 = CARTESIAN_POINT('',(0.113636363636,-24.00000000002));
#4270 = CARTESIAN_POINT('',(0.136363636364,-23.99999999997));
#4271 = CARTESIAN_POINT('',(0.159090909091,-24.00000000001));
#4272 = CARTESIAN_POINT('',(0.181818181818,-23.99999999999));
#4273 = CARTESIAN_POINT('',(0.204545454545,-24.));
#4274 = CARTESIAN_POINT('',(0.227272727273,-23.99999999999));
#4275 = CARTESIAN_POINT('',(0.272727272727,-24.));
#4276 = CARTESIAN_POINT('',(0.295454545455,-23.99999999999));
#4277 = CARTESIAN_POINT('',(0.318181818182,-24.00000000001));
#4278 = CARTESIAN_POINT('',(0.340909090909,-23.99999999998));
#4279 = CARTESIAN_POINT('',(0.363636363636,-24.00000000002));
#4280 = CARTESIAN_POINT('',(0.386363636364,-23.99999999998));
#4281 = CARTESIAN_POINT('',(0.409090909091,-24.00000000001));
#4282 = CARTESIAN_POINT('',(0.431818181818,-23.99999999999));
#4283 = CARTESIAN_POINT('',(0.454545454545,-24.));
#4284 = CARTESIAN_POINT('',(0.477272727273,-23.99999999999));
#4285 = CARTESIAN_POINT('',(0.545454545455,-24.));
#4286 = CARTESIAN_POINT('',(0.590909090909,-23.99999999999));
#4287 = CARTESIAN_POINT('',(0.636363636364,-24.00000000001));
#4288 = CARTESIAN_POINT('',(0.681818181818,-23.99999999997));
#4289 = CARTESIAN_POINT('',(0.727272727273,-24.00000000002));
#4290 = CARTESIAN_POINT('',(0.772727272727,-23.99999999997));
#4291 = CARTESIAN_POINT('',(0.818181818182,-24.00000000002));
#4292 = CARTESIAN_POINT('',(0.863636363636,-23.99999999998));
#4293 = CARTESIAN_POINT('',(0.909090909091,-24.));
#4294 = CARTESIAN_POINT('',(0.954545454545,-23.99999999999));
#4295 = CARTESIAN_POINT('',(1.,-24.));
#4296 = ( GEOMETRIC_REPRESENTATION_CONTEXT(2) 
PARAMETRIC_REPRESENTATION_CONTEXT() REPRESENTATION_CONTEXT('2D SPACE',''
  ) );
#4297 = ADVANCED_FACE('',(#4298),#2590,.F.);
#4298 = FACE_BOUND('',#4299,.F.);
#4299 = EDGE_LOOP('',(#4300,#4301,#4302,#4325));
#4300 = ORIENTED_EDGE('',*,*,#2574,.T.);
#4301 = ORIENTED_EDGE('',*,*,#2942,.T.);
#4302 = ORIENTED_EDGE('',*,*,#4303,.F.);
#4303 = EDGE_CURVE('',#4304,#2639,#4306,.T.);
#4304 = VERTEX_POINT('',#4305);
#4305 = CARTESIAN_POINT('',(0.,-13.1902877449,114.));
#4306 = SURFACE_CURVE('',#4307,(#4311,#4318),.PCURVE_S1.);
#4307 = LINE('',#4308,#4309);
#4308 = CARTESIAN_POINT('',(0.,-13.1902877449,114.));
#4309 = VECTOR('',#4310,1.);
#4310 = DIRECTION('',(-1.,-0.,-0.));
#4311 = PCURVE('',#2590,#4312);
#4312 = DEFINITIONAL_REPRESENTATION('',(#4313),#4317);
#4313 = LINE('',#4314,#4315);
#4314 = CARTESIAN_POINT('',(1.,0.));
#4315 = VECTOR('',#4316,1.);
#4316 = DIRECTION('',(0.,-1.));
#4317 = ( GEOMETRIC_REPRESENTATION_CONTEXT(2) 
PARAMETRIC_REPRESENTATION_CONTEXT() REPRESENTATION_CONTEXT('2D SPACE',''
  ) );
#4318 = PCURVE('',#2656,#4319);
#4319 = DEFINITIONAL_REPRESENTATION('',(#4320),#4324);
#4320 = LINE('',#4321,#4322);
#4321 = CARTESIAN_POINT('',(0.,0.));
#4322 = VECTOR('',#4323,1.);
#4323 = DIRECTION('',(0.,-1.));
#4324 = ( GEOMETRIC_REPRESENTATION_CONTEXT(2) 
PARAMETRIC_REPRESENTATION_CONTEXT() REPRESENTATION_CONTEXT('2D SPACE',''
  ) );
#4325 = ORIENTED_EDGE('',*,*,#4326,.F.);
#4326 = EDGE_CURVE('',#2575,#4304,#4327,.T.);
#4327 = SURFACE_CURVE('',#4328,(#4333,#4340),.PCURVE_S1.);
#4328 = B_SPLINE_CURVE_WITH_KNOTS('',3,(#4329,#4330,#4331,#4332),
  .UNSPECIFIED.,.F.,.F.,(4,4),(0.,1.),.PIECEWISE_BEZIER_KNOTS.);
#4329 = CARTESIAN_POINT('',(0.,19.2,84.));
#4330 = CARTESIAN_POINT('',(0.,34.8,115.));
#4331 = CARTESIAN_POINT('',(0.,9.6,115.));
#4332 = CARTESIAN_POINT('',(0.,-13.1902877449,114.));
#4333 = PCURVE('',#2590,#4334);
#4334 = DEFINITIONAL_REPRESENTATION('',(#4335),#4339);
#4335 = LINE('',#4336,#4337);
#4336 = CARTESIAN_POINT('',(0.,0.));
#4337 = VECTOR('',#4338,1.);
#4338 = DIRECTION('',(1.,0.));
#4339 = ( GEOMETRIC_REPRESENTATION_CONTEXT(2) 
PARAMETRIC_REPRESENTATION_CONTEXT() REPRESENTATION_CONTEXT('2D SPACE',''
  ) );
#4340 = PCURVE('',#2619,#4341);
#4341 = DEFINITIONAL_REPRESENTATION('',(#4342),#4346);
#4342 = LINE('',#4343,#4344);
#4343 = CARTESIAN_POINT('',(0.,0.));
#4344 = VECTOR('',#4345,1.);
#4345 = DIRECTION('',(1.,0.));
#4346 = ( GEOMETRIC_REPRESENTATION_CONTEXT(2) 
PARAMETRIC_REPRESENTATION_CONTEXT() REPRESENTATION_CONTEXT('2D SPACE',''
  ) );
#4347 = ADVANCED_FACE('',(#4348),#2619,.T.);
#4348 = FACE_BOUND('',#4349,.T.);
#4349 = EDGE_LOOP('',(#4350,#4351,#4352,#4373));
#4350 = ORIENTED_EDGE('',*,*,#2605,.T.);
#4351 = ORIENTED_EDGE('',*,*,#4189,.T.);
#4352 = ORIENTED_EDGE('',*,*,#4353,.F.);
#4353 = EDGE_CURVE('',#4304,#3973,#4354,.T.);
#4354 = SURFACE_CURVE('',#4355,(#4359,#4366),.PCURVE_S1.);
#4355 = LINE('',#4356,#4357);
#4356 = CARTESIAN_POINT('',(0.,-13.1902877449,114.));
#4357 = VECTOR('',#4358,1.);
#4358 = DIRECTION('',(1.,0.,0.));
#4359 = PCURVE('',#2619,#4360);
#4360 = DEFINITIONAL_REPRESENTATION('',(#4361),#4365);
#4361 = LINE('',#4362,#4363);
#4362 = CARTESIAN_POINT('',(1.,0.));
#4363 = VECTOR('',#4364,1.);
#4364 = DIRECTION('',(0.,-1.));
#4365 = ( GEOMETRIC_REPRESENTATION_CONTEXT(2) 
PARAMETRIC_REPRESENTATION_CONTEXT() REPRESENTATION_CONTEXT('2D SPACE',''
  ) );
#4366 = PCURVE('',#2656,#4367);
#4367 = DEFINITIONAL_REPRESENTATION('',(#4368),#4372);
#4368 = LINE('',#4369,#4370);
#4369 = CARTESIAN_POINT('',(0.,0.));
#4370 = VECTOR('',#4371,1.);
#4371 = DIRECTION('',(0.,1.));
#4372 = ( GEOMETRIC_REPRESENTATION_CONTEXT(2) 
PARAMETRIC_REPRESENTATION_CONTEXT() REPRESENTATION_CONTEXT('2D SPACE',''
  ) );
#4373 = ORIENTED_EDGE('',*,*,#4326,.F.);
#4374 = ADVANCED_FACE('',(#4375,#4382),#2656,.F.);
#4375 = FACE_BOUND('',#4376,.F.);
#4376 = EDGE_LOOP('',(#4377,#4378,#4379,#4380,#4381));
#4377 = ORIENTED_EDGE('',*,*,#2638,.T.);
#4378 = ORIENTED_EDGE('',*,*,#3207,.F.);
#4379 = ORIENTED_EDGE('',*,*,#3972,.F.);
#4380 = ORIENTED_EDGE('',*,*,#4353,.F.);
#4381 = ORIENTED_EDGE('',*,*,#4303,.T.);
#4382 = FACE_BOUND('',#4383,.F.);
#4383 = EDGE_LOOP('',(#4384,#4414,#4442,#4470));
#4384 = ORIENTED_EDGE('',*,*,#4385,.F.);
#4385 = EDGE_CURVE('',#4386,#4388,#4390,.T.);
#4386 = VERTEX_POINT('',#4387);
#4387 = CARTESIAN_POINT('',(-6.25,-2.598599979681,150.93760489709));
#4388 = VERTEX_POINT('',#4389);
#4389 = CARTESIAN_POINT('',(6.25,-2.598599979681,150.93760489709));
#4390 = SURFACE_CURVE('',#4391,(#4395,#4402),.PCURVE_S1.);
#4391 = LINE('',#4392,#4393);
#4392 = CARTESIAN_POINT('',(-3.125,-2.598599979681,150.93760489709));
#4393 = VECTOR('',#4394,1.);
#4394 = DIRECTION('',(1.,-0.,0.));
#4395 = PCURVE('',#2656,#4396);
#4396 = DEFINITIONAL_REPRESENTATION('',(#4397),#4401);
#4397 = LINE('',#4398,#4399);
#4398 = CARTESIAN_POINT('',(38.426169536521,-3.125));
#4399 = VECTOR('',#4400,1.);
#4400 = DIRECTION('',(0.,1.));
#4401 = ( GEOMETRIC_REPRESENTATION_CONTEXT(2) 
PARAMETRIC_REPRESENTATION_CONTEXT() REPRESENTATION_CONTEXT('2D SPACE',''
  ) );
#4402 = PCURVE('',#4403,#4408);
#4403 = PLANE('',#4404);
#4404 = AXIS2_PLACEMENT_3D('',#4405,#4406,#4407);
#4405 = CARTESIAN_POINT('',(-6.25,1.43869914326,149.77992800266));
#4406 = DIRECTION('',(0.,0.275637355817,0.961261695938));
#4407 = DIRECTION('',(0.,-0.961261695938,0.275637355817));
#4408 = DEFINITIONAL_REPRESENTATION('',(#4409),#4413);
#4409 = LINE('',#4410,#4411);
#4410 = CARTESIAN_POINT('',(4.2,3.125));
#4411 = VECTOR('',#4412,1.);
#4412 = DIRECTION('',(0.,1.));
#4413 = ( GEOMETRIC_REPRESENTATION_CONTEXT(2) 
PARAMETRIC_REPRESENTATION_CONTEXT() REPRESENTATION_CONTEXT('2D SPACE',''
  ) );
#4414 = ORIENTED_EDGE('',*,*,#4415,.T.);
#4415 = EDGE_CURVE('',#4386,#4416,#4418,.T.);
#4416 = VERTEX_POINT('',#4417);
#4417 = CARTESIAN_POINT('',(-6.25,-6.044066927394,138.92183369786));
#4418 = SURFACE_CURVE('',#4419,(#4423,#4430),.PCURVE_S1.);
#4419 = LINE('',#4420,#4421);
#4420 = CARTESIAN_POINT('',(-6.25,-9.617177336149,126.46091684893));
#4421 = VECTOR('',#4422,1.);
#4422 = DIRECTION('',(0.,-0.275637355817,-0.961261695938));
#4423 = PCURVE('',#2656,#4424);
#4424 = DEFINITIONAL_REPRESENTATION('',(#4425),#4429);
#4425 = LINE('',#4426,#4427);
#4426 = CARTESIAN_POINT('',(12.963084768259,-6.25));
#4427 = VECTOR('',#4428,1.);
#4428 = DIRECTION('',(-1.,0.));
#4429 = ( GEOMETRIC_REPRESENTATION_CONTEXT(2) 
PARAMETRIC_REPRESENTATION_CONTEXT() REPRESENTATION_CONTEXT('2D SPACE',''
  ) );
#4430 = PCURVE('',#4431,#4436);
#4431 = PLANE('',#4432);
#4432 = AXIS2_PLACEMENT_3D('',#4433,#4434,#4435);
#4433 = CARTESIAN_POINT('',(-6.25,-2.006767804453,137.76415680343));
#4434 = DIRECTION('',(1.,0.,0.));
#4435 = DIRECTION('',(0.,-0.961261695938,0.275637355817));
#4436 = DEFINITIONAL_REPRESENTATION('',(#4437),#4441);
#4437 = LINE('',#4438,#4439);
#4438 = CARTESIAN_POINT('',(4.199999999999,12.963084768262));
#4439 = VECTOR('',#4440,1.);
#4440 = DIRECTION('',(-2.612296107887E-17,1.));
#4441 = ( GEOMETRIC_REPRESENTATION_CONTEXT(2) 
PARAMETRIC_REPRESENTATION_CONTEXT() REPRESENTATION_CONTEXT('2D SPACE',''
  ) );
#4442 = ORIENTED_EDGE('',*,*,#4443,.T.);
#4443 = EDGE_CURVE('',#4416,#4444,#4446,.T.);
#4444 = VERTEX_POINT('',#4445);
#4445 = CARTESIAN_POINT('',(6.25,-6.044066927394,138.92183369786));
#4446 = SURFACE_CURVE('',#4447,(#4451,#4458),.PCURVE_S1.);
#4447 = LINE('',#4448,#4449);
#4448 = CARTESIAN_POINT('',(-3.125,-6.044066927394,138.92183369786));
#4449 = VECTOR('',#4450,1.);
#4450 = DIRECTION('',(1.,-0.,0.));
#4451 = PCURVE('',#2656,#4452);
#4452 = DEFINITIONAL_REPRESENTATION('',(#4453),#4457);
#4453 = LINE('',#4454,#4455);
#4454 = CARTESIAN_POINT('',(25.926169536519,-3.125));
#4455 = VECTOR('',#4456,1.);
#4456 = DIRECTION('',(0.,1.));
#4457 = ( GEOMETRIC_REPRESENTATION_CONTEXT(2) 
PARAMETRIC_REPRESENTATION_CONTEXT() REPRESENTATION_CONTEXT('2D SPACE',''
  ) );
#4458 = PCURVE('',#4459,#4464);
#4459 = PLANE('',#4460);
#4460 = AXIS2_PLACEMENT_3D('',#4461,#4462,#4463);
#4461 = CARTESIAN_POINT('',(-6.25,-2.006767804453,137.76415680343));
#4462 = DIRECTION('',(0.,0.275637355817,0.961261695938));
#4463 = DIRECTION('',(0.,-0.961261695938,0.275637355817));
#4464 = DEFINITIONAL_REPRESENTATION('',(#4465),#4469);
#4465 = LINE('',#4466,#4467);
#4466 = CARTESIAN_POINT('',(4.2,3.125));
#4467 = VECTOR('',#4468,1.);
#4468 = DIRECTION('',(0.,1.));
#4469 = ( GEOMETRIC_REPRESENTATION_CONTEXT(2) 
PARAMETRIC_REPRESENTATION_CONTEXT() REPRESENTATION_CONTEXT('2D SPACE',''
  ) );
#4470 = ORIENTED_EDGE('',*,*,#4471,.F.);
#4471 = EDGE_CURVE('',#4388,#4444,#4472,.T.);
#4472 = SURFACE_CURVE('',#4473,(#4477,#4484),.PCURVE_S1.);
#4473 = LINE('',#4474,#4475);
#4474 = CARTESIAN_POINT('',(6.25,-9.617177336149,126.46091684893));
#4475 = VECTOR('',#4476,1.);
#4476 = DIRECTION('',(0.,-0.275637355817,-0.961261695938));
#4477 = PCURVE('',#2656,#4478);
#4478 = DEFINITIONAL_REPRESENTATION('',(#4479),#4483);
#4479 = LINE('',#4480,#4481);
#4480 = CARTESIAN_POINT('',(12.963084768259,6.25));
#4481 = VECTOR('',#4482,1.);
#4482 = DIRECTION('',(-1.,0.));
#4483 = ( GEOMETRIC_REPRESENTATION_CONTEXT(2) 
PARAMETRIC_REPRESENTATION_CONTEXT() REPRESENTATION_CONTEXT('2D SPACE',''
  ) );
#4484 = PCURVE('',#4485,#4490);
#4485 = PLANE('',#4486);
#4486 = AXIS2_PLACEMENT_3D('',#4487,#4488,#4489);
#4487 = CARTESIAN_POINT('',(6.25,-2.006767804453,137.76415680343));
#4488 = DIRECTION('',(1.,0.,0.));
#4489 = DIRECTION('',(0.,-0.961261695938,0.275637355817));
#4490 = DEFINITIONAL_REPRESENTATION('',(#4491),#4495);
#4491 = LINE('',#4492,#4493);
#4492 = CARTESIAN_POINT('',(4.199999999999,12.963084768262));
#4493 = VECTOR('',#4494,1.);
#4494 = DIRECTION('',(-2.612296107887E-17,1.));
#4495 = ( GEOMETRIC_REPRESENTATION_CONTEXT(2) 
PARAMETRIC_REPRESENTATION_CONTEXT() REPRESENTATION_CONTEXT('2D SPACE',''
  ) );
#4496 = ADVANCED_FACE('',(#4497),#3305,.F.);
#4497 = FACE_BOUND('',#4498,.F.);
#4498 = EDGE_LOOP('',(#4499,#4520,#4548,#4567));
#4499 = ORIENTED_EDGE('',*,*,#4500,.F.);
#4500 = EDGE_CURVE('',#4501,#3290,#4503,.T.);
#4501 = VERTEX_POINT('',#4502);
#4502 = CARTESIAN_POINT('',(-39.,65.75,35.));
#4503 = SURFACE_CURVE('',#4504,(#4507,#4513),.PCURVE_S1.);
#4504 = B_SPLINE_CURVE_WITH_KNOTS('',1,(#4505,#4506),.UNSPECIFIED.,.F.,
  .F.,(2,2),(0.,1.),.PIECEWISE_BEZIER_KNOTS.);
#4505 = CARTESIAN_POINT('',(-39.,65.75,35.));
#4506 = CARTESIAN_POINT('',(-39.,72.,160.));
#4507 = PCURVE('',#3305,#4508);
#4508 = DEFINITIONAL_REPRESENTATION('',(#4509),#4512);
#4509 = B_SPLINE_CURVE_WITH_KNOTS('',1,(#4510,#4511),.UNSPECIFIED.,.F.,
  .F.,(2,2),(0.,1.),.PIECEWISE_BEZIER_KNOTS.);
#4510 = CARTESIAN_POINT('',(-7.315205094241,-62.69288580596));
#4511 = CARTESIAN_POINT('',(-16.55296575575,62.121882062111));
#4512 = ( GEOMETRIC_REPRESENTATION_CONTEXT(2) 
PARAMETRIC_REPRESENTATION_CONTEXT() REPRESENTATION_CONTEXT('2D SPACE',''
  ) );
#4513 = PCURVE('',#3512,#4514);
#4514 = DEFINITIONAL_REPRESENTATION('',(#4515),#4519);
#4515 = LINE('',#4516,#4517);
#4516 = CARTESIAN_POINT('',(3.14159265359,0.));
#4517 = VECTOR('',#4518,1.);
#4518 = DIRECTION('',(0.,1.));
#4519 = ( GEOMETRIC_REPRESENTATION_CONTEXT(2) 
PARAMETRIC_REPRESENTATION_CONTEXT() REPRESENTATION_CONTEXT('2D SPACE',''
  ) );
#4520 = ORIENTED_EDGE('',*,*,#4521,.F.);
#4521 = EDGE_CURVE('',#4522,#4501,#4524,.T.);
#4522 = VERTEX_POINT('',#4523);
#4523 = CARTESIAN_POINT('',(-39.,51.,35.));
#4524 = SURFACE_CURVE('',#4525,(#4529,#4536),.PCURVE_S1.);
#4525 = LINE('',#4526,#4527);
#4526 = CARTESIAN_POINT('',(-39.,58.375,35.));
#4527 = VECTOR('',#4528,1.);
#4528 = DIRECTION('',(0.,1.,0.));
#4529 = PCURVE('',#3305,#4530);
#4530 = DEFINITIONAL_REPRESENTATION('',(#4531),#4535);
#4531 = LINE('',#4532,#4533);
#4532 = CARTESIAN_POINT('',(5.768537774696E-02,-62.51650245053));
#4533 = VECTOR('',#4534,1.);
#4534 = DIRECTION('',(-0.999713962303,-2.391638717693E-02));
#4535 = ( GEOMETRIC_REPRESENTATION_CONTEXT(2) 
PARAMETRIC_REPRESENTATION_CONTEXT() REPRESENTATION_CONTEXT('2D SPACE',''
  ) );
#4536 = PCURVE('',#4537,#4542);
#4537 = PLANE('',#4538);
#4538 = AXIS2_PLACEMENT_3D('',#4539,#4540,#4541);
#4539 = CARTESIAN_POINT('',(-24.,65.75,35.));
#4540 = DIRECTION('',(0.,0.,1.));
#4541 = DIRECTION('',(1.,0.,-0.));
#4542 = DEFINITIONAL_REPRESENTATION('',(#4543),#4547);
#4543 = LINE('',#4544,#4545);
#4544 = CARTESIAN_POINT('',(-15.,-7.375));
#4545 = VECTOR('',#4546,1.);
#4546 = DIRECTION('',(0.,1.));
#4547 = ( GEOMETRIC_REPRESENTATION_CONTEXT(2) 
PARAMETRIC_REPRESENTATION_CONTEXT() REPRESENTATION_CONTEXT('2D SPACE',''
  ) );
#4548 = ORIENTED_EDGE('',*,*,#4549,.T.);
#4549 = EDGE_CURVE('',#4522,#3232,#4550,.T.);
#4550 = SURFACE_CURVE('',#4551,(#4554,#4560),.PCURVE_S1.);
#4551 = B_SPLINE_CURVE_WITH_KNOTS('',1,(#4552,#4553),.UNSPECIFIED.,.F.,
  .F.,(2,2),(0.,1.),.PIECEWISE_BEZIER_KNOTS.);
#4552 = CARTESIAN_POINT('',(-39.,51.,35.));
#4553 = CARTESIAN_POINT('',(-39.,39.,160.));
#4554 = PCURVE('',#3305,#4555);
#4555 = DEFINITIONAL_REPRESENTATION('',(#4556),#4559);
#4556 = B_SPLINE_CURVE_WITH_KNOTS('',1,(#4557,#4558),.UNSPECIFIED.,.F.,
  .F.,(2,2),(0.,1.),.PIECEWISE_BEZIER_KNOTS.);
#4557 = CARTESIAN_POINT('',(7.430575849735,-62.3401190951));
#4558 = CARTESIAN_POINT('',(16.437595000259,62.91112283895));
#4559 = ( GEOMETRIC_REPRESENTATION_CONTEXT(2) 
PARAMETRIC_REPRESENTATION_CONTEXT() REPRESENTATION_CONTEXT('2D SPACE',''
  ) );
#4560 = PCURVE('',#3430,#4561);
#4561 = DEFINITIONAL_REPRESENTATION('',(#4562),#4566);
#4562 = LINE('',#4563,#4564);
#4563 = CARTESIAN_POINT('',(3.14159265359,0.));
#4564 = VECTOR('',#4565,1.);
#4565 = DIRECTION('',(0.,1.));
#4566 = ( GEOMETRIC_REPRESENTATION_CONTEXT(2) 
PARAMETRIC_REPRESENTATION_CONTEXT() REPRESENTATION_CONTEXT('2D SPACE',''
  ) );
#4567 = ORIENTED_EDGE('',*,*,#3289,.T.);
#4568 = ADVANCED_FACE('',(#4569),#3430,.F.);
#4569 = FACE_BOUND('',#4570,.F.);
#4570 = EDGE_LOOP('',(#4571,#4592,#4593,#4594));
#4571 = ORIENTED_EDGE('',*,*,#4572,.T.);
#4572 = EDGE_CURVE('',#4573,#3378,#4575,.T.);
#4573 = VERTEX_POINT('',#4574);
#4574 = CARTESIAN_POINT('',(-24.,36.,35.));
#4575 = SURFACE_CURVE('',#4576,(#4579,#4586),.PCURVE_S1.);
#4576 = B_SPLINE_CURVE_WITH_KNOTS('',1,(#4577,#4578),.UNSPECIFIED.,.F.,
  .F.,(2,2),(0.,1.),.PIECEWISE_BEZIER_KNOTS.);
#4577 = CARTESIAN_POINT('',(-24.,36.,35.));
#4578 = CARTESIAN_POINT('',(-24.,24.,160.));
#4579 = PCURVE('',#3430,#4580);
#4580 = DEFINITIONAL_REPRESENTATION('',(#4581),#4585);
#4581 = LINE('',#4582,#4583);
#4582 = CARTESIAN_POINT('',(4.712388980385,0.));
#4583 = VECTOR('',#4584,1.);
#4584 = DIRECTION('',(0.,1.));
#4585 = ( GEOMETRIC_REPRESENTATION_CONTEXT(2) 
PARAMETRIC_REPRESENTATION_CONTEXT() REPRESENTATION_CONTEXT('2D SPACE',''
  ) );
#4586 = PCURVE('',#3627,#4587);
#4587 = DEFINITIONAL_REPRESENTATION('',(#4588),#4591);
#4588 = B_SPLINE_CURVE_WITH_KNOTS('',1,(#4589,#4590),.UNSPECIFIED.,.F.,
  .F.,(2,2),(0.,1.),.PIECEWISE_BEZIER_KNOTS.);
#4589 = CARTESIAN_POINT('',(-24.,-125.5746789762));
#4590 = CARTESIAN_POINT('',(-24.,0.));
#4591 = ( GEOMETRIC_REPRESENTATION_CONTEXT(2) 
PARAMETRIC_REPRESENTATION_CONTEXT() REPRESENTATION_CONTEXT('2D SPACE',''
  ) );
#4592 = ORIENTED_EDGE('',*,*,#3405,.T.);
#4593 = ORIENTED_EDGE('',*,*,#4549,.F.);
#4594 = ORIENTED_EDGE('',*,*,#4595,.T.);
#4595 = EDGE_CURVE('',#4522,#4573,#4596,.T.);
#4596 = SURFACE_CURVE('',#4597,(#4602,#4609),.PCURVE_S1.);
#4597 = CIRCLE('',#4598,15.);
#4598 = AXIS2_PLACEMENT_3D('',#4599,#4600,#4601);
#4599 = CARTESIAN_POINT('',(-24.,51.,35.));
#4600 = DIRECTION('',(0.,0.,1.));
#4601 = DIRECTION('',(1.,0.,-0.));
#4602 = PCURVE('',#3430,#4603);
#4603 = DEFINITIONAL_REPRESENTATION('',(#4604),#4608);
#4604 = LINE('',#4605,#4606);
#4605 = CARTESIAN_POINT('',(0.,0.));
#4606 = VECTOR('',#4607,1.);
#4607 = DIRECTION('',(1.,0.));
#4608 = ( GEOMETRIC_REPRESENTATION_CONTEXT(2) 
PARAMETRIC_REPRESENTATION_CONTEXT() REPRESENTATION_CONTEXT('2D SPACE',''
  ) );
#4609 = PCURVE('',#4537,#4610);
#4610 = DEFINITIONAL_REPRESENTATION('',(#4611),#4615);
#4611 = CIRCLE('',#4612,15.);
#4612 = AXIS2_PLACEMENT_2D('',#4613,#4614);
#4613 = CARTESIAN_POINT('',(0.,-14.75));
#4614 = DIRECTION('',(1.,0.));
#4615 = ( GEOMETRIC_REPRESENTATION_CONTEXT(2) 
PARAMETRIC_REPRESENTATION_CONTEXT() REPRESENTATION_CONTEXT('2D SPACE',''
  ) );
#4616 = ADVANCED_FACE('',(#4617),#3512,.F.);
#4617 = FACE_BOUND('',#4618,.F.);
#4618 = EDGE_LOOP('',(#4619,#4620,#4621,#4642));
#4619 = ORIENTED_EDGE('',*,*,#4500,.T.);
#4620 = ORIENTED_EDGE('',*,*,#3485,.T.);
#4621 = ORIENTED_EDGE('',*,*,#4622,.F.);
#4622 = EDGE_CURVE('',#4623,#3486,#4625,.T.);
#4623 = VERTEX_POINT('',#4624);
#4624 = CARTESIAN_POINT('',(-24.,80.75,35.));
#4625 = SURFACE_CURVE('',#4626,(#4629,#4636),.PCURVE_S1.);
#4626 = B_SPLINE_CURVE_WITH_KNOTS('',1,(#4627,#4628),.UNSPECIFIED.,.F.,
  .F.,(2,2),(0.,1.),.PIECEWISE_BEZIER_KNOTS.);
#4627 = CARTESIAN_POINT('',(-24.,80.75,35.));
#4628 = CARTESIAN_POINT('',(-24.,87.,160.));
#4629 = PCURVE('',#3512,#4630);
#4630 = DEFINITIONAL_REPRESENTATION('',(#4631),#4635);
#4631 = LINE('',#4632,#4633);
#4632 = CARTESIAN_POINT('',(1.570796326795,0.));
#4633 = VECTOR('',#4634,1.);
#4634 = DIRECTION('',(0.,1.));
#4635 = ( GEOMETRIC_REPRESENTATION_CONTEXT(2) 
PARAMETRIC_REPRESENTATION_CONTEXT() REPRESENTATION_CONTEXT('2D SPACE',''
  ) );
#4636 = PCURVE('',#3661,#4637);
#4637 = DEFINITIONAL_REPRESENTATION('',(#4638),#4641);
#4638 = B_SPLINE_CURVE_WITH_KNOTS('',1,(#4639,#4640),.UNSPECIFIED.,.F.,
  .F.,(2,2),(0.,1.),.PIECEWISE_BEZIER_KNOTS.);
#4639 = CARTESIAN_POINT('',(24.,-125.1561524656));
#4640 = CARTESIAN_POINT('',(24.,0.));
#4641 = ( GEOMETRIC_REPRESENTATION_CONTEXT(2) 
PARAMETRIC_REPRESENTATION_CONTEXT() REPRESENTATION_CONTEXT('2D SPACE',''
  ) );
#4642 = ORIENTED_EDGE('',*,*,#4643,.T.);
#4643 = EDGE_CURVE('',#4623,#4501,#4644,.T.);
#4644 = SURFACE_CURVE('',#4645,(#4650,#4657),.PCURVE_S1.);
#4645 = CIRCLE('',#4646,15.);
#4646 = AXIS2_PLACEMENT_3D('',#4647,#4648,#4649);
#4647 = CARTESIAN_POINT('',(-24.,65.75,35.));
#4648 = DIRECTION('',(0.,0.,1.));
#4649 = DIRECTION('',(1.,0.,-0.));
#4650 = PCURVE('',#3512,#4651);
#4651 = DEFINITIONAL_REPRESENTATION('',(#4652),#4656);
#4652 = LINE('',#4653,#4654);
#4653 = CARTESIAN_POINT('',(0.,0.));
#4654 = VECTOR('',#4655,1.);
#4655 = DIRECTION('',(1.,0.));
#4656 = ( GEOMETRIC_REPRESENTATION_CONTEXT(2) 
PARAMETRIC_REPRESENTATION_CONTEXT() REPRESENTATION_CONTEXT('2D SPACE',''
  ) );
#4657 = PCURVE('',#4537,#4658);
#4658 = DEFINITIONAL_REPRESENTATION('',(#4659),#4663);
#4659 = CIRCLE('',#4660,15.);
#4660 = AXIS2_PLACEMENT_2D('',#4661,#4662);
#4661 = CARTESIAN_POINT('',(0.,0.));
#4662 = DIRECTION('',(1.,0.));
#4663 = ( GEOMETRIC_REPRESENTATION_CONTEXT(2) 
PARAMETRIC_REPRESENTATION_CONTEXT() REPRESENTATION_CONTEXT('2D SPACE',''
  ) );
#4664 = ADVANCED_FACE('',(#4665),#3627,.F.);
#4665 = FACE_BOUND('',#4666,.F.);
#4666 = EDGE_LOOP('',(#4667,#4688,#4689,#4690));
#4667 = ORIENTED_EDGE('',*,*,#4668,.T.);
#4668 = EDGE_CURVE('',#4669,#3585,#4671,.T.);
#4669 = VERTEX_POINT('',#4670);
#4670 = CARTESIAN_POINT('',(24.,36.,35.));
#4671 = SURFACE_CURVE('',#4672,(#4675,#4681),.PCURVE_S1.);
#4672 = B_SPLINE_CURVE_WITH_KNOTS('',1,(#4673,#4674),.UNSPECIFIED.,.F.,
  .F.,(2,2),(0.,1.),.PIECEWISE_BEZIER_KNOTS.);
#4673 = CARTESIAN_POINT('',(24.,36.,35.));
#4674 = CARTESIAN_POINT('',(24.,24.,160.));
#4675 = PCURVE('',#3627,#4676);
#4676 = DEFINITIONAL_REPRESENTATION('',(#4677),#4680);
#4677 = B_SPLINE_CURVE_WITH_KNOTS('',1,(#4678,#4679),.UNSPECIFIED.,.F.,
  .F.,(2,2),(0.,1.),.PIECEWISE_BEZIER_KNOTS.);
#4678 = CARTESIAN_POINT('',(24.,-125.5746789762));
#4679 = CARTESIAN_POINT('',(24.,0.));
#4680 = ( GEOMETRIC_REPRESENTATION_CONTEXT(2) 
PARAMETRIC_REPRESENTATION_CONTEXT() REPRESENTATION_CONTEXT('2D SPACE',''
  ) );
#4681 = PCURVE('',#3786,#4682);
#4682 = DEFINITIONAL_REPRESENTATION('',(#4683),#4687);
#4683 = LINE('',#4684,#4685);
#4684 = CARTESIAN_POINT('',(4.712388980385,0.));
#4685 = VECTOR('',#4686,1.);
#4686 = DIRECTION('',(0.,1.));
#4687 = ( GEOMETRIC_REPRESENTATION_CONTEXT(2) 
PARAMETRIC_REPRESENTATION_CONTEXT() REPRESENTATION_CONTEXT('2D SPACE',''
  ) );
#4688 = ORIENTED_EDGE('',*,*,#3613,.T.);
#4689 = ORIENTED_EDGE('',*,*,#4572,.F.);
#4690 = ORIENTED_EDGE('',*,*,#4691,.T.);
#4691 = EDGE_CURVE('',#4573,#4669,#4692,.T.);
#4692 = SURFACE_CURVE('',#4693,(#4697,#4704),.PCURVE_S1.);
#4693 = LINE('',#4694,#4695);
#4694 = CARTESIAN_POINT('',(0.,36.,35.));
#4695 = VECTOR('',#4696,1.);
#4696 = DIRECTION('',(1.,0.,0.));
#4697 = PCURVE('',#3627,#4698);
#4698 = DEFINITIONAL_REPRESENTATION('',(#4699),#4703);
#4699 = LINE('',#4700,#4701);
#4700 = CARTESIAN_POINT('',(0.,-125.5746789762));
#4701 = VECTOR('',#4702,1.);
#4702 = DIRECTION('',(1.,0.));
#4703 = ( GEOMETRIC_REPRESENTATION_CONTEXT(2) 
PARAMETRIC_REPRESENTATION_CONTEXT() REPRESENTATION_CONTEXT('2D SPACE',''
  ) );
#4704 = PCURVE('',#4537,#4705);
#4705 = DEFINITIONAL_REPRESENTATION('',(#4706),#4710);
#4706 = LINE('',#4707,#4708);
#4707 = CARTESIAN_POINT('',(24.,-29.75));
#4708 = VECTOR('',#4709,1.);
#4709 = DIRECTION('',(1.,0.));
#4710 = ( GEOMETRIC_REPRESENTATION_CONTEXT(2) 
PARAMETRIC_REPRESENTATION_CONTEXT() REPRESENTATION_CONTEXT('2D SPACE',''
  ) );
#4711 = ADVANCED_FACE('',(#4712),#3661,.F.);
#4712 = FACE_BOUND('',#4713,.F.);
#4713 = EDGE_LOOP('',(#4714,#4735,#4756,#4757));
#4714 = ORIENTED_EDGE('',*,*,#4715,.F.);
#4715 = EDGE_CURVE('',#4716,#3646,#4718,.T.);
#4716 = VERTEX_POINT('',#4717);
#4717 = CARTESIAN_POINT('',(24.,80.75,35.));
#4718 = SURFACE_CURVE('',#4719,(#4722,#4728),.PCURVE_S1.);
#4719 = B_SPLINE_CURVE_WITH_KNOTS('',1,(#4720,#4721),.UNSPECIFIED.,.F.,
  .F.,(2,2),(0.,1.),.PIECEWISE_BEZIER_KNOTS.);
#4720 = CARTESIAN_POINT('',(24.,80.75,35.));
#4721 = CARTESIAN_POINT('',(24.,87.,160.));
#4722 = PCURVE('',#3661,#4723);
#4723 = DEFINITIONAL_REPRESENTATION('',(#4724),#4727);
#4724 = B_SPLINE_CURVE_WITH_KNOTS('',1,(#4725,#4726),.UNSPECIFIED.,.F.,
  .F.,(2,2),(0.,1.),.PIECEWISE_BEZIER_KNOTS.);
#4725 = CARTESIAN_POINT('',(-24.,-125.1561524656));
#4726 = CARTESIAN_POINT('',(-24.,0.));
#4727 = ( GEOMETRIC_REPRESENTATION_CONTEXT(2) 
PARAMETRIC_REPRESENTATION_CONTEXT() REPRESENTATION_CONTEXT('2D SPACE',''
  ) );
#4728 = PCURVE('',#3868,#4729);
#4729 = DEFINITIONAL_REPRESENTATION('',(#4730),#4734);
#4730 = LINE('',#4731,#4732);
#4731 = CARTESIAN_POINT('',(1.570796326795,0.));
#4732 = VECTOR('',#4733,1.);
#4733 = DIRECTION('',(0.,1.));
#4734 = ( GEOMETRIC_REPRESENTATION_CONTEXT(2) 
PARAMETRIC_REPRESENTATION_CONTEXT() REPRESENTATION_CONTEXT('2D SPACE',''
  ) );
#4735 = ORIENTED_EDGE('',*,*,#4736,.F.);
#4736 = EDGE_CURVE('',#4623,#4716,#4737,.T.);
#4737 = SURFACE_CURVE('',#4738,(#4742,#4749),.PCURVE_S1.);
#4738 = LINE('',#4739,#4740);
#4739 = CARTESIAN_POINT('',(0.,80.75,35.));
#4740 = VECTOR('',#4741,1.);
#4741 = DIRECTION('',(1.,0.,0.));
#4742 = PCURVE('',#3661,#4743);
#4743 = DEFINITIONAL_REPRESENTATION('',(#4744),#4748);
#4744 = LINE('',#4745,#4746);
#4745 = CARTESIAN_POINT('',(0.,-125.1561524656));
#4746 = VECTOR('',#4747,1.);
#4747 = DIRECTION('',(-1.,0.));
#4748 = ( GEOMETRIC_REPRESENTATION_CONTEXT(2) 
PARAMETRIC_REPRESENTATION_CONTEXT() REPRESENTATION_CONTEXT('2D SPACE',''
  ) );
#4749 = PCURVE('',#4537,#4750);
#4750 = DEFINITIONAL_REPRESENTATION('',(#4751),#4755);
#4751 = LINE('',#4752,#4753);
#4752 = CARTESIAN_POINT('',(24.,15.));
#4753 = VECTOR('',#4754,1.);
#4754 = DIRECTION('',(1.,0.));
#4755 = ( GEOMETRIC_REPRESENTATION_CONTEXT(2) 
PARAMETRIC_REPRESENTATION_CONTEXT() REPRESENTATION_CONTEXT('2D SPACE',''
  ) );
#4756 = ORIENTED_EDGE('',*,*,#4622,.T.);
#4757 = ORIENTED_EDGE('',*,*,#3645,.T.);
#4758 = ADVANCED_FACE('',(#4759),#3786,.F.);
#4759 = FACE_BOUND('',#4760,.F.);
#4760 = EDGE_LOOP('',(#4761,#4782,#4783,#4784));
#4761 = ORIENTED_EDGE('',*,*,#4762,.T.);
#4762 = EDGE_CURVE('',#4763,#3704,#4765,.T.);
#4763 = VERTEX_POINT('',#4764);
#4764 = CARTESIAN_POINT('',(39.,51.,35.));
#4765 = SURFACE_CURVE('',#4766,(#4769,#4776),.PCURVE_S1.);
#4766 = B_SPLINE_CURVE_WITH_KNOTS('',1,(#4767,#4768),.UNSPECIFIED.,.F.,
  .F.,(2,2),(0.,1.),.PIECEWISE_BEZIER_KNOTS.);
#4767 = CARTESIAN_POINT('',(39.,51.,35.));
#4768 = CARTESIAN_POINT('',(39.,39.,160.));
#4769 = PCURVE('',#3786,#4770);
#4770 = DEFINITIONAL_REPRESENTATION('',(#4771),#4775);
#4771 = LINE('',#4772,#4773);
#4772 = CARTESIAN_POINT('',(6.28318530718,0.));
#4773 = VECTOR('',#4774,1.);
#4774 = DIRECTION('',(0.,1.));
#4775 = ( GEOMETRIC_REPRESENTATION_CONTEXT(2) 
PARAMETRIC_REPRESENTATION_CONTEXT() REPRESENTATION_CONTEXT('2D SPACE',''
  ) );
#4776 = PCURVE('',#3955,#4777);
#4777 = DEFINITIONAL_REPRESENTATION('',(#4778),#4781);
#4778 = B_SPLINE_CURVE_WITH_KNOTS('',1,(#4779,#4780),.UNSPECIFIED.,.F.,
  .F.,(2,2),(0.,1.),.PIECEWISE_BEZIER_KNOTS.);
#4779 = CARTESIAN_POINT('',(-7.430575849735,-62.3401190951));
#4780 = CARTESIAN_POINT('',(-16.43759500025,62.91112283895));
#4781 = ( GEOMETRIC_REPRESENTATION_CONTEXT(2) 
PARAMETRIC_REPRESENTATION_CONTEXT() REPRESENTATION_CONTEXT('2D SPACE',''
  ) );
#4782 = ORIENTED_EDGE('',*,*,#3761,.T.);
#4783 = ORIENTED_EDGE('',*,*,#4668,.F.);
#4784 = ORIENTED_EDGE('',*,*,#4785,.T.);
#4785 = EDGE_CURVE('',#4669,#4763,#4786,.T.);
#4786 = SURFACE_CURVE('',#4787,(#4792,#4799),.PCURVE_S1.);
#4787 = CIRCLE('',#4788,15.);
#4788 = AXIS2_PLACEMENT_3D('',#4789,#4790,#4791);
#4789 = CARTESIAN_POINT('',(24.,51.,35.));
#4790 = DIRECTION('',(0.,0.,1.));
#4791 = DIRECTION('',(1.,0.,-0.));
#4792 = PCURVE('',#3786,#4793);
#4793 = DEFINITIONAL_REPRESENTATION('',(#4794),#4798);
#4794 = LINE('',#4795,#4796);
#4795 = CARTESIAN_POINT('',(0.,0.));
#4796 = VECTOR('',#4797,1.);
#4797 = DIRECTION('',(1.,0.));
#4798 = ( GEOMETRIC_REPRESENTATION_CONTEXT(2) 
PARAMETRIC_REPRESENTATION_CONTEXT() REPRESENTATION_CONTEXT('2D SPACE',''
  ) );
#4799 = PCURVE('',#4537,#4800);
#4800 = DEFINITIONAL_REPRESENTATION('',(#4801),#4805);
#4801 = CIRCLE('',#4802,15.);
#4802 = AXIS2_PLACEMENT_2D('',#4803,#4804);
#4803 = CARTESIAN_POINT('',(48.,-14.75));
#4804 = DIRECTION('',(1.,0.));
#4805 = ( GEOMETRIC_REPRESENTATION_CONTEXT(2) 
PARAMETRIC_REPRESENTATION_CONTEXT() REPRESENTATION_CONTEXT('2D SPACE',''
  ) );
#4806 = ADVANCED_FACE('',(#4807),#3868,.F.);
#4807 = FACE_BOUND('',#4808,.F.);
#4808 = EDGE_LOOP('',(#4809,#4810,#4811,#4832));
#4809 = ORIENTED_EDGE('',*,*,#4715,.T.);
#4810 = ORIENTED_EDGE('',*,*,#3841,.T.);
#4811 = ORIENTED_EDGE('',*,*,#4812,.F.);
#4812 = EDGE_CURVE('',#4813,#3842,#4815,.T.);
#4813 = VERTEX_POINT('',#4814);
#4814 = CARTESIAN_POINT('',(39.,65.75,35.));
#4815 = SURFACE_CURVE('',#4816,(#4819,#4826),.PCURVE_S1.);
#4816 = B_SPLINE_CURVE_WITH_KNOTS('',1,(#4817,#4818),.UNSPECIFIED.,.F.,
  .F.,(2,2),(0.,1.),.PIECEWISE_BEZIER_KNOTS.);
#4817 = CARTESIAN_POINT('',(39.,65.75,35.));
#4818 = CARTESIAN_POINT('',(39.,72.,160.));
#4819 = PCURVE('',#3868,#4820);
#4820 = DEFINITIONAL_REPRESENTATION('',(#4821),#4825);
#4821 = LINE('',#4822,#4823);
#4822 = CARTESIAN_POINT('',(0.,0.));
#4823 = VECTOR('',#4824,1.);
#4824 = DIRECTION('',(0.,1.));
#4825 = ( GEOMETRIC_REPRESENTATION_CONTEXT(2) 
PARAMETRIC_REPRESENTATION_CONTEXT() REPRESENTATION_CONTEXT('2D SPACE',''
  ) );
#4826 = PCURVE('',#3955,#4827);
#4827 = DEFINITIONAL_REPRESENTATION('',(#4828),#4831);
#4828 = B_SPLINE_CURVE_WITH_KNOTS('',1,(#4829,#4830),.UNSPECIFIED.,.F.,
  .F.,(2,2),(0.,1.),.PIECEWISE_BEZIER_KNOTS.);
#4829 = CARTESIAN_POINT('',(7.315205094241,-62.69288580596));
#4830 = CARTESIAN_POINT('',(16.552965755753,62.121882062111));
#4831 = ( GEOMETRIC_REPRESENTATION_CONTEXT(2) 
PARAMETRIC_REPRESENTATION_CONTEXT() REPRESENTATION_CONTEXT('2D SPACE',''
  ) );
#4832 = ORIENTED_EDGE('',*,*,#4833,.T.);
#4833 = EDGE_CURVE('',#4813,#4716,#4834,.T.);
#4834 = SURFACE_CURVE('',#4835,(#4840,#4847),.PCURVE_S1.);
#4835 = CIRCLE('',#4836,15.);
#4836 = AXIS2_PLACEMENT_3D('',#4837,#4838,#4839);
#4837 = CARTESIAN_POINT('',(24.,65.75,35.));
#4838 = DIRECTION('',(0.,0.,1.));
#4839 = DIRECTION('',(1.,0.,-0.));
#4840 = PCURVE('',#3868,#4841);
#4841 = DEFINITIONAL_REPRESENTATION('',(#4842),#4846);
#4842 = LINE('',#4843,#4844);
#4843 = CARTESIAN_POINT('',(0.,0.));
#4844 = VECTOR('',#4845,1.);
#4845 = DIRECTION('',(1.,0.));
#4846 = ( GEOMETRIC_REPRESENTATION_CONTEXT(2) 
PARAMETRIC_REPRESENTATION_CONTEXT() REPRESENTATION_CONTEXT('2D SPACE',''
  ) );
#4847 = PCURVE('',#4537,#4848);
#4848 = DEFINITIONAL_REPRESENTATION('',(#4849),#4853);
#4849 = CIRCLE('',#4850,15.);
#4850 = AXIS2_PLACEMENT_2D('',#4851,#4852);
#4851 = CARTESIAN_POINT('',(48.,0.));
#4852 = DIRECTION('',(1.,0.));
#4853 = ( GEOMETRIC_REPRESENTATION_CONTEXT(2) 
PARAMETRIC_REPRESENTATION_CONTEXT() REPRESENTATION_CONTEXT('2D SPACE',''
  ) );
#4854 = ADVANCED_FACE('',(#4855),#3955,.F.);
#4855 = FACE_BOUND('',#4856,.F.);
#4856 = EDGE_LOOP('',(#4857,#4858,#4879,#4880));
#4857 = ORIENTED_EDGE('',*,*,#4762,.F.);
#4858 = ORIENTED_EDGE('',*,*,#4859,.T.);
#4859 = EDGE_CURVE('',#4763,#4813,#4860,.T.);
#4860 = SURFACE_CURVE('',#4861,(#4865,#4872),.PCURVE_S1.);
#4861 = LINE('',#4862,#4863);
#4862 = CARTESIAN_POINT('',(39.,58.375,35.));
#4863 = VECTOR('',#4864,1.);
#4864 = DIRECTION('',(0.,1.,0.));
#4865 = PCURVE('',#3955,#4866);
#4866 = DEFINITIONAL_REPRESENTATION('',(#4867),#4871);
#4867 = LINE('',#4868,#4869);
#4868 = CARTESIAN_POINT('',(-5.768537774696E-02,-62.51650245053));
#4869 = VECTOR('',#4870,1.);
#4870 = DIRECTION('',(0.999713962303,-2.391638717693E-02));
#4871 = ( GEOMETRIC_REPRESENTATION_CONTEXT(2) 
PARAMETRIC_REPRESENTATION_CONTEXT() REPRESENTATION_CONTEXT('2D SPACE',''
  ) );
#4872 = PCURVE('',#4537,#4873);
#4873 = DEFINITIONAL_REPRESENTATION('',(#4874),#4878);
#4874 = LINE('',#4875,#4876);
#4875 = CARTESIAN_POINT('',(63.,-7.375));
#4876 = VECTOR('',#4877,1.);
#4877 = DIRECTION('',(0.,1.));
#4878 = ( GEOMETRIC_REPRESENTATION_CONTEXT(2) 
PARAMETRIC_REPRESENTATION_CONTEXT() REPRESENTATION_CONTEXT('2D SPACE',''
  ) );
#4879 = ORIENTED_EDGE('',*,*,#4812,.T.);
#4880 = ORIENTED_EDGE('',*,*,#3941,.T.);
#4881 = ADVANCED_FACE('',(#4882),#4403,.F.);
#4882 = FACE_BOUND('',#4883,.F.);
#4883 = EDGE_LOOP('',(#4884,#4907,#4935,#4956));
#4884 = ORIENTED_EDGE('',*,*,#4885,.F.);
#4885 = EDGE_CURVE('',#4886,#4388,#4888,.T.);
#4886 = VERTEX_POINT('',#4887);
#4887 = CARTESIAN_POINT('',(6.25,1.43869914326,149.77992800266));
#4888 = SURFACE_CURVE('',#4889,(#4893,#4900),.PCURVE_S1.);
#4889 = LINE('',#4890,#4891);
#4890 = CARTESIAN_POINT('',(6.25,1.43869914326,149.77992800266));
#4891 = VECTOR('',#4892,1.);
#4892 = DIRECTION('',(0.,-0.961261695938,0.275637355817));
#4893 = PCURVE('',#4403,#4894);
#4894 = DEFINITIONAL_REPRESENTATION('',(#4895),#4899);
#4895 = LINE('',#4896,#4897);
#4896 = CARTESIAN_POINT('',(0.,12.5));
#4897 = VECTOR('',#4898,1.);
#4898 = DIRECTION('',(1.,0.));
#4899 = ( GEOMETRIC_REPRESENTATION_CONTEXT(2) 
PARAMETRIC_REPRESENTATION_CONTEXT() REPRESENTATION_CONTEXT('2D SPACE',''
  ) );
#4900 = PCURVE('',#4485,#4901);
#4901 = DEFINITIONAL_REPRESENTATION('',(#4902),#4906);
#4902 = LINE('',#4903,#4904);
#4903 = CARTESIAN_POINT('',(8.939011099479E-13,-12.5));
#4904 = VECTOR('',#4905,1.);
#4905 = DIRECTION('',(1.,-2.612296107887E-17));
#4906 = ( GEOMETRIC_REPRESENTATION_CONTEXT(2) 
PARAMETRIC_REPRESENTATION_CONTEXT() REPRESENTATION_CONTEXT('2D SPACE',''
  ) );
#4907 = ORIENTED_EDGE('',*,*,#4908,.F.);
#4908 = EDGE_CURVE('',#4909,#4886,#4911,.T.);
#4909 = VERTEX_POINT('',#4910);
#4910 = CARTESIAN_POINT('',(-6.25,1.43869914326,149.77992800266));
#4911 = SURFACE_CURVE('',#4912,(#4916,#4923),.PCURVE_S1.);
#4912 = LINE('',#4913,#4914);
#4913 = CARTESIAN_POINT('',(-6.25,1.43869914326,149.77992800266));
#4914 = VECTOR('',#4915,1.);
#4915 = DIRECTION('',(1.,0.,0.));
#4916 = PCURVE('',#4403,#4917);
#4917 = DEFINITIONAL_REPRESENTATION('',(#4918),#4922);
#4918 = LINE('',#4919,#4920);
#4919 = CARTESIAN_POINT('',(0.,0.));
#4920 = VECTOR('',#4921,1.);
#4921 = DIRECTION('',(0.,1.));
#4922 = ( GEOMETRIC_REPRESENTATION_CONTEXT(2) 
PARAMETRIC_REPRESENTATION_CONTEXT() REPRESENTATION_CONTEXT('2D SPACE',''
  ) );
#4923 = PCURVE('',#4924,#4929);
#4924 = PLANE('',#4925);
#4925 = AXIS2_PLACEMENT_3D('',#4926,#4927,#4928);
#4926 = CARTESIAN_POINT('',(-6.25,-2.006767804453,137.76415680343));
#4927 = DIRECTION('',(0.,-0.961261695938,0.275637355817));
#4928 = DIRECTION('',(1.,0.,0.));
#4929 = DEFINITIONAL_REPRESENTATION('',(#4930),#4934);
#4930 = LINE('',#4931,#4932);
#4931 = CARTESIAN_POINT('',(0.,12.500000000001));
#4932 = VECTOR('',#4933,1.);
#4933 = DIRECTION('',(1.,0.));
#4934 = ( GEOMETRIC_REPRESENTATION_CONTEXT(2) 
PARAMETRIC_REPRESENTATION_CONTEXT() REPRESENTATION_CONTEXT('2D SPACE',''
  ) );
#4935 = ORIENTED_EDGE('',*,*,#4936,.T.);
#4936 = EDGE_CURVE('',#4909,#4386,#4937,.T.);
#4937 = SURFACE_CURVE('',#4938,(#4942,#4949),.PCURVE_S1.);
#4938 = LINE('',#4939,#4940);
#4939 = CARTESIAN_POINT('',(-6.25,1.43869914326,149.77992800266));
#4940 = VECTOR('',#4941,1.);
#4941 = DIRECTION('',(0.,-0.961261695938,0.275637355817));
#4942 = PCURVE('',#4403,#4943);
#4943 = DEFINITIONAL_REPRESENTATION('',(#4944),#4948);
#4944 = LINE('',#4945,#4946);
#4945 = CARTESIAN_POINT('',(0.,0.));
#4946 = VECTOR('',#4947,1.);
#4947 = DIRECTION('',(1.,0.));
#4948 = ( GEOMETRIC_REPRESENTATION_CONTEXT(2) 
PARAMETRIC_REPRESENTATION_CONTEXT() REPRESENTATION_CONTEXT('2D SPACE',''
  ) );
#4949 = PCURVE('',#4431,#4950);
#4950 = DEFINITIONAL_REPRESENTATION('',(#4951),#4955);
#4951 = LINE('',#4952,#4953);
#4952 = CARTESIAN_POINT('',(8.939011099479E-13,-12.5));
#4953 = VECTOR('',#4954,1.);
#4954 = DIRECTION('',(1.,-2.612296107887E-17));
#4955 = ( GEOMETRIC_REPRESENTATION_CONTEXT(2) 
PARAMETRIC_REPRESENTATION_CONTEXT() REPRESENTATION_CONTEXT('2D SPACE',''
  ) );
#4956 = ORIENTED_EDGE('',*,*,#4385,.T.);
#4957 = ADVANCED_FACE('',(#4958),#4485,.F.);
#4958 = FACE_BOUND('',#4959,.F.);
#4959 = EDGE_LOOP('',(#4960,#4983,#5004,#5005));
#4960 = ORIENTED_EDGE('',*,*,#4961,.F.);
#4961 = EDGE_CURVE('',#4962,#4444,#4964,.T.);
#4962 = VERTEX_POINT('',#4963);
#4963 = CARTESIAN_POINT('',(6.25,-2.006767804453,137.76415680343));
#4964 = SURFACE_CURVE('',#4965,(#4969,#4976),.PCURVE_S1.);
#4965 = LINE('',#4966,#4967);
#4966 = CARTESIAN_POINT('',(6.25,-2.006767804453,137.76415680343));
#4967 = VECTOR('',#4968,1.);
#4968 = DIRECTION('',(0.,-0.961261695938,0.275637355817));
#4969 = PCURVE('',#4485,#4970);
#4970 = DEFINITIONAL_REPRESENTATION('',(#4971),#4975);
#4971 = LINE('',#4972,#4973);
#4972 = CARTESIAN_POINT('',(0.,0.));
#4973 = VECTOR('',#4974,1.);
#4974 = DIRECTION('',(1.,-2.612296107887E-17));
#4975 = ( GEOMETRIC_REPRESENTATION_CONTEXT(2) 
PARAMETRIC_REPRESENTATION_CONTEXT() REPRESENTATION_CONTEXT('2D SPACE',''
  ) );
#4976 = PCURVE('',#4459,#4977);
#4977 = DEFINITIONAL_REPRESENTATION('',(#4978),#4982);
#4978 = LINE('',#4979,#4980);
#4979 = CARTESIAN_POINT('',(0.,12.5));
#4980 = VECTOR('',#4981,1.);
#4981 = DIRECTION('',(1.,0.));
#4982 = ( GEOMETRIC_REPRESENTATION_CONTEXT(2) 
PARAMETRIC_REPRESENTATION_CONTEXT() REPRESENTATION_CONTEXT('2D SPACE',''
  ) );
#4983 = ORIENTED_EDGE('',*,*,#4984,.T.);
#4984 = EDGE_CURVE('',#4962,#4886,#4985,.T.);
#4985 = SURFACE_CURVE('',#4986,(#4990,#4997),.PCURVE_S1.);
#4986 = LINE('',#4987,#4988);
#4987 = CARTESIAN_POINT('',(6.25,-2.006767804453,137.76415680343));
#4988 = VECTOR('',#4989,1.);
#4989 = DIRECTION('',(0.,0.275637355817,0.961261695938));
#4990 = PCURVE('',#4485,#4991);
#4991 = DEFINITIONAL_REPRESENTATION('',(#4992),#4996);
#4992 = LINE('',#4993,#4994);
#4993 = CARTESIAN_POINT('',(0.,0.));
#4994 = VECTOR('',#4995,1.);
#4995 = DIRECTION('',(2.612296107887E-17,-1.));
#4996 = ( GEOMETRIC_REPRESENTATION_CONTEXT(2) 
PARAMETRIC_REPRESENTATION_CONTEXT() REPRESENTATION_CONTEXT('2D SPACE',''
  ) );
#4997 = PCURVE('',#4924,#4998);
#4998 = DEFINITIONAL_REPRESENTATION('',(#4999),#5003);
#4999 = LINE('',#5000,#5001);
#5000 = CARTESIAN_POINT('',(12.5,0.));
#5001 = VECTOR('',#5002,1.);
#5002 = DIRECTION('',(0.,1.));
#5003 = ( GEOMETRIC_REPRESENTATION_CONTEXT(2) 
PARAMETRIC_REPRESENTATION_CONTEXT() REPRESENTATION_CONTEXT('2D SPACE',''
  ) );
#5004 = ORIENTED_EDGE('',*,*,#4885,.T.);
#5005 = ORIENTED_EDGE('',*,*,#4471,.T.);
#5006 = ADVANCED_FACE('',(#5007),#4459,.T.);
#5007 = FACE_BOUND('',#5008,.T.);
#5008 = EDGE_LOOP('',(#5009,#5010,#5033,#5054));
#5009 = ORIENTED_EDGE('',*,*,#4961,.F.);
#5010 = ORIENTED_EDGE('',*,*,#5011,.F.);
#5011 = EDGE_CURVE('',#5012,#4962,#5014,.T.);
#5012 = VERTEX_POINT('',#5013);
#5013 = CARTESIAN_POINT('',(-6.25,-2.006767804453,137.76415680343));
#5014 = SURFACE_CURVE('',#5015,(#5019,#5026),.PCURVE_S1.);
#5015 = LINE('',#5016,#5017);
#5016 = CARTESIAN_POINT('',(-6.25,-2.006767804453,137.76415680343));
#5017 = VECTOR('',#5018,1.);
#5018 = DIRECTION('',(1.,0.,0.));
#5019 = PCURVE('',#4459,#5020);
#5020 = DEFINITIONAL_REPRESENTATION('',(#5021),#5025);
#5021 = LINE('',#5022,#5023);
#5022 = CARTESIAN_POINT('',(0.,0.));
#5023 = VECTOR('',#5024,1.);
#5024 = DIRECTION('',(0.,1.));
#5025 = ( GEOMETRIC_REPRESENTATION_CONTEXT(2) 
PARAMETRIC_REPRESENTATION_CONTEXT() REPRESENTATION_CONTEXT('2D SPACE',''
  ) );
#5026 = PCURVE('',#4924,#5027);
#5027 = DEFINITIONAL_REPRESENTATION('',(#5028),#5032);
#5028 = LINE('',#5029,#5030);
#5029 = CARTESIAN_POINT('',(0.,0.));
#5030 = VECTOR('',#5031,1.);
#5031 = DIRECTION('',(1.,0.));
#5032 = ( GEOMETRIC_REPRESENTATION_CONTEXT(2) 
PARAMETRIC_REPRESENTATION_CONTEXT() REPRESENTATION_CONTEXT('2D SPACE',''
  ) );
#5033 = ORIENTED_EDGE('',*,*,#5034,.T.);
#5034 = EDGE_CURVE('',#5012,#4416,#5035,.T.);
#5035 = SURFACE_CURVE('',#5036,(#5040,#5047),.PCURVE_S1.);
#5036 = LINE('',#5037,#5038);
#5037 = CARTESIAN_POINT('',(-6.25,-2.006767804453,137.76415680343));
#5038 = VECTOR('',#5039,1.);
#5039 = DIRECTION('',(0.,-0.961261695938,0.275637355817));
#5040 = PCURVE('',#4459,#5041);
#5041 = DEFINITIONAL_REPRESENTATION('',(#5042),#5046);
#5042 = LINE('',#5043,#5044);
#5043 = CARTESIAN_POINT('',(0.,0.));
#5044 = VECTOR('',#5045,1.);
#5045 = DIRECTION('',(1.,0.));
#5046 = ( GEOMETRIC_REPRESENTATION_CONTEXT(2) 
PARAMETRIC_REPRESENTATION_CONTEXT() REPRESENTATION_CONTEXT('2D SPACE',''
  ) );
#5047 = PCURVE('',#4431,#5048);
#5048 = DEFINITIONAL_REPRESENTATION('',(#5049),#5053);
#5049 = LINE('',#5050,#5051);
#5050 = CARTESIAN_POINT('',(0.,0.));
#5051 = VECTOR('',#5052,1.);
#5052 = DIRECTION('',(1.,-2.612296107887E-17));
#5053 = ( GEOMETRIC_REPRESENTATION_CONTEXT(2) 
PARAMETRIC_REPRESENTATION_CONTEXT() REPRESENTATION_CONTEXT('2D SPACE',''
  ) );
#5054 = ORIENTED_EDGE('',*,*,#4443,.T.);
#5055 = ADVANCED_FACE('',(#5056),#4431,.T.);
#5056 = FACE_BOUND('',#5057,.T.);
#5057 = EDGE_LOOP('',(#5058,#5059,#5080,#5081));
#5058 = ORIENTED_EDGE('',*,*,#5034,.F.);
#5059 = ORIENTED_EDGE('',*,*,#5060,.T.);
#5060 = EDGE_CURVE('',#5012,#4909,#5061,.T.);
#5061 = SURFACE_CURVE('',#5062,(#5066,#5073),.PCURVE_S1.);
#5062 = LINE('',#5063,#5064);
#5063 = CARTESIAN_POINT('',(-6.25,-2.006767804453,137.76415680343));
#5064 = VECTOR('',#5065,1.);
#5065 = DIRECTION('',(0.,0.275637355817,0.961261695938));
#5066 = PCURVE('',#4431,#5067);
#5067 = DEFINITIONAL_REPRESENTATION('',(#5068),#5072);
#5068 = LINE('',#5069,#5070);
#5069 = CARTESIAN_POINT('',(0.,0.));
#5070 = VECTOR('',#5071,1.);
#5071 = DIRECTION('',(2.612296107887E-17,-1.));
#5072 = ( GEOMETRIC_REPRESENTATION_CONTEXT(2) 
PARAMETRIC_REPRESENTATION_CONTEXT() REPRESENTATION_CONTEXT('2D SPACE',''
  ) );
#5073 = PCURVE('',#4924,#5074);
#5074 = DEFINITIONAL_REPRESENTATION('',(#5075),#5079);
#5075 = LINE('',#5076,#5077);
#5076 = CARTESIAN_POINT('',(0.,0.));
#5077 = VECTOR('',#5078,1.);
#5078 = DIRECTION('',(0.,1.));
#5079 = ( GEOMETRIC_REPRESENTATION_CONTEXT(2) 
PARAMETRIC_REPRESENTATION_CONTEXT() REPRESENTATION_CONTEXT('2D SPACE',''
  ) );
#5080 = ORIENTED_EDGE('',*,*,#4936,.T.);
#5081 = ORIENTED_EDGE('',*,*,#4415,.T.);
#5082 = ADVANCED_FACE('',(#5083),#4537,.T.);
#5083 = FACE_BOUND('',#5084,.T.);
#5084 = EDGE_LOOP('',(#5085,#5086,#5087,#5088,#5089,#5090,#5091,#5092));
#5085 = ORIENTED_EDGE('',*,*,#4521,.F.);
#5086 = ORIENTED_EDGE('',*,*,#4595,.T.);
#5087 = ORIENTED_EDGE('',*,*,#4691,.T.);
#5088 = ORIENTED_EDGE('',*,*,#4785,.T.);
#5089 = ORIENTED_EDGE('',*,*,#4859,.T.);
#5090 = ORIENTED_EDGE('',*,*,#4833,.T.);
#5091 = ORIENTED_EDGE('',*,*,#4736,.F.);
#5092 = ORIENTED_EDGE('',*,*,#4643,.T.);
#5093 = ADVANCED_FACE('',(#5094),#4924,.T.);
#5094 = FACE_BOUND('',#5095,.T.);
#5095 = EDGE_LOOP('',(#5096,#5097,#5098,#5099));
#5096 = ORIENTED_EDGE('',*,*,#5060,.F.);
#5097 = ORIENTED_EDGE('',*,*,#5011,.T.);
#5098 = ORIENTED_EDGE('',*,*,#4984,.T.);
#5099 = ORIENTED_EDGE('',*,*,#4908,.F.);
#5100 = ( GEOMETRIC_REPRESENTATION_CONTEXT(3) 
GLOBAL_UNCERTAINTY_ASSIGNED_CONTEXT((#5104)) 
GLOBAL_UNIT_ASSIGNED_CONTEXT((#5101,#5102,#5103)) REPRESENTATION_CONTEXT
('Context #1','3D Context with UNIT and UNCERTAINTY') );
#5101 = ( LENGTH_UNIT() NAMED_UNIT(*) SI_UNIT(.MILLI.,.METRE.) );
#5102 = ( NAMED_UNIT(*) PLANE_ANGLE_UNIT() SI_UNIT($,.RADIAN.) );
#5103 = ( NAMED_UNIT(*) SI_UNIT($,.STERADIAN.) SOLID_ANGLE_UNIT() );
#5104 = UNCERTAINTY_MEASURE_WITH_UNIT(LENGTH_MEASURE(2.E-06),#5101,
  'distance_accuracy_value','confusion accuracy');
#5105 = CONTEXT_DEPENDENT_SHAPE_REPRESENTATION(#5106,#5108);
#5106 = ( REPRESENTATION_RELATIONSHIP('','',#44,#10) 
REPRESENTATION_RELATIONSHIP_WITH_TRANSFORMATION(#5107) 
SHAPE_REPRESENTATION_RELATIONSHIP() );
#5107 = ITEM_DEFINED_TRANSFORMATION('','',#11,#15);
#5108 = PRODUCT_DEFINITION_SHAPE('Placement','Placement of an item',
  #5109);
#5109 = NEXT_ASSEMBLY_USAGE_OCCURRENCE('44','=>[0:1:1:2]','',#5,#39,$);
#5110 = PRODUCT_RELATED_PRODUCT_CATEGORY('part',$,(#41));
#5111 = SHAPE_DEFINITION_REPRESENTATION(#5112,#5118);
#5112 = PRODUCT_DEFINITION_SHAPE('','',#5113);
#5113 = PRODUCT_DEFINITION('design','',#5114,#5117);
#5114 = PRODUCT_DEFINITION_FORMATION('','',#5115);
#5115 = PRODUCT('body','body','',(#5116));
#5116 = PRODUCT_CONTEXT('',#2,'mechanical');
#5117 = PRODUCT_DEFINITION_CONTEXT('part definition',#2,'design');
#5118 = SHAPE_REPRESENTATION('',(#11,#5119),#5123);
#5119 = AXIS2_PLACEMENT_3D('',#5120,#5121,#5122);
#5120 = CARTESIAN_POINT('',(0.,0.,0.));
#5121 = DIRECTION('',(-0.,0.275637355817,0.961261695938));
#5122 = DIRECTION('',(1.,0.,0.));
#5123 = ( GEOMETRIC_REPRESENTATION_CONTEXT(3) 
GLOBAL_UNCERTAINTY_ASSIGNED_CONTEXT((#5127)) 
GLOBAL_UNIT_ASSIGNED_CONTEXT((#5124,#5125,#5126)) REPRESENTATION_CONTEXT
('Context #1','3D Context with UNIT and UNCERTAINTY') );
#5124 = ( LENGTH_UNIT() NAMED_UNIT(*) SI_UNIT(.MILLI.,.METRE.) );
#5125 = ( NAMED_UNIT(*) PLANE_ANGLE_UNIT() SI_UNIT($,.RADIAN.) );
#5126 = ( NAMED_UNIT(*) SI_UNIT($,.STERADIAN.) SOLID_ANGLE_UNIT() );
#5127 = UNCERTAINTY_MEASURE_WITH_UNIT(LENGTH_MEASURE(1.E-07),#5124,
  'distance_accuracy_value','confusion accuracy');
#5128 = CONTEXT_DEPENDENT_SHAPE_REPRESENTATION(#5129,#5131);
#5129 = ( REPRESENTATION_RELATIONSHIP('','',#5118,#10) 
REPRESENTATION_RELATIONSHIP_WITH_TRANSFORMATION(#5130) 
SHAPE_REPRESENTATION_RELATIONSHIP() );
#5130 = ITEM_DEFINED_TRANSFORMATION('','',#11,#19);
#5131 = PRODUCT_DEFINITION_SHAPE('Placement','Placement of an item',
  #5132);
#5132 = NEXT_ASSEMBLY_USAGE_OCCURRENCE('46','=>[0:1:1:3]','',#5,#5113,$
  );
#5133 = PRODUCT_RELATED_PRODUCT_CATEGORY('part',$,(#5115));
#5134 = SHAPE_DEFINITION_REPRESENTATION(#5135,#5141);
#5135 = PRODUCT_DEFINITION_SHAPE('','',#5136);
#5136 = PRODUCT_DEFINITION('design','',#5137,#5140);
#5137 = PRODUCT_DEFINITION_FORMATION('','',#5138);
#5138 = PRODUCT('Recessed_clock_body','Recessed_clock_body','',(#5139));
#5139 = PRODUCT_CONTEXT('',#2,'mechanical');
#5140 = PRODUCT_DEFINITION_CONTEXT('part definition',#2,'design');
#5141 = ADVANCED_BREP_SHAPE_REPRESENTATION('',(#11,#5142),#5996);
#5142 = MANIFOLD_SOLID_BREP('',#5143);
#5143 = CLOSED_SHELL('',(#5144,#5295,#5350,#5426,#5475,#5524,#5551,#5606
    ,#5613,#5668,#5703,#5758,#5793,#5848,#5883,#5937,#5992));
#5144 = ADVANCED_FACE('',(#5145,#5181),#5158,.F.);
#5145 = FACE_BOUND('',#5146,.T.);
#5146 = EDGE_LOOP('',(#5147));
#5147 = ORIENTED_EDGE('',*,*,#5148,.F.);
#5148 = EDGE_CURVE('',#5149,#5149,#5151,.T.);
#5149 = VERTEX_POINT('',#5150);
#5150 = CARTESIAN_POINT('',(113.,0.,0.));
#5151 = SURFACE_CURVE('',#5152,(#5157,#5169),.PCURVE_S1.);
#5152 = CIRCLE('',#5153,113.);
#5153 = AXIS2_PLACEMENT_3D('',#5154,#5155,#5156);
#5154 = CARTESIAN_POINT('',(0.,0.,0.));
#5155 = DIRECTION('',(0.,0.,1.));
#5156 = DIRECTION('',(1.,0.,-0.));
#5157 = PCURVE('',#5158,#5163);
#5158 = PLANE('',#5159);
#5159 = AXIS2_PLACEMENT_3D('',#5160,#5161,#5162);
#5160 = CARTESIAN_POINT('',(0.,0.,0.));
#5161 = DIRECTION('',(0.,0.,1.));
#5162 = DIRECTION('',(1.,0.,-0.));
#5163 = DEFINITIONAL_REPRESENTATION('',(#5164),#5168);
#5164 = CIRCLE('',#5165,113.);
#5165 = AXIS2_PLACEMENT_2D('',#5166,#5167);
#5166 = CARTESIAN_POINT('',(0.,0.));
#5167 = DIRECTION('',(1.,0.));
#5168 = ( GEOMETRIC_REPRESENTATION_CONTEXT(2) 
PARAMETRIC_REPRESENTATION_CONTEXT() REPRESENTATION_CONTEXT('2D SPACE',''
  ) );
#5169 = PCURVE('',#5170,#5175);
#5170 = CONICAL_SURFACE('',#5171,113.,0.785398163397);
#5171 = AXIS2_PLACEMENT_3D('',#5172,#5173,#5174);
#5172 = CARTESIAN_POINT('',(0.,0.,0.));
#5173 = DIRECTION('',(0.,0.,1.));
#5174 = DIRECTION('',(1.,0.,-0.));
#5175 = DEFINITIONAL_REPRESENTATION('',(#5176),#5180);
#5176 = LINE('',#5177,#5178);
#5177 = CARTESIAN_POINT('',(0.,0.));
#5178 = VECTOR('',#5179,1.);
#5179 = DIRECTION('',(1.,0.));
#5180 = ( GEOMETRIC_REPRESENTATION_CONTEXT(2) 
PARAMETRIC_REPRESENTATION_CONTEXT() REPRESENTATION_CONTEXT('2D SPACE',''
  ) );
#5181 = FACE_BOUND('',#5182,.T.);
#5182 = EDGE_LOOP('',(#5183,#5213,#5241,#5269));
#5183 = ORIENTED_EDGE('',*,*,#5184,.F.);
#5184 = EDGE_CURVE('',#5185,#5187,#5189,.T.);
#5185 = VERTEX_POINT('',#5186);
#5186 = CARTESIAN_POINT('',(-6.25,-17.75,0.));
#5187 = VERTEX_POINT('',#5188);
#5188 = CARTESIAN_POINT('',(6.25,-17.75,0.));
#5189 = SURFACE_CURVE('',#5190,(#5194,#5201),.PCURVE_S1.);
#5190 = LINE('',#5191,#5192);
#5191 = CARTESIAN_POINT('',(-3.125,-17.75,0.));
#5192 = VECTOR('',#5193,1.);
#5193 = DIRECTION('',(1.,0.,0.));
#5194 = PCURVE('',#5158,#5195);
#5195 = DEFINITIONAL_REPRESENTATION('',(#5196),#5200);
#5196 = LINE('',#5197,#5198);
#5197 = CARTESIAN_POINT('',(-3.125,-17.75));
#5198 = VECTOR('',#5199,1.);
#5199 = DIRECTION('',(1.,0.));
#5200 = ( GEOMETRIC_REPRESENTATION_CONTEXT(2) 
PARAMETRIC_REPRESENTATION_CONTEXT() REPRESENTATION_CONTEXT('2D SPACE',''
  ) );
#5201 = PCURVE('',#5202,#5207);
#5202 = PLANE('',#5203);
#5203 = AXIS2_PLACEMENT_3D('',#5204,#5205,#5206);
#5204 = CARTESIAN_POINT('',(-6.25,-17.75,-1.));
#5205 = DIRECTION('',(0.,1.,0.));
#5206 = DIRECTION('',(0.,-0.,1.));
#5207 = DEFINITIONAL_REPRESENTATION('',(#5208),#5212);
#5208 = LINE('',#5209,#5210);
#5209 = CARTESIAN_POINT('',(1.,3.125));
#5210 = VECTOR('',#5211,1.);
#5211 = DIRECTION('',(0.,1.));
#5212 = ( GEOMETRIC_REPRESENTATION_CONTEXT(2) 
PARAMETRIC_REPRESENTATION_CONTEXT() REPRESENTATION_CONTEXT('2D SPACE',''
  ) );
#5213 = ORIENTED_EDGE('',*,*,#5214,.T.);
#5214 = EDGE_CURVE('',#5185,#5215,#5217,.T.);
#5215 = VERTEX_POINT('',#5216);
#5216 = CARTESIAN_POINT('',(-6.25,-30.25,0.));
#5217 = SURFACE_CURVE('',#5218,(#5222,#5229),.PCURVE_S1.);
#5218 = LINE('',#5219,#5220);
#5219 = CARTESIAN_POINT('',(-6.25,-15.125,0.));
#5220 = VECTOR('',#5221,1.);
#5221 = DIRECTION('',(0.,-1.,0.));
#5222 = PCURVE('',#5158,#5223);
#5223 = DEFINITIONAL_REPRESENTATION('',(#5224),#5228);
#5224 = LINE('',#5225,#5226);
#5225 = CARTESIAN_POINT('',(-6.25,-15.125));
#5226 = VECTOR('',#5227,1.);
#5227 = DIRECTION('',(0.,-1.));
#5228 = ( GEOMETRIC_REPRESENTATION_CONTEXT(2) 
PARAMETRIC_REPRESENTATION_CONTEXT() REPRESENTATION_CONTEXT('2D SPACE',''
  ) );
#5229 = PCURVE('',#5230,#5235);
#5230 = PLANE('',#5231);
#5231 = AXIS2_PLACEMENT_3D('',#5232,#5233,#5234);
#5232 = CARTESIAN_POINT('',(-6.25,-30.25,-1.));
#5233 = DIRECTION('',(1.,0.,0.));
#5234 = DIRECTION('',(0.,0.,1.));
#5235 = DEFINITIONAL_REPRESENTATION('',(#5236),#5240);
#5236 = LINE('',#5237,#5238);
#5237 = CARTESIAN_POINT('',(1.,-15.125));
#5238 = VECTOR('',#5239,1.);
#5239 = DIRECTION('',(0.,1.));
#5240 = ( GEOMETRIC_REPRESENTATION_CONTEXT(2) 
PARAMETRIC_REPRESENTATION_CONTEXT() REPRESENTATION_CONTEXT('2D SPACE',''
  ) );
#5241 = ORIENTED_EDGE('',*,*,#5242,.T.);
#5242 = EDGE_CURVE('',#5215,#5243,#5245,.T.);
#5243 = VERTEX_POINT('',#5244);
#5244 = CARTESIAN_POINT('',(6.25,-30.25,0.));
#5245 = SURFACE_CURVE('',#5246,(#5250,#5257),.PCURVE_S1.);
#5246 = LINE('',#5247,#5248);
#5247 = CARTESIAN_POINT('',(-3.125,-30.25,0.));
#5248 = VECTOR('',#5249,1.);
#5249 = DIRECTION('',(1.,0.,0.));
#5250 = PCURVE('',#5158,#5251);
#5251 = DEFINITIONAL_REPRESENTATION('',(#5252),#5256);
#5252 = LINE('',#5253,#5254);
#5253 = CARTESIAN_POINT('',(-3.125,-30.25));
#5254 = VECTOR('',#5255,1.);
#5255 = DIRECTION('',(1.,0.));
#5256 = ( GEOMETRIC_REPRESENTATION_CONTEXT(2) 
PARAMETRIC_REPRESENTATION_CONTEXT() REPRESENTATION_CONTEXT('2D SPACE',''
  ) );
#5257 = PCURVE('',#5258,#5263);
#5258 = PLANE('',#5259);
#5259 = AXIS2_PLACEMENT_3D('',#5260,#5261,#5262);
#5260 = CARTESIAN_POINT('',(-6.25,-30.25,-1.));
#5261 = DIRECTION('',(0.,1.,0.));
#5262 = DIRECTION('',(0.,-0.,1.));
#5263 = DEFINITIONAL_REPRESENTATION('',(#5264),#5268);
#5264 = LINE('',#5265,#5266);
#5265 = CARTESIAN_POINT('',(1.,3.125));
#5266 = VECTOR('',#5267,1.);
#5267 = DIRECTION('',(0.,1.));
#5268 = ( GEOMETRIC_REPRESENTATION_CONTEXT(2) 
PARAMETRIC_REPRESENTATION_CONTEXT() REPRESENTATION_CONTEXT('2D SPACE',''
  ) );
#5269 = ORIENTED_EDGE('',*,*,#5270,.F.);
#5270 = EDGE_CURVE('',#5187,#5243,#5271,.T.);
#5271 = SURFACE_CURVE('',#5272,(#5276,#5283),.PCURVE_S1.);
#5272 = LINE('',#5273,#5274);
#5273 = CARTESIAN_POINT('',(6.25,-15.125,0.));
#5274 = VECTOR('',#5275,1.);
#5275 = DIRECTION('',(0.,-1.,0.));
#5276 = PCURVE('',#5158,#5277);
#5277 = DEFINITIONAL_REPRESENTATION('',(#5278),#5282);
#5278 = LINE('',#5279,#5280);
#5279 = CARTESIAN_POINT('',(6.25,-15.125));
#5280 = VECTOR('',#5281,1.);
#5281 = DIRECTION('',(0.,-1.));
#5282 = ( GEOMETRIC_REPRESENTATION_CONTEXT(2) 
PARAMETRIC_REPRESENTATION_CONTEXT() REPRESENTATION_CONTEXT('2D SPACE',''
  ) );
#5283 = PCURVE('',#5284,#5289);
#5284 = PLANE('',#5285);
#5285 = AXIS2_PLACEMENT_3D('',#5286,#5287,#5288);
#5286 = CARTESIAN_POINT('',(6.25,-30.25,-1.));
#5287 = DIRECTION('',(1.,0.,0.));
#5288 = DIRECTION('',(0.,0.,1.));
#5289 = DEFINITIONAL_REPRESENTATION('',(#5290),#5294);
#5290 = LINE('',#5291,#5292);
#5291 = CARTESIAN_POINT('',(1.,-15.125));
#5292 = VECTOR('',#5293,1.);
#5293 = DIRECTION('',(0.,1.));
#5294 = ( GEOMETRIC_REPRESENTATION_CONTEXT(2) 
PARAMETRIC_REPRESENTATION_CONTEXT() REPRESENTATION_CONTEXT('2D SPACE',''
  ) );
#5295 = ADVANCED_FACE('',(#5296),#5170,.T.);
#5296 = FACE_BOUND('',#5297,.T.);
#5297 = EDGE_LOOP('',(#5298,#5299,#5322,#5349));
#5298 = ORIENTED_EDGE('',*,*,#5148,.T.);
#5299 = ORIENTED_EDGE('',*,*,#5300,.T.);
#5300 = EDGE_CURVE('',#5149,#5301,#5303,.T.);
#5301 = VERTEX_POINT('',#5302);
#5302 = CARTESIAN_POINT('',(120.,0.,7.));
#5303 = SEAM_CURVE('',#5304,(#5308,#5315),.PCURVE_S1.);
#5304 = LINE('',#5305,#5306);
#5305 = CARTESIAN_POINT('',(113.,0.,0.));
#5306 = VECTOR('',#5307,1.);
#5307 = DIRECTION('',(0.707106781187,0.,0.707106781187));
#5308 = PCURVE('',#5170,#5309);
#5309 = DEFINITIONAL_REPRESENTATION('',(#5310),#5314);
#5310 = LINE('',#5311,#5312);
#5311 = CARTESIAN_POINT('',(6.28318530718,0.));
#5312 = VECTOR('',#5313,1.);
#5313 = DIRECTION('',(0.,1.));
#5314 = ( GEOMETRIC_REPRESENTATION_CONTEXT(2) 
PARAMETRIC_REPRESENTATION_CONTEXT() REPRESENTATION_CONTEXT('2D SPACE',''
  ) );
#5315 = PCURVE('',#5170,#5316);
#5316 = DEFINITIONAL_REPRESENTATION('',(#5317),#5321);
#5317 = LINE('',#5318,#5319);
#5318 = CARTESIAN_POINT('',(4.138911435803E-13,0.));
#5319 = VECTOR('',#5320,1.);
#5320 = DIRECTION('',(0.,1.));
#5321 = ( GEOMETRIC_REPRESENTATION_CONTEXT(2) 
PARAMETRIC_REPRESENTATION_CONTEXT() REPRESENTATION_CONTEXT('2D SPACE',''
  ) );
#5322 = ORIENTED_EDGE('',*,*,#5323,.F.);
#5323 = EDGE_CURVE('',#5301,#5301,#5324,.T.);
#5324 = SURFACE_CURVE('',#5325,(#5330,#5337),.PCURVE_S1.);
#5325 = CIRCLE('',#5326,120.);
#5326 = AXIS2_PLACEMENT_3D('',#5327,#5328,#5329);
#5327 = CARTESIAN_POINT('',(0.,0.,7.));
#5328 = DIRECTION('',(0.,0.,1.));
#5329 = DIRECTION('',(1.,0.,-0.));
#5330 = PCURVE('',#5170,#5331);
#5331 = DEFINITIONAL_REPRESENTATION('',(#5332),#5336);
#5332 = LINE('',#5333,#5334);
#5333 = CARTESIAN_POINT('',(0.,7.));
#5334 = VECTOR('',#5335,1.);
#5335 = DIRECTION('',(1.,0.));
#5336 = ( GEOMETRIC_REPRESENTATION_CONTEXT(2) 
PARAMETRIC_REPRESENTATION_CONTEXT() REPRESENTATION_CONTEXT('2D SPACE',''
  ) );
#5337 = PCURVE('',#5338,#5343);
#5338 = CYLINDRICAL_SURFACE('',#5339,120.);
#5339 = AXIS2_PLACEMENT_3D('',#5340,#5341,#5342);
#5340 = CARTESIAN_POINT('',(0.,0.,7.));
#5341 = DIRECTION('',(0.,0.,1.));
#5342 = DIRECTION('',(1.,0.,-0.));
#5343 = DEFINITIONAL_REPRESENTATION('',(#5344),#5348);
#5344 = LINE('',#5345,#5346);
#5345 = CARTESIAN_POINT('',(0.,0.));
#5346 = VECTOR('',#5347,1.);
#5347 = DIRECTION('',(1.,0.));
#5348 = ( GEOMETRIC_REPRESENTATION_CONTEXT(2) 
PARAMETRIC_REPRESENTATION_CONTEXT() REPRESENTATION_CONTEXT('2D SPACE',''
  ) );
#5349 = ORIENTED_EDGE('',*,*,#5300,.F.);
#5350 = ADVANCED_FACE('',(#5351),#5202,.F.);
#5351 = FACE_BOUND('',#5352,.F.);
#5352 = EDGE_LOOP('',(#5353,#5376,#5377,#5400));
#5353 = ORIENTED_EDGE('',*,*,#5354,.F.);
#5354 = EDGE_CURVE('',#5187,#5355,#5357,.T.);
#5355 = VERTEX_POINT('',#5356);
#5356 = CARTESIAN_POINT('',(6.25,-17.75,1.2));
#5357 = SURFACE_CURVE('',#5358,(#5362,#5369),.PCURVE_S1.);
#5358 = LINE('',#5359,#5360);
#5359 = CARTESIAN_POINT('',(6.25,-17.75,-1.));
#5360 = VECTOR('',#5361,1.);
#5361 = DIRECTION('',(0.,0.,1.));
#5362 = PCURVE('',#5202,#5363);
#5363 = DEFINITIONAL_REPRESENTATION('',(#5364),#5368);
#5364 = LINE('',#5365,#5366);
#5365 = CARTESIAN_POINT('',(0.,12.5));
#5366 = VECTOR('',#5367,1.);
#5367 = DIRECTION('',(1.,0.));
#5368 = ( GEOMETRIC_REPRESENTATION_CONTEXT(2) 
PARAMETRIC_REPRESENTATION_CONTEXT() REPRESENTATION_CONTEXT('2D SPACE',''
  ) );
#5369 = PCURVE('',#5284,#5370);
#5370 = DEFINITIONAL_REPRESENTATION('',(#5371),#5375);
#5371 = LINE('',#5372,#5373);
#5372 = CARTESIAN_POINT('',(0.,-12.5));
#5373 = VECTOR('',#5374,1.);
#5374 = DIRECTION('',(1.,0.));
#5375 = ( GEOMETRIC_REPRESENTATION_CONTEXT(2) 
PARAMETRIC_REPRESENTATION_CONTEXT() REPRESENTATION_CONTEXT('2D SPACE',''
  ) );
#5376 = ORIENTED_EDGE('',*,*,#5184,.F.);
#5377 = ORIENTED_EDGE('',*,*,#5378,.T.);
#5378 = EDGE_CURVE('',#5185,#5379,#5381,.T.);
#5379 = VERTEX_POINT('',#5380);
#5380 = CARTESIAN_POINT('',(-6.25,-17.75,1.2));
#5381 = SURFACE_CURVE('',#5382,(#5386,#5393),.PCURVE_S1.);
#5382 = LINE('',#5383,#5384);
#5383 = CARTESIAN_POINT('',(-6.25,-17.75,-1.));
#5384 = VECTOR('',#5385,1.);
#5385 = DIRECTION('',(0.,0.,1.));
#5386 = PCURVE('',#5202,#5387);
#5387 = DEFINITIONAL_REPRESENTATION('',(#5388),#5392);
#5388 = LINE('',#5389,#5390);
#5389 = CARTESIAN_POINT('',(0.,0.));
#5390 = VECTOR('',#5391,1.);
#5391 = DIRECTION('',(1.,0.));
#5392 = ( GEOMETRIC_REPRESENTATION_CONTEXT(2) 
PARAMETRIC_REPRESENTATION_CONTEXT() REPRESENTATION_CONTEXT('2D SPACE',''
  ) );
#5393 = PCURVE('',#5230,#5394);
#5394 = DEFINITIONAL_REPRESENTATION('',(#5395),#5399);
#5395 = LINE('',#5396,#5397);
#5396 = CARTESIAN_POINT('',(0.,-12.5));
#5397 = VECTOR('',#5398,1.);
#5398 = DIRECTION('',(1.,0.));
#5399 = ( GEOMETRIC_REPRESENTATION_CONTEXT(2) 
PARAMETRIC_REPRESENTATION_CONTEXT() REPRESENTATION_CONTEXT('2D SPACE',''
  ) );
#5400 = ORIENTED_EDGE('',*,*,#5401,.T.);
#5401 = EDGE_CURVE('',#5379,#5355,#5402,.T.);
#5402 = SURFACE_CURVE('',#5403,(#5407,#5414),.PCURVE_S1.);
#5403 = LINE('',#5404,#5405);
#5404 = CARTESIAN_POINT('',(-6.25,-17.75,1.2));
#5405 = VECTOR('',#5406,1.);
#5406 = DIRECTION('',(1.,0.,0.));
#5407 = PCURVE('',#5202,#5408);
#5408 = DEFINITIONAL_REPRESENTATION('',(#5409),#5413);
#5409 = LINE('',#5410,#5411);
#5410 = CARTESIAN_POINT('',(2.2,0.));
#5411 = VECTOR('',#5412,1.);
#5412 = DIRECTION('',(0.,1.));
#5413 = ( GEOMETRIC_REPRESENTATION_CONTEXT(2) 
PARAMETRIC_REPRESENTATION_CONTEXT() REPRESENTATION_CONTEXT('2D SPACE',''
  ) );
#5414 = PCURVE('',#5415,#5420);
#5415 = PLANE('',#5416);
#5416 = AXIS2_PLACEMENT_3D('',#5417,#5418,#5419);
#5417 = CARTESIAN_POINT('',(-6.25,-30.25,1.2));
#5418 = DIRECTION('',(0.,0.,1.));
#5419 = DIRECTION('',(1.,0.,-0.));
#5420 = DEFINITIONAL_REPRESENTATION('',(#5421),#5425);
#5421 = LINE('',#5422,#5423);
#5422 = CARTESIAN_POINT('',(0.,12.5));
#5423 = VECTOR('',#5424,1.);
#5424 = DIRECTION('',(1.,0.));
#5425 = ( GEOMETRIC_REPRESENTATION_CONTEXT(2) 
PARAMETRIC_REPRESENTATION_CONTEXT() REPRESENTATION_CONTEXT('2D SPACE',''
  ) );
#5426 = ADVANCED_FACE('',(#5427),#5284,.F.);
#5427 = FACE_BOUND('',#5428,.F.);
#5428 = EDGE_LOOP('',(#5429,#5452,#5453,#5454));
#5429 = ORIENTED_EDGE('',*,*,#5430,.F.);
#5430 = EDGE_CURVE('',#5243,#5431,#5433,.T.);
#5431 = VERTEX_POINT('',#5432);
#5432 = CARTESIAN_POINT('',(6.25,-30.25,1.2));
#5433 = SURFACE_CURVE('',#5434,(#5438,#5445),.PCURVE_S1.);
#5434 = LINE('',#5435,#5436);
#5435 = CARTESIAN_POINT('',(6.25,-30.25,-1.));
#5436 = VECTOR('',#5437,1.);
#5437 = DIRECTION('',(0.,0.,1.));
#5438 = PCURVE('',#5284,#5439);
#5439 = DEFINITIONAL_REPRESENTATION('',(#5440),#5444);
#5440 = LINE('',#5441,#5442);
#5441 = CARTESIAN_POINT('',(0.,0.));
#5442 = VECTOR('',#5443,1.);
#5443 = DIRECTION('',(1.,0.));
#5444 = ( GEOMETRIC_REPRESENTATION_CONTEXT(2) 
PARAMETRIC_REPRESENTATION_CONTEXT() REPRESENTATION_CONTEXT('2D SPACE',''
  ) );
#5445 = PCURVE('',#5258,#5446);
#5446 = DEFINITIONAL_REPRESENTATION('',(#5447),#5451);
#5447 = LINE('',#5448,#5449);
#5448 = CARTESIAN_POINT('',(0.,12.5));
#5449 = VECTOR('',#5450,1.);
#5450 = DIRECTION('',(1.,0.));
#5451 = ( GEOMETRIC_REPRESENTATION_CONTEXT(2) 
PARAMETRIC_REPRESENTATION_CONTEXT() REPRESENTATION_CONTEXT('2D SPACE',''
  ) );
#5452 = ORIENTED_EDGE('',*,*,#5270,.F.);
#5453 = ORIENTED_EDGE('',*,*,#5354,.T.);
#5454 = ORIENTED_EDGE('',*,*,#5455,.F.);
#5455 = EDGE_CURVE('',#5431,#5355,#5456,.T.);
#5456 = SURFACE_CURVE('',#5457,(#5461,#5468),.PCURVE_S1.);
#5457 = LINE('',#5458,#5459);
#5458 = CARTESIAN_POINT('',(6.25,-30.25,1.2));
#5459 = VECTOR('',#5460,1.);
#5460 = DIRECTION('',(0.,1.,0.));
#5461 = PCURVE('',#5284,#5462);
#5462 = DEFINITIONAL_REPRESENTATION('',(#5463),#5467);
#5463 = LINE('',#5464,#5465);
#5464 = CARTESIAN_POINT('',(2.2,0.));
#5465 = VECTOR('',#5466,1.);
#5466 = DIRECTION('',(0.,-1.));
#5467 = ( GEOMETRIC_REPRESENTATION_CONTEXT(2) 
PARAMETRIC_REPRESENTATION_CONTEXT() REPRESENTATION_CONTEXT('2D SPACE',''
  ) );
#5468 = PCURVE('',#5415,#5469);
#5469 = DEFINITIONAL_REPRESENTATION('',(#5470),#5474);
#5470 = LINE('',#5471,#5472);
#5471 = CARTESIAN_POINT('',(12.5,0.));
#5472 = VECTOR('',#5473,1.);
#5473 = DIRECTION('',(0.,1.));
#5474 = ( GEOMETRIC_REPRESENTATION_CONTEXT(2) 
PARAMETRIC_REPRESENTATION_CONTEXT() REPRESENTATION_CONTEXT('2D SPACE',''
  ) );
#5475 = ADVANCED_FACE('',(#5476),#5258,.T.);
#5476 = FACE_BOUND('',#5477,.T.);
#5477 = EDGE_LOOP('',(#5478,#5479,#5480,#5503));
#5478 = ORIENTED_EDGE('',*,*,#5430,.F.);
#5479 = ORIENTED_EDGE('',*,*,#5242,.F.);
#5480 = ORIENTED_EDGE('',*,*,#5481,.T.);
#5481 = EDGE_CURVE('',#5215,#5482,#5484,.T.);
#5482 = VERTEX_POINT('',#5483);
#5483 = CARTESIAN_POINT('',(-6.25,-30.25,1.2));
#5484 = SURFACE_CURVE('',#5485,(#5489,#5496),.PCURVE_S1.);
#5485 = LINE('',#5486,#5487);
#5486 = CARTESIAN_POINT('',(-6.25,-30.25,-1.));
#5487 = VECTOR('',#5488,1.);
#5488 = DIRECTION('',(0.,0.,1.));
#5489 = PCURVE('',#5258,#5490);
#5490 = DEFINITIONAL_REPRESENTATION('',(#5491),#5495);
#5491 = LINE('',#5492,#5493);
#5492 = CARTESIAN_POINT('',(0.,0.));
#5493 = VECTOR('',#5494,1.);
#5494 = DIRECTION('',(1.,0.));
#5495 = ( GEOMETRIC_REPRESENTATION_CONTEXT(2) 
PARAMETRIC_REPRESENTATION_CONTEXT() REPRESENTATION_CONTEXT('2D SPACE',''
  ) );
#5496 = PCURVE('',#5230,#5497);
#5497 = DEFINITIONAL_REPRESENTATION('',(#5498),#5502);
#5498 = LINE('',#5499,#5500);
#5499 = CARTESIAN_POINT('',(0.,0.));
#5500 = VECTOR('',#5501,1.);
#5501 = DIRECTION('',(1.,0.));
#5502 = ( GEOMETRIC_REPRESENTATION_CONTEXT(2) 
PARAMETRIC_REPRESENTATION_CONTEXT() REPRESENTATION_CONTEXT('2D SPACE',''
  ) );
#5503 = ORIENTED_EDGE('',*,*,#5504,.T.);
#5504 = EDGE_CURVE('',#5482,#5431,#5505,.T.);
#5505 = SURFACE_CURVE('',#5506,(#5510,#5517),.PCURVE_S1.);
#5506 = LINE('',#5507,#5508);
#5507 = CARTESIAN_POINT('',(-6.25,-30.25,1.2));
#5508 = VECTOR('',#5509,1.);
#5509 = DIRECTION('',(1.,0.,0.));
#5510 = PCURVE('',#5258,#5511);
#5511 = DEFINITIONAL_REPRESENTATION('',(#5512),#5516);
#5512 = LINE('',#5513,#5514);
#5513 = CARTESIAN_POINT('',(2.2,0.));
#5514 = VECTOR('',#5515,1.);
#5515 = DIRECTION('',(0.,1.));
#5516 = ( GEOMETRIC_REPRESENTATION_CONTEXT(2) 
PARAMETRIC_REPRESENTATION_CONTEXT() REPRESENTATION_CONTEXT('2D SPACE',''
  ) );
#5517 = PCURVE('',#5415,#5518);
#5518 = DEFINITIONAL_REPRESENTATION('',(#5519),#5523);
#5519 = LINE('',#5520,#5521);
#5520 = CARTESIAN_POINT('',(0.,0.));
#5521 = VECTOR('',#5522,1.);
#5522 = DIRECTION('',(1.,0.));
#5523 = ( GEOMETRIC_REPRESENTATION_CONTEXT(2) 
PARAMETRIC_REPRESENTATION_CONTEXT() REPRESENTATION_CONTEXT('2D SPACE',''
  ) );
#5524 = ADVANCED_FACE('',(#5525),#5230,.T.);
#5525 = FACE_BOUND('',#5526,.T.);
#5526 = EDGE_LOOP('',(#5527,#5528,#5529,#5530));
#5527 = ORIENTED_EDGE('',*,*,#5481,.F.);
#5528 = ORIENTED_EDGE('',*,*,#5214,.F.);
#5529 = ORIENTED_EDGE('',*,*,#5378,.T.);
#5530 = ORIENTED_EDGE('',*,*,#5531,.F.);
#5531 = EDGE_CURVE('',#5482,#5379,#5532,.T.);
#5532 = SURFACE_CURVE('',#5533,(#5537,#5544),.PCURVE_S1.);
#5533 = LINE('',#5534,#5535);
#5534 = CARTESIAN_POINT('',(-6.25,-30.25,1.2));
#5535 = VECTOR('',#5536,1.);
#5536 = DIRECTION('',(0.,1.,0.));
#5537 = PCURVE('',#5230,#5538);
#5538 = DEFINITIONAL_REPRESENTATION('',(#5539),#5543);
#5539 = LINE('',#5540,#5541);
#5540 = CARTESIAN_POINT('',(2.2,0.));
#5541 = VECTOR('',#5542,1.);
#5542 = DIRECTION('',(0.,-1.));
#5543 = ( GEOMETRIC_REPRESENTATION_CONTEXT(2) 
PARAMETRIC_REPRESENTATION_CONTEXT() REPRESENTATION_CONTEXT('2D SPACE',''
  ) );
#5544 = PCURVE('',#5415,#5545);
#5545 = DEFINITIONAL_REPRESENTATION('',(#5546),#5550);
#5546 = LINE('',#5547,#5548);
#5547 = CARTESIAN_POINT('',(0.,0.));
#5548 = VECTOR('',#5549,1.);
#5549 = DIRECTION('',(0.,1.));
#5550 = ( GEOMETRIC_REPRESENTATION_CONTEXT(2) 
PARAMETRIC_REPRESENTATION_CONTEXT() REPRESENTATION_CONTEXT('2D SPACE',''
  ) );
#5551 = ADVANCED_FACE('',(#5552),#5338,.T.);
#5552 = FACE_BOUND('',#5553,.T.);
#5553 = EDGE_LOOP('',(#5554,#5555,#5578,#5605));
#5554 = ORIENTED_EDGE('',*,*,#5323,.T.);
#5555 = ORIENTED_EDGE('',*,*,#5556,.T.);
#5556 = EDGE_CURVE('',#5301,#5557,#5559,.T.);
#5557 = VERTEX_POINT('',#5558);
#5558 = CARTESIAN_POINT('',(120.,0.,31.));
#5559 = SEAM_CURVE('',#5560,(#5564,#5571),.PCURVE_S1.);
#5560 = LINE('',#5561,#5562);
#5561 = CARTESIAN_POINT('',(120.,0.,7.));
#5562 = VECTOR('',#5563,1.);
#5563 = DIRECTION('',(0.,0.,1.));
#5564 = PCURVE('',#5338,#5565);
#5565 = DEFINITIONAL_REPRESENTATION('',(#5566),#5570);
#5566 = LINE('',#5567,#5568);
#5567 = CARTESIAN_POINT('',(6.28318530718,0.));
#5568 = VECTOR('',#5569,1.);
#5569 = DIRECTION('',(0.,1.));
#5570 = ( GEOMETRIC_REPRESENTATION_CONTEXT(2) 
PARAMETRIC_REPRESENTATION_CONTEXT() REPRESENTATION_CONTEXT('2D SPACE',''
  ) );
#5571 = PCURVE('',#5338,#5572);
#5572 = DEFINITIONAL_REPRESENTATION('',(#5573),#5577);
#5573 = LINE('',#5574,#5575);
#5574 = CARTESIAN_POINT('',(4.138911435803E-13,0.));
#5575 = VECTOR('',#5576,1.);
#5576 = DIRECTION('',(0.,1.));
#5577 = ( GEOMETRIC_REPRESENTATION_CONTEXT(2) 
PARAMETRIC_REPRESENTATION_CONTEXT() REPRESENTATION_CONTEXT('2D SPACE',''
  ) );
#5578 = ORIENTED_EDGE('',*,*,#5579,.F.);
#5579 = EDGE_CURVE('',#5557,#5557,#5580,.T.);
#5580 = SURFACE_CURVE('',#5581,(#5586,#5593),.PCURVE_S1.);
#5581 = CIRCLE('',#5582,120.);
#5582 = AXIS2_PLACEMENT_3D('',#5583,#5584,#5585);
#5583 = CARTESIAN_POINT('',(0.,0.,31.));
#5584 = DIRECTION('',(0.,0.,1.));
#5585 = DIRECTION('',(1.,0.,-0.));
#5586 = PCURVE('',#5338,#5587);
#5587 = DEFINITIONAL_REPRESENTATION('',(#5588),#5592);
#5588 = LINE('',#5589,#5590);
#5589 = CARTESIAN_POINT('',(0.,24.));
#5590 = VECTOR('',#5591,1.);
#5591 = DIRECTION('',(1.,0.));
#5592 = ( GEOMETRIC_REPRESENTATION_CONTEXT(2) 
PARAMETRIC_REPRESENTATION_CONTEXT() REPRESENTATION_CONTEXT('2D SPACE',''
  ) );
#5593 = PCURVE('',#5594,#5599);
#5594 = CONICAL_SURFACE('',#5595,120.,0.785398163397);
#5595 = AXIS2_PLACEMENT_3D('',#5596,#5597,#5598);
#5596 = CARTESIAN_POINT('',(0.,0.,31.));
#5597 = DIRECTION('',(-0.,-0.,-1.));
#5598 = DIRECTION('',(1.,0.,-0.));
#5599 = DEFINITIONAL_REPRESENTATION('',(#5600),#5604);
#5600 = LINE('',#5601,#5602);
#5601 = CARTESIAN_POINT('',(6.28318530718,0.));
#5602 = VECTOR('',#5603,1.);
#5603 = DIRECTION('',(-1.,0.));
#5604 = ( GEOMETRIC_REPRESENTATION_CONTEXT(2) 
PARAMETRIC_REPRESENTATION_CONTEXT() REPRESENTATION_CONTEXT('2D SPACE',''
  ) );
#5605 = ORIENTED_EDGE('',*,*,#5556,.F.);
#5606 = ADVANCED_FACE('',(#5607),#5415,.F.);
#5607 = FACE_BOUND('',#5608,.F.);
#5608 = EDGE_LOOP('',(#5609,#5610,#5611,#5612));
#5609 = ORIENTED_EDGE('',*,*,#5531,.F.);
#5610 = ORIENTED_EDGE('',*,*,#5504,.T.);
#5611 = ORIENTED_EDGE('',*,*,#5455,.T.);
#5612 = ORIENTED_EDGE('',*,*,#5401,.F.);
#5613 = ADVANCED_FACE('',(#5614),#5594,.T.);
#5614 = FACE_BOUND('',#5615,.T.);
#5615 = EDGE_LOOP('',(#5616,#5617,#5640,#5667));
#5616 = ORIENTED_EDGE('',*,*,#5579,.T.);
#5617 = ORIENTED_EDGE('',*,*,#5618,.T.);
#5618 = EDGE_CURVE('',#5557,#5619,#5621,.T.);
#5619 = VERTEX_POINT('',#5620);
#5620 = CARTESIAN_POINT('',(119.,0.,32.));
#5621 = SEAM_CURVE('',#5622,(#5626,#5633),.PCURVE_S1.);
#5622 = LINE('',#5623,#5624);
#5623 = CARTESIAN_POINT('',(120.,0.,31.));
#5624 = VECTOR('',#5625,1.);
#5625 = DIRECTION('',(-0.707106781187,0.,0.707106781187));
#5626 = PCURVE('',#5594,#5627);
#5627 = DEFINITIONAL_REPRESENTATION('',(#5628),#5632);
#5628 = LINE('',#5629,#5630);
#5629 = CARTESIAN_POINT('',(0.,0.));
#5630 = VECTOR('',#5631,1.);
#5631 = DIRECTION('',(-0.,-1.));
#5632 = ( GEOMETRIC_REPRESENTATION_CONTEXT(2) 
PARAMETRIC_REPRESENTATION_CONTEXT() REPRESENTATION_CONTEXT('2D SPACE',''
  ) );
#5633 = PCURVE('',#5594,#5634);
#5634 = DEFINITIONAL_REPRESENTATION('',(#5635),#5639);
#5635 = LINE('',#5636,#5637);
#5636 = CARTESIAN_POINT('',(6.283185307179,0.));
#5637 = VECTOR('',#5638,1.);
#5638 = DIRECTION('',(-0.,-1.));
#5639 = ( GEOMETRIC_REPRESENTATION_CONTEXT(2) 
PARAMETRIC_REPRESENTATION_CONTEXT() REPRESENTATION_CONTEXT('2D SPACE',''
  ) );
#5640 = ORIENTED_EDGE('',*,*,#5641,.F.);
#5641 = EDGE_CURVE('',#5619,#5619,#5642,.T.);
#5642 = SURFACE_CURVE('',#5643,(#5648,#5655),.PCURVE_S1.);
#5643 = CIRCLE('',#5644,119.);
#5644 = AXIS2_PLACEMENT_3D('',#5645,#5646,#5647);
#5645 = CARTESIAN_POINT('',(0.,0.,32.));
#5646 = DIRECTION('',(0.,0.,1.));
#5647 = DIRECTION('',(1.,0.,-0.));
#5648 = PCURVE('',#5594,#5649);
#5649 = DEFINITIONAL_REPRESENTATION('',(#5650),#5654);
#5650 = LINE('',#5651,#5652);
#5651 = CARTESIAN_POINT('',(6.28318530718,-1.));
#5652 = VECTOR('',#5653,1.);
#5653 = DIRECTION('',(-1.,0.));
#5654 = ( GEOMETRIC_REPRESENTATION_CONTEXT(2) 
PARAMETRIC_REPRESENTATION_CONTEXT() REPRESENTATION_CONTEXT('2D SPACE',''
  ) );
#5655 = PCURVE('',#5656,#5661);
#5656 = PLANE('',#5657);
#5657 = AXIS2_PLACEMENT_3D('',#5658,#5659,#5660);
#5658 = CARTESIAN_POINT('',(0.,0.,32.));
#5659 = DIRECTION('',(0.,0.,1.));
#5660 = DIRECTION('',(1.,0.,-0.));
#5661 = DEFINITIONAL_REPRESENTATION('',(#5662),#5666);
#5662 = CIRCLE('',#5663,119.);
#5663 = AXIS2_PLACEMENT_2D('',#5664,#5665);
#5664 = CARTESIAN_POINT('',(0.,0.));
#5665 = DIRECTION('',(1.,0.));
#5666 = ( GEOMETRIC_REPRESENTATION_CONTEXT(2) 
PARAMETRIC_REPRESENTATION_CONTEXT() REPRESENTATION_CONTEXT('2D SPACE',''
  ) );
#5667 = ORIENTED_EDGE('',*,*,#5618,.F.);
#5668 = ADVANCED_FACE('',(#5669,#5672),#5656,.T.);
#5669 = FACE_BOUND('',#5670,.T.);
#5670 = EDGE_LOOP('',(#5671));
#5671 = ORIENTED_EDGE('',*,*,#5641,.T.);
#5672 = FACE_BOUND('',#5673,.T.);
#5673 = EDGE_LOOP('',(#5674));
#5674 = ORIENTED_EDGE('',*,*,#5675,.F.);
#5675 = EDGE_CURVE('',#5676,#5676,#5678,.T.);
#5676 = VERTEX_POINT('',#5677);
#5677 = CARTESIAN_POINT('',(117.3,-2.8730213908E-14,32.));
#5678 = SURFACE_CURVE('',#5679,(#5684,#5691),.PCURVE_S1.);
#5679 = CIRCLE('',#5680,117.3);
#5680 = AXIS2_PLACEMENT_3D('',#5681,#5682,#5683);
#5681 = CARTESIAN_POINT('',(0.,0.,32.));
#5682 = DIRECTION('',(0.,0.,1.));
#5683 = DIRECTION('',(1.,0.,-0.));
#5684 = PCURVE('',#5656,#5685);
#5685 = DEFINITIONAL_REPRESENTATION('',(#5686),#5690);
#5686 = CIRCLE('',#5687,117.3);
#5687 = AXIS2_PLACEMENT_2D('',#5688,#5689);
#5688 = CARTESIAN_POINT('',(0.,0.));
#5689 = DIRECTION('',(1.,0.));
#5690 = ( GEOMETRIC_REPRESENTATION_CONTEXT(2) 
PARAMETRIC_REPRESENTATION_CONTEXT() REPRESENTATION_CONTEXT('2D SPACE',''
  ) );
#5691 = PCURVE('',#5692,#5697);
#5692 = CYLINDRICAL_SURFACE('',#5693,117.3);
#5693 = AXIS2_PLACEMENT_3D('',#5694,#5695,#5696);
#5694 = CARTESIAN_POINT('',(0.,0.,11.3));
#5695 = DIRECTION('',(0.,0.,1.));
#5696 = DIRECTION('',(1.,0.,-0.));
#5697 = DEFINITIONAL_REPRESENTATION('',(#5698),#5702);
#5698 = LINE('',#5699,#5700);
#5699 = CARTESIAN_POINT('',(0.,20.7));
#5700 = VECTOR('',#5701,1.);
#5701 = DIRECTION('',(1.,0.));
#5702 = ( GEOMETRIC_REPRESENTATION_CONTEXT(2) 
PARAMETRIC_REPRESENTATION_CONTEXT() REPRESENTATION_CONTEXT('2D SPACE',''
  ) );
#5703 = ADVANCED_FACE('',(#5704),#5692,.F.);
#5704 = FACE_BOUND('',#5705,.F.);
#5705 = EDGE_LOOP('',(#5706,#5729,#5730,#5731));
#5706 = ORIENTED_EDGE('',*,*,#5707,.T.);
#5707 = EDGE_CURVE('',#5708,#5676,#5710,.T.);
#5708 = VERTEX_POINT('',#5709);
#5709 = CARTESIAN_POINT('',(117.3,0.,25.8));
#5710 = SEAM_CURVE('',#5711,(#5715,#5722),.PCURVE_S1.);
#5711 = LINE('',#5712,#5713);
#5712 = CARTESIAN_POINT('',(117.3,-2.8730213908E-14,11.3));
#5713 = VECTOR('',#5714,1.);
#5714 = DIRECTION('',(0.,0.,1.));
#5715 = PCURVE('',#5692,#5716);
#5716 = DEFINITIONAL_REPRESENTATION('',(#5717),#5721);
#5717 = LINE('',#5718,#5719);
#5718 = CARTESIAN_POINT('',(6.28318530718,0.));
#5719 = VECTOR('',#5720,1.);
#5720 = DIRECTION('',(0.,1.));
#5721 = ( GEOMETRIC_REPRESENTATION_CONTEXT(2) 
PARAMETRIC_REPRESENTATION_CONTEXT() REPRESENTATION_CONTEXT('2D SPACE',''
  ) );
#5722 = PCURVE('',#5692,#5723);
#5723 = DEFINITIONAL_REPRESENTATION('',(#5724),#5728);
#5724 = LINE('',#5725,#5726);
#5725 = CARTESIAN_POINT('',(4.138911435803E-13,0.));
#5726 = VECTOR('',#5727,1.);
#5727 = DIRECTION('',(0.,1.));
#5728 = ( GEOMETRIC_REPRESENTATION_CONTEXT(2) 
PARAMETRIC_REPRESENTATION_CONTEXT() REPRESENTATION_CONTEXT('2D SPACE',''
  ) );
#5729 = ORIENTED_EDGE('',*,*,#5675,.F.);
#5730 = ORIENTED_EDGE('',*,*,#5707,.F.);
#5731 = ORIENTED_EDGE('',*,*,#5732,.T.);
#5732 = EDGE_CURVE('',#5708,#5708,#5733,.T.);
#5733 = SURFACE_CURVE('',#5734,(#5739,#5746),.PCURVE_S1.);
#5734 = CIRCLE('',#5735,117.3);
#5735 = AXIS2_PLACEMENT_3D('',#5736,#5737,#5738);
#5736 = CARTESIAN_POINT('',(0.,0.,25.8));
#5737 = DIRECTION('',(0.,0.,1.));
#5738 = DIRECTION('',(1.,0.,-0.));
#5739 = PCURVE('',#5692,#5740);
#5740 = DEFINITIONAL_REPRESENTATION('',(#5741),#5745);
#5741 = LINE('',#5742,#5743);
#5742 = CARTESIAN_POINT('',(0.,14.5));
#5743 = VECTOR('',#5744,1.);
#5744 = DIRECTION('',(1.,0.));
#5745 = ( GEOMETRIC_REPRESENTATION_CONTEXT(2) 
PARAMETRIC_REPRESENTATION_CONTEXT() REPRESENTATION_CONTEXT('2D SPACE',''
  ) );
#5746 = PCURVE('',#5747,#5752);
#5747 = PLANE('',#5748);
#5748 = AXIS2_PLACEMENT_3D('',#5749,#5750,#5751);
#5749 = CARTESIAN_POINT('',(-2.984353571442E-15,7.1490453011E-15,25.8));
#5750 = DIRECTION('',(0.,0.,1.));
#5751 = DIRECTION('',(1.,0.,-0.));
#5752 = DEFINITIONAL_REPRESENTATION('',(#5753),#5757);
#5753 = CIRCLE('',#5754,117.3);
#5754 = AXIS2_PLACEMENT_2D('',#5755,#5756);
#5755 = CARTESIAN_POINT('',(2.984353571442E-15,-7.1490453011E-15));
#5756 = DIRECTION('',(1.,0.));
#5757 = ( GEOMETRIC_REPRESENTATION_CONTEXT(2) 
PARAMETRIC_REPRESENTATION_CONTEXT() REPRESENTATION_CONTEXT('2D SPACE',''
  ) );
#5758 = ADVANCED_FACE('',(#5759,#5762),#5747,.T.);
#5759 = FACE_BOUND('',#5760,.T.);
#5760 = EDGE_LOOP('',(#5761));
#5761 = ORIENTED_EDGE('',*,*,#5732,.T.);
#5762 = FACE_BOUND('',#5763,.T.);
#5763 = EDGE_LOOP('',(#5764));
#5764 = ORIENTED_EDGE('',*,*,#5765,.F.);
#5765 = EDGE_CURVE('',#5766,#5766,#5768,.T.);
#5766 = VERTEX_POINT('',#5767);
#5767 = CARTESIAN_POINT('',(112.,0.,25.8));
#5768 = SURFACE_CURVE('',#5769,(#5774,#5781),.PCURVE_S1.);
#5769 = CIRCLE('',#5770,112.);
#5770 = AXIS2_PLACEMENT_3D('',#5771,#5772,#5773);
#5771 = CARTESIAN_POINT('',(0.,0.,25.8));
#5772 = DIRECTION('',(0.,0.,1.));
#5773 = DIRECTION('',(1.,0.,-0.));
#5774 = PCURVE('',#5747,#5775);
#5775 = DEFINITIONAL_REPRESENTATION('',(#5776),#5780);
#5776 = CIRCLE('',#5777,112.);
#5777 = AXIS2_PLACEMENT_2D('',#5778,#5779);
#5778 = CARTESIAN_POINT('',(2.984353571442E-15,-7.1490453011E-15));
#5779 = DIRECTION('',(1.,0.));
#5780 = ( GEOMETRIC_REPRESENTATION_CONTEXT(2) 
PARAMETRIC_REPRESENTATION_CONTEXT() REPRESENTATION_CONTEXT('2D SPACE',''
  ) );
#5781 = PCURVE('',#5782,#5787);
#5782 = CYLINDRICAL_SURFACE('',#5783,112.);
#5783 = AXIS2_PLACEMENT_3D('',#5784,#5785,#5786);
#5784 = CARTESIAN_POINT('',(0.,0.,23.));
#5785 = DIRECTION('',(-0.,-0.,-1.));
#5786 = DIRECTION('',(1.,0.,0.));
#5787 = DEFINITIONAL_REPRESENTATION('',(#5788),#5792);
#5788 = LINE('',#5789,#5790);
#5789 = CARTESIAN_POINT('',(6.28318530718,-2.8));
#5790 = VECTOR('',#5791,1.);
#5791 = DIRECTION('',(-1.,0.));
#5792 = ( GEOMETRIC_REPRESENTATION_CONTEXT(2) 
PARAMETRIC_REPRESENTATION_CONTEXT() REPRESENTATION_CONTEXT('2D SPACE',''
  ) );
#5793 = ADVANCED_FACE('',(#5794),#5782,.F.);
#5794 = FACE_BOUND('',#5795,.F.);
#5795 = EDGE_LOOP('',(#5796,#5825,#5846,#5847));
#5796 = ORIENTED_EDGE('',*,*,#5797,.T.);
#5797 = EDGE_CURVE('',#5798,#5798,#5800,.T.);
#5798 = VERTEX_POINT('',#5799);
#5799 = CARTESIAN_POINT('',(112.,0.,23.));
#5800 = SURFACE_CURVE('',#5801,(#5806,#5813),.PCURVE_S1.);
#5801 = CIRCLE('',#5802,112.);
#5802 = AXIS2_PLACEMENT_3D('',#5803,#5804,#5805);
#5803 = CARTESIAN_POINT('',(0.,0.,23.));
#5804 = DIRECTION('',(0.,0.,1.));
#5805 = DIRECTION('',(1.,0.,-0.));
#5806 = PCURVE('',#5782,#5807);
#5807 = DEFINITIONAL_REPRESENTATION('',(#5808),#5812);
#5808 = LINE('',#5809,#5810);
#5809 = CARTESIAN_POINT('',(6.28318530718,0.));
#5810 = VECTOR('',#5811,1.);
#5811 = DIRECTION('',(-1.,0.));
#5812 = ( GEOMETRIC_REPRESENTATION_CONTEXT(2) 
PARAMETRIC_REPRESENTATION_CONTEXT() REPRESENTATION_CONTEXT('2D SPACE',''
  ) );
#5813 = PCURVE('',#5814,#5819);
#5814 = PLANE('',#5815);
#5815 = AXIS2_PLACEMENT_3D('',#5816,#5817,#5818);
#5816 = CARTESIAN_POINT('',(-2.984353571442E-15,7.1490453011E-15,23.));
#5817 = DIRECTION('',(0.,0.,1.));
#5818 = DIRECTION('',(1.,0.,-0.));
#5819 = DEFINITIONAL_REPRESENTATION('',(#5820),#5824);
#5820 = CIRCLE('',#5821,112.);
#5821 = AXIS2_PLACEMENT_2D('',#5822,#5823);
#5822 = CARTESIAN_POINT('',(2.984353571442E-15,-7.1490453011E-15));
#5823 = DIRECTION('',(1.,0.));
#5824 = ( GEOMETRIC_REPRESENTATION_CONTEXT(2) 
PARAMETRIC_REPRESENTATION_CONTEXT() REPRESENTATION_CONTEXT('2D SPACE',''
  ) );
#5825 = ORIENTED_EDGE('',*,*,#5826,.T.);
#5826 = EDGE_CURVE('',#5798,#5766,#5827,.T.);
#5827 = SEAM_CURVE('',#5828,(#5832,#5839),.PCURVE_S1.);
#5828 = LINE('',#5829,#5830);
#5829 = CARTESIAN_POINT('',(112.,0.,23.));
#5830 = VECTOR('',#5831,1.);
#5831 = DIRECTION('',(0.,0.,1.));
#5832 = PCURVE('',#5782,#5833);
#5833 = DEFINITIONAL_REPRESENTATION('',(#5834),#5838);
#5834 = LINE('',#5835,#5836);
#5835 = CARTESIAN_POINT('',(-4.138911435803E-13,0.));
#5836 = VECTOR('',#5837,1.);
#5837 = DIRECTION('',(-0.,-1.));
#5838 = ( GEOMETRIC_REPRESENTATION_CONTEXT(2) 
PARAMETRIC_REPRESENTATION_CONTEXT() REPRESENTATION_CONTEXT('2D SPACE',''
  ) );
#5839 = PCURVE('',#5782,#5840);
#5840 = DEFINITIONAL_REPRESENTATION('',(#5841),#5845);
#5841 = LINE('',#5842,#5843);
#5842 = CARTESIAN_POINT('',(6.28318530718,0.));
#5843 = VECTOR('',#5844,1.);
#5844 = DIRECTION('',(-0.,-1.));
#5845 = ( GEOMETRIC_REPRESENTATION_CONTEXT(2) 
PARAMETRIC_REPRESENTATION_CONTEXT() REPRESENTATION_CONTEXT('2D SPACE',''
  ) );
#5846 = ORIENTED_EDGE('',*,*,#5765,.F.);
#5847 = ORIENTED_EDGE('',*,*,#5826,.F.);
#5848 = ADVANCED_FACE('',(#5849,#5880),#5814,.F.);
#5849 = FACE_BOUND('',#5850,.F.);
#5850 = EDGE_LOOP('',(#5851));
#5851 = ORIENTED_EDGE('',*,*,#5852,.T.);
#5852 = EDGE_CURVE('',#5853,#5853,#5855,.T.);
#5853 = VERTEX_POINT('',#5854);
#5854 = CARTESIAN_POINT('',(117.3,0.,23.));
#5855 = SURFACE_CURVE('',#5856,(#5861,#5868),.PCURVE_S1.);
#5856 = CIRCLE('',#5857,117.3);
#5857 = AXIS2_PLACEMENT_3D('',#5858,#5859,#5860);
#5858 = CARTESIAN_POINT('',(0.,0.,23.));
#5859 = DIRECTION('',(0.,0.,1.));
#5860 = DIRECTION('',(1.,0.,-0.));
#5861 = PCURVE('',#5814,#5862);
#5862 = DEFINITIONAL_REPRESENTATION('',(#5863),#5867);
#5863 = CIRCLE('',#5864,117.3);
#5864 = AXIS2_PLACEMENT_2D('',#5865,#5866);
#5865 = CARTESIAN_POINT('',(2.984353571442E-15,-7.1490453011E-15));
#5866 = DIRECTION('',(1.,0.));
#5867 = ( GEOMETRIC_REPRESENTATION_CONTEXT(2) 
PARAMETRIC_REPRESENTATION_CONTEXT() REPRESENTATION_CONTEXT('2D SPACE',''
  ) );
#5868 = PCURVE('',#5869,#5874);
#5869 = CYLINDRICAL_SURFACE('',#5870,117.3);
#5870 = AXIS2_PLACEMENT_3D('',#5871,#5872,#5873);
#5871 = CARTESIAN_POINT('',(0.,0.,11.3));
#5872 = DIRECTION('',(0.,0.,1.));
#5873 = DIRECTION('',(1.,0.,-0.));
#5874 = DEFINITIONAL_REPRESENTATION('',(#5875),#5879);
#5875 = LINE('',#5876,#5877);
#5876 = CARTESIAN_POINT('',(0.,11.7));
#5877 = VECTOR('',#5878,1.);
#5878 = DIRECTION('',(1.,0.));
#5879 = ( GEOMETRIC_REPRESENTATION_CONTEXT(2) 
PARAMETRIC_REPRESENTATION_CONTEXT() REPRESENTATION_CONTEXT('2D SPACE',''
  ) );
#5880 = FACE_BOUND('',#5881,.F.);
#5881 = EDGE_LOOP('',(#5882));
#5882 = ORIENTED_EDGE('',*,*,#5797,.F.);
#5883 = ADVANCED_FACE('',(#5884),#5869,.F.);
#5884 = FACE_BOUND('',#5885,.F.);
#5885 = EDGE_LOOP('',(#5886,#5887,#5910,#5936));
#5886 = ORIENTED_EDGE('',*,*,#5852,.F.);
#5887 = ORIENTED_EDGE('',*,*,#5888,.F.);
#5888 = EDGE_CURVE('',#5889,#5853,#5891,.T.);
#5889 = VERTEX_POINT('',#5890);
#5890 = CARTESIAN_POINT('',(117.3,-2.8730213908E-14,11.3));
#5891 = SEAM_CURVE('',#5892,(#5896,#5903),.PCURVE_S1.);
#5892 = LINE('',#5893,#5894);
#5893 = CARTESIAN_POINT('',(117.3,-2.8730213908E-14,11.3));
#5894 = VECTOR('',#5895,1.);
#5895 = DIRECTION('',(0.,0.,1.));
#5896 = PCURVE('',#5869,#5897);
#5897 = DEFINITIONAL_REPRESENTATION('',(#5898),#5902);
#5898 = LINE('',#5899,#5900);
#5899 = CARTESIAN_POINT('',(0.,-0.));
#5900 = VECTOR('',#5901,1.);
#5901 = DIRECTION('',(0.,1.));
#5902 = ( GEOMETRIC_REPRESENTATION_CONTEXT(2) 
PARAMETRIC_REPRESENTATION_CONTEXT() REPRESENTATION_CONTEXT('2D SPACE',''
  ) );
#5903 = PCURVE('',#5869,#5904);
#5904 = DEFINITIONAL_REPRESENTATION('',(#5905),#5909);
#5905 = LINE('',#5906,#5907);
#5906 = CARTESIAN_POINT('',(6.28318530718,-0.));
#5907 = VECTOR('',#5908,1.);
#5908 = DIRECTION('',(0.,1.));
#5909 = ( GEOMETRIC_REPRESENTATION_CONTEXT(2) 
PARAMETRIC_REPRESENTATION_CONTEXT() REPRESENTATION_CONTEXT('2D SPACE',''
  ) );
#5910 = ORIENTED_EDGE('',*,*,#5911,.T.);
#5911 = EDGE_CURVE('',#5889,#5889,#5912,.T.);
#5912 = SURFACE_CURVE('',#5913,(#5918,#5924),.PCURVE_S1.);
#5913 = CIRCLE('',#5914,117.3);
#5914 = AXIS2_PLACEMENT_3D('',#5915,#5916,#5917);
#5915 = CARTESIAN_POINT('',(0.,0.,11.3));
#5916 = DIRECTION('',(0.,0.,1.));
#5917 = DIRECTION('',(1.,0.,-0.));
#5918 = PCURVE('',#5869,#5919);
#5919 = DEFINITIONAL_REPRESENTATION('',(#5920),#5923);
#5920 = B_SPLINE_CURVE_WITH_KNOTS('',1,(#5921,#5922),.UNSPECIFIED.,.F.,
  .F.,(2,2),(0.,6.28318530718),.PIECEWISE_BEZIER_KNOTS.);
#5921 = CARTESIAN_POINT('',(0.,0.));
#5922 = CARTESIAN_POINT('',(6.28318530718,0.));
#5923 = ( GEOMETRIC_REPRESENTATION_CONTEXT(2) 
PARAMETRIC_REPRESENTATION_CONTEXT() REPRESENTATION_CONTEXT('2D SPACE',''
  ) );
#5924 = PCURVE('',#5925,#5930);
#5925 = CONICAL_SURFACE('',#5926,109.5,0.785398163397);
#5926 = AXIS2_PLACEMENT_3D('',#5927,#5928,#5929);
#5927 = CARTESIAN_POINT('',(0.,0.,3.5));
#5928 = DIRECTION('',(0.,0.,1.));
#5929 = DIRECTION('',(1.,0.,-0.));
#5930 = DEFINITIONAL_REPRESENTATION('',(#5931),#5935);
#5931 = LINE('',#5932,#5933);
#5932 = CARTESIAN_POINT('',(0.,7.8));
#5933 = VECTOR('',#5934,1.);
#5934 = DIRECTION('',(1.,0.));
#5935 = ( GEOMETRIC_REPRESENTATION_CONTEXT(2) 
PARAMETRIC_REPRESENTATION_CONTEXT() REPRESENTATION_CONTEXT('2D SPACE',''
  ) );
#5936 = ORIENTED_EDGE('',*,*,#5888,.T.);
#5937 = ADVANCED_FACE('',(#5938),#5925,.F.);
#5938 = FACE_BOUND('',#5939,.F.);
#5939 = EDGE_LOOP('',(#5940,#5941,#5964,#5991));
#5940 = ORIENTED_EDGE('',*,*,#5911,.F.);
#5941 = ORIENTED_EDGE('',*,*,#5942,.F.);
#5942 = EDGE_CURVE('',#5943,#5889,#5945,.T.);
#5943 = VERTEX_POINT('',#5944);
#5944 = CARTESIAN_POINT('',(109.5,-2.681976490133E-14,3.5));
#5945 = SEAM_CURVE('',#5946,(#5950,#5957),.PCURVE_S1.);
#5946 = LINE('',#5947,#5948);
#5947 = CARTESIAN_POINT('',(109.5,-2.681976490133E-14,3.5));
#5948 = VECTOR('',#5949,1.);
#5949 = DIRECTION('',(0.707106781187,-1.73191211247E-16,0.707106781187)
  );
#5950 = PCURVE('',#5925,#5951);
#5951 = DEFINITIONAL_REPRESENTATION('',(#5952),#5956);
#5952 = LINE('',#5953,#5954);
#5953 = CARTESIAN_POINT('',(0.,-0.));
#5954 = VECTOR('',#5955,1.);
#5955 = DIRECTION('',(0.,1.));
#5956 = ( GEOMETRIC_REPRESENTATION_CONTEXT(2) 
PARAMETRIC_REPRESENTATION_CONTEXT() REPRESENTATION_CONTEXT('2D SPACE',''
  ) );
#5957 = PCURVE('',#5925,#5958);
#5958 = DEFINITIONAL_REPRESENTATION('',(#5959),#5963);
#5959 = LINE('',#5960,#5961);
#5960 = CARTESIAN_POINT('',(6.28318530718,-0.));
#5961 = VECTOR('',#5962,1.);
#5962 = DIRECTION('',(0.,1.));
#5963 = ( GEOMETRIC_REPRESENTATION_CONTEXT(2) 
PARAMETRIC_REPRESENTATION_CONTEXT() REPRESENTATION_CONTEXT('2D SPACE',''
  ) );
#5964 = ORIENTED_EDGE('',*,*,#5965,.T.);
#5965 = EDGE_CURVE('',#5943,#5943,#5966,.T.);
#5966 = SURFACE_CURVE('',#5967,(#5972,#5979),.PCURVE_S1.);
#5967 = CIRCLE('',#5968,109.5);
#5968 = AXIS2_PLACEMENT_3D('',#5969,#5970,#5971);
#5969 = CARTESIAN_POINT('',(0.,0.,3.5));
#5970 = DIRECTION('',(0.,0.,1.));
#5971 = DIRECTION('',(1.,0.,-0.));
#5972 = PCURVE('',#5925,#5973);
#5973 = DEFINITIONAL_REPRESENTATION('',(#5974),#5978);
#5974 = LINE('',#5975,#5976);
#5975 = CARTESIAN_POINT('',(0.,0.));
#5976 = VECTOR('',#5977,1.);
#5977 = DIRECTION('',(1.,0.));
#5978 = ( GEOMETRIC_REPRESENTATION_CONTEXT(2) 
PARAMETRIC_REPRESENTATION_CONTEXT() REPRESENTATION_CONTEXT('2D SPACE',''
  ) );
#5979 = PCURVE('',#5980,#5985);
#5980 = PLANE('',#5981);
#5981 = AXIS2_PLACEMENT_3D('',#5982,#5983,#5984);
#5982 = CARTESIAN_POINT('',(0.,0.,3.5));
#5983 = DIRECTION('',(0.,0.,1.));
#5984 = DIRECTION('',(1.,0.,-0.));
#5985 = DEFINITIONAL_REPRESENTATION('',(#5986),#5990);
#5986 = CIRCLE('',#5987,109.5);
#5987 = AXIS2_PLACEMENT_2D('',#5988,#5989);
#5988 = CARTESIAN_POINT('',(0.,0.));
#5989 = DIRECTION('',(1.,0.));
#5990 = ( GEOMETRIC_REPRESENTATION_CONTEXT(2) 
PARAMETRIC_REPRESENTATION_CONTEXT() REPRESENTATION_CONTEXT('2D SPACE',''
  ) );
#5991 = ORIENTED_EDGE('',*,*,#5942,.T.);
#5992 = ADVANCED_FACE('',(#5993),#5980,.T.);
#5993 = FACE_BOUND('',#5994,.F.);
#5994 = EDGE_LOOP('',(#5995));
#5995 = ORIENTED_EDGE('',*,*,#5965,.F.);
#5996 = ( GEOMETRIC_REPRESENTATION_CONTEXT(3) 
GLOBAL_UNCERTAINTY_ASSIGNED_CONTEXT((#6000)) 
GLOBAL_UNIT_ASSIGNED_CONTEXT((#5997,#5998,#5999)) REPRESENTATION_CONTEXT
('Context #1','3D Context with UNIT and UNCERTAINTY') );
#5997 = ( LENGTH_UNIT() NAMED_UNIT(*) SI_UNIT(.MILLI.,.METRE.) );
#5998 = ( NAMED_UNIT(*) PLANE_ANGLE_UNIT() SI_UNIT($,.RADIAN.) );
#5999 = ( NAMED_UNIT(*) SI_UNIT($,.STERADIAN.) SOLID_ANGLE_UNIT() );
#6000 = UNCERTAINTY_MEASURE_WITH_UNIT(LENGTH_MEASURE(1.E-07),#5997,
  'distance_accuracy_value','confusion accuracy');
#6001 = CONTEXT_DEPENDENT_SHAPE_REPRESENTATION(#6002,#6004);
#6002 = ( REPRESENTATION_RELATIONSHIP('','',#5141,#5118) 
REPRESENTATION_RELATIONSHIP_WITH_TRANSFORMATION(#6003) 
SHAPE_REPRESENTATION_RELATIONSHIP() );
#6003 = ITEM_DEFINED_TRANSFORMATION('','',#11,#5119);
#6004 = PRODUCT_DEFINITION_SHAPE('Placement','Placement of an item',
  #6005);
#6005 = NEXT_ASSEMBLY_USAGE_OCCURRENCE('45','=>[0:1:1:4]','',#5113,#5136
  ,$);
#6006 = PRODUCT_RELATED_PRODUCT_CATEGORY('part',$,(#5138));
#6007 = SHAPE_DEFINITION_REPRESENTATION(#6008,#6014);
#6008 = PRODUCT_DEFINITION_SHAPE('','',#6009);
#6009 = PRODUCT_DEFINITION('design','',#6010,#6013);
#6010 = PRODUCT_DEFINITION_FORMATION('','',#6011);
#6011 = PRODUCT('dial','dial','',(#6012));
#6012 = PRODUCT_CONTEXT('',#2,'mechanical');
#6013 = PRODUCT_DEFINITION_CONTEXT('part definition',#2,'design');
#6014 = SHAPE_REPRESENTATION('',(#11,#6015),#6019);
#6015 = AXIS2_PLACEMENT_3D('',#6016,#6017,#6018);
#6016 = CARTESIAN_POINT('',(0.,-32.69884100832,175.16657125124));
#6017 = DIRECTION('',(0.,-0.961261695938,0.275637355817));
#6018 = DIRECTION('',(1.,0.,0.));
#6019 = ( GEOMETRIC_REPRESENTATION_CONTEXT(3) 
GLOBAL_UNCERTAINTY_ASSIGNED_CONTEXT((#6023)) 
GLOBAL_UNIT_ASSIGNED_CONTEXT((#6020,#6021,#6022)) REPRESENTATION_CONTEXT
('Context #1','3D Context with UNIT and UNCERTAINTY') );
#6020 = ( LENGTH_UNIT() NAMED_UNIT(*) SI_UNIT(.MILLI.,.METRE.) );
#6021 = ( NAMED_UNIT(*) PLANE_ANGLE_UNIT() SI_UNIT($,.RADIAN.) );
#6022 = ( NAMED_UNIT(*) SI_UNIT($,.STERADIAN.) SOLID_ANGLE_UNIT() );
#6023 = UNCERTAINTY_MEASURE_WITH_UNIT(LENGTH_MEASURE(1.E-07),#6020,
  'distance_accuracy_value','confusion accuracy');
#6024 = CONTEXT_DEPENDENT_SHAPE_REPRESENTATION(#6025,#6027);
#6025 = ( REPRESENTATION_RELATIONSHIP('','',#6014,#10) 
REPRESENTATION_RELATIONSHIP_WITH_TRANSFORMATION(#6026) 
SHAPE_REPRESENTATION_RELATIONSHIP() );
#6026 = ITEM_DEFINED_TRANSFORMATION('','',#11,#23);
#6027 = PRODUCT_DEFINITION_SHAPE('Placement','Placement of an item',
  #6028);
#6028 = NEXT_ASSEMBLY_USAGE_OCCURRENCE('48','=>[0:1:1:5]','',#5,#6009,$
  );
#6029 = PRODUCT_RELATED_PRODUCT_CATEGORY('part',$,(#6011));
#6030 = SHAPE_DEFINITION_REPRESENTATION(#6031,#6037);
#6031 = PRODUCT_DEFINITION_SHAPE('','',#6032);
#6032 = PRODUCT_DEFINITION('design','',#6033,#6036);
#6033 = PRODUCT_DEFINITION_FORMATION('','',#6034);
#6034 = PRODUCT('Nested_dial','Nested_dial','',(#6035));
#6035 = PRODUCT_CONTEXT('',#2,'mechanical');
#6036 = PRODUCT_DEFINITION_CONTEXT('part definition',#2,'design');
#6037 = ADVANCED_BREP_SHAPE_REPRESENTATION('',(#11,#6038),#6276);
#6038 = MANIFOLD_SOLID_BREP('',#6039);
#6039 = CLOSED_SHELL('',(#6040,#6128,#6184,#6219,#6269));
#6040 = ADVANCED_FACE('',(#6041),#6054,.T.);
#6041 = FACE_BOUND('',#6042,.T.);
#6042 = EDGE_LOOP('',(#6043,#6077,#6100,#6127));
#6043 = ORIENTED_EDGE('',*,*,#6044,.T.);
#6044 = EDGE_CURVE('',#6045,#6045,#6047,.T.);
#6045 = VERTEX_POINT('',#6046);
#6046 = CARTESIAN_POINT('',(117.,0.,0.));
#6047 = SURFACE_CURVE('',#6048,(#6053,#6065),.PCURVE_S1.);
#6048 = CIRCLE('',#6049,117.);
#6049 = AXIS2_PLACEMENT_3D('',#6050,#6051,#6052);
#6050 = CARTESIAN_POINT('',(0.,0.,0.));
#6051 = DIRECTION('',(0.,0.,1.));
#6052 = DIRECTION('',(1.,0.,-0.));
#6053 = PCURVE('',#6054,#6059);
#6054 = CYLINDRICAL_SURFACE('',#6055,117.);
#6055 = AXIS2_PLACEMENT_3D('',#6056,#6057,#6058);
#6056 = CARTESIAN_POINT('',(0.,0.,0.));
#6057 = DIRECTION('',(0.,0.,1.));
#6058 = DIRECTION('',(1.,0.,-0.));
#6059 = DEFINITIONAL_REPRESENTATION('',(#6060),#6064);
#6060 = LINE('',#6061,#6062);
#6061 = CARTESIAN_POINT('',(0.,0.));
#6062 = VECTOR('',#6063,1.);
#6063 = DIRECTION('',(1.,0.));
#6064 = ( GEOMETRIC_REPRESENTATION_CONTEXT(2) 
PARAMETRIC_REPRESENTATION_CONTEXT() REPRESENTATION_CONTEXT('2D SPACE',''
  ) );
#6065 = PCURVE('',#6066,#6071);
#6066 = PLANE('',#6067);
#6067 = AXIS2_PLACEMENT_3D('',#6068,#6069,#6070);
#6068 = CARTESIAN_POINT('',(0.,0.,0.));
#6069 = DIRECTION('',(0.,0.,1.));
#6070 = DIRECTION('',(1.,0.,-0.));
#6071 = DEFINITIONAL_REPRESENTATION('',(#6072),#6076);
#6072 = CIRCLE('',#6073,117.);
#6073 = AXIS2_PLACEMENT_2D('',#6074,#6075);
#6074 = CARTESIAN_POINT('',(0.,0.));
#6075 = DIRECTION('',(1.,0.));
#6076 = ( GEOMETRIC_REPRESENTATION_CONTEXT(2) 
PARAMETRIC_REPRESENTATION_CONTEXT() REPRESENTATION_CONTEXT('2D SPACE',''
  ) );
#6077 = ORIENTED_EDGE('',*,*,#6078,.T.);
#6078 = EDGE_CURVE('',#6045,#6079,#6081,.T.);
#6079 = VERTEX_POINT('',#6080);
#6080 = CARTESIAN_POINT('',(117.,0.,5.4));
#6081 = SEAM_CURVE('',#6082,(#6086,#6093),.PCURVE_S1.);
#6082 = LINE('',#6083,#6084);
#6083 = CARTESIAN_POINT('',(117.,0.,0.));
#6084 = VECTOR('',#6085,1.);
#6085 = DIRECTION('',(0.,0.,1.));
#6086 = PCURVE('',#6054,#6087);
#6087 = DEFINITIONAL_REPRESENTATION('',(#6088),#6092);
#6088 = LINE('',#6089,#6090);
#6089 = CARTESIAN_POINT('',(6.28318530718,0.));
#6090 = VECTOR('',#6091,1.);
#6091 = DIRECTION('',(0.,1.));
#6092 = ( GEOMETRIC_REPRESENTATION_CONTEXT(2) 
PARAMETRIC_REPRESENTATION_CONTEXT() REPRESENTATION_CONTEXT('2D SPACE',''
  ) );
#6093 = PCURVE('',#6054,#6094);
#6094 = DEFINITIONAL_REPRESENTATION('',(#6095),#6099);
#6095 = LINE('',#6096,#6097);
#6096 = CARTESIAN_POINT('',(4.138911435803E-13,0.));
#6097 = VECTOR('',#6098,1.);
#6098 = DIRECTION('',(0.,1.));
#6099 = ( GEOMETRIC_REPRESENTATION_CONTEXT(2) 
PARAMETRIC_REPRESENTATION_CONTEXT() REPRESENTATION_CONTEXT('2D SPACE',''
  ) );
#6100 = ORIENTED_EDGE('',*,*,#6101,.F.);
#6101 = EDGE_CURVE('',#6079,#6079,#6102,.T.);
#6102 = SURFACE_CURVE('',#6103,(#6108,#6115),.PCURVE_S1.);
#6103 = CIRCLE('',#6104,117.);
#6104 = AXIS2_PLACEMENT_3D('',#6105,#6106,#6107);
#6105 = CARTESIAN_POINT('',(0.,0.,5.4));
#6106 = DIRECTION('',(0.,0.,1.));
#6107 = DIRECTION('',(1.,0.,-0.));
#6108 = PCURVE('',#6054,#6109);
#6109 = DEFINITIONAL_REPRESENTATION('',(#6110),#6114);
#6110 = LINE('',#6111,#6112);
#6111 = CARTESIAN_POINT('',(0.,5.4));
#6112 = VECTOR('',#6113,1.);
#6113 = DIRECTION('',(1.,0.));
#6114 = ( GEOMETRIC_REPRESENTATION_CONTEXT(2) 
PARAMETRIC_REPRESENTATION_CONTEXT() REPRESENTATION_CONTEXT('2D SPACE',''
  ) );
#6115 = PCURVE('',#6116,#6121);
#6116 = TOROIDAL_SURFACE('',#6117,108.,15.);
#6117 = AXIS2_PLACEMENT_3D('',#6118,#6119,#6120);
#6118 = CARTESIAN_POINT('',(0.,0.,17.4));
#6119 = DIRECTION('',(-0.,-0.,-1.));
#6120 = DIRECTION('',(1.,0.,-0.));
#6121 = DEFINITIONAL_REPRESENTATION('',(#6122),#6126);
#6122 = LINE('',#6123,#6124);
#6123 = CARTESIAN_POINT('',(6.28318530718,0.927295218002));
#6124 = VECTOR('',#6125,1.);
#6125 = DIRECTION('',(-1.,0.));
#6126 = ( GEOMETRIC_REPRESENTATION_CONTEXT(2) 
PARAMETRIC_REPRESENTATION_CONTEXT() REPRESENTATION_CONTEXT('2D SPACE',''
  ) );
#6127 = ORIENTED_EDGE('',*,*,#6078,.F.);
#6128 = ADVANCED_FACE('',(#6129),#6116,.F.);
#6129 = FACE_BOUND('',#6130,.F.);
#6130 = EDGE_LOOP('',(#6131,#6155,#6182,#6183));
#6131 = ORIENTED_EDGE('',*,*,#6132,.T.);
#6132 = EDGE_CURVE('',#6079,#6133,#6135,.T.);
#6133 = VERTEX_POINT('',#6134);
#6134 = CARTESIAN_POINT('',(108.,0.,2.4));
#6135 = SEAM_CURVE('',#6136,(#6141,#6148),.PCURVE_S1.);
#6136 = CIRCLE('',#6137,15.);
#6137 = AXIS2_PLACEMENT_3D('',#6138,#6139,#6140);
#6138 = CARTESIAN_POINT('',(108.,0.,17.4));
#6139 = DIRECTION('',(0.,1.,0.));
#6140 = DIRECTION('',(0.6,0.,-0.8));
#6141 = PCURVE('',#6116,#6142);
#6142 = DEFINITIONAL_REPRESENTATION('',(#6143),#6147);
#6143 = LINE('',#6144,#6145);
#6144 = CARTESIAN_POINT('',(6.283185307179,0.927295218002));
#6145 = VECTOR('',#6146,1.);
#6146 = DIRECTION('',(-0.,1.));
#6147 = ( GEOMETRIC_REPRESENTATION_CONTEXT(2) 
PARAMETRIC_REPRESENTATION_CONTEXT() REPRESENTATION_CONTEXT('2D SPACE',''
  ) );
#6148 = PCURVE('',#6116,#6149);
#6149 = DEFINITIONAL_REPRESENTATION('',(#6150),#6154);
#6150 = LINE('',#6151,#6152);
#6151 = CARTESIAN_POINT('',(4.138911435803E-13,0.927295218002));
#6152 = VECTOR('',#6153,1.);
#6153 = DIRECTION('',(-0.,1.));
#6154 = ( GEOMETRIC_REPRESENTATION_CONTEXT(2) 
PARAMETRIC_REPRESENTATION_CONTEXT() REPRESENTATION_CONTEXT('2D SPACE',''
  ) );
#6155 = ORIENTED_EDGE('',*,*,#6156,.T.);
#6156 = EDGE_CURVE('',#6133,#6133,#6157,.T.);
#6157 = SURFACE_CURVE('',#6158,(#6163,#6170),.PCURVE_S1.);
#6158 = CIRCLE('',#6159,108.);
#6159 = AXIS2_PLACEMENT_3D('',#6160,#6161,#6162);
#6160 = CARTESIAN_POINT('',(0.,0.,2.4));
#6161 = DIRECTION('',(0.,0.,1.));
#6162 = DIRECTION('',(1.,0.,-0.));
#6163 = PCURVE('',#6116,#6164);
#6164 = DEFINITIONAL_REPRESENTATION('',(#6165),#6169);
#6165 = LINE('',#6166,#6167);
#6166 = CARTESIAN_POINT('',(6.28318530718,1.570796326795));
#6167 = VECTOR('',#6168,1.);
#6168 = DIRECTION('',(-1.,0.));
#6169 = ( GEOMETRIC_REPRESENTATION_CONTEXT(2) 
PARAMETRIC_REPRESENTATION_CONTEXT() REPRESENTATION_CONTEXT('2D SPACE',''
  ) );
#6170 = PCURVE('',#6171,#6176);
#6171 = PLANE('',#6172);
#6172 = AXIS2_PLACEMENT_3D('',#6173,#6174,#6175);
#6173 = CARTESIAN_POINT('',(0.,0.,2.4));
#6174 = DIRECTION('',(0.,0.,1.));
#6175 = DIRECTION('',(1.,0.,-0.));
#6176 = DEFINITIONAL_REPRESENTATION('',(#6177),#6181);
#6177 = CIRCLE('',#6178,108.);
#6178 = AXIS2_PLACEMENT_2D('',#6179,#6180);
#6179 = CARTESIAN_POINT('',(0.,0.));
#6180 = DIRECTION('',(1.,0.));
#6181 = ( GEOMETRIC_REPRESENTATION_CONTEXT(2) 
PARAMETRIC_REPRESENTATION_CONTEXT() REPRESENTATION_CONTEXT('2D SPACE',''
  ) );
#6182 = ORIENTED_EDGE('',*,*,#6132,.F.);
#6183 = ORIENTED_EDGE('',*,*,#6101,.F.);
#6184 = ADVANCED_FACE('',(#6185,#6188),#6171,.T.);
#6185 = FACE_BOUND('',#6186,.T.);
#6186 = EDGE_LOOP('',(#6187));
#6187 = ORIENTED_EDGE('',*,*,#6156,.T.);
#6188 = FACE_BOUND('',#6189,.T.);
#6189 = EDGE_LOOP('',(#6190));
#6190 = ORIENTED_EDGE('',*,*,#6191,.F.);
#6191 = EDGE_CURVE('',#6192,#6192,#6194,.T.);
#6192 = VERTEX_POINT('',#6193);
#6193 = CARTESIAN_POINT('',(5.,0.,2.4));
#6194 = SURFACE_CURVE('',#6195,(#6200,#6207),.PCURVE_S1.);
#6195 = CIRCLE('',#6196,5.);
#6196 = AXIS2_PLACEMENT_3D('',#6197,#6198,#6199);
#6197 = CARTESIAN_POINT('',(0.,0.,2.4));
#6198 = DIRECTION('',(0.,0.,1.));
#6199 = DIRECTION('',(1.,0.,-0.));
#6200 = PCURVE('',#6171,#6201);
#6201 = DEFINITIONAL_REPRESENTATION('',(#6202),#6206);
#6202 = CIRCLE('',#6203,5.);
#6203 = AXIS2_PLACEMENT_2D('',#6204,#6205);
#6204 = CARTESIAN_POINT('',(0.,0.));
#6205 = DIRECTION('',(1.,0.));
#6206 = ( GEOMETRIC_REPRESENTATION_CONTEXT(2) 
PARAMETRIC_REPRESENTATION_CONTEXT() REPRESENTATION_CONTEXT('2D SPACE',''
  ) );
#6207 = PCURVE('',#6208,#6213);
#6208 = CYLINDRICAL_SURFACE('',#6209,5.);
#6209 = AXIS2_PLACEMENT_3D('',#6210,#6211,#6212);
#6210 = CARTESIAN_POINT('',(0.,0.,2.4));
#6211 = DIRECTION('',(-0.,-0.,-1.));
#6212 = DIRECTION('',(1.,0.,0.));
#6213 = DEFINITIONAL_REPRESENTATION('',(#6214),#6218);
#6214 = LINE('',#6215,#6216);
#6215 = CARTESIAN_POINT('',(6.28318530718,0.));
#6216 = VECTOR('',#6217,1.);
#6217 = DIRECTION('',(-1.,0.));
#6218 = ( GEOMETRIC_REPRESENTATION_CONTEXT(2) 
PARAMETRIC_REPRESENTATION_CONTEXT() REPRESENTATION_CONTEXT('2D SPACE',''
  ) );
#6219 = ADVANCED_FACE('',(#6220),#6208,.F.);
#6220 = FACE_BOUND('',#6221,.F.);
#6221 = EDGE_LOOP('',(#6222,#6245,#6267,#6268));
#6222 = ORIENTED_EDGE('',*,*,#6223,.T.);
#6223 = EDGE_CURVE('',#6192,#6224,#6226,.T.);
#6224 = VERTEX_POINT('',#6225);
#6225 = CARTESIAN_POINT('',(5.,0.,0.));
#6226 = SEAM_CURVE('',#6227,(#6231,#6238),.PCURVE_S1.);
#6227 = LINE('',#6228,#6229);
#6228 = CARTESIAN_POINT('',(5.,0.,2.4));
#6229 = VECTOR('',#6230,1.);
#6230 = DIRECTION('',(0.,0.,-1.));
#6231 = PCURVE('',#6208,#6232);
#6232 = DEFINITIONAL_REPRESENTATION('',(#6233),#6237);
#6233 = LINE('',#6234,#6235);
#6234 = CARTESIAN_POINT('',(6.283185307179,0.));
#6235 = VECTOR('',#6236,1.);
#6236 = DIRECTION('',(-0.,1.));
#6237 = ( GEOMETRIC_REPRESENTATION_CONTEXT(2) 
PARAMETRIC_REPRESENTATION_CONTEXT() REPRESENTATION_CONTEXT('2D SPACE',''
  ) );
#6238 = PCURVE('',#6208,#6239);
#6239 = DEFINITIONAL_REPRESENTATION('',(#6240),#6244);
#6240 = LINE('',#6241,#6242);
#6241 = CARTESIAN_POINT('',(4.138911435803E-13,0.));
#6242 = VECTOR('',#6243,1.);
#6243 = DIRECTION('',(-0.,1.));
#6244 = ( GEOMETRIC_REPRESENTATION_CONTEXT(2) 
PARAMETRIC_REPRESENTATION_CONTEXT() REPRESENTATION_CONTEXT('2D SPACE',''
  ) );
#6245 = ORIENTED_EDGE('',*,*,#6246,.T.);
#6246 = EDGE_CURVE('',#6224,#6224,#6247,.T.);
#6247 = SURFACE_CURVE('',#6248,(#6253,#6260),.PCURVE_S1.);
#6248 = CIRCLE('',#6249,5.);
#6249 = AXIS2_PLACEMENT_3D('',#6250,#6251,#6252);
#6250 = CARTESIAN_POINT('',(0.,0.,0.));
#6251 = DIRECTION('',(0.,0.,1.));
#6252 = DIRECTION('',(1.,0.,-0.));
#6253 = PCURVE('',#6208,#6254);
#6254 = DEFINITIONAL_REPRESENTATION('',(#6255),#6259);
#6255 = LINE('',#6256,#6257);
#6256 = CARTESIAN_POINT('',(6.28318530718,2.4));
#6257 = VECTOR('',#6258,1.);
#6258 = DIRECTION('',(-1.,0.));
#6259 = ( GEOMETRIC_REPRESENTATION_CONTEXT(2) 
PARAMETRIC_REPRESENTATION_CONTEXT() REPRESENTATION_CONTEXT('2D SPACE',''
  ) );
#6260 = PCURVE('',#6066,#6261);
#6261 = DEFINITIONAL_REPRESENTATION('',(#6262),#6266);
#6262 = CIRCLE('',#6263,5.);
#6263 = AXIS2_PLACEMENT_2D('',#6264,#6265);
#6264 = CARTESIAN_POINT('',(0.,0.));
#6265 = DIRECTION('',(1.,0.));
#6266 = ( GEOMETRIC_REPRESENTATION_CONTEXT(2) 
PARAMETRIC_REPRESENTATION_CONTEXT() REPRESENTATION_CONTEXT('2D SPACE',''
  ) );
#6267 = ORIENTED_EDGE('',*,*,#6223,.F.);
#6268 = ORIENTED_EDGE('',*,*,#6191,.F.);
#6269 = ADVANCED_FACE('',(#6270,#6273),#6066,.F.);
#6270 = FACE_BOUND('',#6271,.T.);
#6271 = EDGE_LOOP('',(#6272));
#6272 = ORIENTED_EDGE('',*,*,#6246,.T.);
#6273 = FACE_BOUND('',#6274,.T.);
#6274 = EDGE_LOOP('',(#6275));
#6275 = ORIENTED_EDGE('',*,*,#6044,.F.);
#6276 = ( GEOMETRIC_REPRESENTATION_CONTEXT(3) 
GLOBAL_UNCERTAINTY_ASSIGNED_CONTEXT((#6280)) 
GLOBAL_UNIT_ASSIGNED_CONTEXT((#6277,#6278,#6279)) REPRESENTATION_CONTEXT
('Context #1','3D Context with UNIT and UNCERTAINTY') );
#6277 = ( LENGTH_UNIT() NAMED_UNIT(*) SI_UNIT(.MILLI.,.METRE.) );
#6278 = ( NAMED_UNIT(*) PLANE_ANGLE_UNIT() SI_UNIT($,.RADIAN.) );
#6279 = ( NAMED_UNIT(*) SI_UNIT($,.STERADIAN.) SOLID_ANGLE_UNIT() );
#6280 = UNCERTAINTY_MEASURE_WITH_UNIT(LENGTH_MEASURE(1.E-07),#6277,
  'distance_accuracy_value','confusion accuracy');
#6281 = CONTEXT_DEPENDENT_SHAPE_REPRESENTATION(#6282,#6284);
#6282 = ( REPRESENTATION_RELATIONSHIP('','',#6037,#6014) 
REPRESENTATION_RELATIONSHIP_WITH_TRANSFORMATION(#6283) 
SHAPE_REPRESENTATION_RELATIONSHIP() );
#6283 = ITEM_DEFINED_TRANSFORMATION('','',#11,#6015);
#6284 = PRODUCT_DEFINITION_SHAPE('Placement','Placement of an item',
  #6285);
#6285 = NEXT_ASSEMBLY_USAGE_OCCURRENCE('47','=>[0:1:1:6]','',#6009,#6032
  ,$);
#6286 = PRODUCT_RELATED_PRODUCT_CATEGORY('part',$,(#6034));
#6287 = SHAPE_DEFINITION_REPRESENTATION(#6288,#6294);
#6288 = PRODUCT_DEFINITION_SHAPE('','',#6289);
#6289 = PRODUCT_DEFINITION('design','',#6290,#6293);
#6290 = PRODUCT_DEFINITION_FORMATION('','',#6291);
#6291 = PRODUCT('locator','locator','',(#6292));
#6292 = PRODUCT_CONTEXT('',#2,'mechanical');
#6293 = PRODUCT_DEFINITION_CONTEXT('part definition',#2,'design');
#6294 = ADVANCED_BREP_SHAPE_REPRESENTATION('',(#11,#6295),#7609);
#6295 = MANIFOLD_SOLID_BREP('',#6296);
#6296 = CLOSED_SHELL('',(#6297,#6417,#6503,#6584,#6665,#6741,#6772,#6803
    ,#6879,#6960,#6986,#7067,#7093,#7169,#7201,#7233,#7309,#7341,#7410,
    #7442,#7511,#7578,#7584,#7590,#7597,#7603));
#6297 = ADVANCED_FACE('',(#6298),#6312,.F.);
#6298 = FACE_BOUND('',#6299,.F.);
#6299 = EDGE_LOOP('',(#6300,#6335,#6363,#6391));
#6300 = ORIENTED_EDGE('',*,*,#6301,.F.);
#6301 = EDGE_CURVE('',#6302,#6304,#6306,.T.);
#6302 = VERTEX_POINT('',#6303);
#6303 = CARTESIAN_POINT('',(-6.,-5.8,-2.3));
#6304 = VERTEX_POINT('',#6305);
#6305 = CARTESIAN_POINT('',(-6.,-5.8,2.3));
#6306 = SURFACE_CURVE('',#6307,(#6311,#6323),.PCURVE_S1.);
#6307 = LINE('',#6308,#6309);
#6308 = CARTESIAN_POINT('',(-6.,-5.8,-2.5));
#6309 = VECTOR('',#6310,1.);
#6310 = DIRECTION('',(0.,0.,1.));
#6311 = PCURVE('',#6312,#6317);
#6312 = PLANE('',#6313);
#6313 = AXIS2_PLACEMENT_3D('',#6314,#6315,#6316);
#6314 = CARTESIAN_POINT('',(-6.,-6.,-2.5));
#6315 = DIRECTION('',(1.,0.,0.));
#6316 = DIRECTION('',(0.,0.,1.));
#6317 = DEFINITIONAL_REPRESENTATION('',(#6318),#6322);
#6318 = LINE('',#6319,#6320);
#6319 = CARTESIAN_POINT('',(0.,-0.2));
#6320 = VECTOR('',#6321,1.);
#6321 = DIRECTION('',(1.,0.));
#6322 = ( GEOMETRIC_REPRESENTATION_CONTEXT(2) 
PARAMETRIC_REPRESENTATION_CONTEXT() REPRESENTATION_CONTEXT('2D SPACE',''
  ) );
#6323 = PCURVE('',#6324,#6329);
#6324 = PLANE('',#6325);
#6325 = AXIS2_PLACEMENT_3D('',#6326,#6327,#6328);
#6326 = CARTESIAN_POINT('',(-5.9,-5.9,-2.5));
#6327 = DIRECTION('',(-0.707106781187,-0.707106781187,1.508400545651E-19
    ));
#6328 = DIRECTION('',(-1.066600254575E-19,-1.066600254575E-19,-1.));
#6329 = DEFINITIONAL_REPRESENTATION('',(#6330),#6334);
#6330 = LINE('',#6331,#6332);
#6331 = CARTESIAN_POINT('',(9.415477238613E-35,-0.141421356237));
#6332 = VECTOR('',#6333,1.);
#6333 = DIRECTION('',(-1.,-1.071962344858E-35));
#6334 = ( GEOMETRIC_REPRESENTATION_CONTEXT(2) 
PARAMETRIC_REPRESENTATION_CONTEXT() REPRESENTATION_CONTEXT('2D SPACE',''
  ) );
#6335 = ORIENTED_EDGE('',*,*,#6336,.T.);
#6336 = EDGE_CURVE('',#6302,#6337,#6339,.T.);
#6337 = VERTEX_POINT('',#6338);
#6338 = CARTESIAN_POINT('',(-6.,5.8,-2.3));
#6339 = SURFACE_CURVE('',#6340,(#6344,#6351),.PCURVE_S1.);
#6340 = LINE('',#6341,#6342);
#6341 = CARTESIAN_POINT('',(-6.,-6.,-2.3));
#6342 = VECTOR('',#6343,1.);
#6343 = DIRECTION('',(0.,1.,0.));
#6344 = PCURVE('',#6312,#6345);
#6345 = DEFINITIONAL_REPRESENTATION('',(#6346),#6350);
#6346 = LINE('',#6347,#6348);
#6347 = CARTESIAN_POINT('',(0.2,0.));
#6348 = VECTOR('',#6349,1.);
#6349 = DIRECTION('',(0.,-1.));
#6350 = ( GEOMETRIC_REPRESENTATION_CONTEXT(2) 
PARAMETRIC_REPRESENTATION_CONTEXT() REPRESENTATION_CONTEXT('2D SPACE',''
  ) );
#6351 = PCURVE('',#6352,#6357);
#6352 = PLANE('',#6353);
#6353 = AXIS2_PLACEMENT_3D('',#6354,#6355,#6356);
#6354 = CARTESIAN_POINT('',(-5.9,-6.,-2.4));
#6355 = DIRECTION('',(-0.707106781187,-8.657438204268E-19,
    -0.707106781187));
#6356 = DIRECTION('',(-6.121733261942E-19,1.,-6.121733261942E-19));
#6357 = DEFINITIONAL_REPRESENTATION('',(#6358),#6362);
#6358 = LINE('',#6359,#6360);
#6359 = CARTESIAN_POINT('',(3.227948663603E-36,-0.141421356237));
#6360 = VECTOR('',#6361,1.);
#6361 = DIRECTION('',(1.,-1.556835520536E-35));
#6362 = ( GEOMETRIC_REPRESENTATION_CONTEXT(2) 
PARAMETRIC_REPRESENTATION_CONTEXT() REPRESENTATION_CONTEXT('2D SPACE',''
  ) );
#6363 = ORIENTED_EDGE('',*,*,#6364,.T.);
#6364 = EDGE_CURVE('',#6337,#6365,#6367,.T.);
#6365 = VERTEX_POINT('',#6366);
#6366 = CARTESIAN_POINT('',(-6.,5.8,2.3));
#6367 = SURFACE_CURVE('',#6368,(#6372,#6379),.PCURVE_S1.);
#6368 = LINE('',#6369,#6370);
#6369 = CARTESIAN_POINT('',(-6.,5.8,-2.5));
#6370 = VECTOR('',#6371,1.);
#6371 = DIRECTION('',(0.,0.,1.));
#6372 = PCURVE('',#6312,#6373);
#6373 = DEFINITIONAL_REPRESENTATION('',(#6374),#6378);
#6374 = LINE('',#6375,#6376);
#6375 = CARTESIAN_POINT('',(0.,-11.8));
#6376 = VECTOR('',#6377,1.);
#6377 = DIRECTION('',(1.,0.));
#6378 = ( GEOMETRIC_REPRESENTATION_CONTEXT(2) 
PARAMETRIC_REPRESENTATION_CONTEXT() REPRESENTATION_CONTEXT('2D SPACE',''
  ) );
#6379 = PCURVE('',#6380,#6385);
#6380 = PLANE('',#6381);
#6381 = AXIS2_PLACEMENT_3D('',#6382,#6383,#6384);
#6382 = CARTESIAN_POINT('',(-5.9,5.9,-2.5));
#6383 = DIRECTION('',(0.707106781187,-0.707106781187,-1.508400545651E-19
    ));
#6384 = DIRECTION('',(-1.066600254575E-19,1.066600254575E-19,-1.));
#6385 = DEFINITIONAL_REPRESENTATION('',(#6386),#6390);
#6386 = LINE('',#6387,#6388);
#6387 = CARTESIAN_POINT('',(9.415477238613E-35,-0.141421356237));
#6388 = VECTOR('',#6389,1.);
#6389 = DIRECTION('',(-1.,-1.071962344858E-35));
#6390 = ( GEOMETRIC_REPRESENTATION_CONTEXT(2) 
PARAMETRIC_REPRESENTATION_CONTEXT() REPRESENTATION_CONTEXT('2D SPACE',''
  ) );
#6391 = ORIENTED_EDGE('',*,*,#6392,.F.);
#6392 = EDGE_CURVE('',#6304,#6365,#6393,.T.);
#6393 = SURFACE_CURVE('',#6394,(#6398,#6405),.PCURVE_S1.);
#6394 = LINE('',#6395,#6396);
#6395 = CARTESIAN_POINT('',(-6.,-6.,2.3));
#6396 = VECTOR('',#6397,1.);
#6397 = DIRECTION('',(0.,1.,0.));
#6398 = PCURVE('',#6312,#6399);
#6399 = DEFINITIONAL_REPRESENTATION('',(#6400),#6404);
#6400 = LINE('',#6401,#6402);
#6401 = CARTESIAN_POINT('',(4.8,0.));
#6402 = VECTOR('',#6403,1.);
#6403 = DIRECTION('',(0.,-1.));
#6404 = ( GEOMETRIC_REPRESENTATION_CONTEXT(2) 
PARAMETRIC_REPRESENTATION_CONTEXT() REPRESENTATION_CONTEXT('2D SPACE',''
  ) );
#6405 = PCURVE('',#6406,#6411);
#6406 = PLANE('',#6407);
#6407 = AXIS2_PLACEMENT_3D('',#6408,#6409,#6410);
#6408 = CARTESIAN_POINT('',(-5.9,-6.,2.4));
#6409 = DIRECTION('',(0.707106781187,8.657438204268E-19,-0.707106781187)
  );
#6410 = DIRECTION('',(-6.121733261942E-19,1.,6.121733261942E-19));
#6411 = DEFINITIONAL_REPRESENTATION('',(#6412),#6416);
#6412 = LINE('',#6413,#6414);
#6413 = CARTESIAN_POINT('',(3.227948663603E-36,-0.141421356237));
#6414 = VECTOR('',#6415,1.);
#6415 = DIRECTION('',(1.,-1.556835520536E-35));
#6416 = ( GEOMETRIC_REPRESENTATION_CONTEXT(2) 
PARAMETRIC_REPRESENTATION_CONTEXT() REPRESENTATION_CONTEXT('2D SPACE',''
  ) );
#6417 = ADVANCED_FACE('',(#6418),#6324,.T.);
#6418 = FACE_BOUND('',#6419,.F.);
#6419 = EDGE_LOOP('',(#6420,#6421,#6449,#6477));
#6420 = ORIENTED_EDGE('',*,*,#6301,.T.);
#6421 = ORIENTED_EDGE('',*,*,#6422,.T.);
#6422 = EDGE_CURVE('',#6304,#6423,#6425,.T.);
#6423 = VERTEX_POINT('',#6424);
#6424 = CARTESIAN_POINT('',(-5.8,-6.,2.3));
#6425 = SURFACE_CURVE('',#6426,(#6430,#6437),.PCURVE_S1.);
#6426 = LINE('',#6427,#6428);
#6427 = CARTESIAN_POINT('',(-5.9,-5.9,2.3));
#6428 = VECTOR('',#6429,1.);
#6429 = DIRECTION('',(0.707106781187,-0.707106781187,3.233140042262E-17)
  );
#6430 = PCURVE('',#6324,#6431);
#6431 = DEFINITIONAL_REPRESENTATION('',(#6432),#6436);
#6432 = LINE('',#6433,#6434);
#6433 = CARTESIAN_POINT('',(-4.8,-2.572709627658E-35));
#6434 = VECTOR('',#6435,1.);
#6435 = DIRECTION('',(-3.233140042262E-17,1.));
#6436 = ( GEOMETRIC_REPRESENTATION_CONTEXT(2) 
PARAMETRIC_REPRESENTATION_CONTEXT() REPRESENTATION_CONTEXT('2D SPACE',''
  ) );
#6437 = PCURVE('',#6438,#6443);
#6438 = PLANE('',#6439);
#6439 = AXIS2_PLACEMENT_3D('',#6440,#6441,#6442);
#6440 = CARTESIAN_POINT('',(-5.8,-5.8,2.5));
#6441 = DIRECTION('',(0.57735026919,0.57735026919,-0.57735026919));
#6442 = DIRECTION('',(0.707106781187,-0.707106781187,1.10971635821E-17)
  );
#6443 = DEFINITIONAL_REPRESENTATION('',(#6444),#6448);
#6444 = LINE('',#6445,#6446);
#6445 = CARTESIAN_POINT('',(3.985320695153E-18,0.244948974278));
#6446 = VECTOR('',#6447,1.);
#6447 = DIRECTION('',(1.,4.664327062278E-18));
#6448 = ( GEOMETRIC_REPRESENTATION_CONTEXT(2) 
PARAMETRIC_REPRESENTATION_CONTEXT() REPRESENTATION_CONTEXT('2D SPACE',''
  ) );
#6449 = ORIENTED_EDGE('',*,*,#6450,.F.);
#6450 = EDGE_CURVE('',#6451,#6423,#6453,.T.);
#6451 = VERTEX_POINT('',#6452);
#6452 = CARTESIAN_POINT('',(-5.8,-6.,-2.3));
#6453 = SURFACE_CURVE('',#6454,(#6458,#6465),.PCURVE_S1.);
#6454 = LINE('',#6455,#6456);
#6455 = CARTESIAN_POINT('',(-5.8,-6.,-2.5));
#6456 = VECTOR('',#6457,1.);
#6457 = DIRECTION('',(0.,0.,1.));
#6458 = PCURVE('',#6324,#6459);
#6459 = DEFINITIONAL_REPRESENTATION('',(#6460),#6464);
#6460 = LINE('',#6461,#6462);
#6461 = CARTESIAN_POINT('',(9.537022492023E-35,0.141421356237));
#6462 = VECTOR('',#6463,1.);
#6463 = DIRECTION('',(-1.,-1.071962344858E-35));
#6464 = ( GEOMETRIC_REPRESENTATION_CONTEXT(2) 
PARAMETRIC_REPRESENTATION_CONTEXT() REPRESENTATION_CONTEXT('2D SPACE',''
  ) );
#6465 = PCURVE('',#6466,#6471);
#6466 = PLANE('',#6467);
#6467 = AXIS2_PLACEMENT_3D('',#6468,#6469,#6470);
#6468 = CARTESIAN_POINT('',(-6.,-6.,-2.5));
#6469 = DIRECTION('',(0.,1.,0.));
#6470 = DIRECTION('',(0.,-0.,1.));
#6471 = DEFINITIONAL_REPRESENTATION('',(#6472),#6476);
#6472 = LINE('',#6473,#6474);
#6473 = CARTESIAN_POINT('',(0.,0.2));
#6474 = VECTOR('',#6475,1.);
#6475 = DIRECTION('',(1.,0.));
#6476 = ( GEOMETRIC_REPRESENTATION_CONTEXT(2) 
PARAMETRIC_REPRESENTATION_CONTEXT() REPRESENTATION_CONTEXT('2D SPACE',''
  ) );
#6477 = ORIENTED_EDGE('',*,*,#6478,.F.);
#6478 = EDGE_CURVE('',#6302,#6451,#6479,.T.);
#6479 = SURFACE_CURVE('',#6480,(#6484,#6491),.PCURVE_S1.);
#6480 = LINE('',#6481,#6482);
#6481 = CARTESIAN_POINT('',(-5.9,-5.9,-2.3));
#6482 = VECTOR('',#6483,1.);
#6483 = DIRECTION('',(0.707106781187,-0.707106781187,-3.233140042262E-17
    ));
#6484 = PCURVE('',#6324,#6485);
#6485 = DEFINITIONAL_REPRESENTATION('',(#6486),#6490);
#6486 = LINE('',#6487,#6488);
#6487 = CARTESIAN_POINT('',(-0.2,-1.071962344858E-36));
#6488 = VECTOR('',#6489,1.);
#6489 = DIRECTION('',(3.233140042262E-17,1.));
#6490 = ( GEOMETRIC_REPRESENTATION_CONTEXT(2) 
PARAMETRIC_REPRESENTATION_CONTEXT() REPRESENTATION_CONTEXT('2D SPACE',''
  ) );
#6491 = PCURVE('',#6492,#6497);
#6492 = PLANE('',#6493);
#6493 = AXIS2_PLACEMENT_3D('',#6494,#6495,#6496);
#6494 = CARTESIAN_POINT('',(-5.8,-5.8,-2.5));
#6495 = DIRECTION('',(-0.57735026919,-0.57735026919,-0.57735026919));
#6496 = DIRECTION('',(0.707106781187,-0.707106781187,-1.10971635821E-17)
  );
#6497 = DEFINITIONAL_REPRESENTATION('',(#6498),#6502);
#6498 = LINE('',#6499,#6500);
#6499 = CARTESIAN_POINT('',(3.985320695153E-18,0.244948974278));
#6500 = VECTOR('',#6501,1.);
#6501 = DIRECTION('',(1.,4.664327062278E-18));
#6502 = ( GEOMETRIC_REPRESENTATION_CONTEXT(2) 
PARAMETRIC_REPRESENTATION_CONTEXT() REPRESENTATION_CONTEXT('2D SPACE',''
  ) );
#6503 = ADVANCED_FACE('',(#6504),#6352,.T.);
#6504 = FACE_BOUND('',#6505,.T.);
#6505 = EDGE_LOOP('',(#6506,#6529,#6530,#6558));
#6506 = ORIENTED_EDGE('',*,*,#6507,.T.);
#6507 = EDGE_CURVE('',#6508,#6302,#6510,.T.);
#6508 = VERTEX_POINT('',#6509);
#6509 = CARTESIAN_POINT('',(-5.8,-5.8,-2.5));
#6510 = SURFACE_CURVE('',#6511,(#6515,#6522),.PCURVE_S1.);
#6511 = LINE('',#6512,#6513);
#6512 = CARTESIAN_POINT('',(-5.85,-5.8,-2.45));
#6513 = VECTOR('',#6514,1.);
#6514 = DIRECTION('',(-0.707106781187,-1.363531112747E-15,0.707106781187
    ));
#6515 = PCURVE('',#6352,#6516);
#6516 = DEFINITIONAL_REPRESENTATION('',(#6517),#6521);
#6517 = LINE('',#6518,#6519);
#6518 = CARTESIAN_POINT('',(0.2,7.071067811866E-02));
#6519 = VECTOR('',#6520,1.);
#6520 = DIRECTION('',(-1.363531112747E-15,-1.));
#6521 = ( GEOMETRIC_REPRESENTATION_CONTEXT(2) 
PARAMETRIC_REPRESENTATION_CONTEXT() REPRESENTATION_CONTEXT('2D SPACE',''
  ) );
#6522 = PCURVE('',#6492,#6523);
#6523 = DEFINITIONAL_REPRESENTATION('',(#6524),#6528);
#6524 = LINE('',#6525,#6526);
#6525 = CARTESIAN_POINT('',(-3.535533905933E-02,6.123724356958E-02));
#6526 = VECTOR('',#6527,1.);
#6527 = DIRECTION('',(-0.5,0.866025403784));
#6528 = ( GEOMETRIC_REPRESENTATION_CONTEXT(2) 
PARAMETRIC_REPRESENTATION_CONTEXT() REPRESENTATION_CONTEXT('2D SPACE',''
  ) );
#6529 = ORIENTED_EDGE('',*,*,#6336,.T.);
#6530 = ORIENTED_EDGE('',*,*,#6531,.F.);
#6531 = EDGE_CURVE('',#6532,#6337,#6534,.T.);
#6532 = VERTEX_POINT('',#6533);
#6533 = CARTESIAN_POINT('',(-5.8,5.8,-2.5));
#6534 = SURFACE_CURVE('',#6535,(#6539,#6546),.PCURVE_S1.);
#6535 = LINE('',#6536,#6537);
#6536 = CARTESIAN_POINT('',(-5.85,5.8,-2.45));
#6537 = VECTOR('',#6538,1.);
#6538 = DIRECTION('',(-0.707106781187,1.585989868283E-15,0.707106781187)
  );
#6539 = PCURVE('',#6352,#6540);
#6540 = DEFINITIONAL_REPRESENTATION('',(#6541),#6545);
#6541 = LINE('',#6542,#6543);
#6542 = CARTESIAN_POINT('',(11.8,7.071067811866E-02));
#6543 = VECTOR('',#6544,1.);
#6544 = DIRECTION('',(1.585989868283E-15,-1.));
#6545 = ( GEOMETRIC_REPRESENTATION_CONTEXT(2) 
PARAMETRIC_REPRESENTATION_CONTEXT() REPRESENTATION_CONTEXT('2D SPACE',''
  ) );
#6546 = PCURVE('',#6547,#6552);
#6547 = PLANE('',#6548);
#6548 = AXIS2_PLACEMENT_3D('',#6549,#6550,#6551);
#6549 = CARTESIAN_POINT('',(-5.8,5.8,-2.5));
#6550 = DIRECTION('',(0.57735026919,-0.57735026919,0.57735026919));
#6551 = DIRECTION('',(0.707106781187,0.707106781187,-1.10971635821E-17)
  );
#6552 = DEFINITIONAL_REPRESENTATION('',(#6553),#6557);
#6553 = LINE('',#6554,#6555);
#6554 = CARTESIAN_POINT('',(-3.535533905933E-02,6.123724356958E-02));
#6555 = VECTOR('',#6556,1.);
#6556 = DIRECTION('',(-0.5,0.866025403784));
#6557 = ( GEOMETRIC_REPRESENTATION_CONTEXT(2) 
PARAMETRIC_REPRESENTATION_CONTEXT() REPRESENTATION_CONTEXT('2D SPACE',''
  ) );
#6558 = ORIENTED_EDGE('',*,*,#6559,.F.);
#6559 = EDGE_CURVE('',#6508,#6532,#6560,.T.);
#6560 = SURFACE_CURVE('',#6561,(#6565,#6572),.PCURVE_S1.);
#6561 = LINE('',#6562,#6563);
#6562 = CARTESIAN_POINT('',(-5.8,-6.,-2.5));
#6563 = VECTOR('',#6564,1.);
#6564 = DIRECTION('',(0.,1.,0.));
#6565 = PCURVE('',#6352,#6566);
#6566 = DEFINITIONAL_REPRESENTATION('',(#6567),#6571);
#6567 = LINE('',#6568,#6569);
#6568 = CARTESIAN_POINT('',(-1.176608080805E-36,0.141421356237));
#6569 = VECTOR('',#6570,1.);
#6570 = DIRECTION('',(1.,-1.556835520536E-35));
#6571 = ( GEOMETRIC_REPRESENTATION_CONTEXT(2) 
PARAMETRIC_REPRESENTATION_CONTEXT() REPRESENTATION_CONTEXT('2D SPACE',''
  ) );
#6572 = PCURVE('',#6573,#6578);
#6573 = PLANE('',#6574);
#6574 = AXIS2_PLACEMENT_3D('',#6575,#6576,#6577);
#6575 = CARTESIAN_POINT('',(-6.,-6.,-2.5));
#6576 = DIRECTION('',(0.,0.,1.));
#6577 = DIRECTION('',(1.,0.,-0.));
#6578 = DEFINITIONAL_REPRESENTATION('',(#6579),#6583);
#6579 = LINE('',#6580,#6581);
#6580 = CARTESIAN_POINT('',(0.2,0.));
#6581 = VECTOR('',#6582,1.);
#6582 = DIRECTION('',(0.,1.));
#6583 = ( GEOMETRIC_REPRESENTATION_CONTEXT(2) 
PARAMETRIC_REPRESENTATION_CONTEXT() REPRESENTATION_CONTEXT('2D SPACE',''
  ) );
#6584 = ADVANCED_FACE('',(#6585),#6406,.F.);
#6585 = FACE_BOUND('',#6586,.F.);
#6586 = EDGE_LOOP('',(#6587,#6610,#6611,#6639));
#6587 = ORIENTED_EDGE('',*,*,#6588,.T.);
#6588 = EDGE_CURVE('',#6589,#6304,#6591,.T.);
#6589 = VERTEX_POINT('',#6590);
#6590 = CARTESIAN_POINT('',(-5.8,-5.8,2.5));
#6591 = SURFACE_CURVE('',#6592,(#6596,#6603),.PCURVE_S1.);
#6592 = LINE('',#6593,#6594);
#6593 = CARTESIAN_POINT('',(-5.85,-5.8,2.45));
#6594 = VECTOR('',#6595,1.);
#6595 = DIRECTION('',(-0.707106781187,-1.363531112747E-15,
    -0.707106781187));
#6596 = PCURVE('',#6406,#6597);
#6597 = DEFINITIONAL_REPRESENTATION('',(#6598),#6602);
#6598 = LINE('',#6599,#6600);
#6599 = CARTESIAN_POINT('',(0.2,7.071067811866E-02));
#6600 = VECTOR('',#6601,1.);
#6601 = DIRECTION('',(-1.363531112747E-15,-1.));
#6602 = ( GEOMETRIC_REPRESENTATION_CONTEXT(2) 
PARAMETRIC_REPRESENTATION_CONTEXT() REPRESENTATION_CONTEXT('2D SPACE',''
  ) );
#6603 = PCURVE('',#6438,#6604);
#6604 = DEFINITIONAL_REPRESENTATION('',(#6605),#6609);
#6605 = LINE('',#6606,#6607);
#6606 = CARTESIAN_POINT('',(-3.535533905933E-02,6.123724356958E-02));
#6607 = VECTOR('',#6608,1.);
#6608 = DIRECTION('',(-0.5,0.866025403784));
#6609 = ( GEOMETRIC_REPRESENTATION_CONTEXT(2) 
PARAMETRIC_REPRESENTATION_CONTEXT() REPRESENTATION_CONTEXT('2D SPACE',''
  ) );
#6610 = ORIENTED_EDGE('',*,*,#6392,.T.);
#6611 = ORIENTED_EDGE('',*,*,#6612,.T.);
#6612 = EDGE_CURVE('',#6365,#6613,#6615,.T.);
#6613 = VERTEX_POINT('',#6614);
#6614 = CARTESIAN_POINT('',(-5.8,5.8,2.5));
#6615 = SURFACE_CURVE('',#6616,(#6620,#6627),.PCURVE_S1.);
#6616 = LINE('',#6617,#6618);
#6617 = CARTESIAN_POINT('',(-5.9,5.8,2.4));
#6618 = VECTOR('',#6619,1.);
#6619 = DIRECTION('',(0.707106781187,-1.585989868283E-15,0.707106781187)
  );
#6620 = PCURVE('',#6406,#6621);
#6621 = DEFINITIONAL_REPRESENTATION('',(#6622),#6626);
#6622 = LINE('',#6623,#6624);
#6623 = CARTESIAN_POINT('',(11.8,-1.837065914233E-34));
#6624 = VECTOR('',#6625,1.);
#6625 = DIRECTION('',(-1.585989868283E-15,1.));
#6626 = ( GEOMETRIC_REPRESENTATION_CONTEXT(2) 
PARAMETRIC_REPRESENTATION_CONTEXT() REPRESENTATION_CONTEXT('2D SPACE',''
  ) );
#6627 = PCURVE('',#6628,#6633);
#6628 = PLANE('',#6629);
#6629 = AXIS2_PLACEMENT_3D('',#6630,#6631,#6632);
#6630 = CARTESIAN_POINT('',(-5.8,6.,2.3));
#6631 = DIRECTION('',(0.57735026919,-0.57735026919,-0.57735026919));
#6632 = DIRECTION('',(0.707106781187,-1.10971635821E-17,0.707106781187)
  );
#6633 = DEFINITIONAL_REPRESENTATION('',(#6634),#6638);
#6634 = LINE('',#6635,#6636);
#6635 = CARTESIAN_POINT('',(-3.063454573405E-16,0.244948974278));
#6636 = VECTOR('',#6637,1.);
#6637 = DIRECTION('',(1.,1.302145596643E-15));
#6638 = ( GEOMETRIC_REPRESENTATION_CONTEXT(2) 
PARAMETRIC_REPRESENTATION_CONTEXT() REPRESENTATION_CONTEXT('2D SPACE',''
  ) );
#6639 = ORIENTED_EDGE('',*,*,#6640,.F.);
#6640 = EDGE_CURVE('',#6589,#6613,#6641,.T.);
#6641 = SURFACE_CURVE('',#6642,(#6646,#6653),.PCURVE_S1.);
#6642 = LINE('',#6643,#6644);
#6643 = CARTESIAN_POINT('',(-5.8,-6.,2.5));
#6644 = VECTOR('',#6645,1.);
#6645 = DIRECTION('',(0.,1.,0.));
#6646 = PCURVE('',#6406,#6647);
#6647 = DEFINITIONAL_REPRESENTATION('',(#6648),#6652);
#6648 = LINE('',#6649,#6650);
#6649 = CARTESIAN_POINT('',(-1.176608080805E-36,0.141421356237));
#6650 = VECTOR('',#6651,1.);
#6651 = DIRECTION('',(1.,-1.556835520536E-35));
#6652 = ( GEOMETRIC_REPRESENTATION_CONTEXT(2) 
PARAMETRIC_REPRESENTATION_CONTEXT() REPRESENTATION_CONTEXT('2D SPACE',''
  ) );
#6653 = PCURVE('',#6654,#6659);
#6654 = PLANE('',#6655);
#6655 = AXIS2_PLACEMENT_3D('',#6656,#6657,#6658);
#6656 = CARTESIAN_POINT('',(-6.,-6.,2.5));
#6657 = DIRECTION('',(0.,0.,1.));
#6658 = DIRECTION('',(1.,0.,-0.));
#6659 = DEFINITIONAL_REPRESENTATION('',(#6660),#6664);
#6660 = LINE('',#6661,#6662);
#6661 = CARTESIAN_POINT('',(0.2,0.));
#6662 = VECTOR('',#6663,1.);
#6663 = DIRECTION('',(0.,1.));
#6664 = ( GEOMETRIC_REPRESENTATION_CONTEXT(2) 
PARAMETRIC_REPRESENTATION_CONTEXT() REPRESENTATION_CONTEXT('2D SPACE',''
  ) );
#6665 = ADVANCED_FACE('',(#6666),#6380,.F.);
#6666 = FACE_BOUND('',#6667,.T.);
#6667 = EDGE_LOOP('',(#6668,#6669,#6692,#6720));
#6668 = ORIENTED_EDGE('',*,*,#6364,.T.);
#6669 = ORIENTED_EDGE('',*,*,#6670,.F.);
#6670 = EDGE_CURVE('',#6671,#6365,#6673,.T.);
#6671 = VERTEX_POINT('',#6672);
#6672 = CARTESIAN_POINT('',(-5.8,6.,2.3));
#6673 = SURFACE_CURVE('',#6674,(#6678,#6685),.PCURVE_S1.);
#6674 = LINE('',#6675,#6676);
#6675 = CARTESIAN_POINT('',(-5.85,5.95,2.3));
#6676 = VECTOR('',#6677,1.);
#6677 = DIRECTION('',(-0.707106781187,-0.707106781187,3.161056144671E-15
    ));
#6678 = PCURVE('',#6380,#6679);
#6679 = DEFINITIONAL_REPRESENTATION('',(#6680),#6684);
#6680 = LINE('',#6681,#6682);
#6681 = CARTESIAN_POINT('',(-4.8,7.071067811866E-02));
#6682 = VECTOR('',#6683,1.);
#6683 = DIRECTION('',(-3.161056144671E-15,-1.));
#6684 = ( GEOMETRIC_REPRESENTATION_CONTEXT(2) 
PARAMETRIC_REPRESENTATION_CONTEXT() REPRESENTATION_CONTEXT('2D SPACE',''
  ) );
#6685 = PCURVE('',#6628,#6686);
#6686 = DEFINITIONAL_REPRESENTATION('',(#6687),#6691);
#6687 = LINE('',#6688,#6689);
#6688 = CARTESIAN_POINT('',(-3.535533905933E-02,6.123724356958E-02));
#6689 = VECTOR('',#6690,1.);
#6690 = DIRECTION('',(-0.5,0.866025403784));
#6691 = ( GEOMETRIC_REPRESENTATION_CONTEXT(2) 
PARAMETRIC_REPRESENTATION_CONTEXT() REPRESENTATION_CONTEXT('2D SPACE',''
  ) );
#6692 = ORIENTED_EDGE('',*,*,#6693,.F.);
#6693 = EDGE_CURVE('',#6694,#6671,#6696,.T.);
#6694 = VERTEX_POINT('',#6695);
#6695 = CARTESIAN_POINT('',(-5.8,6.,-2.3));
#6696 = SURFACE_CURVE('',#6697,(#6701,#6708),.PCURVE_S1.);
#6697 = LINE('',#6698,#6699);
#6698 = CARTESIAN_POINT('',(-5.8,6.,-2.5));
#6699 = VECTOR('',#6700,1.);
#6700 = DIRECTION('',(0.,0.,1.));
#6701 = PCURVE('',#6380,#6702);
#6702 = DEFINITIONAL_REPRESENTATION('',(#6703),#6707);
#6703 = LINE('',#6704,#6705);
#6704 = CARTESIAN_POINT('',(9.537022492023E-35,0.141421356237));
#6705 = VECTOR('',#6706,1.);
#6706 = DIRECTION('',(-1.,-1.071962344858E-35));
#6707 = ( GEOMETRIC_REPRESENTATION_CONTEXT(2) 
PARAMETRIC_REPRESENTATION_CONTEXT() REPRESENTATION_CONTEXT('2D SPACE',''
  ) );
#6708 = PCURVE('',#6709,#6714);
#6709 = PLANE('',#6710);
#6710 = AXIS2_PLACEMENT_3D('',#6711,#6712,#6713);
#6711 = CARTESIAN_POINT('',(-6.,6.,-2.5));
#6712 = DIRECTION('',(0.,1.,0.));
#6713 = DIRECTION('',(0.,-0.,1.));
#6714 = DEFINITIONAL_REPRESENTATION('',(#6715),#6719);
#6715 = LINE('',#6716,#6717);
#6716 = CARTESIAN_POINT('',(0.,0.2));
#6717 = VECTOR('',#6718,1.);
#6718 = DIRECTION('',(1.,0.));
#6719 = ( GEOMETRIC_REPRESENTATION_CONTEXT(2) 
PARAMETRIC_REPRESENTATION_CONTEXT() REPRESENTATION_CONTEXT('2D SPACE',''
  ) );
#6720 = ORIENTED_EDGE('',*,*,#6721,.F.);
#6721 = EDGE_CURVE('',#6337,#6694,#6722,.T.);
#6722 = SURFACE_CURVE('',#6723,(#6727,#6734),.PCURVE_S1.);
#6723 = LINE('',#6724,#6725);
#6724 = CARTESIAN_POINT('',(-5.9,5.9,-2.3));
#6725 = VECTOR('',#6726,1.);
#6726 = DIRECTION('',(0.707106781187,0.707106781187,3.161056144671E-15)
  );
#6727 = PCURVE('',#6380,#6728);
#6728 = DEFINITIONAL_REPRESENTATION('',(#6729),#6733);
#6729 = LINE('',#6730,#6731);
#6730 = CARTESIAN_POINT('',(-0.2,-1.071962344858E-36));
#6731 = VECTOR('',#6732,1.);
#6732 = DIRECTION('',(-3.161056144671E-15,1.));
#6733 = ( GEOMETRIC_REPRESENTATION_CONTEXT(2) 
PARAMETRIC_REPRESENTATION_CONTEXT() REPRESENTATION_CONTEXT('2D SPACE',''
  ) );
#6734 = PCURVE('',#6547,#6735);
#6735 = DEFINITIONAL_REPRESENTATION('',(#6736),#6740);
#6736 = LINE('',#6737,#6738);
#6737 = CARTESIAN_POINT('',(3.985320695153E-18,0.244948974278));
#6738 = VECTOR('',#6739,1.);
#6739 = DIRECTION('',(1.,2.640260196847E-15));
#6740 = ( GEOMETRIC_REPRESENTATION_CONTEXT(2) 
PARAMETRIC_REPRESENTATION_CONTEXT() REPRESENTATION_CONTEXT('2D SPACE',''
  ) );
#6741 = ADVANCED_FACE('',(#6742),#6492,.T.);
#6742 = FACE_BOUND('',#6743,.T.);
#6743 = EDGE_LOOP('',(#6744,#6745,#6771));
#6744 = ORIENTED_EDGE('',*,*,#6507,.F.);
#6745 = ORIENTED_EDGE('',*,*,#6746,.T.);
#6746 = EDGE_CURVE('',#6508,#6451,#6747,.T.);
#6747 = SURFACE_CURVE('',#6748,(#6752,#6759),.PCURVE_S1.);
#6748 = LINE('',#6749,#6750);
#6749 = CARTESIAN_POINT('',(-5.8,-5.85,-2.45));
#6750 = VECTOR('',#6751,1.);
#6751 = DIRECTION('',(-1.34228272323E-15,-0.707106781187,0.707106781187)
  );
#6752 = PCURVE('',#6492,#6753);
#6753 = DEFINITIONAL_REPRESENTATION('',(#6754),#6758);
#6754 = LINE('',#6755,#6756);
#6755 = CARTESIAN_POINT('',(3.535533905933E-02,6.123724356958E-02));
#6756 = VECTOR('',#6757,1.);
#6757 = DIRECTION('',(0.5,0.866025403784));
#6758 = ( GEOMETRIC_REPRESENTATION_CONTEXT(2) 
PARAMETRIC_REPRESENTATION_CONTEXT() REPRESENTATION_CONTEXT('2D SPACE',''
  ) );
#6759 = PCURVE('',#6760,#6765);
#6760 = PLANE('',#6761);
#6761 = AXIS2_PLACEMENT_3D('',#6762,#6763,#6764);
#6762 = CARTESIAN_POINT('',(-6.,-5.9,-2.4));
#6763 = DIRECTION('',(-8.657438204268E-19,-0.707106781187,
    -0.707106781187));
#6764 = DIRECTION('',(-1.,6.121733261942E-19,6.121733261942E-19));
#6765 = DEFINITIONAL_REPRESENTATION('',(#6766),#6770);
#6766 = LINE('',#6767,#6768);
#6767 = CARTESIAN_POINT('',(-0.2,7.071067811866E-02));
#6768 = VECTOR('',#6769,1.);
#6769 = DIRECTION('',(1.34228272323E-15,-1.));
#6770 = ( GEOMETRIC_REPRESENTATION_CONTEXT(2) 
PARAMETRIC_REPRESENTATION_CONTEXT() REPRESENTATION_CONTEXT('2D SPACE',''
  ) );
#6771 = ORIENTED_EDGE('',*,*,#6478,.F.);
#6772 = ADVANCED_FACE('',(#6773),#6438,.F.);
#6773 = FACE_BOUND('',#6774,.F.);
#6774 = EDGE_LOOP('',(#6775,#6776,#6802));
#6775 = ORIENTED_EDGE('',*,*,#6588,.F.);
#6776 = ORIENTED_EDGE('',*,*,#6777,.T.);
#6777 = EDGE_CURVE('',#6589,#6423,#6778,.T.);
#6778 = SURFACE_CURVE('',#6779,(#6783,#6790),.PCURVE_S1.);
#6779 = LINE('',#6780,#6781);
#6780 = CARTESIAN_POINT('',(-5.8,-5.85,2.45));
#6781 = VECTOR('',#6782,1.);
#6782 = DIRECTION('',(-1.34228272323E-15,-0.707106781187,-0.707106781187
    ));
#6783 = PCURVE('',#6438,#6784);
#6784 = DEFINITIONAL_REPRESENTATION('',(#6785),#6789);
#6785 = LINE('',#6786,#6787);
#6786 = CARTESIAN_POINT('',(3.535533905933E-02,6.123724356958E-02));
#6787 = VECTOR('',#6788,1.);
#6788 = DIRECTION('',(0.5,0.866025403784));
#6789 = ( GEOMETRIC_REPRESENTATION_CONTEXT(2) 
PARAMETRIC_REPRESENTATION_CONTEXT() REPRESENTATION_CONTEXT('2D SPACE',''
  ) );
#6790 = PCURVE('',#6791,#6796);
#6791 = PLANE('',#6792);
#6792 = AXIS2_PLACEMENT_3D('',#6793,#6794,#6795);
#6793 = CARTESIAN_POINT('',(-6.,-5.9,2.4));
#6794 = DIRECTION('',(8.657438204268E-19,0.707106781187,-0.707106781187)
  );
#6795 = DIRECTION('',(-1.,6.121733261942E-19,-6.121733261942E-19));
#6796 = DEFINITIONAL_REPRESENTATION('',(#6797),#6801);
#6797 = LINE('',#6798,#6799);
#6798 = CARTESIAN_POINT('',(-0.2,7.071067811866E-02));
#6799 = VECTOR('',#6800,1.);
#6800 = DIRECTION('',(1.34228272323E-15,-1.));
#6801 = ( GEOMETRIC_REPRESENTATION_CONTEXT(2) 
PARAMETRIC_REPRESENTATION_CONTEXT() REPRESENTATION_CONTEXT('2D SPACE',''
  ) );
#6802 = ORIENTED_EDGE('',*,*,#6422,.F.);
#6803 = ADVANCED_FACE('',(#6804),#6466,.F.);
#6804 = FACE_BOUND('',#6805,.F.);
#6805 = EDGE_LOOP('',(#6806,#6807,#6830,#6858));
#6806 = ORIENTED_EDGE('',*,*,#6450,.T.);
#6807 = ORIENTED_EDGE('',*,*,#6808,.T.);
#6808 = EDGE_CURVE('',#6423,#6809,#6811,.T.);
#6809 = VERTEX_POINT('',#6810);
#6810 = CARTESIAN_POINT('',(5.8,-6.,2.3));
#6811 = SURFACE_CURVE('',#6812,(#6816,#6823),.PCURVE_S1.);
#6812 = LINE('',#6813,#6814);
#6813 = CARTESIAN_POINT('',(-6.,-6.,2.3));
#6814 = VECTOR('',#6815,1.);
#6815 = DIRECTION('',(1.,0.,0.));
#6816 = PCURVE('',#6466,#6817);
#6817 = DEFINITIONAL_REPRESENTATION('',(#6818),#6822);
#6818 = LINE('',#6819,#6820);
#6819 = CARTESIAN_POINT('',(4.8,0.));
#6820 = VECTOR('',#6821,1.);
#6821 = DIRECTION('',(0.,1.));
#6822 = ( GEOMETRIC_REPRESENTATION_CONTEXT(2) 
PARAMETRIC_REPRESENTATION_CONTEXT() REPRESENTATION_CONTEXT('2D SPACE',''
  ) );
#6823 = PCURVE('',#6791,#6824);
#6824 = DEFINITIONAL_REPRESENTATION('',(#6825),#6829);
#6825 = LINE('',#6826,#6827);
#6826 = CARTESIAN_POINT('',(-3.227948663603E-36,-0.141421356237));
#6827 = VECTOR('',#6828,1.);
#6828 = DIRECTION('',(-1.,-1.556835520536E-35));
#6829 = ( GEOMETRIC_REPRESENTATION_CONTEXT(2) 
PARAMETRIC_REPRESENTATION_CONTEXT() REPRESENTATION_CONTEXT('2D SPACE',''
  ) );
#6830 = ORIENTED_EDGE('',*,*,#6831,.F.);
#6831 = EDGE_CURVE('',#6832,#6809,#6834,.T.);
#6832 = VERTEX_POINT('',#6833);
#6833 = CARTESIAN_POINT('',(5.8,-6.,-2.3));
#6834 = SURFACE_CURVE('',#6835,(#6839,#6846),.PCURVE_S1.);
#6835 = LINE('',#6836,#6837);
#6836 = CARTESIAN_POINT('',(5.8,-6.,-2.5));
#6837 = VECTOR('',#6838,1.);
#6838 = DIRECTION('',(0.,0.,1.));
#6839 = PCURVE('',#6466,#6840);
#6840 = DEFINITIONAL_REPRESENTATION('',(#6841),#6845);
#6841 = LINE('',#6842,#6843);
#6842 = CARTESIAN_POINT('',(0.,11.8));
#6843 = VECTOR('',#6844,1.);
#6844 = DIRECTION('',(1.,0.));
#6845 = ( GEOMETRIC_REPRESENTATION_CONTEXT(2) 
PARAMETRIC_REPRESENTATION_CONTEXT() REPRESENTATION_CONTEXT('2D SPACE',''
  ) );
#6846 = PCURVE('',#6847,#6852);
#6847 = PLANE('',#6848);
#6848 = AXIS2_PLACEMENT_3D('',#6849,#6850,#6851);
#6849 = CARTESIAN_POINT('',(5.9,-5.9,-2.5));
#6850 = DIRECTION('',(-0.707106781187,0.707106781187,-1.508400545651E-19
    ));
#6851 = DIRECTION('',(1.066600254575E-19,-1.066600254575E-19,-1.));
#6852 = DEFINITIONAL_REPRESENTATION('',(#6853),#6857);
#6853 = LINE('',#6854,#6855);
#6854 = CARTESIAN_POINT('',(9.537022492023E-35,0.141421356237));
#6855 = VECTOR('',#6856,1.);
#6856 = DIRECTION('',(-1.,-1.071962344858E-35));
#6857 = ( GEOMETRIC_REPRESENTATION_CONTEXT(2) 
PARAMETRIC_REPRESENTATION_CONTEXT() REPRESENTATION_CONTEXT('2D SPACE',''
  ) );
#6858 = ORIENTED_EDGE('',*,*,#6859,.F.);
#6859 = EDGE_CURVE('',#6451,#6832,#6860,.T.);
#6860 = SURFACE_CURVE('',#6861,(#6865,#6872),.PCURVE_S1.);
#6861 = LINE('',#6862,#6863);
#6862 = CARTESIAN_POINT('',(-6.,-6.,-2.3));
#6863 = VECTOR('',#6864,1.);
#6864 = DIRECTION('',(1.,0.,0.));
#6865 = PCURVE('',#6466,#6866);
#6866 = DEFINITIONAL_REPRESENTATION('',(#6867),#6871);
#6867 = LINE('',#6868,#6869);
#6868 = CARTESIAN_POINT('',(0.2,0.));
#6869 = VECTOR('',#6870,1.);
#6870 = DIRECTION('',(0.,1.));
#6871 = ( GEOMETRIC_REPRESENTATION_CONTEXT(2) 
PARAMETRIC_REPRESENTATION_CONTEXT() REPRESENTATION_CONTEXT('2D SPACE',''
  ) );
#6872 = PCURVE('',#6760,#6873);
#6873 = DEFINITIONAL_REPRESENTATION('',(#6874),#6878);
#6874 = LINE('',#6875,#6876);
#6875 = CARTESIAN_POINT('',(-3.227948663603E-36,-0.141421356237));
#6876 = VECTOR('',#6877,1.);
#6877 = DIRECTION('',(-1.,-1.556835520536E-35));
#6878 = ( GEOMETRIC_REPRESENTATION_CONTEXT(2) 
PARAMETRIC_REPRESENTATION_CONTEXT() REPRESENTATION_CONTEXT('2D SPACE',''
  ) );
#6879 = ADVANCED_FACE('',(#6880),#6573,.F.);
#6880 = FACE_BOUND('',#6881,.F.);
#6881 = EDGE_LOOP('',(#6882,#6883,#6906,#6934));
#6882 = ORIENTED_EDGE('',*,*,#6559,.F.);
#6883 = ORIENTED_EDGE('',*,*,#6884,.T.);
#6884 = EDGE_CURVE('',#6508,#6885,#6887,.T.);
#6885 = VERTEX_POINT('',#6886);
#6886 = CARTESIAN_POINT('',(5.8,-5.8,-2.5));
#6887 = SURFACE_CURVE('',#6888,(#6892,#6899),.PCURVE_S1.);
#6888 = LINE('',#6889,#6890);
#6889 = CARTESIAN_POINT('',(-6.,-5.8,-2.5));
#6890 = VECTOR('',#6891,1.);
#6891 = DIRECTION('',(1.,0.,0.));
#6892 = PCURVE('',#6573,#6893);
#6893 = DEFINITIONAL_REPRESENTATION('',(#6894),#6898);
#6894 = LINE('',#6895,#6896);
#6895 = CARTESIAN_POINT('',(0.,0.2));
#6896 = VECTOR('',#6897,1.);
#6897 = DIRECTION('',(1.,0.));
#6898 = ( GEOMETRIC_REPRESENTATION_CONTEXT(2) 
PARAMETRIC_REPRESENTATION_CONTEXT() REPRESENTATION_CONTEXT('2D SPACE',''
  ) );
#6899 = PCURVE('',#6760,#6900);
#6900 = DEFINITIONAL_REPRESENTATION('',(#6901),#6905);
#6901 = LINE('',#6902,#6903);
#6902 = CARTESIAN_POINT('',(1.176608080805E-36,0.141421356237));
#6903 = VECTOR('',#6904,1.);
#6904 = DIRECTION('',(-1.,-1.556835520536E-35));
#6905 = ( GEOMETRIC_REPRESENTATION_CONTEXT(2) 
PARAMETRIC_REPRESENTATION_CONTEXT() REPRESENTATION_CONTEXT('2D SPACE',''
  ) );
#6906 = ORIENTED_EDGE('',*,*,#6907,.T.);
#6907 = EDGE_CURVE('',#6885,#6908,#6910,.T.);
#6908 = VERTEX_POINT('',#6909);
#6909 = CARTESIAN_POINT('',(5.8,5.8,-2.5));
#6910 = SURFACE_CURVE('',#6911,(#6915,#6922),.PCURVE_S1.);
#6911 = LINE('',#6912,#6913);
#6912 = CARTESIAN_POINT('',(5.8,-6.,-2.5));
#6913 = VECTOR('',#6914,1.);
#6914 = DIRECTION('',(0.,1.,0.));
#6915 = PCURVE('',#6573,#6916);
#6916 = DEFINITIONAL_REPRESENTATION('',(#6917),#6921);
#6917 = LINE('',#6918,#6919);
#6918 = CARTESIAN_POINT('',(11.8,0.));
#6919 = VECTOR('',#6920,1.);
#6920 = DIRECTION('',(0.,1.));
#6921 = ( GEOMETRIC_REPRESENTATION_CONTEXT(2) 
PARAMETRIC_REPRESENTATION_CONTEXT() REPRESENTATION_CONTEXT('2D SPACE',''
  ) );
#6922 = PCURVE('',#6923,#6928);
#6923 = PLANE('',#6924);
#6924 = AXIS2_PLACEMENT_3D('',#6925,#6926,#6927);
#6925 = CARTESIAN_POINT('',(5.9,-6.,-2.4));
#6926 = DIRECTION('',(-0.707106781187,8.657438204268E-19,0.707106781187)
  );
#6927 = DIRECTION('',(6.121733261942E-19,1.,-6.121733261942E-19));
#6928 = DEFINITIONAL_REPRESENTATION('',(#6929),#6933);
#6929 = LINE('',#6930,#6931);
#6930 = CARTESIAN_POINT('',(-1.176608080805E-36,0.141421356237));
#6931 = VECTOR('',#6932,1.);
#6932 = DIRECTION('',(1.,-1.556835520536E-35));
#6933 = ( GEOMETRIC_REPRESENTATION_CONTEXT(2) 
PARAMETRIC_REPRESENTATION_CONTEXT() REPRESENTATION_CONTEXT('2D SPACE',''
  ) );
#6934 = ORIENTED_EDGE('',*,*,#6935,.F.);
#6935 = EDGE_CURVE('',#6532,#6908,#6936,.T.);
#6936 = SURFACE_CURVE('',#6937,(#6941,#6948),.PCURVE_S1.);
#6937 = LINE('',#6938,#6939);
#6938 = CARTESIAN_POINT('',(-6.,5.8,-2.5));
#6939 = VECTOR('',#6940,1.);
#6940 = DIRECTION('',(1.,0.,0.));
#6941 = PCURVE('',#6573,#6942);
#6942 = DEFINITIONAL_REPRESENTATION('',(#6943),#6947);
#6943 = LINE('',#6944,#6945);
#6944 = CARTESIAN_POINT('',(0.,11.8));
#6945 = VECTOR('',#6946,1.);
#6946 = DIRECTION('',(1.,0.));
#6947 = ( GEOMETRIC_REPRESENTATION_CONTEXT(2) 
PARAMETRIC_REPRESENTATION_CONTEXT() REPRESENTATION_CONTEXT('2D SPACE',''
  ) );
#6948 = PCURVE('',#6949,#6954);
#6949 = PLANE('',#6950);
#6950 = AXIS2_PLACEMENT_3D('',#6951,#6952,#6953);
#6951 = CARTESIAN_POINT('',(-6.,5.9,-2.4));
#6952 = DIRECTION('',(8.657438204268E-19,-0.707106781187,0.707106781187)
  );
#6953 = DIRECTION('',(-1.,-6.121733261942E-19,6.121733261942E-19));
#6954 = DEFINITIONAL_REPRESENTATION('',(#6955),#6959);
#6955 = LINE('',#6956,#6957);
#6956 = CARTESIAN_POINT('',(1.176608080805E-36,0.141421356237));
#6957 = VECTOR('',#6958,1.);
#6958 = DIRECTION('',(-1.,-1.556835520536E-35));
#6959 = ( GEOMETRIC_REPRESENTATION_CONTEXT(2) 
PARAMETRIC_REPRESENTATION_CONTEXT() REPRESENTATION_CONTEXT('2D SPACE',''
  ) );
#6960 = ADVANCED_FACE('',(#6961),#6547,.F.);
#6961 = FACE_BOUND('',#6962,.F.);
#6962 = EDGE_LOOP('',(#6963,#6964,#6985));
#6963 = ORIENTED_EDGE('',*,*,#6531,.F.);
#6964 = ORIENTED_EDGE('',*,*,#6965,.T.);
#6965 = EDGE_CURVE('',#6532,#6694,#6966,.T.);
#6966 = SURFACE_CURVE('',#6967,(#6971,#6978),.PCURVE_S1.);
#6967 = LINE('',#6968,#6969);
#6968 = CARTESIAN_POINT('',(-5.8,5.85,-2.45));
#6969 = VECTOR('',#6970,1.);
#6970 = DIRECTION('',(1.492672070777E-15,0.707106781187,0.707106781187)
  );
#6971 = PCURVE('',#6547,#6972);
#6972 = DEFINITIONAL_REPRESENTATION('',(#6973),#6977);
#6973 = LINE('',#6974,#6975);
#6974 = CARTESIAN_POINT('',(3.535533905933E-02,6.123724356958E-02));
#6975 = VECTOR('',#6976,1.);
#6976 = DIRECTION('',(0.5,0.866025403784));
#6977 = ( GEOMETRIC_REPRESENTATION_CONTEXT(2) 
PARAMETRIC_REPRESENTATION_CONTEXT() REPRESENTATION_CONTEXT('2D SPACE',''
  ) );
#6978 = PCURVE('',#6949,#6979);
#6979 = DEFINITIONAL_REPRESENTATION('',(#6980),#6984);
#6980 = LINE('',#6981,#6982);
#6981 = CARTESIAN_POINT('',(-0.2,7.071067811866E-02));
#6982 = VECTOR('',#6983,1.);
#6983 = DIRECTION('',(-1.492672070777E-15,-1.));
#6984 = ( GEOMETRIC_REPRESENTATION_CONTEXT(2) 
PARAMETRIC_REPRESENTATION_CONTEXT() REPRESENTATION_CONTEXT('2D SPACE',''
  ) );
#6985 = ORIENTED_EDGE('',*,*,#6721,.F.);
#6986 = ADVANCED_FACE('',(#6987),#6654,.T.);
#6987 = FACE_BOUND('',#6988,.T.);
#6988 = EDGE_LOOP('',(#6989,#6990,#7013,#7041));
#6989 = ORIENTED_EDGE('',*,*,#6640,.F.);
#6990 = ORIENTED_EDGE('',*,*,#6991,.T.);
#6991 = EDGE_CURVE('',#6589,#6992,#6994,.T.);
#6992 = VERTEX_POINT('',#6993);
#6993 = CARTESIAN_POINT('',(5.8,-5.8,2.5));
#6994 = SURFACE_CURVE('',#6995,(#6999,#7006),.PCURVE_S1.);
#6995 = LINE('',#6996,#6997);
#6996 = CARTESIAN_POINT('',(-6.,-5.8,2.5));
#6997 = VECTOR('',#6998,1.);
#6998 = DIRECTION('',(1.,0.,0.));
#6999 = PCURVE('',#6654,#7000);
#7000 = DEFINITIONAL_REPRESENTATION('',(#7001),#7005);
#7001 = LINE('',#7002,#7003);
#7002 = CARTESIAN_POINT('',(0.,0.2));
#7003 = VECTOR('',#7004,1.);
#7004 = DIRECTION('',(1.,0.));
#7005 = ( GEOMETRIC_REPRESENTATION_CONTEXT(2) 
PARAMETRIC_REPRESENTATION_CONTEXT() REPRESENTATION_CONTEXT('2D SPACE',''
  ) );
#7006 = PCURVE('',#6791,#7007);
#7007 = DEFINITIONAL_REPRESENTATION('',(#7008),#7012);
#7008 = LINE('',#7009,#7010);
#7009 = CARTESIAN_POINT('',(1.176608080805E-36,0.141421356237));
#7010 = VECTOR('',#7011,1.);
#7011 = DIRECTION('',(-1.,-1.556835520536E-35));
#7012 = ( GEOMETRIC_REPRESENTATION_CONTEXT(2) 
PARAMETRIC_REPRESENTATION_CONTEXT() REPRESENTATION_CONTEXT('2D SPACE',''
  ) );
#7013 = ORIENTED_EDGE('',*,*,#7014,.T.);
#7014 = EDGE_CURVE('',#6992,#7015,#7017,.T.);
#7015 = VERTEX_POINT('',#7016);
#7016 = CARTESIAN_POINT('',(5.8,5.8,2.5));
#7017 = SURFACE_CURVE('',#7018,(#7022,#7029),.PCURVE_S1.);
#7018 = LINE('',#7019,#7020);
#7019 = CARTESIAN_POINT('',(5.8,-6.,2.5));
#7020 = VECTOR('',#7021,1.);
#7021 = DIRECTION('',(0.,1.,0.));
#7022 = PCURVE('',#6654,#7023);
#7023 = DEFINITIONAL_REPRESENTATION('',(#7024),#7028);
#7024 = LINE('',#7025,#7026);
#7025 = CARTESIAN_POINT('',(11.8,0.));
#7026 = VECTOR('',#7027,1.);
#7027 = DIRECTION('',(0.,1.));
#7028 = ( GEOMETRIC_REPRESENTATION_CONTEXT(2) 
PARAMETRIC_REPRESENTATION_CONTEXT() REPRESENTATION_CONTEXT('2D SPACE',''
  ) );
#7029 = PCURVE('',#7030,#7035);
#7030 = PLANE('',#7031);
#7031 = AXIS2_PLACEMENT_3D('',#7032,#7033,#7034);
#7032 = CARTESIAN_POINT('',(5.9,-6.,2.4));
#7033 = DIRECTION('',(0.707106781187,-8.657438204268E-19,0.707106781187)
  );
#7034 = DIRECTION('',(6.121733261942E-19,1.,6.121733261942E-19));
#7035 = DEFINITIONAL_REPRESENTATION('',(#7036),#7040);
#7036 = LINE('',#7037,#7038);
#7037 = CARTESIAN_POINT('',(-1.176608080805E-36,0.141421356237));
#7038 = VECTOR('',#7039,1.);
#7039 = DIRECTION('',(1.,-1.556835520536E-35));
#7040 = ( GEOMETRIC_REPRESENTATION_CONTEXT(2) 
PARAMETRIC_REPRESENTATION_CONTEXT() REPRESENTATION_CONTEXT('2D SPACE',''
  ) );
#7041 = ORIENTED_EDGE('',*,*,#7042,.F.);
#7042 = EDGE_CURVE('',#6613,#7015,#7043,.T.);
#7043 = SURFACE_CURVE('',#7044,(#7048,#7055),.PCURVE_S1.);
#7044 = LINE('',#7045,#7046);
#7045 = CARTESIAN_POINT('',(-6.,5.8,2.5));
#7046 = VECTOR('',#7047,1.);
#7047 = DIRECTION('',(1.,0.,0.));
#7048 = PCURVE('',#6654,#7049);
#7049 = DEFINITIONAL_REPRESENTATION('',(#7050),#7054);
#7050 = LINE('',#7051,#7052);
#7051 = CARTESIAN_POINT('',(0.,11.8));
#7052 = VECTOR('',#7053,1.);
#7053 = DIRECTION('',(1.,0.));
#7054 = ( GEOMETRIC_REPRESENTATION_CONTEXT(2) 
PARAMETRIC_REPRESENTATION_CONTEXT() REPRESENTATION_CONTEXT('2D SPACE',''
  ) );
#7055 = PCURVE('',#7056,#7061);
#7056 = PLANE('',#7057);
#7057 = AXIS2_PLACEMENT_3D('',#7058,#7059,#7060);
#7058 = CARTESIAN_POINT('',(-6.,5.9,2.4));
#7059 = DIRECTION('',(-8.657438204268E-19,0.707106781187,0.707106781187)
  );
#7060 = DIRECTION('',(-1.,-6.121733261942E-19,-6.121733261942E-19));
#7061 = DEFINITIONAL_REPRESENTATION('',(#7062),#7066);
#7062 = LINE('',#7063,#7064);
#7063 = CARTESIAN_POINT('',(1.176608080805E-36,0.141421356237));
#7064 = VECTOR('',#7065,1.);
#7065 = DIRECTION('',(-1.,-1.556835520536E-35));
#7066 = ( GEOMETRIC_REPRESENTATION_CONTEXT(2) 
PARAMETRIC_REPRESENTATION_CONTEXT() REPRESENTATION_CONTEXT('2D SPACE',''
  ) );
#7067 = ADVANCED_FACE('',(#7068),#6628,.F.);
#7068 = FACE_BOUND('',#7069,.F.);
#7069 = EDGE_LOOP('',(#7070,#7071,#7092));
#7070 = ORIENTED_EDGE('',*,*,#6670,.F.);
#7071 = ORIENTED_EDGE('',*,*,#7072,.T.);
#7072 = EDGE_CURVE('',#6671,#6613,#7073,.T.);
#7073 = SURFACE_CURVE('',#7074,(#7078,#7085),.PCURVE_S1.);
#7074 = LINE('',#7075,#7076);
#7075 = CARTESIAN_POINT('',(-5.8,5.95,2.35));
#7076 = VECTOR('',#7077,1.);
#7077 = DIRECTION('',(-1.492672070777E-15,-0.707106781187,0.707106781187
    ));
#7078 = PCURVE('',#6628,#7079);
#7079 = DEFINITIONAL_REPRESENTATION('',(#7080),#7084);
#7080 = LINE('',#7081,#7082);
#7081 = CARTESIAN_POINT('',(3.535533905933E-02,6.123724356958E-02));
#7082 = VECTOR('',#7083,1.);
#7083 = DIRECTION('',(0.5,0.866025403784));
#7084 = ( GEOMETRIC_REPRESENTATION_CONTEXT(2) 
PARAMETRIC_REPRESENTATION_CONTEXT() REPRESENTATION_CONTEXT('2D SPACE',''
  ) );
#7085 = PCURVE('',#7056,#7086);
#7086 = DEFINITIONAL_REPRESENTATION('',(#7087),#7091);
#7087 = LINE('',#7088,#7089);
#7088 = CARTESIAN_POINT('',(-0.2,-7.071067811865E-02));
#7089 = VECTOR('',#7090,1.);
#7090 = DIRECTION('',(1.492672070777E-15,1.));
#7091 = ( GEOMETRIC_REPRESENTATION_CONTEXT(2) 
PARAMETRIC_REPRESENTATION_CONTEXT() REPRESENTATION_CONTEXT('2D SPACE',''
  ) );
#7092 = ORIENTED_EDGE('',*,*,#6612,.F.);
#7093 = ADVANCED_FACE('',(#7094),#6709,.T.);
#7094 = FACE_BOUND('',#7095,.T.);
#7095 = EDGE_LOOP('',(#7096,#7097,#7120,#7148));
#7096 = ORIENTED_EDGE('',*,*,#6693,.T.);
#7097 = ORIENTED_EDGE('',*,*,#7098,.T.);
#7098 = EDGE_CURVE('',#6671,#7099,#7101,.T.);
#7099 = VERTEX_POINT('',#7100);
#7100 = CARTESIAN_POINT('',(5.8,6.,2.3));
#7101 = SURFACE_CURVE('',#7102,(#7106,#7113),.PCURVE_S1.);
#7102 = LINE('',#7103,#7104);
#7103 = CARTESIAN_POINT('',(-6.,6.,2.3));
#7104 = VECTOR('',#7105,1.);
#7105 = DIRECTION('',(1.,0.,0.));
#7106 = PCURVE('',#6709,#7107);
#7107 = DEFINITIONAL_REPRESENTATION('',(#7108),#7112);
#7108 = LINE('',#7109,#7110);
#7109 = CARTESIAN_POINT('',(4.8,0.));
#7110 = VECTOR('',#7111,1.);
#7111 = DIRECTION('',(0.,1.));
#7112 = ( GEOMETRIC_REPRESENTATION_CONTEXT(2) 
PARAMETRIC_REPRESENTATION_CONTEXT() REPRESENTATION_CONTEXT('2D SPACE',''
  ) );
#7113 = PCURVE('',#7056,#7114);
#7114 = DEFINITIONAL_REPRESENTATION('',(#7115),#7119);
#7115 = LINE('',#7116,#7117);
#7116 = CARTESIAN_POINT('',(-3.227948663603E-36,-0.141421356237));
#7117 = VECTOR('',#7118,1.);
#7118 = DIRECTION('',(-1.,-1.556835520536E-35));
#7119 = ( GEOMETRIC_REPRESENTATION_CONTEXT(2) 
PARAMETRIC_REPRESENTATION_CONTEXT() REPRESENTATION_CONTEXT('2D SPACE',''
  ) );
#7120 = ORIENTED_EDGE('',*,*,#7121,.F.);
#7121 = EDGE_CURVE('',#7122,#7099,#7124,.T.);
#7122 = VERTEX_POINT('',#7123);
#7123 = CARTESIAN_POINT('',(5.8,6.,-2.3));
#7124 = SURFACE_CURVE('',#7125,(#7129,#7136),.PCURVE_S1.);
#7125 = LINE('',#7126,#7127);
#7126 = CARTESIAN_POINT('',(5.8,6.,-2.5));
#7127 = VECTOR('',#7128,1.);
#7128 = DIRECTION('',(0.,0.,1.));
#7129 = PCURVE('',#6709,#7130);
#7130 = DEFINITIONAL_REPRESENTATION('',(#7131),#7135);
#7131 = LINE('',#7132,#7133);
#7132 = CARTESIAN_POINT('',(0.,11.8));
#7133 = VECTOR('',#7134,1.);
#7134 = DIRECTION('',(1.,0.));
#7135 = ( GEOMETRIC_REPRESENTATION_CONTEXT(2) 
PARAMETRIC_REPRESENTATION_CONTEXT() REPRESENTATION_CONTEXT('2D SPACE',''
  ) );
#7136 = PCURVE('',#7137,#7142);
#7137 = PLANE('',#7138);
#7138 = AXIS2_PLACEMENT_3D('',#7139,#7140,#7141);
#7139 = CARTESIAN_POINT('',(5.9,5.9,-2.5));
#7140 = DIRECTION('',(0.707106781187,0.707106781187,1.508400545651E-19)
  );
#7141 = DIRECTION('',(1.066600254575E-19,1.066600254575E-19,-1.));
#7142 = DEFINITIONAL_REPRESENTATION('',(#7143),#7147);
#7143 = LINE('',#7144,#7145);
#7144 = CARTESIAN_POINT('',(9.537022492023E-35,0.141421356237));
#7145 = VECTOR('',#7146,1.);
#7146 = DIRECTION('',(-1.,-1.071962344858E-35));
#7147 = ( GEOMETRIC_REPRESENTATION_CONTEXT(2) 
PARAMETRIC_REPRESENTATION_CONTEXT() REPRESENTATION_CONTEXT('2D SPACE',''
  ) );
#7148 = ORIENTED_EDGE('',*,*,#7149,.F.);
#7149 = EDGE_CURVE('',#6694,#7122,#7150,.T.);
#7150 = SURFACE_CURVE('',#7151,(#7155,#7162),.PCURVE_S1.);
#7151 = LINE('',#7152,#7153);
#7152 = CARTESIAN_POINT('',(-6.,6.,-2.3));
#7153 = VECTOR('',#7154,1.);
#7154 = DIRECTION('',(1.,0.,0.));
#7155 = PCURVE('',#6709,#7156);
#7156 = DEFINITIONAL_REPRESENTATION('',(#7157),#7161);
#7157 = LINE('',#7158,#7159);
#7158 = CARTESIAN_POINT('',(0.2,0.));
#7159 = VECTOR('',#7160,1.);
#7160 = DIRECTION('',(0.,1.));
#7161 = ( GEOMETRIC_REPRESENTATION_CONTEXT(2) 
PARAMETRIC_REPRESENTATION_CONTEXT() REPRESENTATION_CONTEXT('2D SPACE',''
  ) );
#7162 = PCURVE('',#6949,#7163);
#7163 = DEFINITIONAL_REPRESENTATION('',(#7164),#7168);
#7164 = LINE('',#7165,#7166);
#7165 = CARTESIAN_POINT('',(-3.227948663603E-36,-0.141421356237));
#7166 = VECTOR('',#7167,1.);
#7167 = DIRECTION('',(-1.,-1.556835520536E-35));
#7168 = ( GEOMETRIC_REPRESENTATION_CONTEXT(2) 
PARAMETRIC_REPRESENTATION_CONTEXT() REPRESENTATION_CONTEXT('2D SPACE',''
  ) );
#7169 = ADVANCED_FACE('',(#7170),#6760,.T.);
#7170 = FACE_BOUND('',#7171,.F.);
#7171 = EDGE_LOOP('',(#7172,#7173,#7174,#7200));
#7172 = ORIENTED_EDGE('',*,*,#6746,.T.);
#7173 = ORIENTED_EDGE('',*,*,#6859,.T.);
#7174 = ORIENTED_EDGE('',*,*,#7175,.F.);
#7175 = EDGE_CURVE('',#6885,#6832,#7176,.T.);
#7176 = SURFACE_CURVE('',#7177,(#7181,#7188),.PCURVE_S1.);
#7177 = LINE('',#7178,#7179);
#7178 = CARTESIAN_POINT('',(5.8,-5.85,-2.45));
#7179 = VECTOR('',#7180,1.);
#7180 = DIRECTION('',(1.584068227435E-15,-0.707106781187,0.707106781187)
  );
#7181 = PCURVE('',#6760,#7182);
#7182 = DEFINITIONAL_REPRESENTATION('',(#7183),#7187);
#7183 = LINE('',#7184,#7185);
#7184 = CARTESIAN_POINT('',(-11.8,7.071067811866E-02));
#7185 = VECTOR('',#7186,1.);
#7186 = DIRECTION('',(-1.584068227435E-15,-1.));
#7187 = ( GEOMETRIC_REPRESENTATION_CONTEXT(2) 
PARAMETRIC_REPRESENTATION_CONTEXT() REPRESENTATION_CONTEXT('2D SPACE',''
  ) );
#7188 = PCURVE('',#7189,#7194);
#7189 = PLANE('',#7190);
#7190 = AXIS2_PLACEMENT_3D('',#7191,#7192,#7193);
#7191 = CARTESIAN_POINT('',(5.8,-5.8,-2.5));
#7192 = DIRECTION('',(-0.57735026919,0.57735026919,0.57735026919));
#7193 = DIRECTION('',(-0.707106781187,-0.707106781187,4.441398764916E-17
    ));
#7194 = DEFINITIONAL_REPRESENTATION('',(#7195),#7199);
#7195 = LINE('',#7196,#7197);
#7196 = CARTESIAN_POINT('',(3.535533905933E-02,6.123724356958E-02));
#7197 = VECTOR('',#7198,1.);
#7198 = DIRECTION('',(0.5,0.866025403784));
#7199 = ( GEOMETRIC_REPRESENTATION_CONTEXT(2) 
PARAMETRIC_REPRESENTATION_CONTEXT() REPRESENTATION_CONTEXT('2D SPACE',''
  ) );
#7200 = ORIENTED_EDGE('',*,*,#6884,.F.);
#7201 = ADVANCED_FACE('',(#7202),#6791,.F.);
#7202 = FACE_BOUND('',#7203,.T.);
#7203 = EDGE_LOOP('',(#7204,#7205,#7206,#7232));
#7204 = ORIENTED_EDGE('',*,*,#6777,.T.);
#7205 = ORIENTED_EDGE('',*,*,#6808,.T.);
#7206 = ORIENTED_EDGE('',*,*,#7207,.F.);
#7207 = EDGE_CURVE('',#6992,#6809,#7208,.T.);
#7208 = SURFACE_CURVE('',#7209,(#7213,#7220),.PCURVE_S1.);
#7209 = LINE('',#7210,#7211);
#7210 = CARTESIAN_POINT('',(5.8,-5.85,2.45));
#7211 = VECTOR('',#7212,1.);
#7212 = DIRECTION('',(1.584068227435E-15,-0.707106781187,-0.707106781187
    ));
#7213 = PCURVE('',#6791,#7214);
#7214 = DEFINITIONAL_REPRESENTATION('',(#7215),#7219);
#7215 = LINE('',#7216,#7217);
#7216 = CARTESIAN_POINT('',(-11.8,7.071067811866E-02));
#7217 = VECTOR('',#7218,1.);
#7218 = DIRECTION('',(-1.584068227435E-15,-1.));
#7219 = ( GEOMETRIC_REPRESENTATION_CONTEXT(2) 
PARAMETRIC_REPRESENTATION_CONTEXT() REPRESENTATION_CONTEXT('2D SPACE',''
  ) );
#7220 = PCURVE('',#7221,#7226);
#7221 = PLANE('',#7222);
#7222 = AXIS2_PLACEMENT_3D('',#7223,#7224,#7225);
#7223 = CARTESIAN_POINT('',(5.8,-5.8,2.5));
#7224 = DIRECTION('',(0.57735026919,-0.57735026919,0.57735026919));
#7225 = DIRECTION('',(-0.707106781187,-0.707106781187,
    -4.441398764916E-17));
#7226 = DEFINITIONAL_REPRESENTATION('',(#7227),#7231);
#7227 = LINE('',#7228,#7229);
#7228 = CARTESIAN_POINT('',(3.535533905933E-02,6.123724356958E-02));
#7229 = VECTOR('',#7230,1.);
#7230 = DIRECTION('',(0.5,0.866025403784));
#7231 = ( GEOMETRIC_REPRESENTATION_CONTEXT(2) 
PARAMETRIC_REPRESENTATION_CONTEXT() REPRESENTATION_CONTEXT('2D SPACE',''
  ) );
#7232 = ORIENTED_EDGE('',*,*,#6991,.F.);
#7233 = ADVANCED_FACE('',(#7234),#6847,.F.);
#7234 = FACE_BOUND('',#7235,.T.);
#7235 = EDGE_LOOP('',(#7236,#7266,#7287,#7288));
#7236 = ORIENTED_EDGE('',*,*,#7237,.T.);
#7237 = EDGE_CURVE('',#7238,#7240,#7242,.T.);
#7238 = VERTEX_POINT('',#7239);
#7239 = CARTESIAN_POINT('',(6.,-5.8,-2.3));
#7240 = VERTEX_POINT('',#7241);
#7241 = CARTESIAN_POINT('',(6.,-5.8,2.3));
#7242 = SURFACE_CURVE('',#7243,(#7247,#7254),.PCURVE_S1.);
#7243 = LINE('',#7244,#7245);
#7244 = CARTESIAN_POINT('',(6.,-5.8,-2.5));
#7245 = VECTOR('',#7246,1.);
#7246 = DIRECTION('',(0.,0.,1.));
#7247 = PCURVE('',#6847,#7248);
#7248 = DEFINITIONAL_REPRESENTATION('',(#7249),#7253);
#7249 = LINE('',#7250,#7251);
#7250 = CARTESIAN_POINT('',(9.415477238613E-35,-0.141421356237));
#7251 = VECTOR('',#7252,1.);
#7252 = DIRECTION('',(-1.,-1.071962344858E-35));
#7253 = ( GEOMETRIC_REPRESENTATION_CONTEXT(2) 
PARAMETRIC_REPRESENTATION_CONTEXT() REPRESENTATION_CONTEXT('2D SPACE',''
  ) );
#7254 = PCURVE('',#7255,#7260);
#7255 = PLANE('',#7256);
#7256 = AXIS2_PLACEMENT_3D('',#7257,#7258,#7259);
#7257 = CARTESIAN_POINT('',(6.,-6.,-2.5));
#7258 = DIRECTION('',(1.,0.,0.));
#7259 = DIRECTION('',(0.,0.,1.));
#7260 = DEFINITIONAL_REPRESENTATION('',(#7261),#7265);
#7261 = LINE('',#7262,#7263);
#7262 = CARTESIAN_POINT('',(0.,-0.2));
#7263 = VECTOR('',#7264,1.);
#7264 = DIRECTION('',(1.,0.));
#7265 = ( GEOMETRIC_REPRESENTATION_CONTEXT(2) 
PARAMETRIC_REPRESENTATION_CONTEXT() REPRESENTATION_CONTEXT('2D SPACE',''
  ) );
#7266 = ORIENTED_EDGE('',*,*,#7267,.T.);
#7267 = EDGE_CURVE('',#7240,#6809,#7268,.T.);
#7268 = SURFACE_CURVE('',#7269,(#7273,#7280),.PCURVE_S1.);
#7269 = LINE('',#7270,#7271);
#7270 = CARTESIAN_POINT('',(5.9,-5.9,2.3));
#7271 = VECTOR('',#7272,1.);
#7272 = DIRECTION('',(-0.707106781187,-0.707106781187,3.139234185532E-15
    ));
#7273 = PCURVE('',#6847,#7274);
#7274 = DEFINITIONAL_REPRESENTATION('',(#7275),#7279);
#7275 = LINE('',#7276,#7277);
#7276 = CARTESIAN_POINT('',(-4.8,-2.572709627658E-35));
#7277 = VECTOR('',#7278,1.);
#7278 = DIRECTION('',(-3.139234185532E-15,1.));
#7279 = ( GEOMETRIC_REPRESENTATION_CONTEXT(2) 
PARAMETRIC_REPRESENTATION_CONTEXT() REPRESENTATION_CONTEXT('2D SPACE',''
  ) );
#7280 = PCURVE('',#7221,#7281);
#7281 = DEFINITIONAL_REPRESENTATION('',(#7282),#7286);
#7282 = LINE('',#7283,#7284);
#7283 = CARTESIAN_POINT('',(1.50875509414E-17,0.244948974278));
#7284 = VECTOR('',#7285,1.);
#7285 = DIRECTION('',(1.,-2.538530536985E-15));
#7286 = ( GEOMETRIC_REPRESENTATION_CONTEXT(2) 
PARAMETRIC_REPRESENTATION_CONTEXT() REPRESENTATION_CONTEXT('2D SPACE',''
  ) );
#7287 = ORIENTED_EDGE('',*,*,#6831,.F.);
#7288 = ORIENTED_EDGE('',*,*,#7289,.F.);
#7289 = EDGE_CURVE('',#7238,#6832,#7290,.T.);
#7290 = SURFACE_CURVE('',#7291,(#7295,#7302),.PCURVE_S1.);
#7291 = LINE('',#7292,#7293);
#7292 = CARTESIAN_POINT('',(5.9,-5.9,-2.3));
#7293 = VECTOR('',#7294,1.);
#7294 = DIRECTION('',(-0.707106781187,-0.707106781187,
    -3.139234185532E-15));
#7295 = PCURVE('',#6847,#7296);
#7296 = DEFINITIONAL_REPRESENTATION('',(#7297),#7301);
#7297 = LINE('',#7298,#7299);
#7298 = CARTESIAN_POINT('',(-0.2,-1.071962344858E-36));
#7299 = VECTOR('',#7300,1.);
#7300 = DIRECTION('',(3.139234185532E-15,1.));
#7301 = ( GEOMETRIC_REPRESENTATION_CONTEXT(2) 
PARAMETRIC_REPRESENTATION_CONTEXT() REPRESENTATION_CONTEXT('2D SPACE',''
  ) );
#7302 = PCURVE('',#7189,#7303);
#7303 = DEFINITIONAL_REPRESENTATION('',(#7304),#7308);
#7304 = LINE('',#7305,#7306);
#7305 = CARTESIAN_POINT('',(1.50875509414E-17,0.244948974278));
#7306 = VECTOR('',#7307,1.);
#7307 = DIRECTION('',(1.,-2.538530536985E-15));
#7308 = ( GEOMETRIC_REPRESENTATION_CONTEXT(2) 
PARAMETRIC_REPRESENTATION_CONTEXT() REPRESENTATION_CONTEXT('2D SPACE',''
  ) );
#7309 = ADVANCED_FACE('',(#7310),#6949,.F.);
#7310 = FACE_BOUND('',#7311,.T.);
#7311 = EDGE_LOOP('',(#7312,#7313,#7314,#7340));
#7312 = ORIENTED_EDGE('',*,*,#6965,.T.);
#7313 = ORIENTED_EDGE('',*,*,#7149,.T.);
#7314 = ORIENTED_EDGE('',*,*,#7315,.F.);
#7315 = EDGE_CURVE('',#6908,#7122,#7316,.T.);
#7316 = SURFACE_CURVE('',#7317,(#7321,#7328),.PCURVE_S1.);
#7317 = LINE('',#7318,#7319);
#7318 = CARTESIAN_POINT('',(5.8,5.85,-2.45));
#7319 = VECTOR('',#7320,1.);
#7320 = DIRECTION('',(-1.522834557674E-15,0.707106781187,0.707106781187)
  );
#7321 = PCURVE('',#6949,#7322);
#7322 = DEFINITIONAL_REPRESENTATION('',(#7323),#7327);
#7323 = LINE('',#7324,#7325);
#7324 = CARTESIAN_POINT('',(-11.8,7.071067811866E-02));
#7325 = VECTOR('',#7326,1.);
#7326 = DIRECTION('',(1.522834557674E-15,-1.));
#7327 = ( GEOMETRIC_REPRESENTATION_CONTEXT(2) 
PARAMETRIC_REPRESENTATION_CONTEXT() REPRESENTATION_CONTEXT('2D SPACE',''
  ) );
#7328 = PCURVE('',#7329,#7334);
#7329 = PLANE('',#7330);
#7330 = AXIS2_PLACEMENT_3D('',#7331,#7332,#7333);
#7331 = CARTESIAN_POINT('',(5.8,5.8,-2.5));
#7332 = DIRECTION('',(0.57735026919,0.57735026919,-0.57735026919));
#7333 = DIRECTION('',(-0.707106781187,0.707106781187,-1.10971635821E-17)
  );
#7334 = DEFINITIONAL_REPRESENTATION('',(#7335),#7339);
#7335 = LINE('',#7336,#7337);
#7336 = CARTESIAN_POINT('',(3.535533905933E-02,6.123724356958E-02));
#7337 = VECTOR('',#7338,1.);
#7338 = DIRECTION('',(0.5,0.866025403784));
#7339 = ( GEOMETRIC_REPRESENTATION_CONTEXT(2) 
PARAMETRIC_REPRESENTATION_CONTEXT() REPRESENTATION_CONTEXT('2D SPACE',''
  ) );
#7340 = ORIENTED_EDGE('',*,*,#6935,.F.);
#7341 = ADVANCED_FACE('',(#7342),#6923,.F.);
#7342 = FACE_BOUND('',#7343,.F.);
#7343 = EDGE_LOOP('',(#7344,#7365,#7388,#7409));
#7344 = ORIENTED_EDGE('',*,*,#7345,.T.);
#7345 = EDGE_CURVE('',#6885,#7238,#7346,.T.);
#7346 = SURFACE_CURVE('',#7347,(#7351,#7358),.PCURVE_S1.);
#7347 = LINE('',#7348,#7349);
#7348 = CARTESIAN_POINT('',(5.85,-5.8,-2.45));
#7349 = VECTOR('',#7350,1.);
#7350 = DIRECTION('',(0.707106781187,1.54141202939E-15,0.707106781187));
#7351 = PCURVE('',#6923,#7352);
#7352 = DEFINITIONAL_REPRESENTATION('',(#7353),#7357);
#7353 = LINE('',#7354,#7355);
#7354 = CARTESIAN_POINT('',(0.2,7.071067811866E-02));
#7355 = VECTOR('',#7356,1.);
#7356 = DIRECTION('',(1.54141202939E-15,-1.));
#7357 = ( GEOMETRIC_REPRESENTATION_CONTEXT(2) 
PARAMETRIC_REPRESENTATION_CONTEXT() REPRESENTATION_CONTEXT('2D SPACE',''
  ) );
#7358 = PCURVE('',#7189,#7359);
#7359 = DEFINITIONAL_REPRESENTATION('',(#7360),#7364);
#7360 = LINE('',#7361,#7362);
#7361 = CARTESIAN_POINT('',(-3.535533905933E-02,6.123724356958E-02));
#7362 = VECTOR('',#7363,1.);
#7363 = DIRECTION('',(-0.5,0.866025403784));
#7364 = ( GEOMETRIC_REPRESENTATION_CONTEXT(2) 
PARAMETRIC_REPRESENTATION_CONTEXT() REPRESENTATION_CONTEXT('2D SPACE',''
  ) );
#7365 = ORIENTED_EDGE('',*,*,#7366,.T.);
#7366 = EDGE_CURVE('',#7238,#7367,#7369,.T.);
#7367 = VERTEX_POINT('',#7368);
#7368 = CARTESIAN_POINT('',(6.,5.8,-2.3));
#7369 = SURFACE_CURVE('',#7370,(#7374,#7381),.PCURVE_S1.);
#7370 = LINE('',#7371,#7372);
#7371 = CARTESIAN_POINT('',(6.,-6.,-2.3));
#7372 = VECTOR('',#7373,1.);
#7373 = DIRECTION('',(0.,1.,0.));
#7374 = PCURVE('',#6923,#7375);
#7375 = DEFINITIONAL_REPRESENTATION('',(#7376),#7380);
#7376 = LINE('',#7377,#7378);
#7377 = CARTESIAN_POINT('',(3.227948663603E-36,-0.141421356237));
#7378 = VECTOR('',#7379,1.);
#7379 = DIRECTION('',(1.,-1.556835520536E-35));
#7380 = ( GEOMETRIC_REPRESENTATION_CONTEXT(2) 
PARAMETRIC_REPRESENTATION_CONTEXT() REPRESENTATION_CONTEXT('2D SPACE',''
  ) );
#7381 = PCURVE('',#7255,#7382);
#7382 = DEFINITIONAL_REPRESENTATION('',(#7383),#7387);
#7383 = LINE('',#7384,#7385);
#7384 = CARTESIAN_POINT('',(0.2,0.));
#7385 = VECTOR('',#7386,1.);
#7386 = DIRECTION('',(0.,-1.));
#7387 = ( GEOMETRIC_REPRESENTATION_CONTEXT(2) 
PARAMETRIC_REPRESENTATION_CONTEXT() REPRESENTATION_CONTEXT('2D SPACE',''
  ) );
#7388 = ORIENTED_EDGE('',*,*,#7389,.F.);
#7389 = EDGE_CURVE('',#6908,#7367,#7390,.T.);
#7390 = SURFACE_CURVE('',#7391,(#7395,#7402),.PCURVE_S1.);
#7391 = LINE('',#7392,#7393);
#7392 = CARTESIAN_POINT('',(5.85,5.8,-2.45));
#7393 = VECTOR('',#7394,1.);
#7394 = DIRECTION('',(0.707106781187,-1.511249542492E-15,0.707106781187)
  );
#7395 = PCURVE('',#6923,#7396);
#7396 = DEFINITIONAL_REPRESENTATION('',(#7397),#7401);
#7397 = LINE('',#7398,#7399);
#7398 = CARTESIAN_POINT('',(11.8,7.071067811866E-02));
#7399 = VECTOR('',#7400,1.);
#7400 = DIRECTION('',(-1.511249542492E-15,-1.));
#7401 = ( GEOMETRIC_REPRESENTATION_CONTEXT(2) 
PARAMETRIC_REPRESENTATION_CONTEXT() REPRESENTATION_CONTEXT('2D SPACE',''
  ) );
#7402 = PCURVE('',#7329,#7403);
#7403 = DEFINITIONAL_REPRESENTATION('',(#7404),#7408);
#7404 = LINE('',#7405,#7406);
#7405 = CARTESIAN_POINT('',(-3.535533905933E-02,6.123724356958E-02));
#7406 = VECTOR('',#7407,1.);
#7407 = DIRECTION('',(-0.5,0.866025403784));
#7408 = ( GEOMETRIC_REPRESENTATION_CONTEXT(2) 
PARAMETRIC_REPRESENTATION_CONTEXT() REPRESENTATION_CONTEXT('2D SPACE',''
  ) );
#7409 = ORIENTED_EDGE('',*,*,#6907,.F.);
#7410 = ADVANCED_FACE('',(#7411),#7056,.T.);
#7411 = FACE_BOUND('',#7412,.F.);
#7412 = EDGE_LOOP('',(#7413,#7414,#7415,#7441));
#7413 = ORIENTED_EDGE('',*,*,#7072,.F.);
#7414 = ORIENTED_EDGE('',*,*,#7098,.T.);
#7415 = ORIENTED_EDGE('',*,*,#7416,.T.);
#7416 = EDGE_CURVE('',#7099,#7015,#7417,.T.);
#7417 = SURFACE_CURVE('',#7418,(#7422,#7429),.PCURVE_S1.);
#7418 = LINE('',#7419,#7420);
#7419 = CARTESIAN_POINT('',(5.8,5.95,2.35));
#7420 = VECTOR('',#7421,1.);
#7421 = DIRECTION('',(1.522834557674E-15,-0.707106781187,0.707106781187)
  );
#7422 = PCURVE('',#7056,#7423);
#7423 = DEFINITIONAL_REPRESENTATION('',(#7424),#7428);
#7424 = LINE('',#7425,#7426);
#7425 = CARTESIAN_POINT('',(-11.8,-7.071067811865E-02));
#7426 = VECTOR('',#7427,1.);
#7427 = DIRECTION('',(-1.522834557674E-15,1.));
#7428 = ( GEOMETRIC_REPRESENTATION_CONTEXT(2) 
PARAMETRIC_REPRESENTATION_CONTEXT() REPRESENTATION_CONTEXT('2D SPACE',''
  ) );
#7429 = PCURVE('',#7430,#7435);
#7430 = PLANE('',#7431);
#7431 = AXIS2_PLACEMENT_3D('',#7432,#7433,#7434);
#7432 = CARTESIAN_POINT('',(5.8,6.,2.3));
#7433 = DIRECTION('',(0.57735026919,0.57735026919,0.57735026919));
#7434 = DIRECTION('',(-0.707106781187,-1.10971635821E-17,0.707106781187)
  );
#7435 = DEFINITIONAL_REPRESENTATION('',(#7436),#7440);
#7436 = LINE('',#7437,#7438);
#7437 = CARTESIAN_POINT('',(3.535533905933E-02,6.123724356958E-02));
#7438 = VECTOR('',#7439,1.);
#7439 = DIRECTION('',(0.5,0.866025403784));
#7440 = ( GEOMETRIC_REPRESENTATION_CONTEXT(2) 
PARAMETRIC_REPRESENTATION_CONTEXT() REPRESENTATION_CONTEXT('2D SPACE',''
  ) );
#7441 = ORIENTED_EDGE('',*,*,#7042,.F.);
#7442 = ADVANCED_FACE('',(#7443),#7030,.T.);
#7443 = FACE_BOUND('',#7444,.T.);
#7444 = EDGE_LOOP('',(#7445,#7466,#7489,#7510));
#7445 = ORIENTED_EDGE('',*,*,#7446,.T.);
#7446 = EDGE_CURVE('',#6992,#7240,#7447,.T.);
#7447 = SURFACE_CURVE('',#7448,(#7452,#7459),.PCURVE_S1.);
#7448 = LINE('',#7449,#7450);
#7449 = CARTESIAN_POINT('',(5.85,-5.8,2.45));
#7450 = VECTOR('',#7451,1.);
#7451 = DIRECTION('',(0.707106781187,1.54141202939E-15,-0.707106781187)
  );
#7452 = PCURVE('',#7030,#7453);
#7453 = DEFINITIONAL_REPRESENTATION('',(#7454),#7458);
#7454 = LINE('',#7455,#7456);
#7455 = CARTESIAN_POINT('',(0.2,7.071067811866E-02));
#7456 = VECTOR('',#7457,1.);
#7457 = DIRECTION('',(1.54141202939E-15,-1.));
#7458 = ( GEOMETRIC_REPRESENTATION_CONTEXT(2) 
PARAMETRIC_REPRESENTATION_CONTEXT() REPRESENTATION_CONTEXT('2D SPACE',''
  ) );
#7459 = PCURVE('',#7221,#7460);
#7460 = DEFINITIONAL_REPRESENTATION('',(#7461),#7465);
#7461 = LINE('',#7462,#7463);
#7462 = CARTESIAN_POINT('',(-3.535533905933E-02,6.123724356958E-02));
#7463 = VECTOR('',#7464,1.);
#7464 = DIRECTION('',(-0.5,0.866025403784));
#7465 = ( GEOMETRIC_REPRESENTATION_CONTEXT(2) 
PARAMETRIC_REPRESENTATION_CONTEXT() REPRESENTATION_CONTEXT('2D SPACE',''
  ) );
#7466 = ORIENTED_EDGE('',*,*,#7467,.T.);
#7467 = EDGE_CURVE('',#7240,#7468,#7470,.T.);
#7468 = VERTEX_POINT('',#7469);
#7469 = CARTESIAN_POINT('',(6.,5.8,2.3));
#7470 = SURFACE_CURVE('',#7471,(#7475,#7482),.PCURVE_S1.);
#7471 = LINE('',#7472,#7473);
#7472 = CARTESIAN_POINT('',(6.,-6.,2.3));
#7473 = VECTOR('',#7474,1.);
#7474 = DIRECTION('',(0.,1.,0.));
#7475 = PCURVE('',#7030,#7476);
#7476 = DEFINITIONAL_REPRESENTATION('',(#7477),#7481);
#7477 = LINE('',#7478,#7479);
#7478 = CARTESIAN_POINT('',(3.227948663603E-36,-0.141421356237));
#7479 = VECTOR('',#7480,1.);
#7480 = DIRECTION('',(1.,-1.556835520536E-35));
#7481 = ( GEOMETRIC_REPRESENTATION_CONTEXT(2) 
PARAMETRIC_REPRESENTATION_CONTEXT() REPRESENTATION_CONTEXT('2D SPACE',''
  ) );
#7482 = PCURVE('',#7255,#7483);
#7483 = DEFINITIONAL_REPRESENTATION('',(#7484),#7488);
#7484 = LINE('',#7485,#7486);
#7485 = CARTESIAN_POINT('',(4.8,0.));
#7486 = VECTOR('',#7487,1.);
#7487 = DIRECTION('',(0.,-1.));
#7488 = ( GEOMETRIC_REPRESENTATION_CONTEXT(2) 
PARAMETRIC_REPRESENTATION_CONTEXT() REPRESENTATION_CONTEXT('2D SPACE',''
  ) );
#7489 = ORIENTED_EDGE('',*,*,#7490,.T.);
#7490 = EDGE_CURVE('',#7468,#7015,#7491,.T.);
#7491 = SURFACE_CURVE('',#7492,(#7496,#7503),.PCURVE_S1.);
#7492 = LINE('',#7493,#7494);
#7493 = CARTESIAN_POINT('',(5.9,5.8,2.4));
#7494 = VECTOR('',#7495,1.);
#7495 = DIRECTION('',(-0.707106781187,1.511249542492E-15,0.707106781187)
  );
#7496 = PCURVE('',#7030,#7497);
#7497 = DEFINITIONAL_REPRESENTATION('',(#7498),#7502);
#7498 = LINE('',#7499,#7500);
#7499 = CARTESIAN_POINT('',(11.8,-1.837065914233E-34));
#7500 = VECTOR('',#7501,1.);
#7501 = DIRECTION('',(1.511249542492E-15,1.));
#7502 = ( GEOMETRIC_REPRESENTATION_CONTEXT(2) 
PARAMETRIC_REPRESENTATION_CONTEXT() REPRESENTATION_CONTEXT('2D SPACE',''
  ) );
#7503 = PCURVE('',#7430,#7504);
#7504 = DEFINITIONAL_REPRESENTATION('',(#7505),#7509);
#7505 = LINE('',#7506,#7507);
#7506 = CARTESIAN_POINT('',(-3.063454573405E-16,0.244948974278));
#7507 = VECTOR('',#7508,1.);
#7508 = DIRECTION('',(1.,-1.215200136798E-15));
#7509 = ( GEOMETRIC_REPRESENTATION_CONTEXT(2) 
PARAMETRIC_REPRESENTATION_CONTEXT() REPRESENTATION_CONTEXT('2D SPACE',''
  ) );
#7510 = ORIENTED_EDGE('',*,*,#7014,.F.);
#7511 = ADVANCED_FACE('',(#7512),#7137,.T.);
#7512 = FACE_BOUND('',#7513,.F.);
#7513 = EDGE_LOOP('',(#7514,#7535,#7556,#7557));
#7514 = ORIENTED_EDGE('',*,*,#7515,.T.);
#7515 = EDGE_CURVE('',#7367,#7468,#7516,.T.);
#7516 = SURFACE_CURVE('',#7517,(#7521,#7528),.PCURVE_S1.);
#7517 = LINE('',#7518,#7519);
#7518 = CARTESIAN_POINT('',(6.,5.8,-2.5));
#7519 = VECTOR('',#7520,1.);
#7520 = DIRECTION('',(0.,0.,1.));
#7521 = PCURVE('',#7137,#7522);
#7522 = DEFINITIONAL_REPRESENTATION('',(#7523),#7527);
#7523 = LINE('',#7524,#7525);
#7524 = CARTESIAN_POINT('',(9.415477238613E-35,-0.141421356237));
#7525 = VECTOR('',#7526,1.);
#7526 = DIRECTION('',(-1.,-1.071962344858E-35));
#7527 = ( GEOMETRIC_REPRESENTATION_CONTEXT(2) 
PARAMETRIC_REPRESENTATION_CONTEXT() REPRESENTATION_CONTEXT('2D SPACE',''
  ) );
#7528 = PCURVE('',#7255,#7529);
#7529 = DEFINITIONAL_REPRESENTATION('',(#7530),#7534);
#7530 = LINE('',#7531,#7532);
#7531 = CARTESIAN_POINT('',(0.,-11.8));
#7532 = VECTOR('',#7533,1.);
#7533 = DIRECTION('',(1.,0.));
#7534 = ( GEOMETRIC_REPRESENTATION_CONTEXT(2) 
PARAMETRIC_REPRESENTATION_CONTEXT() REPRESENTATION_CONTEXT('2D SPACE',''
  ) );
#7535 = ORIENTED_EDGE('',*,*,#7536,.F.);
#7536 = EDGE_CURVE('',#7099,#7468,#7537,.T.);
#7537 = SURFACE_CURVE('',#7538,(#7542,#7549),.PCURVE_S1.);
#7538 = LINE('',#7539,#7540);
#7539 = CARTESIAN_POINT('',(5.85,5.95,2.3));
#7540 = VECTOR('',#7541,1.);
#7541 = DIRECTION('',(0.707106781187,-0.707106781187,-4.199477475703E-17
    ));
#7542 = PCURVE('',#7137,#7543);
#7543 = DEFINITIONAL_REPRESENTATION('',(#7544),#7548);
#7544 = LINE('',#7545,#7546);
#7545 = CARTESIAN_POINT('',(-4.8,7.071067811866E-02));
#7546 = VECTOR('',#7547,1.);
#7547 = DIRECTION('',(4.199477475703E-17,-1.));
#7548 = ( GEOMETRIC_REPRESENTATION_CONTEXT(2) 
PARAMETRIC_REPRESENTATION_CONTEXT() REPRESENTATION_CONTEXT('2D SPACE',''
  ) );
#7549 = PCURVE('',#7430,#7550);
#7550 = DEFINITIONAL_REPRESENTATION('',(#7551),#7555);
#7551 = LINE('',#7552,#7553);
#7552 = CARTESIAN_POINT('',(-3.535533905933E-02,6.123724356958E-02));
#7553 = VECTOR('',#7554,1.);
#7554 = DIRECTION('',(-0.5,0.866025403784));
#7555 = ( GEOMETRIC_REPRESENTATION_CONTEXT(2) 
PARAMETRIC_REPRESENTATION_CONTEXT() REPRESENTATION_CONTEXT('2D SPACE',''
  ) );
#7556 = ORIENTED_EDGE('',*,*,#7121,.F.);
#7557 = ORIENTED_EDGE('',*,*,#7558,.F.);
#7558 = EDGE_CURVE('',#7367,#7122,#7559,.T.);
#7559 = SURFACE_CURVE('',#7560,(#7564,#7571),.PCURVE_S1.);
#7560 = LINE('',#7561,#7562);
#7561 = CARTESIAN_POINT('',(5.9,5.9,-2.3));
#7562 = VECTOR('',#7563,1.);
#7563 = DIRECTION('',(-0.707106781187,0.707106781187,-4.199477475703E-17
    ));
#7564 = PCURVE('',#7137,#7565);
#7565 = DEFINITIONAL_REPRESENTATION('',(#7566),#7570);
#7566 = LINE('',#7567,#7568);
#7567 = CARTESIAN_POINT('',(-0.2,-1.071962344858E-36));
#7568 = VECTOR('',#7569,1.);
#7569 = DIRECTION('',(4.199477475703E-17,1.));
#7570 = ( GEOMETRIC_REPRESENTATION_CONTEXT(2) 
PARAMETRIC_REPRESENTATION_CONTEXT() REPRESENTATION_CONTEXT('2D SPACE',''
  ) );
#7571 = PCURVE('',#7329,#7572);
#7572 = DEFINITIONAL_REPRESENTATION('',(#7573),#7577);
#7573 = LINE('',#7574,#7575);
#7574 = CARTESIAN_POINT('',(3.985320695153E-18,0.244948974278));
#7575 = VECTOR('',#7576,1.);
#7576 = DIRECTION('',(1.,-5.957476739045E-19));
#7577 = ( GEOMETRIC_REPRESENTATION_CONTEXT(2) 
PARAMETRIC_REPRESENTATION_CONTEXT() REPRESENTATION_CONTEXT('2D SPACE',''
  ) );
#7578 = ADVANCED_FACE('',(#7579),#7189,.F.);
#7579 = FACE_BOUND('',#7580,.F.);
#7580 = EDGE_LOOP('',(#7581,#7582,#7583));
#7581 = ORIENTED_EDGE('',*,*,#7345,.F.);
#7582 = ORIENTED_EDGE('',*,*,#7175,.T.);
#7583 = ORIENTED_EDGE('',*,*,#7289,.F.);
#7584 = ADVANCED_FACE('',(#7585),#7221,.T.);
#7585 = FACE_BOUND('',#7586,.T.);
#7586 = EDGE_LOOP('',(#7587,#7588,#7589));
#7587 = ORIENTED_EDGE('',*,*,#7446,.F.);
#7588 = ORIENTED_EDGE('',*,*,#7207,.T.);
#7589 = ORIENTED_EDGE('',*,*,#7267,.F.);
#7590 = ADVANCED_FACE('',(#7591),#7255,.T.);
#7591 = FACE_BOUND('',#7592,.T.);
#7592 = EDGE_LOOP('',(#7593,#7594,#7595,#7596));
#7593 = ORIENTED_EDGE('',*,*,#7237,.F.);
#7594 = ORIENTED_EDGE('',*,*,#7366,.T.);
#7595 = ORIENTED_EDGE('',*,*,#7515,.T.);
#7596 = ORIENTED_EDGE('',*,*,#7467,.F.);
#7597 = ADVANCED_FACE('',(#7598),#7329,.T.);
#7598 = FACE_BOUND('',#7599,.T.);
#7599 = EDGE_LOOP('',(#7600,#7601,#7602));
#7600 = ORIENTED_EDGE('',*,*,#7389,.F.);
#7601 = ORIENTED_EDGE('',*,*,#7315,.T.);
#7602 = ORIENTED_EDGE('',*,*,#7558,.F.);
#7603 = ADVANCED_FACE('',(#7604),#7430,.T.);
#7604 = FACE_BOUND('',#7605,.T.);
#7605 = EDGE_LOOP('',(#7606,#7607,#7608));
#7606 = ORIENTED_EDGE('',*,*,#7536,.F.);
#7607 = ORIENTED_EDGE('',*,*,#7416,.T.);
#7608 = ORIENTED_EDGE('',*,*,#7490,.F.);
#7609 = ( GEOMETRIC_REPRESENTATION_CONTEXT(3) 
GLOBAL_UNCERTAINTY_ASSIGNED_CONTEXT((#7613)) 
GLOBAL_UNIT_ASSIGNED_CONTEXT((#7610,#7611,#7612)) REPRESENTATION_CONTEXT
('Context #1','3D Context with UNIT and UNCERTAINTY') );
#7610 = ( LENGTH_UNIT() NAMED_UNIT(*) SI_UNIT(.MILLI.,.METRE.) );
#7611 = ( NAMED_UNIT(*) PLANE_ANGLE_UNIT() SI_UNIT($,.RADIAN.) );
#7612 = ( NAMED_UNIT(*) SI_UNIT($,.STERADIAN.) SOLID_ANGLE_UNIT() );
#7613 = UNCERTAINTY_MEASURE_WITH_UNIT(LENGTH_MEASURE(1.E-07),#7610,
  'distance_accuracy_value','confusion accuracy');
#7614 = CONTEXT_DEPENDENT_SHAPE_REPRESENTATION(#7615,#7617);
#7615 = ( REPRESENTATION_RELATIONSHIP('','',#6294,#10) 
REPRESENTATION_RELATIONSHIP_WITH_TRANSFORMATION(#7616) 
SHAPE_REPRESENTATION_RELATIONSHIP() );
#7616 = ITEM_DEFINED_TRANSFORMATION('','',#11,#27);
#7617 = PRODUCT_DEFINITION_SHAPE('Placement','Placement of an item',
  #7618);
#7618 = NEXT_ASSEMBLY_USAGE_OCCURRENCE('49','=>[0:1:1:7]','',#5,#6289,$
  );
#7619 = PRODUCT_RELATED_PRODUCT_CATEGORY('part',$,(#6291));
#7620 = MECHANICAL_DESIGN_GEOMETRIC_PRESENTATION_REPRESENTATION('',(
    #7621),#6276);
#7621 = STYLED_ITEM('color',(#7622),#6038);
#7622 = PRESENTATION_STYLE_ASSIGNMENT((#7623));
#7623 = SURFACE_STYLE_USAGE(.BOTH.,#7624);
#7624 = SURFACE_SIDE_STYLE('',(#7625));
#7625 = SURFACE_STYLE_FILL_AREA(#7626);
#7626 = FILL_AREA_STYLE('',(#7627));
#7627 = FILL_AREA_STYLE_COLOUR('',#7628);
#7628 = COLOUR_RGB('',1.,0.843389171228,0.234795084186);
#7629 = MECHANICAL_DESIGN_GEOMETRIC_PRESENTATION_REPRESENTATION('',(
    #7630),#5996);
#7630 = STYLED_ITEM('color',(#7631),#5142);
#7631 = PRESENTATION_STYLE_ASSIGNMENT((#7632));
#7632 = SURFACE_STYLE_USAGE(.BOTH.,#7633);
#7633 = SURFACE_SIDE_STYLE('',(#7634));
#7634 = SURFACE_STYLE_FILL_AREA(#7635);
#7635 = FILL_AREA_STYLE('',(#7636));
#7636 = FILL_AREA_STYLE_COLOUR('',#7637);
#7637 = COLOUR_RGB('',0.973148228365,0.754780651117,0.171844088395);
#7638 = MECHANICAL_DESIGN_GEOMETRIC_PRESENTATION_REPRESENTATION('',(
    #7639),#7609);
#7639 = STYLED_ITEM('color',(#7640),#6295);
#7640 = PRESENTATION_STYLE_ASSIGNMENT((#7641));
#7641 = SURFACE_STYLE_USAGE(.BOTH.,#7642);
#7642 = SURFACE_SIDE_STYLE('',(#7643));
#7643 = SURFACE_STYLE_FILL_AREA(#7644);
#7644 = FILL_AREA_STYLE('',(#7645));
#7645 = FILL_AREA_STYLE_COLOUR('',#7646);
#7646 = COLOUR_RGB('',0.982207072223,0.826657050643,0.271699755848);
#7647 = MECHANICAL_DESIGN_GEOMETRIC_PRESENTATION_REPRESENTATION('',(
    #7648),#5100);
#7648 = STYLED_ITEM('color',(#7649),#45);
#7649 = PRESENTATION_STYLE_ASSIGNMENT((#7650));
#7650 = SURFACE_STYLE_USAGE(.BOTH.,#7651);
#7651 = SURFACE_SIDE_STYLE('',(#7652));
#7652 = SURFACE_STYLE_FILL_AREA(#7653);
#7653 = FILL_AREA_STYLE('',(#7654));
#7654 = FILL_AREA_STYLE_COLOUR('',#7655);
#7655 = COLOUR_RGB('',0.982207072223,0.785776927019,0.205984157713);
ENDSEC;
END-ISO-10303-21;
